+ Rscript -e 'Sys.setenv(BIOCONDUCTOR_USE_CONTAINER_REPOSITORY=FALSE);
  p <- .libPaths();
  p <- c('\''/tmp/library'\'', '\''/mnt/library'\'', p);
  .libPaths(p);
  if(BiocManager::install('\''SPOTlight'\'', INSTALL_opts = '\''--build'\'', update = TRUE, quiet = FALSE, dependencies=TRUE, force = TRUE, keep_outputs = TRUE) %in% rownames(installed.packages())) q(status = 0) else q(status = 1)'
'getOption("repos")' replaces Bioconductor standard repositories, see
'help("repositories", package = "BiocManager")' for details.
Replacement repositories:
    CRAN: https://p3m.dev/cran/__linux__/noble/latest
Bioconductor version 3.23 (BiocManager 1.30.27), R 4.6.1 (2026-06-24)
Installing package(s) 'SPOTlight'
also installing the dependencies ‘colorBlindness’, ‘TabulaMurisSenisData’, ‘TENxVisiumData’

trying URL 'https://p3m.dev/cran/__linux__/noble/latest/src/contrib/colorBlindness_0.1.9.tar.gz'
trying URL 'https://bioconductor.org/packages/3.23/data/experiment/src/contrib/TabulaMurisSenisData_1.18.0.tar.gz'
trying URL 'https://bioconductor.org/packages/3.23/data/experiment/src/contrib/TENxVisiumData_1.20.0.tar.gz'
trying URL 'https://bioconductor.org/packages/3.23/bioc/src/contrib/SPOTlight_1.16.0.tar.gz'
* installing *binary* package ‘colorBlindness’ ...
* package ‘colorBlindness’ successfully unpacked and SHA256 sums checked
* ‘colorBlindness’ was already a binary package and will not be rebuilt
* SHA256 sums
* creating tarball
packaged installation of ‘colorBlindness’ as ‘colorBlindness_0.1.9_R_x86_64-pc-linux-gnu.tar.gz’
* DONE (colorBlindness)
* installing *source* package ‘TabulaMurisSenisData’ ...
** this is package ‘TabulaMurisSenisData’ version ‘1.18.0’
** using staged installation
** R
** inst
** byte-compile and prepare package for lazy loading
** help
*** installing help indices
** building package indices
** installing vignettes
** testing if installed package can be loaded from temporary location
** testing if installed package can be loaded from final location
** testing if installed package keeps a record of temporary installation path
* SHA256 sums
* creating tarball
packaged installation of ‘TabulaMurisSenisData’ as ‘TabulaMurisSenisData_1.18.0_R_x86_64-pc-linux-gnu.tar.gz’
* DONE (TabulaMurisSenisData)
* installing *source* package ‘TENxVisiumData’ ...
** this is package ‘TENxVisiumData’ version ‘1.20.0’
** using staged installation
** R
** inst
** byte-compile and prepare package for lazy loading
** help
*** installing help indices
** building package indices
** installing vignettes
** testing if installed package can be loaded from temporary location
** testing if installed package can be loaded from final location
** testing if installed package keeps a record of temporary installation path
* SHA256 sums
* creating tarball
packaged installation of ‘TENxVisiumData’ as ‘TENxVisiumData_1.20.0_R_x86_64-pc-linux-gnu.tar.gz’
* DONE (TENxVisiumData)
* installing *source* package ‘SPOTlight’ ...
** this is package ‘SPOTlight’ version ‘1.16.0’
** using staged installation
** libs
specified C++11
using C++ compiler: ‘g++ (Ubuntu 13.3.0-6ubuntu2~24.04.1) 13.3.0’
g++ -std=gnu++20 -I"/usr/local/lib/R/include" -DNDEBUG  -I'/usr/local/lib/R/site-library/Rcpp/include' -I'/mnt/library/RcppEigen/include' -I/usr/local/include   -fopenmp -DEIGEN_INITIALIZE_MATRICES_BY_ZERO -DEIGEN_NO_DEBUG -fpic  -g -O2 -fstack-protector-strong -Wformat -Werror=format-security -Wdate-time -D_FORTIFY_SOURCE=2 -g   -c RcppExports.cpp -o RcppExports.o
In file included from /mnt/library/RcppEigen/include/Eigen/Core:205,
                 from /mnt/library/RcppEigen/include/Eigen/Dense:1,
                 from /mnt/library/RcppEigen/include/RcppEigenForward.h:28,
                 from /mnt/library/RcppEigen/include/RcppEigen.h:25,
                 from RcppExports.cpp:4:
/mnt/library/RcppEigen/include/Eigen/src/Core/arch/SSE/PacketMath.h:46:40: warning: ignoring attributes on template argument ‘__m128i’ [-Wignored-attributes]
   46 | typedef eigen_packet_wrapper<__m128i, 0> Packet4i;
      |                                        ^
/mnt/library/RcppEigen/include/Eigen/src/Core/arch/SSE/PacketMath.h:47:40: warning: ignoring attributes on template argument ‘__m128i’ [-Wignored-attributes]
   47 | typedef eigen_packet_wrapper<__m128i, 1> Packet16b;
      |                                        ^
/mnt/library/RcppEigen/include/Eigen/src/Core/arch/SSE/PacketMath.h:49:39: warning: ignoring attributes on template argument ‘__m128’ [-Wignored-attributes]
   49 | template<> struct is_arithmetic<__m128>  { enum { value = true }; };
      |                                       ^
/mnt/library/RcppEigen/include/Eigen/src/Core/arch/SSE/PacketMath.h:50:40: warning: ignoring attributes on template argument ‘__m128i’ [-Wignored-attributes]
   50 | template<> struct is_arithmetic<__m128i> { enum { value = true }; };
      |                                        ^
/mnt/library/RcppEigen/include/Eigen/src/Core/arch/SSE/PacketMath.h:51:40: warning: ignoring attributes on template argument ‘__m128d’ [-Wignored-attributes]
   51 | template<> struct is_arithmetic<__m128d> { enum { value = true }; };
      |                                        ^
/mnt/library/RcppEigen/include/Eigen/src/Core/arch/SSE/PacketMath.h:222:43: warning: ignoring attributes on template argument ‘Eigen::internal::Packet4f’ {aka ‘__m128’} [-Wignored-attributes]
  222 | template<> struct unpacket_traits<Packet4f> {
      |                                           ^
/mnt/library/RcppEigen/include/Eigen/src/Core/arch/SSE/PacketMath.h:228:43: warning: ignoring attributes on template argument ‘Eigen::internal::Packet2d’ {aka ‘__m128d’} [-Wignored-attributes]
  228 | template<> struct unpacket_traits<Packet2d> {
      |                                           ^
/mnt/library/RcppEigen/include/Eigen/src/Core/arch/SSE/PacketMath.h:1124:34: warning: ignoring attributes on template argument ‘Eigen::internal::Packet4f’ {aka ‘__m128’} [-Wignored-attributes]
 1124 | ptranspose(PacketBlock<Packet4f,4>& kernel) {
      |                                  ^
/mnt/library/RcppEigen/include/Eigen/src/Core/arch/SSE/PacketMath.h:1129:34: warning: ignoring attributes on template argument ‘Eigen::internal::Packet2d’ {aka ‘__m128d’} [-Wignored-attributes]
 1129 | ptranspose(PacketBlock<Packet2d,2>& kernel) {
      |                                  ^
In file included from /mnt/library/RcppEigen/include/Eigen/Core:174:
/mnt/library/RcppEigen/include/Eigen/src/Core/arch/Default/ConjHelper.h:16:60: warning: ignoring attributes on template argument ‘Eigen::internal::Packet4f’ {aka ‘__m128’} [-Wignored-attributes]
   16 |   struct conj_helper<PACKET_REAL, PACKET_CPLX, false, false> {          \
      |                                                            ^
/mnt/library/RcppEigen/include/Eigen/src/Core/arch/SSE/Complex.h:173:1: note: in expansion of macro ‘EIGEN_MAKE_CONJ_HELPER_CPLX_REAL’
  173 | EIGEN_MAKE_CONJ_HELPER_CPLX_REAL(Packet2cf,Packet4f)
      | ^~~~~~~~~~~~~~~~~~~~~~~~~~~~~~~~
/mnt/library/RcppEigen/include/Eigen/src/Core/arch/Default/ConjHelper.h:29:60: warning: ignoring attributes on template argument ‘Eigen::internal::Packet4f’ {aka ‘__m128’} [-Wignored-attributes]
   29 |   struct conj_helper<PACKET_CPLX, PACKET_REAL, false, false> {          \
      |                                                            ^
/mnt/library/RcppEigen/include/Eigen/src/Core/arch/SSE/Complex.h:173:1: note: in expansion of macro ‘EIGEN_MAKE_CONJ_HELPER_CPLX_REAL’
  173 | EIGEN_MAKE_CONJ_HELPER_CPLX_REAL(Packet2cf,Packet4f)
      | ^~~~~~~~~~~~~~~~~~~~~~~~~~~~~~~~
/mnt/library/RcppEigen/include/Eigen/src/Core/arch/Default/ConjHelper.h:16:60: warning: ignoring attributes on template argument ‘Eigen::internal::Packet2d’ {aka ‘__m128d’} [-Wignored-attributes]
   16 |   struct conj_helper<PACKET_REAL, PACKET_CPLX, false, false> {          \
      |                                                            ^
/mnt/library/RcppEigen/include/Eigen/src/Core/arch/SSE/Complex.h:298:1: note: in expansion of macro ‘EIGEN_MAKE_CONJ_HELPER_CPLX_REAL’
  298 | EIGEN_MAKE_CONJ_HELPER_CPLX_REAL(Packet1cd,Packet2d)
      | ^~~~~~~~~~~~~~~~~~~~~~~~~~~~~~~~
/mnt/library/RcppEigen/include/Eigen/src/Core/arch/Default/ConjHelper.h:29:60: warning: ignoring attributes on template argument ‘Eigen::internal::Packet2d’ {aka ‘__m128d’} [-Wignored-attributes]
   29 |   struct conj_helper<PACKET_CPLX, PACKET_REAL, false, false> {          \
      |                                                            ^
/mnt/library/RcppEigen/include/Eigen/src/Core/arch/SSE/Complex.h:298:1: note: in expansion of macro ‘EIGEN_MAKE_CONJ_HELPER_CPLX_REAL’
  298 | EIGEN_MAKE_CONJ_HELPER_CPLX_REAL(Packet1cd,Packet2d)
      | ^~~~~~~~~~~~~~~~~~~~~~~~~~~~~~~~
In file included from /mnt/library/RcppEigen/include/Eigen/Core:165:
/mnt/library/RcppEigen/include/Eigen/src/Core/util/XprHelper.h: In instantiation of ‘struct Eigen::internal::find_best_packet<float, 4>’:
/mnt/library/RcppEigen/include/Eigen/src/Core/Matrix.h:22:57:   required from ‘struct Eigen::internal::traits<Eigen::Matrix<float, 4, 1> >’
/mnt/library/RcppEigen/include/Eigen/src/Geometry/Quaternion.h:266:49:   required from ‘struct Eigen::internal::traits<Eigen::Quaternion<float> >’
/mnt/library/RcppEigen/include/Eigen/src/Geometry/arch/Geometry_SIMD.h:24:46:   required from here
/mnt/library/RcppEigen/include/Eigen/src/Core/util/XprHelper.h:190:44: warning: ignoring attributes on template argument ‘Eigen::internal::packet_traits<float>::type’ {aka ‘__m128’} [-Wignored-attributes]
  190 |          bool Stop = Size==Dynamic || (Size%unpacket_traits<PacketType>::size)==0 || is_same<PacketType,typename unpacket_traits<PacketType>::half>::value>
      |                                       ~~~~~^~~~~~~~~~~~~~~~~~~~~~~~~~~~~~~~~~~
/mnt/library/RcppEigen/include/Eigen/src/Core/util/XprHelper.h:190:83: warning: ignoring attributes on template argument ‘Eigen::internal::packet_traits<float>::type’ {aka ‘__m128’} [-Wignored-attributes]
  190 |          bool Stop = Size==Dynamic || (Size%unpacket_traits<PacketType>::size)==0 || is_same<PacketType,typename unpacket_traits<PacketType>::half>::value>
      |                      ~~~~~~~~~~~~~~~~~~~~~~~~~~~~~~~~~~~~~~~~~~~~~~~~~~~~~~~~~~~~~^~~~~~~~~~~~~~~~~~~~~~~~~~~~~~~~~~~~~~~~~~~~~~~~~~~~~~~~~~~~~~~~~~~~~~~~
/mnt/library/RcppEigen/include/Eigen/src/Core/util/XprHelper.h:190:83: warning: ignoring attributes on template argument ‘Eigen::internal::packet_traits<float>::type’ {aka ‘__m128’} [-Wignored-attributes]
/mnt/library/RcppEigen/include/Eigen/src/Core/util/XprHelper.h:190:83: warning: ignoring attributes on template argument ‘Eigen::internal::unpacket_traits<__vector(4) float>::half’ {aka ‘__m128’} [-Wignored-attributes]
/mnt/library/RcppEigen/include/Eigen/src/Core/util/XprHelper.h:208:88: warning: ignoring attributes on template argument ‘Eigen::internal::packet_traits<float>::type’ {aka ‘__m128’} [-Wignored-attributes]
  208 |   typedef typename find_best_packet_helper<Size,typename packet_traits<T>::type>::type type;
      |                                                                                        ^~~~
In file included from /mnt/library/RcppEigen/include/Eigen/Core:271:
/mnt/library/RcppEigen/include/Eigen/src/Core/DenseCoeffsBase.h: In instantiation of ‘class Eigen::DenseCoeffsBase<Eigen::Matrix<float, 4, 1>, 0>’:
/mnt/library/RcppEigen/include/Eigen/src/Core/DenseCoeffsBase.h:302:7:   required from ‘class Eigen::DenseCoeffsBase<Eigen::Matrix<float, 4, 1>, 1>’
/mnt/library/RcppEigen/include/Eigen/src/Core/DenseCoeffsBase.h:555:7:   required from ‘class Eigen::DenseCoeffsBase<Eigen::Matrix<float, 4, 1>, 3>’
/mnt/library/RcppEigen/include/Eigen/src/Core/DenseBase.h:41:34:   required from ‘class Eigen::DenseBase<Eigen::Matrix<float, 4, 1> >’
/mnt/library/RcppEigen/include/Eigen/src/Core/MatrixBase.h:48:34:   required from ‘class Eigen::MatrixBase<Eigen::Matrix<float, 4, 1> >’
/mnt/library/RcppEigen/include/Eigen/src/Core/PlainObjectBase.h:98:7:   required from ‘class Eigen::PlainObjectBase<Eigen::Matrix<float, 4, 1> >’
/mnt/library/RcppEigen/include/Eigen/src/Core/Matrix.h:178:7:   required from ‘class Eigen::Matrix<float, 4, 1>’
/mnt/library/RcppEigen/include/Eigen/src/Geometry/Quaternion.h:46:50:   required from ‘class Eigen::QuaternionBase<Eigen::Quaternion<float> >’
/mnt/library/RcppEigen/include/Eigen/src/Geometry/Quaternion.h:273:7:   required from ‘class Eigen::Quaternion<float>’
/mnt/library/RcppEigen/include/Eigen/src/Geometry/arch/Geometry_SIMD.h:27:3:   required from here
/mnt/library/RcppEigen/include/Eigen/src/Core/DenseCoeffsBase.h:56:30: warning: ignoring attributes on template argument ‘Eigen::internal::packet_traits<float>::type’ {aka ‘__m128’} [-Wignored-attributes]
   56 |                      >::type PacketReturnType;
      |                              ^~~~~~~~~~~~~~~~
/mnt/library/RcppEigen/include/Eigen/src/Core/util/XprHelper.h: In instantiation of ‘struct Eigen::internal::find_best_packet<double, 4>’:
/mnt/library/RcppEigen/include/Eigen/src/Core/Matrix.h:22:57:   required from ‘struct Eigen::internal::traits<Eigen::Matrix<double, 4, 1> >’
/mnt/library/RcppEigen/include/Eigen/src/Geometry/Quaternion.h:266:49:   required from ‘struct Eigen::internal::traits<Eigen::Quaternion<double> >’
/mnt/library/RcppEigen/include/Eigen/src/Geometry/arch/Geometry_SIMD.h:98:47:   required from here
/mnt/library/RcppEigen/include/Eigen/src/Core/util/XprHelper.h:190:44: warning: ignoring attributes on template argument ‘Eigen::internal::packet_traits<double>::type’ {aka ‘__m128d’} [-Wignored-attributes]
  190 |          bool Stop = Size==Dynamic || (Size%unpacket_traits<PacketType>::size)==0 || is_same<PacketType,typename unpacket_traits<PacketType>::half>::value>
      |                                       ~~~~~^~~~~~~~~~~~~~~~~~~~~~~~~~~~~~~~~~~
/mnt/library/RcppEigen/include/Eigen/src/Core/util/XprHelper.h:190:83: warning: ignoring attributes on template argument ‘Eigen::internal::packet_traits<double>::type’ {aka ‘__m128d’} [-Wignored-attributes]
  190 |          bool Stop = Size==Dynamic || (Size%unpacket_traits<PacketType>::size)==0 || is_same<PacketType,typename unpacket_traits<PacketType>::half>::value>
      |                      ~~~~~~~~~~~~~~~~~~~~~~~~~~~~~~~~~~~~~~~~~~~~~~~~~~~~~~~~~~~~~^~~~~~~~~~~~~~~~~~~~~~~~~~~~~~~~~~~~~~~~~~~~~~~~~~~~~~~~~~~~~~~~~~~~~~~~
/mnt/library/RcppEigen/include/Eigen/src/Core/util/XprHelper.h:190:83: warning: ignoring attributes on template argument ‘Eigen::internal::packet_traits<double>::type’ {aka ‘__m128d’} [-Wignored-attributes]
/mnt/library/RcppEigen/include/Eigen/src/Core/util/XprHelper.h:190:83: warning: ignoring attributes on template argument ‘Eigen::internal::unpacket_traits<__vector(2) double>::half’ {aka ‘__m128d’} [-Wignored-attributes]
/mnt/library/RcppEigen/include/Eigen/src/Core/util/XprHelper.h:208:88: warning: ignoring attributes on template argument ‘Eigen::internal::packet_traits<double>::type’ {aka ‘__m128d’} [-Wignored-attributes]
  208 |   typedef typename find_best_packet_helper<Size,typename packet_traits<T>::type>::type type;
      |                                                                                        ^~~~
/mnt/library/RcppEigen/include/Eigen/src/Core/DenseCoeffsBase.h: In instantiation of ‘class Eigen::DenseCoeffsBase<Eigen::Matrix<double, 4, 1>, 0>’:
/mnt/library/RcppEigen/include/Eigen/src/Core/DenseCoeffsBase.h:302:7:   required from ‘class Eigen::DenseCoeffsBase<Eigen::Matrix<double, 4, 1>, 1>’
/mnt/library/RcppEigen/include/Eigen/src/Core/DenseCoeffsBase.h:555:7:   required from ‘class Eigen::DenseCoeffsBase<Eigen::Matrix<double, 4, 1>, 3>’
/mnt/library/RcppEigen/include/Eigen/src/Core/DenseBase.h:41:34:   required from ‘class Eigen::DenseBase<Eigen::Matrix<double, 4, 1> >’
/mnt/library/RcppEigen/include/Eigen/src/Core/MatrixBase.h:48:34:   required from ‘class Eigen::MatrixBase<Eigen::Matrix<double, 4, 1> >’
/mnt/library/RcppEigen/include/Eigen/src/Core/PlainObjectBase.h:98:7:   required from ‘class Eigen::PlainObjectBase<Eigen::Matrix<double, 4, 1> >’
/mnt/library/RcppEigen/include/Eigen/src/Core/Matrix.h:178:7:   required from ‘class Eigen::Matrix<double, 4, 1>’
/mnt/library/RcppEigen/include/Eigen/src/Geometry/Quaternion.h:46:50:   required from ‘class Eigen::QuaternionBase<Eigen::Quaternion<double> >’
/mnt/library/RcppEigen/include/Eigen/src/Geometry/Quaternion.h:273:7:   required from ‘class Eigen::Quaternion<double>’
/mnt/library/RcppEigen/include/Eigen/src/Geometry/arch/Geometry_SIMD.h:102:3:   required from here
/mnt/library/RcppEigen/include/Eigen/src/Core/DenseCoeffsBase.h:56:30: warning: ignoring attributes on template argument ‘Eigen::internal::packet_traits<double>::type’ {aka ‘__m128d’} [-Wignored-attributes]
   56 |                      >::type PacketReturnType;
      |                              ^~~~~~~~~~~~~~~~
In file included from /mnt/library/RcppEigen/include/Eigen/SparseCore:37,
                 from /mnt/library/RcppEigen/include/Eigen/Sparse:26,
                 from /mnt/library/RcppEigen/include/RcppEigenForward.h:29:
/mnt/library/RcppEigen/include/Eigen/src/SparseCore/SparseMatrixBase.h: In instantiation of ‘class Eigen::SparseMatrixBase<Eigen::SparseMatrix<double, 0, int> >’:
/mnt/library/RcppEigen/include/Eigen/src/SparseCore/SparseCompressedBase.h:36:7:   required from ‘class Eigen::SparseCompressedBase<Eigen::SparseMatrix<double, 0, int> >’
/mnt/library/RcppEigen/include/Eigen/src/SparseCore/SparseMatrix.h:96:7:   required from ‘class Eigen::SparseMatrix<double, 0, int>’
/mnt/library/RcppEigen/include/unsupported/Eigen/src/IterativeSolvers/ConstrainedConjGrad.h:61:25:   required from here
/mnt/library/RcppEigen/include/Eigen/src/SparseCore/SparseMatrixBase.h:47:30: warning: ignoring attributes on template argument ‘Eigen::internal::packet_traits<double>::type’ {aka ‘__m128d’} [-Wignored-attributes]
   47 |                      >::type PacketReturnType;
      |                              ^~~~~~~~~~~~~~~~
/mnt/library/RcppEigen/include/Eigen/src/Core/util/XprHelper.h: In instantiation of ‘struct Eigen::internal::find_best_packet<double, -1>’:
/mnt/library/RcppEigen/include/Eigen/src/Core/Matrix.h:22:57:   required from ‘struct Eigen::internal::traits<Eigen::Matrix<double, -1, -1> >’
/mnt/library/RcppEigen/include/Eigen/src/Core/PlainObjectBase.h:98:7:   required from ‘class Eigen::PlainObjectBase<Eigen::Matrix<double, -1, -1> >’
/mnt/library/RcppEigen/include/Eigen/src/Core/Matrix.h:178:7:   required from ‘class Eigen::Matrix<double, -1, -1>’
/usr/local/lib/R/site-library/Rcpp/include/Rcpp/InputParameter.h:51:11:   required from ‘class Rcpp::ReferenceInputParameter<Eigen::Matrix<double, -1, -1> >’
RcppExports.cpp:20:68:   required from here
/mnt/library/RcppEigen/include/Eigen/src/Core/util/XprHelper.h:190:44: warning: ignoring attributes on template argument ‘Eigen::internal::packet_traits<double>::type’ {aka ‘__m128d’} [-Wignored-attributes]
  190 |          bool Stop = Size==Dynamic || (Size%unpacket_traits<PacketType>::size)==0 || is_same<PacketType,typename unpacket_traits<PacketType>::half>::value>
      |                                       ~~~~~^~~~~~~~~~~~~~~~~~~~~~~~~~~~~~~~~~~
/mnt/library/RcppEigen/include/Eigen/src/Core/util/XprHelper.h:190:83: warning: ignoring attributes on template argument ‘Eigen::internal::packet_traits<double>::type’ {aka ‘__m128d’} [-Wignored-attributes]
  190 |          bool Stop = Size==Dynamic || (Size%unpacket_traits<PacketType>::size)==0 || is_same<PacketType,typename unpacket_traits<PacketType>::half>::value>
      |                      ~~~~~~~~~~~~~~~~~~~~~~~~~~~~~~~~~~~~~~~~~~~~~~~~~~~~~~~~~~~~~^~~~~~~~~~~~~~~~~~~~~~~~~~~~~~~~~~~~~~~~~~~~~~~~~~~~~~~~~~~~~~~~~~~~~~~~
/mnt/library/RcppEigen/include/Eigen/src/Core/util/XprHelper.h:190:83: warning: ignoring attributes on template argument ‘Eigen::internal::packet_traits<double>::type’ {aka ‘__m128d’} [-Wignored-attributes]
/mnt/library/RcppEigen/include/Eigen/src/Core/util/XprHelper.h:190:83: warning: ignoring attributes on template argument ‘Eigen::internal::unpacket_traits<__vector(2) double>::half’ {aka ‘__m128d’} [-Wignored-attributes]
/mnt/library/RcppEigen/include/Eigen/src/Core/util/XprHelper.h:208:88: warning: ignoring attributes on template argument ‘Eigen::internal::packet_traits<double>::type’ {aka ‘__m128d’} [-Wignored-attributes]
  208 |   typedef typename find_best_packet_helper<Size,typename packet_traits<T>::type>::type type;
      |                                                                                        ^~~~
/mnt/library/RcppEigen/include/Eigen/src/Core/DenseCoeffsBase.h: In instantiation of ‘class Eigen::DenseCoeffsBase<Eigen::Matrix<double, -1, -1>, 0>’:
/mnt/library/RcppEigen/include/Eigen/src/Core/DenseCoeffsBase.h:302:7:   required from ‘class Eigen::DenseCoeffsBase<Eigen::Matrix<double, -1, -1>, 1>’
/mnt/library/RcppEigen/include/Eigen/src/Core/DenseCoeffsBase.h:555:7:   required from ‘class Eigen::DenseCoeffsBase<Eigen::Matrix<double, -1, -1>, 3>’
/mnt/library/RcppEigen/include/Eigen/src/Core/DenseBase.h:41:34:   required from ‘class Eigen::DenseBase<Eigen::Matrix<double, -1, -1> >’
/mnt/library/RcppEigen/include/Eigen/src/Core/MatrixBase.h:48:34:   required from ‘class Eigen::MatrixBase<Eigen::Matrix<double, -1, -1> >’
/mnt/library/RcppEigen/include/Eigen/src/Core/PlainObjectBase.h:98:7:   required from ‘class Eigen::PlainObjectBase<Eigen::Matrix<double, -1, -1> >’
/mnt/library/RcppEigen/include/Eigen/src/Core/Matrix.h:178:7:   required from ‘class Eigen::Matrix<double, -1, -1>’
/usr/local/lib/R/site-library/Rcpp/include/Rcpp/InputParameter.h:51:11:   required from ‘class Rcpp::ReferenceInputParameter<Eigen::Matrix<double, -1, -1> >’
RcppExports.cpp:20:68:   required from here
/mnt/library/RcppEigen/include/Eigen/src/Core/DenseCoeffsBase.h:56:30: warning: ignoring attributes on template argument ‘Eigen::internal::packet_traits<double>::type’ {aka ‘__m128d’} [-Wignored-attributes]
   56 |                      >::type PacketReturnType;
      |                              ^~~~~~~~~~~~~~~~
g++ -std=gnu++20 -I"/usr/local/lib/R/include" -DNDEBUG  -I'/usr/local/lib/R/site-library/Rcpp/include' -I'/mnt/library/RcppEigen/include' -I/usr/local/include   -fopenmp -DEIGEN_INITIALIZE_MATRICES_BY_ZERO -DEIGEN_NO_DEBUG -fpic  -g -O2 -fstack-protector-strong -Wformat -Werror=format-security -Wdate-time -D_FORTIFY_SOURCE=2 -g   -c nmf.cpp -o nmf.o
In file included from /mnt/library/RcppEigen/include/Eigen/Core:205,
                 from /mnt/library/RcppEigen/include/Eigen/Dense:1,
                 from /mnt/library/RcppEigen/include/RcppEigenForward.h:28,
                 from /mnt/library/RcppEigen/include/RcppEigen.h:25,
                 from nmf.cpp:17:
/mnt/library/RcppEigen/include/Eigen/src/Core/arch/SSE/PacketMath.h:46:40: warning: ignoring attributes on template argument ‘__m128i’ [-Wignored-attributes]
   46 | typedef eigen_packet_wrapper<__m128i, 0> Packet4i;
      |                                        ^
/mnt/library/RcppEigen/include/Eigen/src/Core/arch/SSE/PacketMath.h:47:40: warning: ignoring attributes on template argument ‘__m128i’ [-Wignored-attributes]
   47 | typedef eigen_packet_wrapper<__m128i, 1> Packet16b;
      |                                        ^
/mnt/library/RcppEigen/include/Eigen/src/Core/arch/SSE/PacketMath.h:49:39: warning: ignoring attributes on template argument ‘__m128’ [-Wignored-attributes]
   49 | template<> struct is_arithmetic<__m128>  { enum { value = true }; };
      |                                       ^
/mnt/library/RcppEigen/include/Eigen/src/Core/arch/SSE/PacketMath.h:50:40: warning: ignoring attributes on template argument ‘__m128i’ [-Wignored-attributes]
   50 | template<> struct is_arithmetic<__m128i> { enum { value = true }; };
      |                                        ^
/mnt/library/RcppEigen/include/Eigen/src/Core/arch/SSE/PacketMath.h:51:40: warning: ignoring attributes on template argument ‘__m128d’ [-Wignored-attributes]
   51 | template<> struct is_arithmetic<__m128d> { enum { value = true }; };
      |                                        ^
/mnt/library/RcppEigen/include/Eigen/src/Core/arch/SSE/PacketMath.h:222:43: warning: ignoring attributes on template argument ‘Eigen::internal::Packet4f’ {aka ‘__m128’} [-Wignored-attributes]
  222 | template<> struct unpacket_traits<Packet4f> {
      |                                           ^
/mnt/library/RcppEigen/include/Eigen/src/Core/arch/SSE/PacketMath.h:228:43: warning: ignoring attributes on template argument ‘Eigen::internal::Packet2d’ {aka ‘__m128d’} [-Wignored-attributes]
  228 | template<> struct unpacket_traits<Packet2d> {
      |                                           ^
/mnt/library/RcppEigen/include/Eigen/src/Core/arch/SSE/PacketMath.h:1124:34: warning: ignoring attributes on template argument ‘Eigen::internal::Packet4f’ {aka ‘__m128’} [-Wignored-attributes]
 1124 | ptranspose(PacketBlock<Packet4f,4>& kernel) {
      |                                  ^
/mnt/library/RcppEigen/include/Eigen/src/Core/arch/SSE/PacketMath.h:1129:34: warning: ignoring attributes on template argument ‘Eigen::internal::Packet2d’ {aka ‘__m128d’} [-Wignored-attributes]
 1129 | ptranspose(PacketBlock<Packet2d,2>& kernel) {
      |                                  ^
In file included from /mnt/library/RcppEigen/include/Eigen/Core:174:
/mnt/library/RcppEigen/include/Eigen/src/Core/arch/Default/ConjHelper.h:16:60: warning: ignoring attributes on template argument ‘Eigen::internal::Packet4f’ {aka ‘__m128’} [-Wignored-attributes]
   16 |   struct conj_helper<PACKET_REAL, PACKET_CPLX, false, false> {          \
      |                                                            ^
/mnt/library/RcppEigen/include/Eigen/src/Core/arch/SSE/Complex.h:173:1: note: in expansion of macro ‘EIGEN_MAKE_CONJ_HELPER_CPLX_REAL’
  173 | EIGEN_MAKE_CONJ_HELPER_CPLX_REAL(Packet2cf,Packet4f)
      | ^~~~~~~~~~~~~~~~~~~~~~~~~~~~~~~~
/mnt/library/RcppEigen/include/Eigen/src/Core/arch/Default/ConjHelper.h:29:60: warning: ignoring attributes on template argument ‘Eigen::internal::Packet4f’ {aka ‘__m128’} [-Wignored-attributes]
   29 |   struct conj_helper<PACKET_CPLX, PACKET_REAL, false, false> {          \
      |                                                            ^
/mnt/library/RcppEigen/include/Eigen/src/Core/arch/SSE/Complex.h:173:1: note: in expansion of macro ‘EIGEN_MAKE_CONJ_HELPER_CPLX_REAL’
  173 | EIGEN_MAKE_CONJ_HELPER_CPLX_REAL(Packet2cf,Packet4f)
      | ^~~~~~~~~~~~~~~~~~~~~~~~~~~~~~~~
/mnt/library/RcppEigen/include/Eigen/src/Core/arch/Default/ConjHelper.h:16:60: warning: ignoring attributes on template argument ‘Eigen::internal::Packet2d’ {aka ‘__m128d’} [-Wignored-attributes]
   16 |   struct conj_helper<PACKET_REAL, PACKET_CPLX, false, false> {          \
      |                                                            ^
/mnt/library/RcppEigen/include/Eigen/src/Core/arch/SSE/Complex.h:298:1: note: in expansion of macro ‘EIGEN_MAKE_CONJ_HELPER_CPLX_REAL’
  298 | EIGEN_MAKE_CONJ_HELPER_CPLX_REAL(Packet1cd,Packet2d)
      | ^~~~~~~~~~~~~~~~~~~~~~~~~~~~~~~~
/mnt/library/RcppEigen/include/Eigen/src/Core/arch/Default/ConjHelper.h:29:60: warning: ignoring attributes on template argument ‘Eigen::internal::Packet2d’ {aka ‘__m128d’} [-Wignored-attributes]
   29 |   struct conj_helper<PACKET_CPLX, PACKET_REAL, false, false> {          \
      |                                                            ^
/mnt/library/RcppEigen/include/Eigen/src/Core/arch/SSE/Complex.h:298:1: note: in expansion of macro ‘EIGEN_MAKE_CONJ_HELPER_CPLX_REAL’
  298 | EIGEN_MAKE_CONJ_HELPER_CPLX_REAL(Packet1cd,Packet2d)
      | ^~~~~~~~~~~~~~~~~~~~~~~~~~~~~~~~
In file included from /mnt/library/RcppEigen/include/Eigen/Core:165:
/mnt/library/RcppEigen/include/Eigen/src/Core/util/XprHelper.h: In instantiation of ‘struct Eigen::internal::find_best_packet<float, 4>’:
/mnt/library/RcppEigen/include/Eigen/src/Core/Matrix.h:22:57:   required from ‘struct Eigen::internal::traits<Eigen::Matrix<float, 4, 1> >’
/mnt/library/RcppEigen/include/Eigen/src/Geometry/Quaternion.h:266:49:   required from ‘struct Eigen::internal::traits<Eigen::Quaternion<float> >’
/mnt/library/RcppEigen/include/Eigen/src/Geometry/arch/Geometry_SIMD.h:24:46:   required from here
/mnt/library/RcppEigen/include/Eigen/src/Core/util/XprHelper.h:190:44: warning: ignoring attributes on template argument ‘Eigen::internal::packet_traits<float>::type’ {aka ‘__m128’} [-Wignored-attributes]
  190 |          bool Stop = Size==Dynamic || (Size%unpacket_traits<PacketType>::size)==0 || is_same<PacketType,typename unpacket_traits<PacketType>::half>::value>
      |                                       ~~~~~^~~~~~~~~~~~~~~~~~~~~~~~~~~~~~~~~~~
/mnt/library/RcppEigen/include/Eigen/src/Core/util/XprHelper.h:190:83: warning: ignoring attributes on template argument ‘Eigen::internal::packet_traits<float>::type’ {aka ‘__m128’} [-Wignored-attributes]
  190 |          bool Stop = Size==Dynamic || (Size%unpacket_traits<PacketType>::size)==0 || is_same<PacketType,typename unpacket_traits<PacketType>::half>::value>
      |                      ~~~~~~~~~~~~~~~~~~~~~~~~~~~~~~~~~~~~~~~~~~~~~~~~~~~~~~~~~~~~~^~~~~~~~~~~~~~~~~~~~~~~~~~~~~~~~~~~~~~~~~~~~~~~~~~~~~~~~~~~~~~~~~~~~~~~~
/mnt/library/RcppEigen/include/Eigen/src/Core/util/XprHelper.h:190:83: warning: ignoring attributes on template argument ‘Eigen::internal::packet_traits<float>::type’ {aka ‘__m128’} [-Wignored-attributes]
/mnt/library/RcppEigen/include/Eigen/src/Core/util/XprHelper.h:190:83: warning: ignoring attributes on template argument ‘Eigen::internal::unpacket_traits<__vector(4) float>::half’ {aka ‘__m128’} [-Wignored-attributes]
/mnt/library/RcppEigen/include/Eigen/src/Core/util/XprHelper.h:208:88: warning: ignoring attributes on template argument ‘Eigen::internal::packet_traits<float>::type’ {aka ‘__m128’} [-Wignored-attributes]
  208 |   typedef typename find_best_packet_helper<Size,typename packet_traits<T>::type>::type type;
      |                                                                                        ^~~~
In file included from /mnt/library/RcppEigen/include/Eigen/Core:271:
/mnt/library/RcppEigen/include/Eigen/src/Core/DenseCoeffsBase.h: In instantiation of ‘class Eigen::DenseCoeffsBase<Eigen::Matrix<float, 4, 1>, 0>’:
/mnt/library/RcppEigen/include/Eigen/src/Core/DenseCoeffsBase.h:302:7:   required from ‘class Eigen::DenseCoeffsBase<Eigen::Matrix<float, 4, 1>, 1>’
/mnt/library/RcppEigen/include/Eigen/src/Core/DenseCoeffsBase.h:555:7:   required from ‘class Eigen::DenseCoeffsBase<Eigen::Matrix<float, 4, 1>, 3>’
/mnt/library/RcppEigen/include/Eigen/src/Core/DenseBase.h:41:34:   required from ‘class Eigen::DenseBase<Eigen::Matrix<float, 4, 1> >’
/mnt/library/RcppEigen/include/Eigen/src/Core/MatrixBase.h:48:34:   required from ‘class Eigen::MatrixBase<Eigen::Matrix<float, 4, 1> >’
/mnt/library/RcppEigen/include/Eigen/src/Core/PlainObjectBase.h:98:7:   required from ‘class Eigen::PlainObjectBase<Eigen::Matrix<float, 4, 1> >’
/mnt/library/RcppEigen/include/Eigen/src/Core/Matrix.h:178:7:   required from ‘class Eigen::Matrix<float, 4, 1>’
/mnt/library/RcppEigen/include/Eigen/src/Geometry/Quaternion.h:46:50:   required from ‘class Eigen::QuaternionBase<Eigen::Quaternion<float> >’
/mnt/library/RcppEigen/include/Eigen/src/Geometry/Quaternion.h:273:7:   required from ‘class Eigen::Quaternion<float>’
/mnt/library/RcppEigen/include/Eigen/src/Geometry/arch/Geometry_SIMD.h:27:3:   required from here
/mnt/library/RcppEigen/include/Eigen/src/Core/DenseCoeffsBase.h:56:30: warning: ignoring attributes on template argument ‘Eigen::internal::packet_traits<float>::type’ {aka ‘__m128’} [-Wignored-attributes]
   56 |                      >::type PacketReturnType;
      |                              ^~~~~~~~~~~~~~~~
/mnt/library/RcppEigen/include/Eigen/src/Core/util/XprHelper.h: In instantiation of ‘struct Eigen::internal::find_best_packet<double, 4>’:
/mnt/library/RcppEigen/include/Eigen/src/Core/Matrix.h:22:57:   required from ‘struct Eigen::internal::traits<Eigen::Matrix<double, 4, 1> >’
/mnt/library/RcppEigen/include/Eigen/src/Geometry/Quaternion.h:266:49:   required from ‘struct Eigen::internal::traits<Eigen::Quaternion<double> >’
/mnt/library/RcppEigen/include/Eigen/src/Geometry/arch/Geometry_SIMD.h:98:47:   required from here
/mnt/library/RcppEigen/include/Eigen/src/Core/util/XprHelper.h:190:44: warning: ignoring attributes on template argument ‘Eigen::internal::packet_traits<double>::type’ {aka ‘__m128d’} [-Wignored-attributes]
  190 |          bool Stop = Size==Dynamic || (Size%unpacket_traits<PacketType>::size)==0 || is_same<PacketType,typename unpacket_traits<PacketType>::half>::value>
      |                                       ~~~~~^~~~~~~~~~~~~~~~~~~~~~~~~~~~~~~~~~~
/mnt/library/RcppEigen/include/Eigen/src/Core/util/XprHelper.h:190:83: warning: ignoring attributes on template argument ‘Eigen::internal::packet_traits<double>::type’ {aka ‘__m128d’} [-Wignored-attributes]
  190 |          bool Stop = Size==Dynamic || (Size%unpacket_traits<PacketType>::size)==0 || is_same<PacketType,typename unpacket_traits<PacketType>::half>::value>
      |                      ~~~~~~~~~~~~~~~~~~~~~~~~~~~~~~~~~~~~~~~~~~~~~~~~~~~~~~~~~~~~~^~~~~~~~~~~~~~~~~~~~~~~~~~~~~~~~~~~~~~~~~~~~~~~~~~~~~~~~~~~~~~~~~~~~~~~~
/mnt/library/RcppEigen/include/Eigen/src/Core/util/XprHelper.h:190:83: warning: ignoring attributes on template argument ‘Eigen::internal::packet_traits<double>::type’ {aka ‘__m128d’} [-Wignored-attributes]
/mnt/library/RcppEigen/include/Eigen/src/Core/util/XprHelper.h:190:83: warning: ignoring attributes on template argument ‘Eigen::internal::unpacket_traits<__vector(2) double>::half’ {aka ‘__m128d’} [-Wignored-attributes]
/mnt/library/RcppEigen/include/Eigen/src/Core/util/XprHelper.h:208:88: warning: ignoring attributes on template argument ‘Eigen::internal::packet_traits<double>::type’ {aka ‘__m128d’} [-Wignored-attributes]
  208 |   typedef typename find_best_packet_helper<Size,typename packet_traits<T>::type>::type type;
      |                                                                                        ^~~~
/mnt/library/RcppEigen/include/Eigen/src/Core/DenseCoeffsBase.h: In instantiation of ‘class Eigen::DenseCoeffsBase<Eigen::Matrix<double, 4, 1>, 0>’:
/mnt/library/RcppEigen/include/Eigen/src/Core/DenseCoeffsBase.h:302:7:   required from ‘class Eigen::DenseCoeffsBase<Eigen::Matrix<double, 4, 1>, 1>’
/mnt/library/RcppEigen/include/Eigen/src/Core/DenseCoeffsBase.h:555:7:   required from ‘class Eigen::DenseCoeffsBase<Eigen::Matrix<double, 4, 1>, 3>’
/mnt/library/RcppEigen/include/Eigen/src/Core/DenseBase.h:41:34:   required from ‘class Eigen::DenseBase<Eigen::Matrix<double, 4, 1> >’
/mnt/library/RcppEigen/include/Eigen/src/Core/MatrixBase.h:48:34:   required from ‘class Eigen::MatrixBase<Eigen::Matrix<double, 4, 1> >’
/mnt/library/RcppEigen/include/Eigen/src/Core/PlainObjectBase.h:98:7:   required from ‘class Eigen::PlainObjectBase<Eigen::Matrix<double, 4, 1> >’
/mnt/library/RcppEigen/include/Eigen/src/Core/Matrix.h:178:7:   required from ‘class Eigen::Matrix<double, 4, 1>’
/mnt/library/RcppEigen/include/Eigen/src/Geometry/Quaternion.h:46:50:   required from ‘class Eigen::QuaternionBase<Eigen::Quaternion<double> >’
/mnt/library/RcppEigen/include/Eigen/src/Geometry/Quaternion.h:273:7:   required from ‘class Eigen::Quaternion<double>’
/mnt/library/RcppEigen/include/Eigen/src/Geometry/arch/Geometry_SIMD.h:102:3:   required from here
/mnt/library/RcppEigen/include/Eigen/src/Core/DenseCoeffsBase.h:56:30: warning: ignoring attributes on template argument ‘Eigen::internal::packet_traits<double>::type’ {aka ‘__m128d’} [-Wignored-attributes]
   56 |                      >::type PacketReturnType;
      |                              ^~~~~~~~~~~~~~~~
In file included from /mnt/library/RcppEigen/include/Eigen/SparseCore:37,
                 from /mnt/library/RcppEigen/include/Eigen/Sparse:26,
                 from /mnt/library/RcppEigen/include/RcppEigenForward.h:29:
/mnt/library/RcppEigen/include/Eigen/src/SparseCore/SparseMatrixBase.h: In instantiation of ‘class Eigen::SparseMatrixBase<Eigen::SparseMatrix<double, 0, int> >’:
/mnt/library/RcppEigen/include/Eigen/src/SparseCore/SparseCompressedBase.h:36:7:   required from ‘class Eigen::SparseCompressedBase<Eigen::SparseMatrix<double, 0, int> >’
/mnt/library/RcppEigen/include/Eigen/src/SparseCore/SparseMatrix.h:96:7:   required from ‘class Eigen::SparseMatrix<double, 0, int>’
/mnt/library/RcppEigen/include/unsupported/Eigen/src/IterativeSolvers/ConstrainedConjGrad.h:61:25:   required from here
/mnt/library/RcppEigen/include/Eigen/src/SparseCore/SparseMatrixBase.h:47:30: warning: ignoring attributes on template argument ‘Eigen::internal::packet_traits<double>::type’ {aka ‘__m128d’} [-Wignored-attributes]
   47 |                      >::type PacketReturnType;
      |                              ^~~~~~~~~~~~~~~~
/mnt/library/RcppEigen/include/Eigen/src/Core/util/XprHelper.h: In instantiation of ‘struct Eigen::internal::find_best_packet<double, -1>’:
/mnt/library/RcppEigen/include/Eigen/src/Core/Matrix.h:22:57:   required from ‘struct Eigen::internal::traits<Eigen::Matrix<double, -1, -1> >’
/mnt/library/RcppEigen/include/Eigen/src/Core/PlainObjectBase.h:98:7:   required from ‘class Eigen::PlainObjectBase<Eigen::Matrix<double, -1, -1> >’
/mnt/library/RcppEigen/include/Eigen/src/Core/Matrix.h:178:7:   required from ‘class Eigen::Matrix<double, -1, -1>’
nmf.cpp:69:23:   required from here
/mnt/library/RcppEigen/include/Eigen/src/Core/util/XprHelper.h:190:44: warning: ignoring attributes on template argument ‘Eigen::internal::packet_traits<double>::type’ {aka ‘__m128d’} [-Wignored-attributes]
  190 |          bool Stop = Size==Dynamic || (Size%unpacket_traits<PacketType>::size)==0 || is_same<PacketType,typename unpacket_traits<PacketType>::half>::value>
      |                                       ~~~~~^~~~~~~~~~~~~~~~~~~~~~~~~~~~~~~~~~~
/mnt/library/RcppEigen/include/Eigen/src/Core/util/XprHelper.h:190:83: warning: ignoring attributes on template argument ‘Eigen::internal::packet_traits<double>::type’ {aka ‘__m128d’} [-Wignored-attributes]
  190 |          bool Stop = Size==Dynamic || (Size%unpacket_traits<PacketType>::size)==0 || is_same<PacketType,typename unpacket_traits<PacketType>::half>::value>
      |                      ~~~~~~~~~~~~~~~~~~~~~~~~~~~~~~~~~~~~~~~~~~~~~~~~~~~~~~~~~~~~~^~~~~~~~~~~~~~~~~~~~~~~~~~~~~~~~~~~~~~~~~~~~~~~~~~~~~~~~~~~~~~~~~~~~~~~~
/mnt/library/RcppEigen/include/Eigen/src/Core/util/XprHelper.h:190:83: warning: ignoring attributes on template argument ‘Eigen::internal::packet_traits<double>::type’ {aka ‘__m128d’} [-Wignored-attributes]
/mnt/library/RcppEigen/include/Eigen/src/Core/util/XprHelper.h:190:83: warning: ignoring attributes on template argument ‘Eigen::internal::unpacket_traits<__vector(2) double>::half’ {aka ‘__m128d’} [-Wignored-attributes]
/mnt/library/RcppEigen/include/Eigen/src/Core/util/XprHelper.h:208:88: warning: ignoring attributes on template argument ‘Eigen::internal::packet_traits<double>::type’ {aka ‘__m128d’} [-Wignored-attributes]
  208 |   typedef typename find_best_packet_helper<Size,typename packet_traits<T>::type>::type type;
      |                                                                                        ^~~~
/mnt/library/RcppEigen/include/Eigen/src/Core/DenseCoeffsBase.h: In instantiation of ‘class Eigen::DenseCoeffsBase<Eigen::Matrix<double, -1, -1>, 0>’:
/mnt/library/RcppEigen/include/Eigen/src/Core/DenseCoeffsBase.h:302:7:   required from ‘class Eigen::DenseCoeffsBase<Eigen::Matrix<double, -1, -1>, 1>’
/mnt/library/RcppEigen/include/Eigen/src/Core/DenseCoeffsBase.h:555:7:   required from ‘class Eigen::DenseCoeffsBase<Eigen::Matrix<double, -1, -1>, 3>’
/mnt/library/RcppEigen/include/Eigen/src/Core/DenseBase.h:41:34:   required from ‘class Eigen::DenseBase<Eigen::Matrix<double, -1, -1> >’
/mnt/library/RcppEigen/include/Eigen/src/Core/MatrixBase.h:48:34:   required from ‘class Eigen::MatrixBase<Eigen::Matrix<double, -1, -1> >’
/mnt/library/RcppEigen/include/Eigen/src/Core/PlainObjectBase.h:98:7:   required from ‘class Eigen::PlainObjectBase<Eigen::Matrix<double, -1, -1> >’
/mnt/library/RcppEigen/include/Eigen/src/Core/Matrix.h:178:7:   required from ‘class Eigen::Matrix<double, -1, -1>’
nmf.cpp:69:23:   required from here
/mnt/library/RcppEigen/include/Eigen/src/Core/DenseCoeffsBase.h:56:30: warning: ignoring attributes on template argument ‘Eigen::internal::packet_traits<double>::type’ {aka ‘__m128d’} [-Wignored-attributes]
   56 |                      >::type PacketReturnType;
      |                              ^~~~~~~~~~~~~~~~
/mnt/library/RcppEigen/include/Eigen/src/Core/DenseCoeffsBase.h: In instantiation of ‘class Eigen::DenseCoeffsBase<Eigen::CwiseNullaryOp<Eigen::internal::scalar_constant_op<double>, Eigen::Matrix<double, -1, -1> >, 0>’:
/mnt/library/RcppEigen/include/Eigen/src/Core/DenseBase.h:41:34:   required from ‘class Eigen::DenseBase<Eigen::CwiseNullaryOp<Eigen::internal::scalar_constant_op<double>, Eigen::Matrix<double, -1, -1> > >’
/mnt/library/RcppEigen/include/Eigen/src/Core/MatrixBase.h:48:34:   required from ‘class Eigen::MatrixBase<Eigen::CwiseNullaryOp<Eigen::internal::scalar_constant_op<double>, Eigen::Matrix<double, -1, -1> > >’
/mnt/library/RcppEigen/include/Eigen/src/Core/CwiseNullaryOp.h:60:7:   required from ‘class Eigen::CwiseNullaryOp<Eigen::internal::scalar_constant_op<double>, Eigen::Matrix<double, -1, -1> >’
nmf.cpp:84:48:   required from here
/mnt/library/RcppEigen/include/Eigen/src/Core/DenseCoeffsBase.h:56:30: warning: ignoring attributes on template argument ‘Eigen::internal::packet_traits<double>::type’ {aka ‘__m128d’} [-Wignored-attributes]
/mnt/library/RcppEigen/include/Eigen/src/Core/DenseCoeffsBase.h: In instantiation of ‘class Eigen::DenseCoeffsBase<Eigen::Transpose<Eigen::Matrix<double, -1, -1> >, 0>’:
/mnt/library/RcppEigen/include/Eigen/src/Core/DenseCoeffsBase.h:302:7:   required from ‘class Eigen::DenseCoeffsBase<Eigen::Transpose<Eigen::Matrix<double, -1, -1> >, 1>’
/mnt/library/RcppEigen/include/Eigen/src/Core/DenseCoeffsBase.h:555:7:   required from ‘class Eigen::DenseCoeffsBase<Eigen::Transpose<Eigen::Matrix<double, -1, -1> >, 3>’
/mnt/library/RcppEigen/include/Eigen/src/Core/DenseBase.h:41:34:   required from ‘class Eigen::DenseBase<Eigen::Transpose<Eigen::Matrix<double, -1, -1> > >’
/mnt/library/RcppEigen/include/Eigen/src/Core/MatrixBase.h:48:34:   required from ‘class Eigen::MatrixBase<Eigen::Transpose<Eigen::Matrix<double, -1, -1> > >’
/mnt/library/RcppEigen/include/Eigen/src/Core/Transpose.h:118:37:   required from ‘class Eigen::TransposeImpl<Eigen::Matrix<double, -1, -1>, Eigen::Dense>’
/mnt/library/RcppEigen/include/Eigen/src/Core/Transpose.h:52:37:   required from ‘class Eigen::Transpose<Eigen::Matrix<double, -1, -1> >’
nmf.cpp:86:55:   required from here
/mnt/library/RcppEigen/include/Eigen/src/Core/DenseCoeffsBase.h:56:30: warning: ignoring attributes on template argument ‘Eigen::internal::packet_traits<double>::type’ {aka ‘__m128d’} [-Wignored-attributes]
/mnt/library/RcppEigen/include/Eigen/src/Core/DenseCoeffsBase.h: In instantiation of ‘class Eigen::DenseCoeffsBase<Eigen::Diagonal<Eigen::Matrix<double, -1, -1>, 0>, 0>’:
/mnt/library/RcppEigen/include/Eigen/src/Core/DenseCoeffsBase.h:302:7:   required from ‘class Eigen::DenseCoeffsBase<Eigen::Diagonal<Eigen::Matrix<double, -1, -1>, 0>, 1>’
/mnt/library/RcppEigen/include/Eigen/src/Core/DenseCoeffsBase.h:555:7:   required from ‘class Eigen::DenseCoeffsBase<Eigen::Diagonal<Eigen::Matrix<double, -1, -1>, 0>, 3>’
/mnt/library/RcppEigen/include/Eigen/src/Core/DenseBase.h:41:34:   required from ‘class Eigen::DenseBase<Eigen::Diagonal<Eigen::Matrix<double, -1, -1>, 0> >’
/mnt/library/RcppEigen/include/Eigen/src/Core/MatrixBase.h:48:34:   required from ‘class Eigen::MatrixBase<Eigen::Diagonal<Eigen::Matrix<double, -1, -1>, 0> >’
/mnt/library/RcppEigen/include/Eigen/src/Core/Diagonal.h:63:53:   required from ‘class Eigen::Diagonal<Eigen::Matrix<double, -1, -1>, 0>’
nmf.cpp:87:17:   required from here
/mnt/library/RcppEigen/include/Eigen/src/Core/DenseCoeffsBase.h:56:30: warning: ignoring attributes on template argument ‘Eigen::internal::packet_traits<double>::type’ {aka ‘__m128d’} [-Wignored-attributes]
/mnt/library/RcppEigen/include/Eigen/src/Core/DenseCoeffsBase.h: In instantiation of ‘class Eigen::DenseCoeffsBase<Eigen::ArrayWrapper<Eigen::Diagonal<Eigen::Matrix<double, -1, -1>, 0> >, 0>’:
/mnt/library/RcppEigen/include/Eigen/src/Core/DenseCoeffsBase.h:302:7:   required from ‘class Eigen::DenseCoeffsBase<Eigen::ArrayWrapper<Eigen::Diagonal<Eigen::Matrix<double, -1, -1>, 0> >, 1>’
/mnt/library/RcppEigen/include/Eigen/src/Core/DenseCoeffsBase.h:555:7:   required from ‘class Eigen::DenseCoeffsBase<Eigen::ArrayWrapper<Eigen::Diagonal<Eigen::Matrix<double, -1, -1>, 0> >, 3>’
/mnt/library/RcppEigen/include/Eigen/src/Core/DenseBase.h:41:34:   required from ‘class Eigen::DenseBase<Eigen::ArrayWrapper<Eigen::Diagonal<Eigen::Matrix<double, -1, -1>, 0> > >’
/mnt/library/RcppEigen/include/Eigen/src/Core/ArrayBase.h:39:34:   required from ‘class Eigen::ArrayBase<Eigen::ArrayWrapper<Eigen::Diagonal<Eigen::Matrix<double, -1, -1>, 0> > >’
/mnt/library/RcppEigen/include/Eigen/src/Core/ArrayWrapper.h:42:7:   required from ‘class Eigen::ArrayWrapper<Eigen::Diagonal<Eigen::Matrix<double, -1, -1>, 0> >’
nmf.cpp:87:25:   required from here
/mnt/library/RcppEigen/include/Eigen/src/Core/DenseCoeffsBase.h:56:30: warning: ignoring attributes on template argument ‘Eigen::internal::packet_traits<double>::type’ {aka ‘__m128d’} [-Wignored-attributes]
/mnt/library/RcppEigen/include/Eigen/src/Core/DenseCoeffsBase.h: In instantiation of ‘class Eigen::DenseCoeffsBase<Eigen::PartialReduxExpr<Eigen::Matrix<double, -1, -1>, Eigen::internal::member_sum<double, double>, 1>, 0>’:
/mnt/library/RcppEigen/include/Eigen/src/Core/DenseBase.h:41:34:   required from ‘class Eigen::DenseBase<Eigen::PartialReduxExpr<Eigen::Matrix<double, -1, -1>, Eigen::internal::member_sum<double, double>, 1> >’
/mnt/library/RcppEigen/include/Eigen/src/Core/MatrixBase.h:48:34:   required from ‘class Eigen::MatrixBase<Eigen::PartialReduxExpr<Eigen::Matrix<double, -1, -1>, Eigen::internal::member_sum<double, double>, 1> >’
/mnt/library/RcppEigen/include/Eigen/src/Core/VectorwiseOp.h:56:7:   required from ‘class Eigen::PartialReduxExpr<Eigen::Matrix<double, -1, -1>, Eigen::internal::member_sum<double, double>, 1>’
nmf.cpp:93:24:   required from here
/mnt/library/RcppEigen/include/Eigen/src/Core/DenseCoeffsBase.h:56:30: warning: ignoring attributes on template argument ‘Eigen::internal::packet_traits<double>::type’ {aka ‘__m128d’} [-Wignored-attributes]
/mnt/library/RcppEigen/include/Eigen/src/Core/DenseCoeffsBase.h: In instantiation of ‘class Eigen::DenseCoeffsBase<Eigen::Matrix<double, -1, 1>, 0>’:
/mnt/library/RcppEigen/include/Eigen/src/Core/DenseCoeffsBase.h:302:7:   required from ‘class Eigen::DenseCoeffsBase<Eigen::Matrix<double, -1, 1>, 1>’
/mnt/library/RcppEigen/include/Eigen/src/Core/DenseCoeffsBase.h:555:7:   required from ‘class Eigen::DenseCoeffsBase<Eigen::Matrix<double, -1, 1>, 3>’
/mnt/library/RcppEigen/include/Eigen/src/Core/DenseBase.h:41:34:   required from ‘class Eigen::DenseBase<Eigen::Matrix<double, -1, 1> >’
/mnt/library/RcppEigen/include/Eigen/src/Core/MatrixBase.h:48:34:   required from ‘class Eigen::MatrixBase<Eigen::Matrix<double, -1, 1> >’
/mnt/library/RcppEigen/include/Eigen/src/Core/PlainObjectBase.h:98:7:   required from ‘class Eigen::PlainObjectBase<Eigen::Matrix<double, -1, 1> >’
/mnt/library/RcppEigen/include/Eigen/src/Core/Matrix.h:178:7:   required from ‘class Eigen::Matrix<double, -1, 1>’
nmf.cpp:93:25:   required from here
/mnt/library/RcppEigen/include/Eigen/src/Core/DenseCoeffsBase.h:56:30: warning: ignoring attributes on template argument ‘Eigen::internal::packet_traits<double>::type’ {aka ‘__m128d’} [-Wignored-attributes]
/mnt/library/RcppEigen/include/Eigen/src/Core/DenseCoeffsBase.h: In instantiation of ‘class Eigen::DenseCoeffsBase<Eigen::ArrayWrapper<Eigen::Matrix<double, -1, 1> >, 0>’:
/mnt/library/RcppEigen/include/Eigen/src/Core/DenseCoeffsBase.h:302:7:   required from ‘class Eigen::DenseCoeffsBase<Eigen::ArrayWrapper<Eigen::Matrix<double, -1, 1> >, 1>’
/mnt/library/RcppEigen/include/Eigen/src/Core/DenseCoeffsBase.h:555:7:   required from ‘class Eigen::DenseCoeffsBase<Eigen::ArrayWrapper<Eigen::Matrix<double, -1, 1> >, 3>’
/mnt/library/RcppEigen/include/Eigen/src/Core/DenseBase.h:41:34:   required from ‘class Eigen::DenseBase<Eigen::ArrayWrapper<Eigen::Matrix<double, -1, 1> > >’
/mnt/library/RcppEigen/include/Eigen/src/Core/ArrayBase.h:39:34:   required from ‘class Eigen::ArrayBase<Eigen::ArrayWrapper<Eigen::Matrix<double, -1, 1> > >’
/mnt/library/RcppEigen/include/Eigen/src/Core/ArrayWrapper.h:42:7:   required from ‘class Eigen::ArrayWrapper<Eigen::Matrix<double, -1, 1> >’
nmf.cpp:94:12:   required from here
/mnt/library/RcppEigen/include/Eigen/src/Core/DenseCoeffsBase.h:56:30: warning: ignoring attributes on template argument ‘Eigen::internal::packet_traits<double>::type’ {aka ‘__m128d’} [-Wignored-attributes]
/mnt/library/RcppEigen/include/Eigen/src/Core/DenseCoeffsBase.h: In instantiation of ‘class Eigen::DenseCoeffsBase<Eigen::Block<Eigen::Matrix<double, -1, -1>, 1, -1, false>, 0>’:
/mnt/library/RcppEigen/include/Eigen/src/Core/DenseCoeffsBase.h:302:7:   required from ‘class Eigen::DenseCoeffsBase<Eigen::Block<Eigen::Matrix<double, -1, -1>, 1, -1, false>, 1>’
/mnt/library/RcppEigen/include/Eigen/src/Core/DenseCoeffsBase.h:555:7:   required from ‘class Eigen::DenseCoeffsBase<Eigen::Block<Eigen::Matrix<double, -1, -1>, 1, -1, false>, 3>’
/mnt/library/RcppEigen/include/Eigen/src/Core/DenseBase.h:41:34:   required from ‘class Eigen::DenseBase<Eigen::Block<Eigen::Matrix<double, -1, -1>, 1, -1, false> >’
/mnt/library/RcppEigen/include/Eigen/src/Core/MatrixBase.h:48:34:   required from ‘class Eigen::MatrixBase<Eigen::Block<Eigen::Matrix<double, -1, -1>, 1, -1, false> >’
/mnt/library/RcppEigen/include/Eigen/src/Core/MapBase.h:37:34:   required from ‘class Eigen::MapBase<Eigen::Block<Eigen::Matrix<double, -1, -1>, 1, -1, false>, 0>’
/mnt/library/RcppEigen/include/Eigen/src/Core/MapBase.h:223:34:   required from ‘class Eigen::MapBase<Eigen::Block<Eigen::Matrix<double, -1, -1>, 1, -1, false>, 1>’
/mnt/library/RcppEigen/include/Eigen/src/Core/Block.h:329:7:   required from ‘class Eigen::internal::BlockImpl_dense<Eigen::Matrix<double, -1, -1>, 1, -1, false, true>’
/mnt/library/RcppEigen/include/Eigen/src/Core/Block.h:154:7:   required from ‘class Eigen::BlockImpl<Eigen::Matrix<double, -1, -1>, 1, -1, false, Eigen::Dense>’
/mnt/library/RcppEigen/include/Eigen/src/Core/Block.h:103:81:   required from ‘class Eigen::Block<Eigen::Matrix<double, -1, -1>, 1, -1, false>’
nmf.cpp:112:24:   required from here
/mnt/library/RcppEigen/include/Eigen/src/Core/DenseCoeffsBase.h:56:30: warning: ignoring attributes on template argument ‘Eigen::internal::packet_traits<double>::type’ {aka ‘__m128d’} [-Wignored-attributes]
/mnt/library/RcppEigen/include/Eigen/src/Core/DenseCoeffsBase.h: In instantiation of ‘class Eigen::DenseCoeffsBase<Eigen::Block<const Eigen::Matrix<double, -1, -1>, 1, -1, false>, 0>’:
/mnt/library/RcppEigen/include/Eigen/src/Core/DenseCoeffsBase.h:481:7:   required from ‘class Eigen::DenseCoeffsBase<Eigen::Block<const Eigen::Matrix<double, -1, -1>, 1, -1, false>, 2>’
/mnt/library/RcppEigen/include/Eigen/src/Core/DenseBase.h:41:34:   required from ‘class Eigen::DenseBase<Eigen::Block<const Eigen::Matrix<double, -1, -1>, 1, -1, false> >’
/mnt/library/RcppEigen/include/Eigen/src/Core/MatrixBase.h:48:34:   required from ‘class Eigen::MatrixBase<Eigen::Block<const Eigen::Matrix<double, -1, -1>, 1, -1, false> >’
/mnt/library/RcppEigen/include/Eigen/src/Core/MapBase.h:37:34:   required from ‘class Eigen::MapBase<Eigen::Block<const Eigen::Matrix<double, -1, -1>, 1, -1, false>, 0>’
/mnt/library/RcppEigen/include/Eigen/src/Core/Block.h:329:7:   required from ‘class Eigen::internal::BlockImpl_dense<const Eigen::Matrix<double, -1, -1>, 1, -1, false, true>’
/mnt/library/RcppEigen/include/Eigen/src/Core/Block.h:154:7:   required from ‘class Eigen::BlockImpl<const Eigen::Matrix<double, -1, -1>, 1, -1, false, Eigen::Dense>’
/mnt/library/RcppEigen/include/Eigen/src/Core/Block.h:103:81:   required from ‘class Eigen::Block<const Eigen::Matrix<double, -1, -1>, 1, -1, false>’
nmf.cpp:112:35:   required from here
/mnt/library/RcppEigen/include/Eigen/src/Core/DenseCoeffsBase.h:56:30: warning: ignoring attributes on template argument ‘Eigen::internal::packet_traits<double>::type’ {aka ‘__m128d’} [-Wignored-attributes]
/mnt/library/RcppEigen/include/Eigen/src/Core/DenseCoeffsBase.h: In instantiation of ‘class Eigen::DenseCoeffsBase<Eigen::Block<Eigen::Matrix<double, -1, -1>, -1, 1, true>, 0>’:
/mnt/library/RcppEigen/include/Eigen/src/Core/DenseCoeffsBase.h:302:7:   required from ‘class Eigen::DenseCoeffsBase<Eigen::Block<Eigen::Matrix<double, -1, -1>, -1, 1, true>, 1>’
/mnt/library/RcppEigen/include/Eigen/src/Core/DenseCoeffsBase.h:555:7:   required from ‘class Eigen::DenseCoeffsBase<Eigen::Block<Eigen::Matrix<double, -1, -1>, -1, 1, true>, 3>’
/mnt/library/RcppEigen/include/Eigen/src/Core/DenseBase.h:41:34:   required from ‘class Eigen::DenseBase<Eigen::Block<Eigen::Matrix<double, -1, -1>, -1, 1, true> >’
/mnt/library/RcppEigen/include/Eigen/src/Core/MatrixBase.h:48:34:   required from ‘class Eigen::MatrixBase<Eigen::Block<Eigen::Matrix<double, -1, -1>, -1, 1, true> >’
/mnt/library/RcppEigen/include/Eigen/src/Core/MapBase.h:37:34:   required from ‘class Eigen::MapBase<Eigen::Block<Eigen::Matrix<double, -1, -1>, -1, 1, true>, 0>’
/mnt/library/RcppEigen/include/Eigen/src/Core/MapBase.h:223:34:   required from ‘class Eigen::MapBase<Eigen::Block<Eigen::Matrix<double, -1, -1>, -1, 1, true>, 1>’
/mnt/library/RcppEigen/include/Eigen/src/Core/Block.h:329:7:   required from ‘class Eigen::internal::BlockImpl_dense<Eigen::Matrix<double, -1, -1>, -1, 1, true, true>’
/mnt/library/RcppEigen/include/Eigen/src/Core/Block.h:154:7:   required from ‘class Eigen::BlockImpl<Eigen::Matrix<double, -1, -1>, -1, 1, true, Eigen::Dense>’
/mnt/library/RcppEigen/include/Eigen/src/Core/Block.h:103:81:   required from ‘class Eigen::Block<Eigen::Matrix<double, -1, -1>, -1, 1, true>’
nmf.cpp:134:31:   required from here
/mnt/library/RcppEigen/include/Eigen/src/Core/DenseCoeffsBase.h:56:30: warning: ignoring attributes on template argument ‘Eigen::internal::packet_traits<double>::type’ {aka ‘__m128d’} [-Wignored-attributes]
/mnt/library/RcppEigen/include/Eigen/src/Core/DenseCoeffsBase.h: In instantiation of ‘class Eigen::DenseCoeffsBase<Eigen::CwiseNullaryOp<Eigen::internal::scalar_constant_op<double>, const Eigen::Matrix<double, -1, 1> >, 0>’:
/mnt/library/RcppEigen/include/Eigen/src/Core/DenseBase.h:41:34:   required from ‘class Eigen::DenseBase<Eigen::CwiseNullaryOp<Eigen::internal::scalar_constant_op<double>, const Eigen::Matrix<double, -1, 1> > >’
/mnt/library/RcppEigen/include/Eigen/src/Core/MatrixBase.h:48:34:   required from ‘class Eigen::MatrixBase<Eigen::CwiseNullaryOp<Eigen::internal::scalar_constant_op<double>, const Eigen::Matrix<double, -1, 1> > >’
/mnt/library/RcppEigen/include/Eigen/src/Core/CwiseNullaryOp.h:60:7:   required from ‘class Eigen::CwiseNullaryOp<Eigen::internal::scalar_constant_op<double>, const Eigen::Matrix<double, -1, 1> >’
/mnt/library/RcppEigen/include/Eigen/src/Core/CwiseBinaryOp.h:38:28:   required from ‘struct Eigen::internal::traits<Eigen::CwiseBinaryOp<Eigen::internal::scalar_product_op<double, double>, const Eigen::Block<Eigen::Matrix<double, -1, -1>, -1, 1, true>, const Eigen::CwiseNullaryOp<Eigen::internal::scalar_constant_op<double>, const Eigen::Matrix<double, -1, 1> > > >’
/mnt/library/RcppEigen/include/Eigen/src/Core/CwiseBinaryOp.h:148:7:   required from ‘class Eigen::CwiseBinaryOpImpl<Eigen::internal::scalar_product_op<double, double>, const Eigen::Block<Eigen::Matrix<double, -1, -1>, -1, 1, true>, const Eigen::CwiseNullaryOp<Eigen::internal::scalar_constant_op<double>, const Eigen::Matrix<double, -1, 1> >, Eigen::Dense>’
/mnt/library/RcppEigen/include/Eigen/src/Core/CwiseBinaryOp.h:77:7:   required from ‘class Eigen::CwiseBinaryOp<Eigen::internal::scalar_product_op<double, double>, const Eigen::Block<Eigen::Matrix<double, -1, -1>, -1, 1, true>, const Eigen::CwiseNullaryOp<Eigen::internal::scalar_constant_op<double>, const Eigen::Matrix<double, -1, 1> > >’
nmf.cpp:134:49:   required from here
/mnt/library/RcppEigen/include/Eigen/src/Core/DenseCoeffsBase.h:56:30: warning: ignoring attributes on template argument ‘Eigen::internal::packet_traits<double>::type’ {aka ‘__m128d’} [-Wignored-attributes]
/mnt/library/RcppEigen/include/Eigen/src/Core/DenseCoeffsBase.h: In instantiation of ‘class Eigen::DenseCoeffsBase<Eigen::CwiseBinaryOp<Eigen::internal::scalar_product_op<double, double>, const Eigen::Block<Eigen::Matrix<double, -1, -1>, -1, 1, true>, const Eigen::CwiseNullaryOp<Eigen::internal::scalar_constant_op<double>, const Eigen::Matrix<double, -1, 1> > >, 0>’:
/mnt/library/RcppEigen/include/Eigen/src/Core/DenseBase.h:41:34:   required from ‘class Eigen::DenseBase<Eigen::CwiseBinaryOp<Eigen::internal::scalar_product_op<double, double>, const Eigen::Block<Eigen::Matrix<double, -1, -1>, -1, 1, true>, const Eigen::CwiseNullaryOp<Eigen::internal::scalar_constant_op<double>, const Eigen::Matrix<double, -1, 1> > > >’
/mnt/library/RcppEigen/include/Eigen/src/Core/MatrixBase.h:48:34:   required from ‘class Eigen::MatrixBase<Eigen::CwiseBinaryOp<Eigen::internal::scalar_product_op<double, double>, const Eigen::Block<Eigen::Matrix<double, -1, -1>, -1, 1, true>, const Eigen::CwiseNullaryOp<Eigen::internal::scalar_constant_op<double>, const Eigen::Matrix<double, -1, 1> > > >’
/mnt/library/RcppEigen/include/Eigen/src/Core/CwiseBinaryOp.h:148:7:   required from ‘class Eigen::CwiseBinaryOpImpl<Eigen::internal::scalar_product_op<double, double>, const Eigen::Block<Eigen::Matrix<double, -1, -1>, -1, 1, true>, const Eigen::CwiseNullaryOp<Eigen::internal::scalar_constant_op<double>, const Eigen::Matrix<double, -1, 1> >, Eigen::Dense>’
/mnt/library/RcppEigen/include/Eigen/src/Core/CwiseBinaryOp.h:77:7:   required from ‘class Eigen::CwiseBinaryOp<Eigen::internal::scalar_product_op<double, double>, const Eigen::Block<Eigen::Matrix<double, -1, -1>, -1, 1, true>, const Eigen::CwiseNullaryOp<Eigen::internal::scalar_constant_op<double>, const Eigen::Matrix<double, -1, 1> > >’
nmf.cpp:134:49:   required from here
/mnt/library/RcppEigen/include/Eigen/src/Core/DenseCoeffsBase.h:56:30: warning: ignoring attributes on template argument ‘Eigen::internal::packet_traits<double>::type’ {aka ‘__m128d’} [-Wignored-attributes]
/mnt/library/RcppEigen/include/Eigen/src/Core/DenseCoeffsBase.h: In instantiation of ‘class Eigen::DenseCoeffsBase<Eigen::CwiseNullaryOp<Eigen::internal::scalar_constant_op<double>, Eigen::Matrix<double, -1, 1> >, 0>’:
/mnt/library/RcppEigen/include/Eigen/src/Core/DenseBase.h:41:34:   required from ‘class Eigen::DenseBase<Eigen::CwiseNullaryOp<Eigen::internal::scalar_constant_op<double>, Eigen::Matrix<double, -1, 1> > >’
/mnt/library/RcppEigen/include/Eigen/src/Core/MatrixBase.h:48:34:   required from ‘class Eigen::MatrixBase<Eigen::CwiseNullaryOp<Eigen::internal::scalar_constant_op<double>, Eigen::Matrix<double, -1, 1> > >’
/mnt/library/RcppEigen/include/Eigen/src/Core/CwiseNullaryOp.h:60:7:   required from ‘class Eigen::CwiseNullaryOp<Eigen::internal::scalar_constant_op<double>, Eigen::Matrix<double, -1, 1> >’
nmf.cpp:156:50:   required from here
/mnt/library/RcppEigen/include/Eigen/src/Core/DenseCoeffsBase.h:56:30: warning: ignoring attributes on template argument ‘Eigen::internal::packet_traits<double>::type’ {aka ‘__m128d’} [-Wignored-attributes]
/mnt/library/RcppEigen/include/Eigen/src/Core/DenseCoeffsBase.h: In instantiation of ‘class Eigen::DenseCoeffsBase<Eigen::Block<const Eigen::Matrix<double, -1, -1>, -1, 1, true>, 0>’:
/mnt/library/RcppEigen/include/Eigen/src/Core/DenseCoeffsBase.h:481:7:   required from ‘class Eigen::DenseCoeffsBase<Eigen::Block<const Eigen::Matrix<double, -1, -1>, -1, 1, true>, 2>’
/mnt/library/RcppEigen/include/Eigen/src/Core/DenseBase.h:41:34:   required from ‘class Eigen::DenseBase<Eigen::Block<const Eigen::Matrix<double, -1, -1>, -1, 1, true> >’
/mnt/library/RcppEigen/include/Eigen/src/Core/MatrixBase.h:48:34:   required from ‘class Eigen::MatrixBase<Eigen::Block<const Eigen::Matrix<double, -1, -1>, -1, 1, true> >’
/mnt/library/RcppEigen/include/Eigen/src/Core/MapBase.h:37:34:   required from ‘class Eigen::MapBase<Eigen::Block<const Eigen::Matrix<double, -1, -1>, -1, 1, true>, 0>’
/mnt/library/RcppEigen/include/Eigen/src/Core/Block.h:329:7:   required from ‘class Eigen::internal::BlockImpl_dense<const Eigen::Matrix<double, -1, -1>, -1, 1, true, true>’
/mnt/library/RcppEigen/include/Eigen/src/Core/Block.h:154:7:   required from ‘class Eigen::BlockImpl<const Eigen::Matrix<double, -1, -1>, -1, 1, true, Eigen::Dense>’
/mnt/library/RcppEigen/include/Eigen/src/Core/Block.h:103:81:   required from ‘class Eigen::Block<const Eigen::Matrix<double, -1, -1>, -1, 1, true>’
nmf.cpp:158:36:   required from here
/mnt/library/RcppEigen/include/Eigen/src/Core/DenseCoeffsBase.h:56:30: warning: ignoring attributes on template argument ‘Eigen::internal::packet_traits<double>::type’ {aka ‘__m128d’} [-Wignored-attributes]
/mnt/library/RcppEigen/include/Eigen/src/Core/DenseCoeffsBase.h: In instantiation of ‘class Eigen::DenseCoeffsBase<Eigen::CwiseBinaryOp<Eigen::internal::scalar_product_op<double, double>, const Eigen::CwiseNullaryOp<Eigen::internal::scalar_constant_op<double>, const Eigen::Matrix<double, -1, 1> >, const Eigen::Block<const Eigen::Matrix<double, -1, -1>, -1, 1, true> >, 0>’:
/mnt/library/RcppEigen/include/Eigen/src/Core/DenseBase.h:41:34:   required from ‘class Eigen::DenseBase<Eigen::CwiseBinaryOp<Eigen::internal::scalar_product_op<double, double>, const Eigen::CwiseNullaryOp<Eigen::internal::scalar_constant_op<double>, const Eigen::Matrix<double, -1, 1> >, const Eigen::Block<const Eigen::Matrix<double, -1, -1>, -1, 1, true> > >’
/mnt/library/RcppEigen/include/Eigen/src/Core/MatrixBase.h:48:34:   required from ‘class Eigen::MatrixBase<Eigen::CwiseBinaryOp<Eigen::internal::scalar_product_op<double, double>, const Eigen::CwiseNullaryOp<Eigen::internal::scalar_constant_op<double>, const Eigen::Matrix<double, -1, 1> >, const Eigen::Block<const Eigen::Matrix<double, -1, -1>, -1, 1, true> > >’
/mnt/library/RcppEigen/include/Eigen/src/Core/CwiseBinaryOp.h:148:7:   required from ‘class Eigen::CwiseBinaryOpImpl<Eigen::internal::scalar_product_op<double, double>, const Eigen::CwiseNullaryOp<Eigen::internal::scalar_constant_op<double>, const Eigen::Matrix<double, -1, 1> >, const Eigen::Block<const Eigen::Matrix<double, -1, -1>, -1, 1, true>, Eigen::Dense>’
/mnt/library/RcppEigen/include/Eigen/src/Core/CwiseBinaryOp.h:77:7:   required from ‘class Eigen::CwiseBinaryOp<Eigen::internal::scalar_product_op<double, double>, const Eigen::CwiseNullaryOp<Eigen::internal::scalar_constant_op<double>, const Eigen::Matrix<double, -1, 1> >, const Eigen::Block<const Eigen::Matrix<double, -1, -1>, -1, 1, true> >’
nmf.cpp:158:45:   required from here
/mnt/library/RcppEigen/include/Eigen/src/Core/DenseCoeffsBase.h:56:30: warning: ignoring attributes on template argument ‘Eigen::internal::packet_traits<double>::type’ {aka ‘__m128d’} [-Wignored-attributes]
/mnt/library/RcppEigen/include/Eigen/src/Core/DenseCoeffsBase.h: In instantiation of ‘class Eigen::DenseCoeffsBase<Eigen::Array<double, -1, 1>, 0>’:
/mnt/library/RcppEigen/include/Eigen/src/Core/DenseCoeffsBase.h:302:7:   required from ‘class Eigen::DenseCoeffsBase<Eigen::Array<double, -1, 1>, 1>’
/mnt/library/RcppEigen/include/Eigen/src/Core/DenseCoeffsBase.h:555:7:   required from ‘class Eigen::DenseCoeffsBase<Eigen::Array<double, -1, 1>, 3>’
/mnt/library/RcppEigen/include/Eigen/src/Core/DenseBase.h:41:34:   required from ‘class Eigen::DenseBase<Eigen::Array<double, -1, 1> >’
/mnt/library/RcppEigen/include/Eigen/src/Core/ArrayBase.h:39:34:   required from ‘class Eigen::ArrayBase<Eigen::Array<double, -1, 1> >’
/mnt/library/RcppEigen/include/Eigen/src/Core/PlainObjectBase.h:98:7:   required from ‘class Eigen::PlainObjectBase<Eigen::Array<double, -1, 1> >’
/mnt/library/RcppEigen/include/Eigen/src/Core/Array.h:45:7:   required from ‘class Eigen::Array<double, -1, 1>’
/mnt/library/RcppEigen/include/Eigen/src/Core/SelfCwiseBinaryOp.h:27:67:   required from ‘Derived& Eigen::ArrayBase<Derived>::operator+=(const Scalar&) [with Derived = Eigen::ArrayWrapper<Eigen::Diagonal<Eigen::Matrix<double, -1, -1>, 0> >; Scalar = double]’
nmf.cpp:87:31:   required from here
/mnt/library/RcppEigen/include/Eigen/src/Core/DenseCoeffsBase.h:56:30: warning: ignoring attributes on template argument ‘Eigen::internal::packet_traits<double>::type’ {aka ‘__m128d’} [-Wignored-attributes]
/mnt/library/RcppEigen/include/Eigen/src/Core/DenseCoeffsBase.h: In instantiation of ‘class Eigen::DenseCoeffsBase<Eigen::CwiseNullaryOp<Eigen::internal::scalar_constant_op<double>, Eigen::Array<double, -1, 1> >, 0>’:
/mnt/library/RcppEigen/include/Eigen/src/Core/DenseBase.h:41:34:   required from ‘class Eigen::DenseBase<Eigen::CwiseNullaryOp<Eigen::internal::scalar_constant_op<double>, Eigen::Array<double, -1, 1> > >’
/mnt/library/RcppEigen/include/Eigen/src/Core/ArrayBase.h:39:34:   required from ‘class Eigen::ArrayBase<Eigen::CwiseNullaryOp<Eigen::internal::scalar_constant_op<double>, Eigen::Array<double, -1, 1> > >’
/mnt/library/RcppEigen/include/Eigen/src/Core/CwiseNullaryOp.h:60:7:   required from ‘class Eigen::CwiseNullaryOp<Eigen::internal::scalar_constant_op<double>, Eigen::Array<double, -1, 1> >’
/mnt/library/RcppEigen/include/Eigen/src/Core/SelfCwiseBinaryOp.h:27:67:   required from ‘Derived& Eigen::ArrayBase<Derived>::operator+=(const Scalar&) [with Derived = Eigen::ArrayWrapper<Eigen::Diagonal<Eigen::Matrix<double, -1, -1>, 0> >; Scalar = double]’
nmf.cpp:87:31:   required from here
/mnt/library/RcppEigen/include/Eigen/src/Core/DenseCoeffsBase.h:56:30: warning: ignoring attributes on template argument ‘Eigen::internal::packet_traits<double>::type’ {aka ‘__m128d’} [-Wignored-attributes]
In file included from /mnt/library/RcppEigen/include/Eigen/Core:330:
/mnt/library/RcppEigen/include/Eigen/src/Core/products/GeneralBlockPanelKernel.h: In instantiation of ‘class Eigen::internal::gebp_traits<double, double, false, false, 1, 0>’:
/mnt/library/RcppEigen/include/Eigen/src/Core/products/GeneralMatrixMatrixTriangular.h:72:102:   required from ‘static void Eigen::internal::general_matrix_matrix_triangular_product<Index, LhsScalar, LhsStorageOrder, ConjugateLhs, RhsScalar, RhsStorageOrder, ConjugateRhs, 0, ResInnerStride, UpLo, Version>::run(Index, Index, const LhsScalar*, Index, const RhsScalar*, Index, ResScalar*, Index, Index, const ResScalar&, Eigen::internal::level3_blocking<LhsScalar, RhsScalar>&) [with Index = long int; LhsScalar = double; int LhsStorageOrder = 0; bool ConjugateLhs = false; RhsScalar = double; int RhsStorageOrder = 1; bool ConjugateRhs = false; int ResInnerStride = 1; int UpLo = 1; int Version = 0; ResScalar = double]’
/mnt/library/RcppEigen/include/Eigen/src/Core/products/SelfadjointProduct.h:113:12:   required from ‘static void Eigen::selfadjoint_product_selector<MatrixType, OtherType, UpLo, false>::run(MatrixType&, const OtherType&, const typename MatrixType::Scalar&) [with MatrixType = Eigen::Matrix<double, -1, -1>; OtherType = Eigen::Matrix<double, -1, -1>; int UpLo = 1; typename MatrixType::Scalar = double]’
/mnt/library/RcppEigen/include/Eigen/src/Core/products/SelfadjointProduct.h:126:62:   required from ‘Eigen::SelfAdjointView<MatrixType, UpLo>& Eigen::SelfAdjointView<MatrixType, Mode>::rankUpdate(const Eigen::MatrixBase<OtherDerived>&, const Scalar&) [with DerivedU = Eigen::Matrix<double, -1, -1>; _MatrixType = Eigen::Matrix<double, -1, -1>; unsigned int UpLo = 1; Scalar = double]’
nmf.cpp:85:51:   required from here
/mnt/library/RcppEigen/include/Eigen/src/Core/products/GeneralBlockPanelKernel.h:425:27: warning: ignoring attributes on template argument ‘Eigen::internal::packet_traits<double>::half’ {aka ‘__m128d’} [-Wignored-attributes]
  425 |   PACKET_DECL_COND_PREFIX(_, Lhs, _PacketSize);
      |                           ^
/mnt/library/RcppEigen/include/Eigen/src/Core/products/GeneralBlockPanelKernel.h:384:3: note: in definition of macro ‘PACKET_DECL_COND_PREFIX’
  384 |   prefix ## name ## Packet
      |   ^~~~~~
/mnt/library/RcppEigen/include/Eigen/src/Core/products/GeneralBlockPanelKernel.h:425:27: warning: ignoring attributes on template argument ‘Eigen::internal::packet_traits<double>::type’ {aka ‘__m128d’} [-Wignored-attributes]
  425 |   PACKET_DECL_COND_PREFIX(_, Lhs, _PacketSize);
      |                           ^
/mnt/library/RcppEigen/include/Eigen/src/Core/products/GeneralBlockPanelKernel.h:384:3: note: in definition of macro ‘PACKET_DECL_COND_PREFIX’
  384 |   prefix ## name ## Packet
      |   ^~~~~~
/mnt/library/RcppEigen/include/Eigen/src/Core/products/GeneralBlockPanelKernel.h:425:27: warning: ignoring attributes on template argument ‘Eigen::internal::packet_traits<double>::half’ {aka ‘__m128d’} [-Wignored-attributes]
  425 |   PACKET_DECL_COND_PREFIX(_, Lhs, _PacketSize);
      |                           ^
/mnt/library/RcppEigen/include/Eigen/src/Core/products/GeneralBlockPanelKernel.h:384:3: note: in definition of macro ‘PACKET_DECL_COND_PREFIX’
  384 |   prefix ## name ## Packet
      |   ^~~~~~
/mnt/library/RcppEigen/include/Eigen/src/Core/products/GeneralBlockPanelKernel.h:425:27: warning: ignoring attributes on template argument ‘Eigen::internal::unpacket_traits<__vector(2) double>::half’ {aka ‘__m128d’} [-Wignored-attributes]
  425 |   PACKET_DECL_COND_PREFIX(_, Lhs, _PacketSize);
      |                           ^
/mnt/library/RcppEigen/include/Eigen/src/Core/products/GeneralBlockPanelKernel.h:384:3: note: in definition of macro ‘PACKET_DECL_COND_PREFIX’
  384 |   prefix ## name ## Packet
      |   ^~~~~~
/mnt/library/RcppEigen/include/Eigen/src/Core/products/GeneralBlockPanelKernel.h:426:27: warning: ignoring attributes on template argument ‘Eigen::internal::packet_traits<double>::half’ {aka ‘__m128d’} [-Wignored-attributes]
  426 |   PACKET_DECL_COND_PREFIX(_, Rhs, _PacketSize);
      |                           ^
/mnt/library/RcppEigen/include/Eigen/src/Core/products/GeneralBlockPanelKernel.h:384:3: note: in definition of macro ‘PACKET_DECL_COND_PREFIX’
  384 |   prefix ## name ## Packet
      |   ^~~~~~
/mnt/library/RcppEigen/include/Eigen/src/Core/products/GeneralBlockPanelKernel.h:426:27: warning: ignoring attributes on template argument ‘Eigen::internal::packet_traits<double>::type’ {aka ‘__m128d’} [-Wignored-attributes]
  426 |   PACKET_DECL_COND_PREFIX(_, Rhs, _PacketSize);
      |                           ^
/mnt/library/RcppEigen/include/Eigen/src/Core/products/GeneralBlockPanelKernel.h:384:3: note: in definition of macro ‘PACKET_DECL_COND_PREFIX’
  384 |   prefix ## name ## Packet
      |   ^~~~~~
/mnt/library/RcppEigen/include/Eigen/src/Core/products/GeneralBlockPanelKernel.h:426:27: warning: ignoring attributes on template argument ‘Eigen::internal::packet_traits<double>::half’ {aka ‘__m128d’} [-Wignored-attributes]
  426 |   PACKET_DECL_COND_PREFIX(_, Rhs, _PacketSize);
      |                           ^
/mnt/library/RcppEigen/include/Eigen/src/Core/products/GeneralBlockPanelKernel.h:384:3: note: in definition of macro ‘PACKET_DECL_COND_PREFIX’
  384 |   prefix ## name ## Packet
      |   ^~~~~~
/mnt/library/RcppEigen/include/Eigen/src/Core/products/GeneralBlockPanelKernel.h:426:27: warning: ignoring attributes on template argument ‘Eigen::internal::unpacket_traits<__vector(2) double>::half’ {aka ‘__m128d’} [-Wignored-attributes]
  426 |   PACKET_DECL_COND_PREFIX(_, Rhs, _PacketSize);
      |                           ^
/mnt/library/RcppEigen/include/Eigen/src/Core/products/GeneralBlockPanelKernel.h:384:3: note: in definition of macro ‘PACKET_DECL_COND_PREFIX’
  384 |   prefix ## name ## Packet
      |   ^~~~~~
/mnt/library/RcppEigen/include/Eigen/src/Core/products/GeneralBlockPanelKernel.h:427:27: warning: ignoring attributes on template argument ‘Eigen::internal::packet_traits<double>::half’ {aka ‘__m128d’} [-Wignored-attributes]
  427 |   PACKET_DECL_COND_PREFIX(_, Res, _PacketSize);
      |                           ^
/mnt/library/RcppEigen/include/Eigen/src/Core/products/GeneralBlockPanelKernel.h:384:3: note: in definition of macro ‘PACKET_DECL_COND_PREFIX’
  384 |   prefix ## name ## Packet
      |   ^~~~~~
/mnt/library/RcppEigen/include/Eigen/src/Core/products/GeneralBlockPanelKernel.h:427:27: warning: ignoring attributes on template argument ‘Eigen::internal::packet_traits<double>::type’ {aka ‘__m128d’} [-Wignored-attributes]
  427 |   PACKET_DECL_COND_PREFIX(_, Res, _PacketSize);
      |                           ^
/mnt/library/RcppEigen/include/Eigen/src/Core/products/GeneralBlockPanelKernel.h:384:3: note: in definition of macro ‘PACKET_DECL_COND_PREFIX’
  384 |   prefix ## name ## Packet
      |   ^~~~~~
/mnt/library/RcppEigen/include/Eigen/src/Core/products/GeneralBlockPanelKernel.h:427:27: warning: ignoring attributes on template argument ‘Eigen::internal::packet_traits<double>::half’ {aka ‘__m128d’} [-Wignored-attributes]
  427 |   PACKET_DECL_COND_PREFIX(_, Res, _PacketSize);
      |                           ^
/mnt/library/RcppEigen/include/Eigen/src/Core/products/GeneralBlockPanelKernel.h:384:3: note: in definition of macro ‘PACKET_DECL_COND_PREFIX’
  384 |   prefix ## name ## Packet
      |   ^~~~~~
/mnt/library/RcppEigen/include/Eigen/src/Core/products/GeneralBlockPanelKernel.h:427:27: warning: ignoring attributes on template argument ‘Eigen::internal::unpacket_traits<__vector(2) double>::half’ {aka ‘__m128d’} [-Wignored-attributes]
  427 |   PACKET_DECL_COND_PREFIX(_, Res, _PacketSize);
      |                           ^
/mnt/library/RcppEigen/include/Eigen/src/Core/products/GeneralBlockPanelKernel.h:384:3: note: in definition of macro ‘PACKET_DECL_COND_PREFIX’
  384 |   prefix ## name ## Packet
      |   ^~~~~~
/mnt/library/RcppEigen/include/Eigen/src/Core/products/GeneralBlockPanelKernel.h:432:49: warning: ignoring attributes on template argument ‘Eigen::internal::packet_traits<double>::half’ {aka ‘__m128d’} [-Wignored-attributes]
  432 |     Vectorizable = unpacket_traits<_LhsPacket>::vectorizable && unpacket_traits<_RhsPacket>::vectorizable,
      |                                                 ^~~~~~~~~~~~
/mnt/library/RcppEigen/include/Eigen/src/Core/products/GeneralBlockPanelKernel.h:432:49: warning: ignoring attributes on template argument ‘Eigen::internal::packet_traits<double>::type’ {aka ‘__m128d’} [-Wignored-attributes]
/mnt/library/RcppEigen/include/Eigen/src/Core/products/GeneralBlockPanelKernel.h:432:49: warning: ignoring attributes on template argument ‘Eigen::internal::packet_traits<double>::half’ {aka ‘__m128d’} [-Wignored-attributes]
/mnt/library/RcppEigen/include/Eigen/src/Core/products/GeneralBlockPanelKernel.h:432:49: warning: ignoring attributes on template argument ‘Eigen::internal::unpacket_traits<__vector(2) double>::half’ {aka ‘__m128d’} [-Wignored-attributes]
/mnt/library/RcppEigen/include/Eigen/src/Core/products/GeneralBlockPanelKernel.h:432:94: warning: ignoring attributes on template argument ‘Eigen::internal::packet_traits<double>::half’ {aka ‘__m128d’} [-Wignored-attributes]
  432 |     Vectorizable = unpacket_traits<_LhsPacket>::vectorizable && unpacket_traits<_RhsPacket>::vectorizable,
      |                                                                                              ^~~~~~~~~~~~
/mnt/library/RcppEigen/include/Eigen/src/Core/products/GeneralBlockPanelKernel.h:432:94: warning: ignoring attributes on template argument ‘Eigen::internal::packet_traits<double>::type’ {aka ‘__m128d’} [-Wignored-attributes]
/mnt/library/RcppEigen/include/Eigen/src/Core/products/GeneralBlockPanelKernel.h:432:94: warning: ignoring attributes on template argument ‘Eigen::internal::packet_traits<double>::half’ {aka ‘__m128d’} [-Wignored-attributes]
/mnt/library/RcppEigen/include/Eigen/src/Core/products/GeneralBlockPanelKernel.h:432:94: warning: ignoring attributes on template argument ‘Eigen::internal::unpacket_traits<__vector(2) double>::half’ {aka ‘__m128d’} [-Wignored-attributes]
/mnt/library/RcppEigen/include/Eigen/src/Core/products/GeneralBlockPanelKernel.h:433:65: warning: ignoring attributes on template argument ‘Eigen::internal::packet_traits<double>::half’ {aka ‘__m128d’} [-Wignored-attributes]
  433 |     LhsPacketSize = Vectorizable ? unpacket_traits<_LhsPacket>::size : 1,
      |                                                                 ^~~~
/mnt/library/RcppEigen/include/Eigen/src/Core/products/GeneralBlockPanelKernel.h:433:65: warning: ignoring attributes on template argument ‘Eigen::internal::packet_traits<double>::type’ {aka ‘__m128d’} [-Wignored-attributes]
/mnt/library/RcppEigen/include/Eigen/src/Core/products/GeneralBlockPanelKernel.h:433:65: warning: ignoring attributes on template argument ‘Eigen::internal::packet_traits<double>::half’ {aka ‘__m128d’} [-Wignored-attributes]
/mnt/library/RcppEigen/include/Eigen/src/Core/products/GeneralBlockPanelKernel.h:433:65: warning: ignoring attributes on template argument ‘Eigen::internal::unpacket_traits<__vector(2) double>::half’ {aka ‘__m128d’} [-Wignored-attributes]
/mnt/library/RcppEigen/include/Eigen/src/Core/products/GeneralBlockPanelKernel.h:434:65: warning: ignoring attributes on template argument ‘Eigen::internal::packet_traits<double>::half’ {aka ‘__m128d’} [-Wignored-attributes]
  434 |     RhsPacketSize = Vectorizable ? unpacket_traits<_RhsPacket>::size : 1,
      |                                                                 ^~~~
/mnt/library/RcppEigen/include/Eigen/src/Core/products/GeneralBlockPanelKernel.h:434:65: warning: ignoring attributes on template argument ‘Eigen::internal::packet_traits<double>::type’ {aka ‘__m128d’} [-Wignored-attributes]
/mnt/library/RcppEigen/include/Eigen/src/Core/products/GeneralBlockPanelKernel.h:434:65: warning: ignoring attributes on template argument ‘Eigen::internal::packet_traits<double>::half’ {aka ‘__m128d’} [-Wignored-attributes]
/mnt/library/RcppEigen/include/Eigen/src/Core/products/GeneralBlockPanelKernel.h:434:65: warning: ignoring attributes on template argument ‘Eigen::internal::unpacket_traits<__vector(2) double>::half’ {aka ‘__m128d’} [-Wignored-attributes]
/mnt/library/RcppEigen/include/Eigen/src/Core/products/GeneralBlockPanelKernel.h:435:65: warning: ignoring attributes on template argument ‘Eigen::internal::packet_traits<double>::half’ {aka ‘__m128d’} [-Wignored-attributes]
  435 |     ResPacketSize = Vectorizable ? unpacket_traits<_ResPacket>::size : 1,
      |                                                                 ^~~~
/mnt/library/RcppEigen/include/Eigen/src/Core/products/GeneralBlockPanelKernel.h:435:65: warning: ignoring attributes on template argument ‘Eigen::internal::packet_traits<double>::type’ {aka ‘__m128d’} [-Wignored-attributes]
/mnt/library/RcppEigen/include/Eigen/src/Core/products/GeneralBlockPanelKernel.h:435:65: warning: ignoring attributes on template argument ‘Eigen::internal::packet_traits<double>::half’ {aka ‘__m128d’} [-Wignored-attributes]
/mnt/library/RcppEigen/include/Eigen/src/Core/products/GeneralBlockPanelKernel.h:435:65: warning: ignoring attributes on template argument ‘Eigen::internal::unpacket_traits<__vector(2) double>::half’ {aka ‘__m128d’} [-Wignored-attributes]
/mnt/library/RcppEigen/include/Eigen/src/Core/products/GeneralBlockPanelKernel.h:460:73: warning: ignoring attributes on template argument ‘Eigen::internal::packet_traits<double>::half’ {aka ‘__m128d’} [-Wignored-attributes]
  460 |   typedef typename conditional<Vectorizable,_LhsPacket,LhsScalar>::type LhsPacket;
      |                                                                         ^~~~~~~~~
/mnt/library/RcppEigen/include/Eigen/src/Core/products/GeneralBlockPanelKernel.h:460:73: warning: ignoring attributes on template argument ‘Eigen::internal::packet_traits<double>::type’ {aka ‘__m128d’} [-Wignored-attributes]
/mnt/library/RcppEigen/include/Eigen/src/Core/products/GeneralBlockPanelKernel.h:460:73: warning: ignoring attributes on template argument ‘Eigen::internal::packet_traits<double>::half’ {aka ‘__m128d’} [-Wignored-attributes]
/mnt/library/RcppEigen/include/Eigen/src/Core/products/GeneralBlockPanelKernel.h:460:73: warning: ignoring attributes on template argument ‘Eigen::internal::unpacket_traits<__vector(2) double>::half’ {aka ‘__m128d’} [-Wignored-attributes]
/mnt/library/RcppEigen/include/Eigen/src/Core/products/GeneralBlockPanelKernel.h:461:73: warning: ignoring attributes on template argument ‘Eigen::internal::packet_traits<double>::half’ {aka ‘__m128d’} [-Wignored-attributes]
  461 |   typedef typename conditional<Vectorizable,_RhsPacket,RhsScalar>::type RhsPacket;
      |                                                                         ^~~~~~~~~
/mnt/library/RcppEigen/include/Eigen/src/Core/products/GeneralBlockPanelKernel.h:461:73: warning: ignoring attributes on template argument ‘Eigen::internal::packet_traits<double>::type’ {aka ‘__m128d’} [-Wignored-attributes]
/mnt/library/RcppEigen/include/Eigen/src/Core/products/GeneralBlockPanelKernel.h:461:73: warning: ignoring attributes on template argument ‘Eigen::internal::packet_traits<double>::half’ {aka ‘__m128d’} [-Wignored-attributes]
/mnt/library/RcppEigen/include/Eigen/src/Core/products/GeneralBlockPanelKernel.h:461:73: warning: ignoring attributes on template argument ‘Eigen::internal::unpacket_traits<__vector(2) double>::half’ {aka ‘__m128d’} [-Wignored-attributes]
/mnt/library/RcppEigen/include/Eigen/src/Core/products/GeneralBlockPanelKernel.h:462:73: warning: ignoring attributes on template argument ‘Eigen::internal::packet_traits<double>::half’ {aka ‘__m128d’} [-Wignored-attributes]
  462 |   typedef typename conditional<Vectorizable,_ResPacket,ResScalar>::type ResPacket;
      |                                                                         ^~~~~~~~~
/mnt/library/RcppEigen/include/Eigen/src/Core/products/GeneralBlockPanelKernel.h:462:73: warning: ignoring attributes on template argument ‘Eigen::internal::packet_traits<double>::type’ {aka ‘__m128d’} [-Wignored-attributes]
/mnt/library/RcppEigen/include/Eigen/src/Core/products/GeneralBlockPanelKernel.h:462:73: warning: ignoring attributes on template argument ‘Eigen::internal::packet_traits<double>::half’ {aka ‘__m128d’} [-Wignored-attributes]
/mnt/library/RcppEigen/include/Eigen/src/Core/products/GeneralBlockPanelKernel.h:462:73: warning: ignoring attributes on template argument ‘Eigen::internal::unpacket_traits<__vector(2) double>::half’ {aka ‘__m128d’} [-Wignored-attributes]
/mnt/library/RcppEigen/include/Eigen/src/Core/products/GeneralBlockPanelKernel.h:465:33: warning: ignoring attributes on template argument ‘Eigen::internal::packet_traits<double>::half’ {aka ‘__m128d’} [-Wignored-attributes]
  465 |   typedef QuadPacket<RhsPacket> RhsPacketx4;
      |                                 ^~~~~~~~~~~
/mnt/library/RcppEigen/include/Eigen/src/Core/products/GeneralBlockPanelKernel.h:465:33: warning: ignoring attributes on template argument ‘Eigen::internal::packet_traits<double>::type’ {aka ‘__m128d’} [-Wignored-attributes]
/mnt/library/RcppEigen/include/Eigen/src/Core/products/GeneralBlockPanelKernel.h:465:33: warning: ignoring attributes on template argument ‘Eigen::internal::packet_traits<double>::half’ {aka ‘__m128d’} [-Wignored-attributes]
/mnt/library/RcppEigen/include/Eigen/src/Core/products/GeneralBlockPanelKernel.h:465:33: warning: ignoring attributes on template argument ‘Eigen::internal::unpacket_traits<__vector(2) double>::half’ {aka ‘__m128d’} [-Wignored-attributes]
/mnt/library/RcppEigen/include/Eigen/src/Core/products/GeneralBlockPanelKernel.h: In instantiation of ‘struct Eigen::internal::gemm_pack_rhs<double, long int, Eigen::internal::const_blas_data_mapper<double, long int, 1>, 4, 1, false, false>’:
/mnt/library/RcppEigen/include/Eigen/src/Core/products/GeneralMatrixMatrixTriangular.h:91:77:   required from ‘static void Eigen::internal::general_matrix_matrix_triangular_product<Index, LhsScalar, LhsStorageOrder, ConjugateLhs, RhsScalar, RhsStorageOrder, ConjugateRhs, 0, ResInnerStride, UpLo, Version>::run(Index, Index, const LhsScalar*, Index, const RhsScalar*, Index, ResScalar*, Index, Index, const ResScalar&, Eigen::internal::level3_blocking<LhsScalar, RhsScalar>&) [with Index = long int; LhsScalar = double; int LhsStorageOrder = 0; bool ConjugateLhs = false; RhsScalar = double; int RhsStorageOrder = 1; bool ConjugateRhs = false; int ResInnerStride = 1; int UpLo = 1; int Version = 0; ResScalar = double]’
/mnt/library/RcppEigen/include/Eigen/src/Core/products/SelfadjointProduct.h:113:12:   required from ‘static void Eigen::selfadjoint_product_selector<MatrixType, OtherType, UpLo, false>::run(MatrixType&, const OtherType&, const typename MatrixType::Scalar&) [with MatrixType = Eigen::Matrix<double, -1, -1>; OtherType = Eigen::Matrix<double, -1, -1>; int UpLo = 1; typename MatrixType::Scalar = double]’
/mnt/library/RcppEigen/include/Eigen/src/Core/products/SelfadjointProduct.h:126:62:   required from ‘Eigen::SelfAdjointView<MatrixType, UpLo>& Eigen::SelfAdjointView<MatrixType, Mode>::rankUpdate(const Eigen::MatrixBase<OtherDerived>&, const Scalar&) [with DerivedU = Eigen::Matrix<double, -1, -1>; _MatrixType = Eigen::Matrix<double, -1, -1>; unsigned int UpLo = 1; Scalar = double]’
nmf.cpp:85:51:   required from here
/mnt/library/RcppEigen/include/Eigen/src/Core/products/GeneralBlockPanelKernel.h:2504:50: warning: ignoring attributes on template argument ‘Eigen::internal::packet_traits<double>::type’ {aka ‘__m128d’} [-Wignored-attributes]
 2504 |   typedef typename unpacket_traits<Packet>::half HalfPacket;
      |                                                  ^~~~~~~~~~
/mnt/library/RcppEigen/include/Eigen/src/Core/products/GeneralBlockPanelKernel.h:2505:82: warning: ignoring attributes on template argument ‘Eigen::internal::packet_traits<double>::type’ {aka ‘__m128d’} [-Wignored-attributes]
 2505 |   typedef typename unpacket_traits<typename unpacket_traits<Packet>::half>::half QuarterPacket;
      |                                                                                  ^~~~~~~~~~~~~
/mnt/library/RcppEigen/include/Eigen/src/Core/products/GeneralBlockPanelKernel.h:2505:82: warning: ignoring attributes on template argument ‘Eigen::internal::unpacket_traits<__vector(2) double>::half’ {aka ‘__m128d’} [-Wignored-attributes]
/mnt/library/RcppEigen/include/Eigen/src/Core/products/GeneralBlockPanelKernel.h:2508:56: warning: ignoring attributes on template argument ‘Eigen::internal::packet_traits<double>::type’ {aka ‘__m128d’} [-Wignored-attributes]
 2508 |          HalfPacketSize = unpacket_traits<HalfPacket>::size,
      |                                                        ^~~~
/mnt/library/RcppEigen/include/Eigen/src/Core/products/GeneralBlockPanelKernel.h:2508:56: warning: ignoring attributes on template argument ‘Eigen::internal::unpacket_traits<__vector(2) double>::half’ {aka ‘__m128d’} [-Wignored-attributes]
/mnt/library/RcppEigen/include/Eigen/src/Core/products/GeneralBlockPanelKernel.h:2509:70: warning: ignoring attributes on template argument ‘Eigen::internal::packet_traits<double>::type’ {aka ‘__m128d’} [-Wignored-attributes]
 2509 |                  QuarterPacketSize = unpacket_traits<QuarterPacket>::size};
      |                                                                      ^~~~
/mnt/library/RcppEigen/include/Eigen/src/Core/products/GeneralBlockPanelKernel.h:2509:70: warning: ignoring attributes on template argument ‘Eigen::internal::unpacket_traits<__vector(2) double>::half’ {aka ‘__m128d’} [-Wignored-attributes]
/mnt/library/RcppEigen/include/Eigen/src/Core/products/GeneralBlockPanelKernel.h:2509:70: warning: ignoring attributes on template argument ‘Eigen::internal::unpacket_traits<__vector(2) double>::half’ {aka ‘__m128d’} [-Wignored-attributes]
/mnt/library/RcppEigen/include/Eigen/src/Core/products/GeneralBlockPanelKernel.h: In instantiation of ‘class Eigen::internal::gebp_traits<double, double, false, false, 1, 1>’:
/mnt/library/RcppEigen/include/Eigen/src/Core/products/GeneralBlockPanelKernel.h:1080:42:   required from ‘struct Eigen::internal::gebp_kernel<double, double, long int, Eigen::internal::blas_data_mapper<double, long int, 0, 0, 1>, 4, 4, false, false>’
/mnt/library/RcppEigen/include/Eigen/src/Core/products/GeneralMatrixMatrixTriangular.h:92:109:   required from ‘static void Eigen::internal::general_matrix_matrix_triangular_product<Index, LhsScalar, LhsStorageOrder, ConjugateLhs, RhsScalar, RhsStorageOrder, ConjugateRhs, 0, ResInnerStride, UpLo, Version>::run(Index, Index, const LhsScalar*, Index, const RhsScalar*, Index, ResScalar*, Index, Index, const ResScalar&, Eigen::internal::level3_blocking<LhsScalar, RhsScalar>&) [with Index = long int; LhsScalar = double; int LhsStorageOrder = 0; bool ConjugateLhs = false; RhsScalar = double; int RhsStorageOrder = 1; bool ConjugateRhs = false; int ResInnerStride = 1; int UpLo = 1; int Version = 0; ResScalar = double]’
/mnt/library/RcppEigen/include/Eigen/src/Core/products/SelfadjointProduct.h:113:12:   required from ‘static void Eigen::selfadjoint_product_selector<MatrixType, OtherType, UpLo, false>::run(MatrixType&, const OtherType&, const typename MatrixType::Scalar&) [with MatrixType = Eigen::Matrix<double, -1, -1>; OtherType = Eigen::Matrix<double, -1, -1>; int UpLo = 1; typename MatrixType::Scalar = double]’
/mnt/library/RcppEigen/include/Eigen/src/Core/products/SelfadjointProduct.h:126:62:   required from ‘Eigen::SelfAdjointView<MatrixType, UpLo>& Eigen::SelfAdjointView<MatrixType, Mode>::rankUpdate(const Eigen::MatrixBase<OtherDerived>&, const Scalar&) [with DerivedU = Eigen::Matrix<double, -1, -1>; _MatrixType = Eigen::Matrix<double, -1, -1>; unsigned int UpLo = 1; Scalar = double]’
nmf.cpp:85:51:   required from here
/mnt/library/RcppEigen/include/Eigen/src/Core/products/GeneralBlockPanelKernel.h:425:27: warning: ignoring attributes on template argument ‘Eigen::internal::packet_traits<double>::half’ {aka ‘__m128d’} [-Wignored-attributes]
  425 |   PACKET_DECL_COND_PREFIX(_, Lhs, _PacketSize);
      |                           ^
/mnt/library/RcppEigen/include/Eigen/src/Core/products/GeneralBlockPanelKernel.h:384:3: note: in definition of macro ‘PACKET_DECL_COND_PREFIX’
  384 |   prefix ## name ## Packet
      |   ^~~~~~
/mnt/library/RcppEigen/include/Eigen/src/Core/products/GeneralBlockPanelKernel.h:425:27: warning: ignoring attributes on template argument ‘Eigen::internal::packet_traits<double>::type’ {aka ‘__m128d’} [-Wignored-attributes]
  425 |   PACKET_DECL_COND_PREFIX(_, Lhs, _PacketSize);
      |                           ^
/mnt/library/RcppEigen/include/Eigen/src/Core/products/GeneralBlockPanelKernel.h:384:3: note: in definition of macro ‘PACKET_DECL_COND_PREFIX’
  384 |   prefix ## name ## Packet
      |   ^~~~~~
/mnt/library/RcppEigen/include/Eigen/src/Core/products/GeneralBlockPanelKernel.h:425:27: warning: ignoring attributes on template argument ‘Eigen::internal::packet_traits<double>::half’ {aka ‘__m128d’} [-Wignored-attributes]
  425 |   PACKET_DECL_COND_PREFIX(_, Lhs, _PacketSize);
      |                           ^
/mnt/library/RcppEigen/include/Eigen/src/Core/products/GeneralBlockPanelKernel.h:384:3: note: in definition of macro ‘PACKET_DECL_COND_PREFIX’
  384 |   prefix ## name ## Packet
      |   ^~~~~~
/mnt/library/RcppEigen/include/Eigen/src/Core/products/GeneralBlockPanelKernel.h:425:27: warning: ignoring attributes on template argument ‘Eigen::internal::unpacket_traits<__vector(2) double>::half’ {aka ‘__m128d’} [-Wignored-attributes]
  425 |   PACKET_DECL_COND_PREFIX(_, Lhs, _PacketSize);
      |                           ^
/mnt/library/RcppEigen/include/Eigen/src/Core/products/GeneralBlockPanelKernel.h:384:3: note: in definition of macro ‘PACKET_DECL_COND_PREFIX’
  384 |   prefix ## name ## Packet
      |   ^~~~~~
/mnt/library/RcppEigen/include/Eigen/src/Core/products/GeneralBlockPanelKernel.h:426:27: warning: ignoring attributes on template argument ‘Eigen::internal::packet_traits<double>::half’ {aka ‘__m128d’} [-Wignored-attributes]
  426 |   PACKET_DECL_COND_PREFIX(_, Rhs, _PacketSize);
      |                           ^
/mnt/library/RcppEigen/include/Eigen/src/Core/products/GeneralBlockPanelKernel.h:384:3: note: in definition of macro ‘PACKET_DECL_COND_PREFIX’
  384 |   prefix ## name ## Packet
      |   ^~~~~~
/mnt/library/RcppEigen/include/Eigen/src/Core/products/GeneralBlockPanelKernel.h:426:27: warning: ignoring attributes on template argument ‘Eigen::internal::packet_traits<double>::type’ {aka ‘__m128d’} [-Wignored-attributes]
  426 |   PACKET_DECL_COND_PREFIX(_, Rhs, _PacketSize);
      |                           ^
/mnt/library/RcppEigen/include/Eigen/src/Core/products/GeneralBlockPanelKernel.h:384:3: note: in definition of macro ‘PACKET_DECL_COND_PREFIX’
  384 |   prefix ## name ## Packet
      |   ^~~~~~
/mnt/library/RcppEigen/include/Eigen/src/Core/products/GeneralBlockPanelKernel.h:426:27: warning: ignoring attributes on template argument ‘Eigen::internal::packet_traits<double>::half’ {aka ‘__m128d’} [-Wignored-attributes]
  426 |   PACKET_DECL_COND_PREFIX(_, Rhs, _PacketSize);
      |                           ^
/mnt/library/RcppEigen/include/Eigen/src/Core/products/GeneralBlockPanelKernel.h:384:3: note: in definition of macro ‘PACKET_DECL_COND_PREFIX’
  384 |   prefix ## name ## Packet
      |   ^~~~~~
/mnt/library/RcppEigen/include/Eigen/src/Core/products/GeneralBlockPanelKernel.h:426:27: warning: ignoring attributes on template argument ‘Eigen::internal::unpacket_traits<__vector(2) double>::half’ {aka ‘__m128d’} [-Wignored-attributes]
  426 |   PACKET_DECL_COND_PREFIX(_, Rhs, _PacketSize);
      |                           ^
/mnt/library/RcppEigen/include/Eigen/src/Core/products/GeneralBlockPanelKernel.h:384:3: note: in definition of macro ‘PACKET_DECL_COND_PREFIX’
  384 |   prefix ## name ## Packet
      |   ^~~~~~
/mnt/library/RcppEigen/include/Eigen/src/Core/products/GeneralBlockPanelKernel.h:427:27: warning: ignoring attributes on template argument ‘Eigen::internal::packet_traits<double>::half’ {aka ‘__m128d’} [-Wignored-attributes]
  427 |   PACKET_DECL_COND_PREFIX(_, Res, _PacketSize);
      |                           ^
/mnt/library/RcppEigen/include/Eigen/src/Core/products/GeneralBlockPanelKernel.h:384:3: note: in definition of macro ‘PACKET_DECL_COND_PREFIX’
  384 |   prefix ## name ## Packet
      |   ^~~~~~
/mnt/library/RcppEigen/include/Eigen/src/Core/products/GeneralBlockPanelKernel.h:427:27: warning: ignoring attributes on template argument ‘Eigen::internal::packet_traits<double>::type’ {aka ‘__m128d’} [-Wignored-attributes]
  427 |   PACKET_DECL_COND_PREFIX(_, Res, _PacketSize);
      |                           ^
/mnt/library/RcppEigen/include/Eigen/src/Core/products/GeneralBlockPanelKernel.h:384:3: note: in definition of macro ‘PACKET_DECL_COND_PREFIX’
  384 |   prefix ## name ## Packet
      |   ^~~~~~
/mnt/library/RcppEigen/include/Eigen/src/Core/products/GeneralBlockPanelKernel.h:427:27: warning: ignoring attributes on template argument ‘Eigen::internal::packet_traits<double>::half’ {aka ‘__m128d’} [-Wignored-attributes]
  427 |   PACKET_DECL_COND_PREFIX(_, Res, _PacketSize);
      |                           ^
/mnt/library/RcppEigen/include/Eigen/src/Core/products/GeneralBlockPanelKernel.h:384:3: note: in definition of macro ‘PACKET_DECL_COND_PREFIX’
  384 |   prefix ## name ## Packet
      |   ^~~~~~
/mnt/library/RcppEigen/include/Eigen/src/Core/products/GeneralBlockPanelKernel.h:427:27: warning: ignoring attributes on template argument ‘Eigen::internal::unpacket_traits<__vector(2) double>::half’ {aka ‘__m128d’} [-Wignored-attributes]
  427 |   PACKET_DECL_COND_PREFIX(_, Res, _PacketSize);
      |                           ^
/mnt/library/RcppEigen/include/Eigen/src/Core/products/GeneralBlockPanelKernel.h:384:3: note: in definition of macro ‘PACKET_DECL_COND_PREFIX’
  384 |   prefix ## name ## Packet
      |   ^~~~~~
/mnt/library/RcppEigen/include/Eigen/src/Core/products/GeneralBlockPanelKernel.h:432:49: warning: ignoring attributes on template argument ‘Eigen::internal::packet_traits<double>::half’ {aka ‘__m128d’} [-Wignored-attributes]
  432 |     Vectorizable = unpacket_traits<_LhsPacket>::vectorizable && unpacket_traits<_RhsPacket>::vectorizable,
      |                                                 ^~~~~~~~~~~~
/mnt/library/RcppEigen/include/Eigen/src/Core/products/GeneralBlockPanelKernel.h:432:49: warning: ignoring attributes on template argument ‘Eigen::internal::packet_traits<double>::type’ {aka ‘__m128d’} [-Wignored-attributes]
/mnt/library/RcppEigen/include/Eigen/src/Core/products/GeneralBlockPanelKernel.h:432:49: warning: ignoring attributes on template argument ‘Eigen::internal::packet_traits<double>::half’ {aka ‘__m128d’} [-Wignored-attributes]
/mnt/library/RcppEigen/include/Eigen/src/Core/products/GeneralBlockPanelKernel.h:432:49: warning: ignoring attributes on template argument ‘Eigen::internal::unpacket_traits<__vector(2) double>::half’ {aka ‘__m128d’} [-Wignored-attributes]
/mnt/library/RcppEigen/include/Eigen/src/Core/products/GeneralBlockPanelKernel.h:432:94: warning: ignoring attributes on template argument ‘Eigen::internal::packet_traits<double>::half’ {aka ‘__m128d’} [-Wignored-attributes]
  432 |     Vectorizable = unpacket_traits<_LhsPacket>::vectorizable && unpacket_traits<_RhsPacket>::vectorizable,
      |                                                                                              ^~~~~~~~~~~~
/mnt/library/RcppEigen/include/Eigen/src/Core/products/GeneralBlockPanelKernel.h:432:94: warning: ignoring attributes on template argument ‘Eigen::internal::packet_traits<double>::type’ {aka ‘__m128d’} [-Wignored-attributes]
/mnt/library/RcppEigen/include/Eigen/src/Core/products/GeneralBlockPanelKernel.h:432:94: warning: ignoring attributes on template argument ‘Eigen::internal::packet_traits<double>::half’ {aka ‘__m128d’} [-Wignored-attributes]
/mnt/library/RcppEigen/include/Eigen/src/Core/products/GeneralBlockPanelKernel.h:432:94: warning: ignoring attributes on template argument ‘Eigen::internal::unpacket_traits<__vector(2) double>::half’ {aka ‘__m128d’} [-Wignored-attributes]
/mnt/library/RcppEigen/include/Eigen/src/Core/products/GeneralBlockPanelKernel.h:433:65: warning: ignoring attributes on template argument ‘Eigen::internal::packet_traits<double>::half’ {aka ‘__m128d’} [-Wignored-attributes]
  433 |     LhsPacketSize = Vectorizable ? unpacket_traits<_LhsPacket>::size : 1,
      |                                                                 ^~~~
/mnt/library/RcppEigen/include/Eigen/src/Core/products/GeneralBlockPanelKernel.h:433:65: warning: ignoring attributes on template argument ‘Eigen::internal::packet_traits<double>::type’ {aka ‘__m128d’} [-Wignored-attributes]
/mnt/library/RcppEigen/include/Eigen/src/Core/products/GeneralBlockPanelKernel.h:433:65: warning: ignoring attributes on template argument ‘Eigen::internal::packet_traits<double>::half’ {aka ‘__m128d’} [-Wignored-attributes]
/mnt/library/RcppEigen/include/Eigen/src/Core/products/GeneralBlockPanelKernel.h:433:65: warning: ignoring attributes on template argument ‘Eigen::internal::unpacket_traits<__vector(2) double>::half’ {aka ‘__m128d’} [-Wignored-attributes]
/mnt/library/RcppEigen/include/Eigen/src/Core/products/GeneralBlockPanelKernel.h:434:65: warning: ignoring attributes on template argument ‘Eigen::internal::packet_traits<double>::half’ {aka ‘__m128d’} [-Wignored-attributes]
  434 |     RhsPacketSize = Vectorizable ? unpacket_traits<_RhsPacket>::size : 1,
      |                                                                 ^~~~
/mnt/library/RcppEigen/include/Eigen/src/Core/products/GeneralBlockPanelKernel.h:434:65: warning: ignoring attributes on template argument ‘Eigen::internal::packet_traits<double>::type’ {aka ‘__m128d’} [-Wignored-attributes]
/mnt/library/RcppEigen/include/Eigen/src/Core/products/GeneralBlockPanelKernel.h:434:65: warning: ignoring attributes on template argument ‘Eigen::internal::packet_traits<double>::half’ {aka ‘__m128d’} [-Wignored-attributes]
/mnt/library/RcppEigen/include/Eigen/src/Core/products/GeneralBlockPanelKernel.h:434:65: warning: ignoring attributes on template argument ‘Eigen::internal::unpacket_traits<__vector(2) double>::half’ {aka ‘__m128d’} [-Wignored-attributes]
/mnt/library/RcppEigen/include/Eigen/src/Core/products/GeneralBlockPanelKernel.h:435:65: warning: ignoring attributes on template argument ‘Eigen::internal::packet_traits<double>::half’ {aka ‘__m128d’} [-Wignored-attributes]
  435 |     ResPacketSize = Vectorizable ? unpacket_traits<_ResPacket>::size : 1,
      |                                                                 ^~~~
/mnt/library/RcppEigen/include/Eigen/src/Core/products/GeneralBlockPanelKernel.h:435:65: warning: ignoring attributes on template argument ‘Eigen::internal::packet_traits<double>::type’ {aka ‘__m128d’} [-Wignored-attributes]
/mnt/library/RcppEigen/include/Eigen/src/Core/products/GeneralBlockPanelKernel.h:435:65: warning: ignoring attributes on template argument ‘Eigen::internal::packet_traits<double>::half’ {aka ‘__m128d’} [-Wignored-attributes]
/mnt/library/RcppEigen/include/Eigen/src/Core/products/GeneralBlockPanelKernel.h:435:65: warning: ignoring attributes on template argument ‘Eigen::internal::unpacket_traits<__vector(2) double>::half’ {aka ‘__m128d’} [-Wignored-attributes]
/mnt/library/RcppEigen/include/Eigen/src/Core/products/GeneralBlockPanelKernel.h:460:73: warning: ignoring attributes on template argument ‘Eigen::internal::packet_traits<double>::half’ {aka ‘__m128d’} [-Wignored-attributes]
  460 |   typedef typename conditional<Vectorizable,_LhsPacket,LhsScalar>::type LhsPacket;
      |                                                                         ^~~~~~~~~
/mnt/library/RcppEigen/include/Eigen/src/Core/products/GeneralBlockPanelKernel.h:460:73: warning: ignoring attributes on template argument ‘Eigen::internal::packet_traits<double>::type’ {aka ‘__m128d’} [-Wignored-attributes]
/mnt/library/RcppEigen/include/Eigen/src/Core/products/GeneralBlockPanelKernel.h:460:73: warning: ignoring attributes on template argument ‘Eigen::internal::packet_traits<double>::half’ {aka ‘__m128d’} [-Wignored-attributes]
/mnt/library/RcppEigen/include/Eigen/src/Core/products/GeneralBlockPanelKernel.h:460:73: warning: ignoring attributes on template argument ‘Eigen::internal::unpacket_traits<__vector(2) double>::half’ {aka ‘__m128d’} [-Wignored-attributes]
/mnt/library/RcppEigen/include/Eigen/src/Core/products/GeneralBlockPanelKernel.h:461:73: warning: ignoring attributes on template argument ‘Eigen::internal::packet_traits<double>::half’ {aka ‘__m128d’} [-Wignored-attributes]
  461 |   typedef typename conditional<Vectorizable,_RhsPacket,RhsScalar>::type RhsPacket;
      |                                                                         ^~~~~~~~~
/mnt/library/RcppEigen/include/Eigen/src/Core/products/GeneralBlockPanelKernel.h:461:73: warning: ignoring attributes on template argument ‘Eigen::internal::packet_traits<double>::type’ {aka ‘__m128d’} [-Wignored-attributes]
/mnt/library/RcppEigen/include/Eigen/src/Core/products/GeneralBlockPanelKernel.h:461:73: warning: ignoring attributes on template argument ‘Eigen::internal::packet_traits<double>::half’ {aka ‘__m128d’} [-Wignored-attributes]
/mnt/library/RcppEigen/include/Eigen/src/Core/products/GeneralBlockPanelKernel.h:461:73: warning: ignoring attributes on template argument ‘Eigen::internal::unpacket_traits<__vector(2) double>::half’ {aka ‘__m128d’} [-Wignored-attributes]
/mnt/library/RcppEigen/include/Eigen/src/Core/products/GeneralBlockPanelKernel.h:462:73: warning: ignoring attributes on template argument ‘Eigen::internal::packet_traits<double>::half’ {aka ‘__m128d’} [-Wignored-attributes]
  462 |   typedef typename conditional<Vectorizable,_ResPacket,ResScalar>::type ResPacket;
      |                                                                         ^~~~~~~~~
/mnt/library/RcppEigen/include/Eigen/src/Core/products/GeneralBlockPanelKernel.h:462:73: warning: ignoring attributes on template argument ‘Eigen::internal::packet_traits<double>::type’ {aka ‘__m128d’} [-Wignored-attributes]
/mnt/library/RcppEigen/include/Eigen/src/Core/products/GeneralBlockPanelKernel.h:462:73: warning: ignoring attributes on template argument ‘Eigen::internal::packet_traits<double>::half’ {aka ‘__m128d’} [-Wignored-attributes]
/mnt/library/RcppEigen/include/Eigen/src/Core/products/GeneralBlockPanelKernel.h:462:73: warning: ignoring attributes on template argument ‘Eigen::internal::unpacket_traits<__vector(2) double>::half’ {aka ‘__m128d’} [-Wignored-attributes]
/mnt/library/RcppEigen/include/Eigen/src/Core/products/GeneralBlockPanelKernel.h:465:33: warning: ignoring attributes on template argument ‘Eigen::internal::packet_traits<double>::half’ {aka ‘__m128d’} [-Wignored-attributes]
  465 |   typedef QuadPacket<RhsPacket> RhsPacketx4;
      |                                 ^~~~~~~~~~~
/mnt/library/RcppEigen/include/Eigen/src/Core/products/GeneralBlockPanelKernel.h:465:33: warning: ignoring attributes on template argument ‘Eigen::internal::packet_traits<double>::type’ {aka ‘__m128d’} [-Wignored-attributes]
/mnt/library/RcppEigen/include/Eigen/src/Core/products/GeneralBlockPanelKernel.h:465:33: warning: ignoring attributes on template argument ‘Eigen::internal::packet_traits<double>::half’ {aka ‘__m128d’} [-Wignored-attributes]
/mnt/library/RcppEigen/include/Eigen/src/Core/products/GeneralBlockPanelKernel.h:465:33: warning: ignoring attributes on template argument ‘Eigen::internal::unpacket_traits<__vector(2) double>::half’ {aka ‘__m128d’} [-Wignored-attributes]
/mnt/library/RcppEigen/include/Eigen/src/Core/products/GeneralBlockPanelKernel.h: In instantiation of ‘class Eigen::internal::gebp_traits<double, double, false, false, 1, 2>’:
/mnt/library/RcppEigen/include/Eigen/src/Core/products/GeneralBlockPanelKernel.h:1085:45:   required from ‘struct Eigen::internal::gebp_kernel<double, double, long int, Eigen::internal::blas_data_mapper<double, long int, 0, 0, 1>, 4, 4, false, false>’
/mnt/library/RcppEigen/include/Eigen/src/Core/products/GeneralMatrixMatrixTriangular.h:92:109:   required from ‘static void Eigen::internal::general_matrix_matrix_triangular_product<Index, LhsScalar, LhsStorageOrder, ConjugateLhs, RhsScalar, RhsStorageOrder, ConjugateRhs, 0, ResInnerStride, UpLo, Version>::run(Index, Index, const LhsScalar*, Index, const RhsScalar*, Index, ResScalar*, Index, Index, const ResScalar&, Eigen::internal::level3_blocking<LhsScalar, RhsScalar>&) [with Index = long int; LhsScalar = double; int LhsStorageOrder = 0; bool ConjugateLhs = false; RhsScalar = double; int RhsStorageOrder = 1; bool ConjugateRhs = false; int ResInnerStride = 1; int UpLo = 1; int Version = 0; ResScalar = double]’
/mnt/library/RcppEigen/include/Eigen/src/Core/products/SelfadjointProduct.h:113:12:   required from ‘static void Eigen::selfadjoint_product_selector<MatrixType, OtherType, UpLo, false>::run(MatrixType&, const OtherType&, const typename MatrixType::Scalar&) [with MatrixType = Eigen::Matrix<double, -1, -1>; OtherType = Eigen::Matrix<double, -1, -1>; int UpLo = 1; typename MatrixType::Scalar = double]’
/mnt/library/RcppEigen/include/Eigen/src/Core/products/SelfadjointProduct.h:126:62:   required from ‘Eigen::SelfAdjointView<MatrixType, UpLo>& Eigen::SelfAdjointView<MatrixType, Mode>::rankUpdate(const Eigen::MatrixBase<OtherDerived>&, const Scalar&) [with DerivedU = Eigen::Matrix<double, -1, -1>; _MatrixType = Eigen::Matrix<double, -1, -1>; unsigned int UpLo = 1; Scalar = double]’
nmf.cpp:85:51:   required from here
/mnt/library/RcppEigen/include/Eigen/src/Core/products/GeneralBlockPanelKernel.h:425:27: warning: ignoring attributes on template argument ‘Eigen::internal::packet_traits<double>::half’ {aka ‘__m128d’} [-Wignored-attributes]
  425 |   PACKET_DECL_COND_PREFIX(_, Lhs, _PacketSize);
      |                           ^
/mnt/library/RcppEigen/include/Eigen/src/Core/products/GeneralBlockPanelKernel.h:384:3: note: in definition of macro ‘PACKET_DECL_COND_PREFIX’
  384 |   prefix ## name ## Packet
      |   ^~~~~~
/mnt/library/RcppEigen/include/Eigen/src/Core/products/GeneralBlockPanelKernel.h:425:27: warning: ignoring attributes on template argument ‘Eigen::internal::packet_traits<double>::type’ {aka ‘__m128d’} [-Wignored-attributes]
  425 |   PACKET_DECL_COND_PREFIX(_, Lhs, _PacketSize);
      |                           ^
/mnt/library/RcppEigen/include/Eigen/src/Core/products/GeneralBlockPanelKernel.h:384:3: note: in definition of macro ‘PACKET_DECL_COND_PREFIX’
  384 |   prefix ## name ## Packet
      |   ^~~~~~
/mnt/library/RcppEigen/include/Eigen/src/Core/products/GeneralBlockPanelKernel.h:425:27: warning: ignoring attributes on template argument ‘Eigen::internal::packet_traits<double>::half’ {aka ‘__m128d’} [-Wignored-attributes]
  425 |   PACKET_DECL_COND_PREFIX(_, Lhs, _PacketSize);
      |                           ^
/mnt/library/RcppEigen/include/Eigen/src/Core/products/GeneralBlockPanelKernel.h:384:3: note: in definition of macro ‘PACKET_DECL_COND_PREFIX’
  384 |   prefix ## name ## Packet
      |   ^~~~~~
/mnt/library/RcppEigen/include/Eigen/src/Core/products/GeneralBlockPanelKernel.h:425:27: warning: ignoring attributes on template argument ‘Eigen::internal::unpacket_traits<__vector(2) double>::half’ {aka ‘__m128d’} [-Wignored-attributes]
  425 |   PACKET_DECL_COND_PREFIX(_, Lhs, _PacketSize);
      |                           ^
/mnt/library/RcppEigen/include/Eigen/src/Core/products/GeneralBlockPanelKernel.h:384:3: note: in definition of macro ‘PACKET_DECL_COND_PREFIX’
  384 |   prefix ## name ## Packet
      |   ^~~~~~
/mnt/library/RcppEigen/include/Eigen/src/Core/products/GeneralBlockPanelKernel.h:426:27: warning: ignoring attributes on template argument ‘Eigen::internal::packet_traits<double>::half’ {aka ‘__m128d’} [-Wignored-attributes]
  426 |   PACKET_DECL_COND_PREFIX(_, Rhs, _PacketSize);
      |                           ^
/mnt/library/RcppEigen/include/Eigen/src/Core/products/GeneralBlockPanelKernel.h:384:3: note: in definition of macro ‘PACKET_DECL_COND_PREFIX’
  384 |   prefix ## name ## Packet
      |   ^~~~~~
/mnt/library/RcppEigen/include/Eigen/src/Core/products/GeneralBlockPanelKernel.h:426:27: warning: ignoring attributes on template argument ‘Eigen::internal::packet_traits<double>::type’ {aka ‘__m128d’} [-Wignored-attributes]
  426 |   PACKET_DECL_COND_PREFIX(_, Rhs, _PacketSize);
      |                           ^
/mnt/library/RcppEigen/include/Eigen/src/Core/products/GeneralBlockPanelKernel.h:384:3: note: in definition of macro ‘PACKET_DECL_COND_PREFIX’
  384 |   prefix ## name ## Packet
      |   ^~~~~~
/mnt/library/RcppEigen/include/Eigen/src/Core/products/GeneralBlockPanelKernel.h:426:27: warning: ignoring attributes on template argument ‘Eigen::internal::packet_traits<double>::half’ {aka ‘__m128d’} [-Wignored-attributes]
  426 |   PACKET_DECL_COND_PREFIX(_, Rhs, _PacketSize);
      |                           ^
/mnt/library/RcppEigen/include/Eigen/src/Core/products/GeneralBlockPanelKernel.h:384:3: note: in definition of macro ‘PACKET_DECL_COND_PREFIX’
  384 |   prefix ## name ## Packet
      |   ^~~~~~
/mnt/library/RcppEigen/include/Eigen/src/Core/products/GeneralBlockPanelKernel.h:426:27: warning: ignoring attributes on template argument ‘Eigen::internal::unpacket_traits<__vector(2) double>::half’ {aka ‘__m128d’} [-Wignored-attributes]
  426 |   PACKET_DECL_COND_PREFIX(_, Rhs, _PacketSize);
      |                           ^
/mnt/library/RcppEigen/include/Eigen/src/Core/products/GeneralBlockPanelKernel.h:384:3: note: in definition of macro ‘PACKET_DECL_COND_PREFIX’
  384 |   prefix ## name ## Packet
      |   ^~~~~~
/mnt/library/RcppEigen/include/Eigen/src/Core/products/GeneralBlockPanelKernel.h:427:27: warning: ignoring attributes on template argument ‘Eigen::internal::packet_traits<double>::half’ {aka ‘__m128d’} [-Wignored-attributes]
  427 |   PACKET_DECL_COND_PREFIX(_, Res, _PacketSize);
      |                           ^
/mnt/library/RcppEigen/include/Eigen/src/Core/products/GeneralBlockPanelKernel.h:384:3: note: in definition of macro ‘PACKET_DECL_COND_PREFIX’
  384 |   prefix ## name ## Packet
      |   ^~~~~~
/mnt/library/RcppEigen/include/Eigen/src/Core/products/GeneralBlockPanelKernel.h:427:27: warning: ignoring attributes on template argument ‘Eigen::internal::packet_traits<double>::type’ {aka ‘__m128d’} [-Wignored-attributes]
  427 |   PACKET_DECL_COND_PREFIX(_, Res, _PacketSize);
      |                           ^
/mnt/library/RcppEigen/include/Eigen/src/Core/products/GeneralBlockPanelKernel.h:384:3: note: in definition of macro ‘PACKET_DECL_COND_PREFIX’
  384 |   prefix ## name ## Packet
      |   ^~~~~~
/mnt/library/RcppEigen/include/Eigen/src/Core/products/GeneralBlockPanelKernel.h:427:27: warning: ignoring attributes on template argument ‘Eigen::internal::packet_traits<double>::half’ {aka ‘__m128d’} [-Wignored-attributes]
  427 |   PACKET_DECL_COND_PREFIX(_, Res, _PacketSize);
      |                           ^
/mnt/library/RcppEigen/include/Eigen/src/Core/products/GeneralBlockPanelKernel.h:384:3: note: in definition of macro ‘PACKET_DECL_COND_PREFIX’
  384 |   prefix ## name ## Packet
      |   ^~~~~~
/mnt/library/RcppEigen/include/Eigen/src/Core/products/GeneralBlockPanelKernel.h:427:27: warning: ignoring attributes on template argument ‘Eigen::internal::unpacket_traits<__vector(2) double>::half’ {aka ‘__m128d’} [-Wignored-attributes]
  427 |   PACKET_DECL_COND_PREFIX(_, Res, _PacketSize);
      |                           ^
/mnt/library/RcppEigen/include/Eigen/src/Core/products/GeneralBlockPanelKernel.h:384:3: note: in definition of macro ‘PACKET_DECL_COND_PREFIX’
  384 |   prefix ## name ## Packet
      |   ^~~~~~
/mnt/library/RcppEigen/include/Eigen/src/Core/products/GeneralBlockPanelKernel.h:432:49: warning: ignoring attributes on template argument ‘Eigen::internal::packet_traits<double>::half’ {aka ‘__m128d’} [-Wignored-attributes]
  432 |     Vectorizable = unpacket_traits<_LhsPacket>::vectorizable && unpacket_traits<_RhsPacket>::vectorizable,
      |                                                 ^~~~~~~~~~~~
/mnt/library/RcppEigen/include/Eigen/src/Core/products/GeneralBlockPanelKernel.h:432:49: warning: ignoring attributes on template argument ‘Eigen::internal::packet_traits<double>::type’ {aka ‘__m128d’} [-Wignored-attributes]
/mnt/library/RcppEigen/include/Eigen/src/Core/products/GeneralBlockPanelKernel.h:432:49: warning: ignoring attributes on template argument ‘Eigen::internal::packet_traits<double>::half’ {aka ‘__m128d’} [-Wignored-attributes]
/mnt/library/RcppEigen/include/Eigen/src/Core/products/GeneralBlockPanelKernel.h:432:49: warning: ignoring attributes on template argument ‘Eigen::internal::unpacket_traits<__vector(2) double>::half’ {aka ‘__m128d’} [-Wignored-attributes]
/mnt/library/RcppEigen/include/Eigen/src/Core/products/GeneralBlockPanelKernel.h:432:94: warning: ignoring attributes on template argument ‘Eigen::internal::packet_traits<double>::half’ {aka ‘__m128d’} [-Wignored-attributes]
  432 |     Vectorizable = unpacket_traits<_LhsPacket>::vectorizable && unpacket_traits<_RhsPacket>::vectorizable,
      |                                                                                              ^~~~~~~~~~~~
/mnt/library/RcppEigen/include/Eigen/src/Core/products/GeneralBlockPanelKernel.h:432:94: warning: ignoring attributes on template argument ‘Eigen::internal::packet_traits<double>::type’ {aka ‘__m128d’} [-Wignored-attributes]
/mnt/library/RcppEigen/include/Eigen/src/Core/products/GeneralBlockPanelKernel.h:432:94: warning: ignoring attributes on template argument ‘Eigen::internal::packet_traits<double>::half’ {aka ‘__m128d’} [-Wignored-attributes]
/mnt/library/RcppEigen/include/Eigen/src/Core/products/GeneralBlockPanelKernel.h:432:94: warning: ignoring attributes on template argument ‘Eigen::internal::unpacket_traits<__vector(2) double>::half’ {aka ‘__m128d’} [-Wignored-attributes]
/mnt/library/RcppEigen/include/Eigen/src/Core/products/GeneralBlockPanelKernel.h:433:65: warning: ignoring attributes on template argument ‘Eigen::internal::packet_traits<double>::half’ {aka ‘__m128d’} [-Wignored-attributes]
  433 |     LhsPacketSize = Vectorizable ? unpacket_traits<_LhsPacket>::size : 1,
      |                                                                 ^~~~
/mnt/library/RcppEigen/include/Eigen/src/Core/products/GeneralBlockPanelKernel.h:433:65: warning: ignoring attributes on template argument ‘Eigen::internal::packet_traits<double>::type’ {aka ‘__m128d’} [-Wignored-attributes]
/mnt/library/RcppEigen/include/Eigen/src/Core/products/GeneralBlockPanelKernel.h:433:65: warning: ignoring attributes on template argument ‘Eigen::internal::packet_traits<double>::half’ {aka ‘__m128d’} [-Wignored-attributes]
/mnt/library/RcppEigen/include/Eigen/src/Core/products/GeneralBlockPanelKernel.h:433:65: warning: ignoring attributes on template argument ‘Eigen::internal::unpacket_traits<__vector(2) double>::half’ {aka ‘__m128d’} [-Wignored-attributes]
/mnt/library/RcppEigen/include/Eigen/src/Core/products/GeneralBlockPanelKernel.h:434:65: warning: ignoring attributes on template argument ‘Eigen::internal::packet_traits<double>::half’ {aka ‘__m128d’} [-Wignored-attributes]
  434 |     RhsPacketSize = Vectorizable ? unpacket_traits<_RhsPacket>::size : 1,
      |                                                                 ^~~~
/mnt/library/RcppEigen/include/Eigen/src/Core/products/GeneralBlockPanelKernel.h:434:65: warning: ignoring attributes on template argument ‘Eigen::internal::packet_traits<double>::type’ {aka ‘__m128d’} [-Wignored-attributes]
/mnt/library/RcppEigen/include/Eigen/src/Core/products/GeneralBlockPanelKernel.h:434:65: warning: ignoring attributes on template argument ‘Eigen::internal::packet_traits<double>::half’ {aka ‘__m128d’} [-Wignored-attributes]
/mnt/library/RcppEigen/include/Eigen/src/Core/products/GeneralBlockPanelKernel.h:434:65: warning: ignoring attributes on template argument ‘Eigen::internal::unpacket_traits<__vector(2) double>::half’ {aka ‘__m128d’} [-Wignored-attributes]
/mnt/library/RcppEigen/include/Eigen/src/Core/products/GeneralBlockPanelKernel.h:435:65: warning: ignoring attributes on template argument ‘Eigen::internal::packet_traits<double>::half’ {aka ‘__m128d’} [-Wignored-attributes]
  435 |     ResPacketSize = Vectorizable ? unpacket_traits<_ResPacket>::size : 1,
      |                                                                 ^~~~
/mnt/library/RcppEigen/include/Eigen/src/Core/products/GeneralBlockPanelKernel.h:435:65: warning: ignoring attributes on template argument ‘Eigen::internal::packet_traits<double>::type’ {aka ‘__m128d’} [-Wignored-attributes]
/mnt/library/RcppEigen/include/Eigen/src/Core/products/GeneralBlockPanelKernel.h:435:65: warning: ignoring attributes on template argument ‘Eigen::internal::packet_traits<double>::half’ {aka ‘__m128d’} [-Wignored-attributes]
/mnt/library/RcppEigen/include/Eigen/src/Core/products/GeneralBlockPanelKernel.h:435:65: warning: ignoring attributes on template argument ‘Eigen::internal::unpacket_traits<__vector(2) double>::half’ {aka ‘__m128d’} [-Wignored-attributes]
/mnt/library/RcppEigen/include/Eigen/src/Core/products/GeneralBlockPanelKernel.h:460:73: warning: ignoring attributes on template argument ‘Eigen::internal::packet_traits<double>::half’ {aka ‘__m128d’} [-Wignored-attributes]
  460 |   typedef typename conditional<Vectorizable,_LhsPacket,LhsScalar>::type LhsPacket;
      |                                                                         ^~~~~~~~~
/mnt/library/RcppEigen/include/Eigen/src/Core/products/GeneralBlockPanelKernel.h:460:73: warning: ignoring attributes on template argument ‘Eigen::internal::packet_traits<double>::type’ {aka ‘__m128d’} [-Wignored-attributes]
/mnt/library/RcppEigen/include/Eigen/src/Core/products/GeneralBlockPanelKernel.h:460:73: warning: ignoring attributes on template argument ‘Eigen::internal::packet_traits<double>::half’ {aka ‘__m128d’} [-Wignored-attributes]
/mnt/library/RcppEigen/include/Eigen/src/Core/products/GeneralBlockPanelKernel.h:460:73: warning: ignoring attributes on template argument ‘Eigen::internal::unpacket_traits<__vector(2) double>::half’ {aka ‘__m128d’} [-Wignored-attributes]
/mnt/library/RcppEigen/include/Eigen/src/Core/products/GeneralBlockPanelKernel.h:461:73: warning: ignoring attributes on template argument ‘Eigen::internal::packet_traits<double>::half’ {aka ‘__m128d’} [-Wignored-attributes]
  461 |   typedef typename conditional<Vectorizable,_RhsPacket,RhsScalar>::type RhsPacket;
      |                                                                         ^~~~~~~~~
/mnt/library/RcppEigen/include/Eigen/src/Core/products/GeneralBlockPanelKernel.h:461:73: warning: ignoring attributes on template argument ‘Eigen::internal::packet_traits<double>::type’ {aka ‘__m128d’} [-Wignored-attributes]
/mnt/library/RcppEigen/include/Eigen/src/Core/products/GeneralBlockPanelKernel.h:461:73: warning: ignoring attributes on template argument ‘Eigen::internal::packet_traits<double>::half’ {aka ‘__m128d’} [-Wignored-attributes]
/mnt/library/RcppEigen/include/Eigen/src/Core/products/GeneralBlockPanelKernel.h:461:73: warning: ignoring attributes on template argument ‘Eigen::internal::unpacket_traits<__vector(2) double>::half’ {aka ‘__m128d’} [-Wignored-attributes]
/mnt/library/RcppEigen/include/Eigen/src/Core/products/GeneralBlockPanelKernel.h:462:73: warning: ignoring attributes on template argument ‘Eigen::internal::packet_traits<double>::half’ {aka ‘__m128d’} [-Wignored-attributes]
  462 |   typedef typename conditional<Vectorizable,_ResPacket,ResScalar>::type ResPacket;
      |                                                                         ^~~~~~~~~
/mnt/library/RcppEigen/include/Eigen/src/Core/products/GeneralBlockPanelKernel.h:462:73: warning: ignoring attributes on template argument ‘Eigen::internal::packet_traits<double>::type’ {aka ‘__m128d’} [-Wignored-attributes]
/mnt/library/RcppEigen/include/Eigen/src/Core/products/GeneralBlockPanelKernel.h:462:73: warning: ignoring attributes on template argument ‘Eigen::internal::packet_traits<double>::half’ {aka ‘__m128d’} [-Wignored-attributes]
/mnt/library/RcppEigen/include/Eigen/src/Core/products/GeneralBlockPanelKernel.h:462:73: warning: ignoring attributes on template argument ‘Eigen::internal::unpacket_traits<__vector(2) double>::half’ {aka ‘__m128d’} [-Wignored-attributes]
/mnt/library/RcppEigen/include/Eigen/src/Core/products/GeneralBlockPanelKernel.h:465:33: warning: ignoring attributes on template argument ‘Eigen::internal::packet_traits<double>::half’ {aka ‘__m128d’} [-Wignored-attributes]
  465 |   typedef QuadPacket<RhsPacket> RhsPacketx4;
      |                                 ^~~~~~~~~~~
/mnt/library/RcppEigen/include/Eigen/src/Core/products/GeneralBlockPanelKernel.h:465:33: warning: ignoring attributes on template argument ‘Eigen::internal::packet_traits<double>::type’ {aka ‘__m128d’} [-Wignored-attributes]
/mnt/library/RcppEigen/include/Eigen/src/Core/products/GeneralBlockPanelKernel.h:465:33: warning: ignoring attributes on template argument ‘Eigen::internal::packet_traits<double>::half’ {aka ‘__m128d’} [-Wignored-attributes]
/mnt/library/RcppEigen/include/Eigen/src/Core/products/GeneralBlockPanelKernel.h:465:33: warning: ignoring attributes on template argument ‘Eigen::internal::unpacket_traits<__vector(2) double>::half’ {aka ‘__m128d’} [-Wignored-attributes]
/mnt/library/RcppEigen/include/Eigen/src/Core/products/GeneralBlockPanelKernel.h: In instantiation of ‘void Eigen::internal::gemm_pack_lhs<Scalar, Index, DataMapper, Pack1, Pack2, Packet, 0, Conjugate, PanelMode>::operator()(Scalar*, const DataMapper&, Index, Index, Index, Index) [with Scalar = double; Index = long int; DataMapper = Eigen::internal::const_blas_data_mapper<double, long int, 0>; int Pack1 = 4; int Pack2 = 2; Packet = __vector(2) double; bool Conjugate = false; bool PanelMode = false]’:
/mnt/library/RcppEigen/include/Eigen/src/Core/products/GeneralMatrixMatrixTriangular.h:106:17:   required from ‘static void Eigen::internal::general_matrix_matrix_triangular_product<Index, LhsScalar, LhsStorageOrder, ConjugateLhs, RhsScalar, RhsStorageOrder, ConjugateRhs, 0, ResInnerStride, UpLo, Version>::run(Index, Index, const LhsScalar*, Index, const RhsScalar*, Index, ResScalar*, Index, Index, const ResScalar&, Eigen::internal::level3_blocking<LhsScalar, RhsScalar>&) [with Index = long int; LhsScalar = double; int LhsStorageOrder = 0; bool ConjugateLhs = false; RhsScalar = double; int RhsStorageOrder = 1; bool ConjugateRhs = false; int ResInnerStride = 1; int UpLo = 1; int Version = 0; ResScalar = double]’
/mnt/library/RcppEigen/include/Eigen/src/Core/products/SelfadjointProduct.h:113:12:   required from ‘static void Eigen::selfadjoint_product_selector<MatrixType, OtherType, UpLo, false>::run(MatrixType&, const OtherType&, const typename MatrixType::Scalar&) [with MatrixType = Eigen::Matrix<double, -1, -1>; OtherType = Eigen::Matrix<double, -1, -1>; int UpLo = 1; typename MatrixType::Scalar = double]’
/mnt/library/RcppEigen/include/Eigen/src/Core/products/SelfadjointProduct.h:126:62:   required from ‘Eigen::SelfAdjointView<MatrixType, UpLo>& Eigen::SelfAdjointView<MatrixType, Mode>::rankUpdate(const Eigen::MatrixBase<OtherDerived>&, const Scalar&) [with DerivedU = Eigen::Matrix<double, -1, -1>; _MatrixType = Eigen::Matrix<double, -1, -1>; unsigned int UpLo = 1; Scalar = double]’
nmf.cpp:85:51:   required from here
/mnt/library/RcppEigen/include/Eigen/src/Core/products/GeneralBlockPanelKernel.h:2100:82: warning: ignoring attributes on template argument ‘Eigen::internal::unpacket_traits<__vector(2) double>::half’ {aka ‘__m128d’} [-Wignored-attributes]
 2100 |   typedef typename unpacket_traits<typename unpacket_traits<Packet>::half>::half QuarterPacket;
      |                                                                                  ^~~~~~~~~~~~~
/mnt/library/RcppEigen/include/Eigen/src/Core/products/GeneralBlockPanelKernel.h:2102:56: warning: ignoring attributes on template argument ‘Eigen::internal::unpacket_traits<__vector(2) double>::half’ {aka ‘__m128d’} [-Wignored-attributes]
 2102 |          HalfPacketSize = unpacket_traits<HalfPacket>::size,
      |                                                        ^~~~
/mnt/library/RcppEigen/include/Eigen/src/Core/products/GeneralBlockPanelKernel.h:2103:62: warning: ignoring attributes on template argument ‘Eigen::internal::unpacket_traits<__vector(2) double>::half’ {aka ‘__m128d’} [-Wignored-attributes]
 2103 |          QuarterPacketSize = unpacket_traits<QuarterPacket>::size,
      |                                                              ^~~~
/mnt/library/RcppEigen/include/Eigen/src/Core/products/GeneralBlockPanelKernel.h:2103:62: warning: ignoring attributes on template argument ‘Eigen::internal::unpacket_traits<__vector(2) double>::half’ {aka ‘__m128d’} [-Wignored-attributes]
/mnt/library/RcppEigen/include/Eigen/src/Core/products/GeneralBlockPanelKernel.h: In instantiation of ‘void Eigen::internal::gebp_kernel<LhsScalar, RhsScalar, Index, DataMapper, mr, nr, ConjugateLhs, ConjugateRhs>::operator()(const DataMapper&, const LhsScalar*, const RhsScalar*, Index, Index, Index, ResScalar, Index, Index, Index, Index) [with LhsScalar = double; RhsScalar = double; Index = long int; DataMapper = Eigen::internal::blas_data_mapper<double, long int, 0, 0, 1>; int mr = 4; int nr = 4; bool ConjugateLhs = false; bool ConjugateRhs = false; ResScalar = double]’:
/mnt/library/RcppEigen/include/Eigen/src/Core/products/GeneralMatrixMatrixTriangular.h:113:15:   required from ‘static void Eigen::internal::general_matrix_matrix_triangular_product<Index, LhsScalar, LhsStorageOrder, ConjugateLhs, RhsScalar, RhsStorageOrder, ConjugateRhs, 0, ResInnerStride, UpLo, Version>::run(Index, Index, const LhsScalar*, Index, const RhsScalar*, Index, ResScalar*, Index, Index, const ResScalar&, Eigen::internal::level3_blocking<LhsScalar, RhsScalar>&) [with Index = long int; LhsScalar = double; int LhsStorageOrder = 0; bool ConjugateLhs = false; RhsScalar = double; int RhsStorageOrder = 1; bool ConjugateRhs = false; int ResInnerStride = 1; int UpLo = 1; int Version = 0; ResScalar = double]’
/mnt/library/RcppEigen/include/Eigen/src/Core/products/SelfadjointProduct.h:113:12:   required from ‘static void Eigen::selfadjoint_product_selector<MatrixType, OtherType, UpLo, false>::run(MatrixType&, const OtherType&, const typename MatrixType::Scalar&) [with MatrixType = Eigen::Matrix<double, -1, -1>; OtherType = Eigen::Matrix<double, -1, -1>; int UpLo = 1; typename MatrixType::Scalar = double]’
/mnt/library/RcppEigen/include/Eigen/src/Core/products/SelfadjointProduct.h:126:62:   required from ‘Eigen::SelfAdjointView<MatrixType, UpLo>& Eigen::SelfAdjointView<MatrixType, Mode>::rankUpdate(const Eigen::MatrixBase<OtherDerived>&, const Scalar&) [with DerivedU = Eigen::Matrix<double, -1, -1>; _MatrixType = Eigen::Matrix<double, -1, -1>; unsigned int UpLo = 1; Scalar = double]’
nmf.cpp:85:51:   required from here
/mnt/library/RcppEigen/include/Eigen/src/Core/products/GeneralBlockPanelKernel.h:1920:103: warning: ignoring attributes on template argument ‘Eigen::internal::unpacket_traits<__vector(2) double>::half’ {aka ‘__m128d’} [-Wignored-attributes]
 1920 |           const int SResPacketHalfSize = unpacket_traits<typename unpacket_traits<SResPacket>::half>::size;
      |                                                                                                       ^~~~
/mnt/library/RcppEigen/include/Eigen/src/Core/products/GeneralBlockPanelKernel.h:1921:138: warning: ignoring attributes on template argument ‘Eigen::internal::unpacket_traits<__vector(2) double>::half’ {aka ‘__m128d’} [-Wignored-attributes]
 1921 |           const int SResPacketQuarterSize = unpacket_traits<typename unpacket_traits<typename unpacket_traits<SResPacket>::half>::half>::size;
      |                                                                                                                                          ^~~~
/mnt/library/RcppEigen/include/Eigen/src/Core/products/GeneralBlockPanelKernel.h:1921:138: warning: ignoring attributes on template argument ‘Eigen::internal::unpacket_traits<__vector(2) double>::half’ {aka ‘__m128d’} [-Wignored-attributes]
/mnt/library/RcppEigen/include/Eigen/src/Core/products/GeneralBlockPanelKernel.h:1977:135: warning: ignoring attributes on template argument ‘Eigen::internal::unpacket_traits<__vector(2) double>::half’ {aka ‘__m128d’} [-Wignored-attributes]
 1977 |               typedef typename conditional<SwappedTraits::LhsProgress>=8,typename unpacket_traits<SResPacket>::half,SResPacket>::type SResPacketHalf;
      |                                                                                                                                       ^~~~~~~~~~~~~~
/mnt/library/RcppEigen/include/Eigen/src/Core/products/GeneralBlockPanelKernel.h:1978:135: warning: ignoring attributes on template argument ‘Eigen::internal::unpacket_traits<__vector(2) double>::half’ {aka ‘__m128d’} [-Wignored-attributes]
 1978 |               typedef typename conditional<SwappedTraits::LhsProgress>=8,typename unpacket_traits<SLhsPacket>::half,SLhsPacket>::type SLhsPacketHalf;
      |                                                                                                                                       ^~~~~~~~~~~~~~
/mnt/library/RcppEigen/include/Eigen/src/Core/products/GeneralBlockPanelKernel.h:1979:135: warning: ignoring attributes on template argument ‘Eigen::internal::unpacket_traits<__vector(2) double>::half’ {aka ‘__m128d’} [-Wignored-attributes]
 1979 |               typedef typename conditional<SwappedTraits::LhsProgress>=8,typename unpacket_traits<SRhsPacket>::half,SRhsPacket>::type SRhsPacketHalf;
      |                                                                                                                                       ^~~~~~~~~~~~~~
/mnt/library/RcppEigen/include/Eigen/src/Core/products/GeneralBlockPanelKernel.h:1980:135: warning: ignoring attributes on template argument ‘Eigen::internal::unpacket_traits<__vector(2) double>::half’ {aka ‘__m128d’} [-Wignored-attributes]
 1980 |               typedef typename conditional<SwappedTraits::LhsProgress>=8,typename unpacket_traits<SAccPacket>::half,SAccPacket>::type SAccPacketHalf;
      |                                                                                                                                       ^~~~~~~~~~~~~~
/mnt/library/RcppEigen/include/Eigen/src/Core/util/XprHelper.h: In instantiation of ‘struct Eigen::internal::find_best_packet<double, 16>’:
/mnt/library/RcppEigen/include/Eigen/src/Core/Matrix.h:22:57:   required from ‘struct Eigen::internal::traits<Eigen::Matrix<double, 4, 4> >’
/mnt/library/RcppEigen/include/Eigen/src/Core/PlainObjectBase.h:98:7:   required from ‘class Eigen::PlainObjectBase<Eigen::Matrix<double, 4, 4> >’
/mnt/library/RcppEigen/include/Eigen/src/Core/Matrix.h:178:7:   required from ‘class Eigen::Matrix<double, 4, 4>’
/mnt/library/RcppEigen/include/Eigen/src/Core/products/GeneralMatrixMatrixTriangular.h:155:52:   required from ‘void Eigen::internal::tribb_kernel<LhsScalar, RhsScalar, Index, mr, nr, ConjLhs, ConjRhs, ResInnerStride, UpLo>::operator()(ResScalar*, Index, Index, const LhsScalar*, const RhsScalar*, Index, Index, const ResScalar&) [with LhsScalar = double; RhsScalar = double; Index = long int; int mr = 4; int nr = 4; bool ConjLhs = false; bool ConjRhs = false; int ResInnerStride = 1; int UpLo = 1; ResScalar = double]’
/mnt/library/RcppEigen/include/Eigen/src/Core/products/GeneralMatrixMatrixTriangular.h:116:13:   required from ‘static void Eigen::internal::general_matrix_matrix_triangular_product<Index, LhsScalar, LhsStorageOrder, ConjugateLhs, RhsScalar, RhsStorageOrder, ConjugateRhs, 0, ResInnerStride, UpLo, Version>::run(Index, Index, const LhsScalar*, Index, const RhsScalar*, Index, ResScalar*, Index, Index, const ResScalar&, Eigen::internal::level3_blocking<LhsScalar, RhsScalar>&) [with Index = long int; LhsScalar = double; int LhsStorageOrder = 0; bool ConjugateLhs = false; RhsScalar = double; int RhsStorageOrder = 1; bool ConjugateRhs = false; int ResInnerStride = 1; int UpLo = 1; int Version = 0; ResScalar = double]’
/mnt/library/RcppEigen/include/Eigen/src/Core/products/SelfadjointProduct.h:113:12:   required from ‘static void Eigen::selfadjoint_product_selector<MatrixType, OtherType, UpLo, false>::run(MatrixType&, const OtherType&, const typename MatrixType::Scalar&) [with MatrixType = Eigen::Matrix<double, -1, -1>; OtherType = Eigen::Matrix<double, -1, -1>; int UpLo = 1; typename MatrixType::Scalar = double]’
/mnt/library/RcppEigen/include/Eigen/src/Core/products/SelfadjointProduct.h:126:62:   required from ‘Eigen::SelfAdjointView<MatrixType, UpLo>& Eigen::SelfAdjointView<MatrixType, Mode>::rankUpdate(const Eigen::MatrixBase<OtherDerived>&, const Scalar&) [with DerivedU = Eigen::Matrix<double, -1, -1>; _MatrixType = Eigen::Matrix<double, -1, -1>; unsigned int UpLo = 1; Scalar = double]’
nmf.cpp:85:51:   required from here
/mnt/library/RcppEigen/include/Eigen/src/Core/util/XprHelper.h:190:44: warning: ignoring attributes on template argument ‘Eigen::internal::packet_traits<double>::type’ {aka ‘__m128d’} [-Wignored-attributes]
  190 |          bool Stop = Size==Dynamic || (Size%unpacket_traits<PacketType>::size)==0 || is_same<PacketType,typename unpacket_traits<PacketType>::half>::value>
      |                                       ~~~~~^~~~~~~~~~~~~~~~~~~~~~~~~~~~~~~~~~~
/mnt/library/RcppEigen/include/Eigen/src/Core/util/XprHelper.h:190:83: warning: ignoring attributes on template argument ‘Eigen::internal::packet_traits<double>::type’ {aka ‘__m128d’} [-Wignored-attributes]
  190 |          bool Stop = Size==Dynamic || (Size%unpacket_traits<PacketType>::size)==0 || is_same<PacketType,typename unpacket_traits<PacketType>::half>::value>
      |                      ~~~~~~~~~~~~~~~~~~~~~~~~~~~~~~~~~~~~~~~~~~~~~~~~~~~~~~~~~~~~~^~~~~~~~~~~~~~~~~~~~~~~~~~~~~~~~~~~~~~~~~~~~~~~~~~~~~~~~~~~~~~~~~~~~~~~~
/mnt/library/RcppEigen/include/Eigen/src/Core/util/XprHelper.h:190:83: warning: ignoring attributes on template argument ‘Eigen::internal::packet_traits<double>::type’ {aka ‘__m128d’} [-Wignored-attributes]
/mnt/library/RcppEigen/include/Eigen/src/Core/util/XprHelper.h:190:83: warning: ignoring attributes on template argument ‘Eigen::internal::unpacket_traits<__vector(2) double>::half’ {aka ‘__m128d’} [-Wignored-attributes]
/mnt/library/RcppEigen/include/Eigen/src/Core/util/XprHelper.h:208:88: warning: ignoring attributes on template argument ‘Eigen::internal::packet_traits<double>::type’ {aka ‘__m128d’} [-Wignored-attributes]
  208 |   typedef typename find_best_packet_helper<Size,typename packet_traits<T>::type>::type type;
      |                                                                                        ^~~~
/mnt/library/RcppEigen/include/Eigen/src/Core/DenseCoeffsBase.h: In instantiation of ‘class Eigen::DenseCoeffsBase<Eigen::Matrix<double, 4, 4>, 0>’:
/mnt/library/RcppEigen/include/Eigen/src/Core/DenseCoeffsBase.h:302:7:   required from ‘class Eigen::DenseCoeffsBase<Eigen::Matrix<double, 4, 4>, 1>’
/mnt/library/RcppEigen/include/Eigen/src/Core/DenseCoeffsBase.h:555:7:   required from ‘class Eigen::DenseCoeffsBase<Eigen::Matrix<double, 4, 4>, 3>’
/mnt/library/RcppEigen/include/Eigen/src/Core/DenseBase.h:41:34:   required from ‘class Eigen::DenseBase<Eigen::Matrix<double, 4, 4> >’
/mnt/library/RcppEigen/include/Eigen/src/Core/MatrixBase.h:48:34:   required from ‘class Eigen::MatrixBase<Eigen::Matrix<double, 4, 4> >’
/mnt/library/RcppEigen/include/Eigen/src/Core/PlainObjectBase.h:98:7:   required from ‘class Eigen::PlainObjectBase<Eigen::Matrix<double, 4, 4> >’
/mnt/library/RcppEigen/include/Eigen/src/Core/Matrix.h:178:7:   required from ‘class Eigen::Matrix<double, 4, 4>’
/mnt/library/RcppEigen/include/Eigen/src/Core/products/GeneralMatrixMatrixTriangular.h:155:52:   required from ‘void Eigen::internal::tribb_kernel<LhsScalar, RhsScalar, Index, mr, nr, ConjLhs, ConjRhs, ResInnerStride, UpLo>::operator()(ResScalar*, Index, Index, const LhsScalar*, const RhsScalar*, Index, Index, const ResScalar&) [with LhsScalar = double; RhsScalar = double; Index = long int; int mr = 4; int nr = 4; bool ConjLhs = false; bool ConjRhs = false; int ResInnerStride = 1; int UpLo = 1; ResScalar = double]’
/mnt/library/RcppEigen/include/Eigen/src/Core/products/GeneralMatrixMatrixTriangular.h:116:13:   required from ‘static void Eigen::internal::general_matrix_matrix_triangular_product<Index, LhsScalar, LhsStorageOrder, ConjugateLhs, RhsScalar, RhsStorageOrder, ConjugateRhs, 0, ResInnerStride, UpLo, Version>::run(Index, Index, const LhsScalar*, Index, const RhsScalar*, Index, ResScalar*, Index, Index, const ResScalar&, Eigen::internal::level3_blocking<LhsScalar, RhsScalar>&) [with Index = long int; LhsScalar = double; int LhsStorageOrder = 0; bool ConjugateLhs = false; RhsScalar = double; int RhsStorageOrder = 1; bool ConjugateRhs = false; int ResInnerStride = 1; int UpLo = 1; int Version = 0; ResScalar = double]’
/mnt/library/RcppEigen/include/Eigen/src/Core/products/SelfadjointProduct.h:113:12:   required from ‘static void Eigen::selfadjoint_product_selector<MatrixType, OtherType, UpLo, false>::run(MatrixType&, const OtherType&, const typename MatrixType::Scalar&) [with MatrixType = Eigen::Matrix<double, -1, -1>; OtherType = Eigen::Matrix<double, -1, -1>; int UpLo = 1; typename MatrixType::Scalar = double]’
/mnt/library/RcppEigen/include/Eigen/src/Core/products/SelfadjointProduct.h:126:62:   required from ‘Eigen::SelfAdjointView<MatrixType, UpLo>& Eigen::SelfAdjointView<MatrixType, Mode>::rankUpdate(const Eigen::MatrixBase<OtherDerived>&, const Scalar&) [with DerivedU = Eigen::Matrix<double, -1, -1>; _MatrixType = Eigen::Matrix<double, -1, -1>; unsigned int UpLo = 1; Scalar = double]’
nmf.cpp:85:51:   required from here
/mnt/library/RcppEigen/include/Eigen/src/Core/DenseCoeffsBase.h:56:30: warning: ignoring attributes on template argument ‘Eigen::internal::packet_traits<double>::type’ {aka ‘__m128d’} [-Wignored-attributes]
   56 |                      >::type PacketReturnType;
      |                              ^~~~~~~~~~~~~~~~
In file included from /mnt/library/RcppEigen/include/Eigen/Core:277:
/mnt/library/RcppEigen/include/Eigen/src/Core/CoreEvaluators.h: In instantiation of ‘struct Eigen::internal::evaluator<Eigen::Block<Eigen::Matrix<double, -1, -1>, -1, 1, true> >’:
/mnt/library/RcppEigen/include/Eigen/src/Core/CoreEvaluators.h:100:8:   required from ‘struct Eigen::internal::evaluator<const Eigen::Block<Eigen::Matrix<double, -1, -1>, -1, 1, true> >’
/mnt/library/RcppEigen/include/Eigen/src/Core/CoreEvaluators.h:739:41:   required from ‘struct Eigen::internal::binary_evaluator<Eigen::CwiseBinaryOp<Eigen::internal::scalar_product_op<double, double>, const Eigen::Block<Eigen::Matrix<double, -1, -1>, -1, 1, true>, const Eigen::CwiseNullaryOp<Eigen::internal::scalar_constant_op<double>, const Eigen::Matrix<double, -1, 1> > >, Eigen::internal::IndexBased, Eigen::internal::IndexBased, double, double>’
/mnt/library/RcppEigen/include/Eigen/src/Core/CoreEvaluators.h:722:8:   required from ‘struct Eigen::internal::evaluator<Eigen::CwiseBinaryOp<Eigen::internal::scalar_product_op<double, double>, const Eigen::Block<Eigen::Matrix<double, -1, -1>, -1, 1, true>, const Eigen::CwiseNullaryOp<Eigen::internal::scalar_constant_op<double>, const Eigen::Matrix<double, -1, 1> > > >’
/mnt/library/RcppEigen/include/Eigen/src/Core/AssignEvaluator.h:774:20:   required from ‘void Eigen::internal::call_dense_assignment_loop(DstXprType&, const SrcXprType&, const Functor&) [with DstXprType = Eigen::Matrix<double, -1, 1>; SrcXprType = Eigen::CwiseBinaryOp<scalar_product_op<double, double>, const Eigen::Block<Eigen::Matrix<double, -1, -1>, -1, 1, true>, const Eigen::CwiseNullaryOp<scalar_constant_op<double>, const Eigen::Matrix<double, -1, 1> > >; Functor = sub_assign_op<double, double>]’
/mnt/library/RcppEigen/include/Eigen/src/Core/AssignEvaluator.h:954:31:   required from ‘static void Eigen::internal::Assignment<DstXprType, SrcXprType, Functor, Eigen::internal::Dense2Dense, Weak>::run(DstXprType&, const SrcXprType&, const Functor&) [with DstXprType = Eigen::Matrix<double, -1, 1>; SrcXprType = Eigen::CwiseBinaryOp<Eigen::internal::scalar_product_op<double, double>, const Eigen::Block<Eigen::Matrix<double, -1, -1>, -1, 1, true>, const Eigen::CwiseNullaryOp<Eigen::internal::scalar_constant_op<double>, const Eigen::Matrix<double, -1, 1> > >; Functor = Eigen::internal::sub_assign_op<double, double>; Weak = void]’
/mnt/library/RcppEigen/include/Eigen/src/Core/AssignEvaluator.h:890:49:   required from ‘void Eigen::internal::call_assignment_no_alias(Dst&, const Src&, const Func&) [with Dst = Eigen::Matrix<double, -1, 1>; Src = Eigen::CwiseBinaryOp<scalar_product_op<double, double>, const Eigen::Block<Eigen::Matrix<double, -1, -1>, -1, 1, true>, const Eigen::CwiseNullaryOp<scalar_constant_op<double>, const Eigen::Matrix<double, -1, 1> > >; Func = sub_assign_op<double, double>]’
/mnt/library/RcppEigen/include/Eigen/src/Core/AssignEvaluator.h:858:27:   required from ‘void Eigen::internal::call_assignment(Dst&, const Src&, const Func&, typename enable_if<(! evaluator_assume_aliasing<Src>::value), void*>::type) [with Dst = Eigen::Matrix<double, -1, 1>; Src = Eigen::CwiseBinaryOp<scalar_product_op<double, double>, const Eigen::Block<Eigen::Matrix<double, -1, -1>, -1, 1, true>, const Eigen::CwiseNullaryOp<scalar_constant_op<double>, const Eigen::Matrix<double, -1, 1> > >; Func = sub_assign_op<double, double>; typename enable_if<(! evaluator_assume_aliasing<Src>::value), void*>::type = void*; typename evaluator_traits<SrcXprType>::Shape = Eigen::DenseShape]’
/mnt/library/RcppEigen/include/Eigen/src/Core/CwiseBinaryOp.h:164:18:   required from ‘Derived& Eigen::MatrixBase<Derived>::operator-=(const Eigen::MatrixBase<OtherDerived>&) [with OtherDerived = Eigen::CwiseBinaryOp<Eigen::internal::scalar_product_op<double, double>, const Eigen::Block<Eigen::Matrix<double, -1, -1>, -1, 1, true>, const Eigen::CwiseNullaryOp<Eigen::internal::scalar_constant_op<double>, const Eigen::Matrix<double, -1, 1> > >; Derived = Eigen::Matrix<double, -1, 1>]’
nmf.cpp:134:49:   required from here
/mnt/library/RcppEigen/include/Eigen/src/Core/CoreEvaluators.h:1071:54: warning: ignoring attributes on template argument ‘Eigen::internal::packet_traits<double>::type’ {aka ‘__m128d’} [-Wignored-attributes]
 1071 |     PacketAlignment = unpacket_traits<PacketScalar>::alignment,
      |                                                      ^~~~~~~~~
/mnt/library/RcppEigen/include/Eigen/src/Core/CoreEvaluators.h: In instantiation of ‘struct Eigen::internal::evaluator<Eigen::Block<const Eigen::Matrix<double, -1, -1>, -1, 1, true> >’:
/mnt/library/RcppEigen/include/Eigen/src/Core/CoreEvaluators.h:100:8:   required from ‘struct Eigen::internal::evaluator<const Eigen::Block<const Eigen::Matrix<double, -1, -1>, -1, 1, true> >’
/mnt/library/RcppEigen/include/Eigen/src/Core/CoreEvaluators.h:739:78:   required from ‘struct Eigen::internal::binary_evaluator<Eigen::CwiseBinaryOp<Eigen::internal::scalar_product_op<double, double>, const Eigen::CwiseNullaryOp<Eigen::internal::scalar_constant_op<double>, const Eigen::Matrix<double, -1, 1> >, const Eigen::Block<const Eigen::Matrix<double, -1, -1>, -1, 1, true> >, Eigen::internal::IndexBased, Eigen::internal::IndexBased, double, double>’
/mnt/library/RcppEigen/include/Eigen/src/Core/CoreEvaluators.h:722:8:   required from ‘struct Eigen::internal::evaluator<Eigen::CwiseBinaryOp<Eigen::internal::scalar_product_op<double, double>, const Eigen::CwiseNullaryOp<Eigen::internal::scalar_constant_op<double>, const Eigen::Matrix<double, -1, 1> >, const Eigen::Block<const Eigen::Matrix<double, -1, -1>, -1, 1, true> > >’
/mnt/library/RcppEigen/include/Eigen/src/Core/AssignEvaluator.h:774:20:   required from ‘void Eigen::internal::call_dense_assignment_loop(DstXprType&, const SrcXprType&, const Functor&) [with DstXprType = Eigen::Matrix<double, -1, 1>; SrcXprType = Eigen::CwiseBinaryOp<scalar_product_op<double, double>, const Eigen::CwiseNullaryOp<scalar_constant_op<double>, const Eigen::Matrix<double, -1, 1> >, const Eigen::Block<const Eigen::Matrix<double, -1, -1>, -1, 1, true> >; Functor = add_assign_op<double, double>]’
/mnt/library/RcppEigen/include/Eigen/src/Core/AssignEvaluator.h:954:31:   required from ‘static void Eigen::internal::Assignment<DstXprType, SrcXprType, Functor, Eigen::internal::Dense2Dense, Weak>::run(DstXprType&, const SrcXprType&, const Functor&) [with DstXprType = Eigen::Matrix<double, -1, 1>; SrcXprType = Eigen::CwiseBinaryOp<Eigen::internal::scalar_product_op<double, double>, const Eigen::CwiseNullaryOp<Eigen::internal::scalar_constant_op<double>, const Eigen::Matrix<double, -1, 1> >, const Eigen::Block<const Eigen::Matrix<double, -1, -1>, -1, 1, true> >; Functor = Eigen::internal::add_assign_op<double, double>; Weak = void]’
/mnt/library/RcppEigen/include/Eigen/src/Core/AssignEvaluator.h:890:49:   required from ‘void Eigen::internal::call_assignment_no_alias(Dst&, const Src&, const Func&) [with Dst = Eigen::Matrix<double, -1, 1>; Src = Eigen::CwiseBinaryOp<scalar_product_op<double, double>, const Eigen::CwiseNullaryOp<scalar_constant_op<double>, const Eigen::Matrix<double, -1, 1> >, const Eigen::Block<const Eigen::Matrix<double, -1, -1>, -1, 1, true> >; Func = add_assign_op<double, double>]’
/mnt/library/RcppEigen/include/Eigen/src/Core/AssignEvaluator.h:858:27:   required from ‘void Eigen::internal::call_assignment(Dst&, const Src&, const Func&, typename enable_if<(! evaluator_assume_aliasing<Src>::value), void*>::type) [with Dst = Eigen::Matrix<double, -1, 1>; Src = Eigen::CwiseBinaryOp<scalar_product_op<double, double>, const Eigen::CwiseNullaryOp<scalar_constant_op<double>, const Eigen::Matrix<double, -1, 1> >, const Eigen::Block<const Eigen::Matrix<double, -1, -1>, -1, 1, true> >; Func = add_assign_op<double, double>; typename enable_if<(! evaluator_assume_aliasing<Src>::value), void*>::type = void*; typename evaluator_traits<SrcXprType>::Shape = Eigen::DenseShape]’
/mnt/library/RcppEigen/include/Eigen/src/Core/CwiseBinaryOp.h:177:18:   required from ‘Derived& Eigen::MatrixBase<Derived>::operator+=(const Eigen::MatrixBase<OtherDerived>&) [with OtherDerived = Eigen::CwiseBinaryOp<Eigen::internal::scalar_product_op<double, double>, const Eigen::CwiseNullaryOp<Eigen::internal::scalar_constant_op<double>, const Eigen::Matrix<double, -1, 1> >, const Eigen::Block<const Eigen::Matrix<double, -1, -1>, -1, 1, true> >; Derived = Eigen::Matrix<double, -1, 1>]’
nmf.cpp:158:45:   required from here
/mnt/library/RcppEigen/include/Eigen/src/Core/CoreEvaluators.h:1071:54: warning: ignoring attributes on template argument ‘Eigen::internal::packet_traits<double>::type’ {aka ‘__m128d’} [-Wignored-attributes]
/mnt/library/RcppEigen/include/Eigen/src/Core/DenseCoeffsBase.h: In instantiation of ‘class Eigen::DenseCoeffsBase<Eigen::CwiseNullaryOp<Eigen::internal::scalar_constant_op<double>, Eigen::Matrix<double, 4, 4> >, 0>’:
/mnt/library/RcppEigen/include/Eigen/src/Core/DenseBase.h:41:34:   required from ‘class Eigen::DenseBase<Eigen::CwiseNullaryOp<Eigen::internal::scalar_constant_op<double>, Eigen::Matrix<double, 4, 4> > >’
/mnt/library/RcppEigen/include/Eigen/src/Core/MatrixBase.h:48:34:   required from ‘class Eigen::MatrixBase<Eigen::CwiseNullaryOp<Eigen::internal::scalar_constant_op<double>, Eigen::Matrix<double, 4, 4> > >’
/mnt/library/RcppEigen/include/Eigen/src/Core/CwiseNullaryOp.h:60:7:   required from ‘class Eigen::CwiseNullaryOp<Eigen::internal::scalar_constant_op<double>, Eigen::Matrix<double, 4, 4> >’
/mnt/library/RcppEigen/include/Eigen/src/Core/CwiseNullaryOp.h:347:30:   required from ‘Derived& Eigen::DenseBase<Derived>::setConstant(const Scalar&) [with Derived = Eigen::Matrix<double, 4, 4>; Scalar = double]’
/mnt/library/RcppEigen/include/Eigen/src/Core/CwiseNullaryOp.h:548:10:   required from ‘Derived& Eigen::DenseBase<Derived>::setZero() [with Derived = Eigen::Matrix<double, 4, 4>]’
/mnt/library/RcppEigen/include/Eigen/src/Core/products/GeneralMatrixMatrixTriangular.h:171:23:   required from ‘void Eigen::internal::tribb_kernel<LhsScalar, RhsScalar, Index, mr, nr, ConjLhs, ConjRhs, ResInnerStride, UpLo>::operator()(ResScalar*, Index, Index, const LhsScalar*, const RhsScalar*, Index, Index, const ResScalar&) [with LhsScalar = double; RhsScalar = double; Index = long int; int mr = 4; int nr = 4; bool ConjLhs = false; bool ConjRhs = false; int ResInnerStride = 1; int UpLo = 1; ResScalar = double]’
/mnt/library/RcppEigen/include/Eigen/src/Core/products/GeneralMatrixMatrixTriangular.h:116:13:   required from ‘static void Eigen::internal::general_matrix_matrix_triangular_product<Index, LhsScalar, LhsStorageOrder, ConjugateLhs, RhsScalar, RhsStorageOrder, ConjugateRhs, 0, ResInnerStride, UpLo, Version>::run(Index, Index, const LhsScalar*, Index, const RhsScalar*, Index, ResScalar*, Index, Index, const ResScalar&, Eigen::internal::level3_blocking<LhsScalar, RhsScalar>&) [with Index = long int; LhsScalar = double; int LhsStorageOrder = 0; bool ConjugateLhs = false; RhsScalar = double; int RhsStorageOrder = 1; bool ConjugateRhs = false; int ResInnerStride = 1; int UpLo = 1; int Version = 0; ResScalar = double]’
/mnt/library/RcppEigen/include/Eigen/src/Core/products/SelfadjointProduct.h:113:12:   required from ‘static void Eigen::selfadjoint_product_selector<MatrixType, OtherType, UpLo, false>::run(MatrixType&, const OtherType&, const typename MatrixType::Scalar&) [with MatrixType = Eigen::Matrix<double, -1, -1>; OtherType = Eigen::Matrix<double, -1, -1>; int UpLo = 1; typename MatrixType::Scalar = double]’
/mnt/library/RcppEigen/include/Eigen/src/Core/products/SelfadjointProduct.h:126:62:   required from ‘Eigen::SelfAdjointView<MatrixType, UpLo>& Eigen::SelfAdjointView<MatrixType, Mode>::rankUpdate(const Eigen::MatrixBase<OtherDerived>&, const Scalar&) [with DerivedU = Eigen::Matrix<double, -1, -1>; _MatrixType = Eigen::Matrix<double, -1, -1>; unsigned int UpLo = 1; Scalar = double]’
nmf.cpp:85:51:   required from here
/mnt/library/RcppEigen/include/Eigen/src/Core/DenseCoeffsBase.h:56:30: warning: ignoring attributes on template argument ‘Eigen::internal::packet_traits<double>::type’ {aka ‘__m128d’} [-Wignored-attributes]
   56 |                      >::type PacketReturnType;
      |                              ^~~~~~~~~~~~~~~~
/mnt/library/RcppEigen/include/Eigen/src/Core/CoreEvaluators.h: In instantiation of ‘struct Eigen::internal::evaluator<Eigen::Block<const Eigen::Matrix<double, -1, -1>, 1, -1, false> >’:
/mnt/library/RcppEigen/include/Eigen/src/Core/AssignEvaluator.h:774:20:   required from ‘void Eigen::internal::call_dense_assignment_loop(DstXprType&, const SrcXprType&, const Functor&) [with DstXprType = Eigen::Block<Eigen::Matrix<double, -1, -1>, 1, -1, false>; SrcXprType = Eigen::Block<const Eigen::Matrix<double, -1, -1>, 1, -1, false>; Functor = assign_op<double, double>]’
/mnt/library/RcppEigen/include/Eigen/src/Core/AssignEvaluator.h:954:31:   required from ‘static void Eigen::internal::Assignment<DstXprType, SrcXprType, Functor, Eigen::internal::Dense2Dense, Weak>::run(DstXprType&, const SrcXprType&, const Functor&) [with DstXprType = Eigen::Block<Eigen::Matrix<double, -1, -1>, 1, -1, false>; SrcXprType = Eigen::Block<const Eigen::Matrix<double, -1, -1>, 1, -1, false>; Functor = Eigen::internal::assign_op<double, double>; Weak = void]’
/mnt/library/RcppEigen/include/Eigen/src/Core/AssignEvaluator.h:890:49:   required from ‘void Eigen::internal::call_assignment_no_alias(Dst&, const Src&, const Func&) [with Dst = Eigen::Block<Eigen::Matrix<double, -1, -1>, 1, -1, false>; Src = Eigen::Block<const Eigen::Matrix<double, -1, -1>, 1, -1, false>; Func = assign_op<double, double>]’
/mnt/library/RcppEigen/include/Eigen/src/Core/AssignEvaluator.h:858:27:   required from ‘void Eigen::internal::call_assignment(Dst&, const Src&, const Func&, typename enable_if<(! evaluator_assume_aliasing<Src>::value), void*>::type) [with Dst = Eigen::Block<Eigen::Matrix<double, -1, -1>, 1, -1, false>; Src = Eigen::Block<const Eigen::Matrix<double, -1, -1>, 1, -1, false>; Func = assign_op<double, double>; typename enable_if<(! evaluator_assume_aliasing<Src>::value), void*>::type = void*; typename evaluator_traits<SrcXprType>::Shape = Eigen::DenseShape]’
/mnt/library/RcppEigen/include/Eigen/src/Core/AssignEvaluator.h:836:18:   required from ‘void Eigen::internal::call_assignment(Dst&, const Src&) [with Dst = Eigen::Block<Eigen::Matrix<double, -1, -1>, 1, -1, false>; Src = Eigen::Block<const Eigen::Matrix<double, -1, -1>, 1, -1, false>]’
/mnt/library/RcppEigen/include/Eigen/src/Core/Assign.h:66:28:   required from ‘Derived& Eigen::MatrixBase<Derived>::operator=(const Eigen::DenseBase<OtherDerived>&) [with OtherDerived = Eigen::Block<const Eigen::Matrix<double, -1, -1>, 1, -1, false>; Derived = Eigen::Block<Eigen::Matrix<double, -1, -1>, 1, -1, false>]’
nmf.cpp:112:42:   required from here
/mnt/library/RcppEigen/include/Eigen/src/Core/CoreEvaluators.h:1071:54: warning: ignoring attributes on template argument ‘Eigen::internal::packet_traits<double>::type’ {aka ‘__m128d’} [-Wignored-attributes]
 1071 |     PacketAlignment = unpacket_traits<PacketScalar>::alignment,
      |                                                      ^~~~~~~~~
/mnt/library/RcppEigen/include/Eigen/src/Core/CoreEvaluators.h: In instantiation of ‘struct Eigen::internal::evaluator<Eigen::Block<Eigen::Matrix<double, -1, -1>, 1, -1, false> >’:
/mnt/library/RcppEigen/include/Eigen/src/Core/AssignEvaluator.h:780:20:   required from ‘void Eigen::internal::call_dense_assignment_loop(DstXprType&, const SrcXprType&, const Functor&) [with DstXprType = Eigen::Block<Eigen::Matrix<double, -1, -1>, 1, -1, false>; SrcXprType = Eigen::Block<const Eigen::Matrix<double, -1, -1>, 1, -1, false>; Functor = assign_op<double, double>]’
/mnt/library/RcppEigen/include/Eigen/src/Core/AssignEvaluator.h:954:31:   required from ‘static void Eigen::internal::Assignment<DstXprType, SrcXprType, Functor, Eigen::internal::Dense2Dense, Weak>::run(DstXprType&, const SrcXprType&, const Functor&) [with DstXprType = Eigen::Block<Eigen::Matrix<double, -1, -1>, 1, -1, false>; SrcXprType = Eigen::Block<const Eigen::Matrix<double, -1, -1>, 1, -1, false>; Functor = Eigen::internal::assign_op<double, double>; Weak = void]’
/mnt/library/RcppEigen/include/Eigen/src/Core/AssignEvaluator.h:890:49:   required from ‘void Eigen::internal::call_assignment_no_alias(Dst&, const Src&, const Func&) [with Dst = Eigen::Block<Eigen::Matrix<double, -1, -1>, 1, -1, false>; Src = Eigen::Block<const Eigen::Matrix<double, -1, -1>, 1, -1, false>; Func = assign_op<double, double>]’
/mnt/library/RcppEigen/include/Eigen/src/Core/AssignEvaluator.h:858:27:   required from ‘void Eigen::internal::call_assignment(Dst&, const Src&, const Func&, typename enable_if<(! evaluator_assume_aliasing<Src>::value), void*>::type) [with Dst = Eigen::Block<Eigen::Matrix<double, -1, -1>, 1, -1, false>; Src = Eigen::Block<const Eigen::Matrix<double, -1, -1>, 1, -1, false>; Func = assign_op<double, double>; typename enable_if<(! evaluator_assume_aliasing<Src>::value), void*>::type = void*; typename evaluator_traits<SrcXprType>::Shape = Eigen::DenseShape]’
/mnt/library/RcppEigen/include/Eigen/src/Core/AssignEvaluator.h:836:18:   required from ‘void Eigen::internal::call_assignment(Dst&, const Src&) [with Dst = Eigen::Block<Eigen::Matrix<double, -1, -1>, 1, -1, false>; Src = Eigen::Block<const Eigen::Matrix<double, -1, -1>, 1, -1, false>]’
/mnt/library/RcppEigen/include/Eigen/src/Core/Assign.h:66:28:   required from ‘Derived& Eigen::MatrixBase<Derived>::operator=(const Eigen::DenseBase<OtherDerived>&) [with OtherDerived = Eigen::Block<const Eigen::Matrix<double, -1, -1>, 1, -1, false>; Derived = Eigen::Block<Eigen::Matrix<double, -1, -1>, 1, -1, false>]’
nmf.cpp:112:42:   required from here
/mnt/library/RcppEigen/include/Eigen/src/Core/CoreEvaluators.h:1071:54: warning: ignoring attributes on template argument ‘Eigen::internal::packet_traits<double>::type’ {aka ‘__m128d’} [-Wignored-attributes]
/mnt/library/RcppEigen/include/Eigen/src/Core/DenseCoeffsBase.h: In instantiation of ‘class Eigen::DenseCoeffsBase<Eigen::Block<const Eigen::Matrix<double, -1, -1>, 2, -1, true>, 0>’:
/mnt/library/RcppEigen/include/Eigen/src/Core/DenseCoeffsBase.h:481:7:   required from ‘class Eigen::DenseCoeffsBase<Eigen::Block<const Eigen::Matrix<double, -1, -1>, 2, -1, true>, 2>’
/mnt/library/RcppEigen/include/Eigen/src/Core/DenseBase.h:41:34:   required from ‘class Eigen::DenseBase<Eigen::Block<const Eigen::Matrix<double, -1, -1>, 2, -1, true> >’
/mnt/library/RcppEigen/include/Eigen/src/Core/MatrixBase.h:48:34:   required from ‘class Eigen::MatrixBase<Eigen::Block<const Eigen::Matrix<double, -1, -1>, 2, -1, true> >’
/mnt/library/RcppEigen/include/Eigen/src/Core/MapBase.h:37:34:   required from ‘class Eigen::MapBase<Eigen::Block<const Eigen::Matrix<double, -1, -1>, 2, -1, true>, 0>’
/mnt/library/RcppEigen/include/Eigen/src/Core/Block.h:329:7:   required from ‘class Eigen::internal::BlockImpl_dense<const Eigen::Matrix<double, -1, -1>, 2, -1, true, true>’
/mnt/library/RcppEigen/include/Eigen/src/Core/Block.h:154:7:   [ skipping 7 instantiation contexts, use -ftemplate-backtrace-limit=0 to disable ]
/mnt/library/RcppEigen/include/Eigen/src/Core/AssignEvaluator.h:890:49:   required from ‘void Eigen::internal::call_assignment_no_alias(Dst&, const Src&, const Func&) [with Dst = Eigen::Matrix<double, -1, 1>; Src = Eigen::PartialReduxExpr<Eigen::Matrix<double, -1, -1>, member_sum<double, double>, 1>; Func = assign_op<double, double>]’
/mnt/library/RcppEigen/include/Eigen/src/Core/AssignEvaluator.h:858:27:   required from ‘void Eigen::internal::call_assignment(Dst&, const Src&, const Func&, typename enable_if<(! evaluator_assume_aliasing<Src>::value), void*>::type) [with Dst = Eigen::Matrix<double, -1, 1>; Src = Eigen::PartialReduxExpr<Eigen::Matrix<double, -1, -1>, member_sum<double, double>, 1>; Func = assign_op<double, double>; typename enable_if<(! evaluator_assume_aliasing<Src>::value), void*>::type = void*; typename evaluator_traits<SrcXprType>::Shape = Eigen::DenseShape]’
/mnt/library/RcppEigen/include/Eigen/src/Core/AssignEvaluator.h:836:18:   required from ‘void Eigen::internal::call_assignment(Dst&, const Src&) [with Dst = Eigen::Matrix<double, -1, 1>; Src = Eigen::PartialReduxExpr<Eigen::Matrix<double, -1, -1>, member_sum<double, double>, 1>]’
/mnt/library/RcppEigen/include/Eigen/src/Core/PlainObjectBase.h:779:32:   required from ‘Derived& Eigen::PlainObjectBase<Derived>::_set(const Eigen::DenseBase<OtherDerived>&) [with OtherDerived = Eigen::PartialReduxExpr<Eigen::Matrix<double, -1, -1>, Eigen::internal::member_sum<double, double>, 1>; Derived = Eigen::Matrix<double, -1, 1>]’
/mnt/library/RcppEigen/include/Eigen/src/Core/Matrix.h:225:24:   required from ‘Eigen::Matrix<_Scalar, _Rows, _Cols, _Options, _MaxRows, _MaxCols>& Eigen::Matrix<_Scalar, _Rows, _Cols, _Options, _MaxRows, _MaxCols>::operator=(const Eigen::DenseBase<OtherDerived>&) [with OtherDerived = Eigen::PartialReduxExpr<Eigen::Matrix<double, -1, -1>, Eigen::internal::member_sum<double, double>, 1>; _Scalar = double; int _Rows = -1; int _Cols = 1; int _Options = 0; int _MaxRows = -1; int _MaxCols = 1]’
nmf.cpp:93:25:   required from here
/mnt/library/RcppEigen/include/Eigen/src/Core/DenseCoeffsBase.h:56:30: warning: ignoring attributes on template argument ‘Eigen::internal::packet_traits<double>::type’ {aka ‘__m128d’} [-Wignored-attributes]
   56 |                      >::type PacketReturnType;
      |                              ^~~~~~~~~~~~~~~~
/mnt/library/RcppEigen/include/Eigen/src/Core/CoreEvaluators.h: In instantiation of ‘struct Eigen::internal::evaluator<Eigen::Block<const Eigen::Matrix<double, -1, -1>, 2, -1, true> >’:
/mnt/library/RcppEigen/include/Eigen/src/Core/Redux.h:357:7:   required from ‘class Eigen::internal::redux_evaluator<Eigen::Block<const Eigen::Matrix<double, -1, -1>, 2, -1, true> >’
/mnt/library/RcppEigen/include/Eigen/src/Core/PartialReduxEvaluator.h:217:20:   required from ‘PacketType Eigen::internal::evaluator<Eigen::PartialReduxExpr<MatrixType, MemberOp, Direction> >::packet(Eigen::Index) const [with int LoadMode = 0; PacketType = __vector(2) double; ArgType = Eigen::Matrix<double, -1, -1>; MemberOp = Eigen::internal::member_sum<double, double>; int Direction = 1; Eigen::Index = long int]’
/mnt/library/RcppEigen/include/Eigen/src/Core/AssignEvaluator.h:681:114:   required from ‘void Eigen::internal::generic_dense_assignment_kernel<DstEvaluatorTypeT, SrcEvaluatorTypeT, Functor, Version>::assignPacket(Eigen::Index) [with int StoreMode = 16; int LoadMode = 0; PacketType = __vector(2) double; DstEvaluatorTypeT = Eigen::internal::evaluator<Eigen::Matrix<double, -1, 1> >; SrcEvaluatorTypeT = Eigen::internal::evaluator<Eigen::PartialReduxExpr<Eigen::Matrix<double, -1, -1>, Eigen::internal::member_sum<double, double>, 1> >; Functor = Eigen::internal::assign_op<double, double>; int Version = 0; Eigen::Index = long int]’
/mnt/library/RcppEigen/include/Eigen/src/Core/AssignEvaluator.h:437:75:   required from ‘static void Eigen::internal::dense_assignment_loop<Kernel, 3, 0>::run(Kernel&) [with Kernel = Eigen::internal::generic_dense_assignment_kernel<Eigen::internal::evaluator<Eigen::Matrix<double, -1, 1> >, Eigen::internal::evaluator<Eigen::PartialReduxExpr<Eigen::Matrix<double, -1, -1>, Eigen::internal::member_sum<double, double>, 1> >, Eigen::internal::assign_op<double, double>, 0>]’
/mnt/library/RcppEigen/include/Eigen/src/Core/AssignEvaluator.h:785:37:   [ skipping 2 instantiation contexts, use -ftemplate-backtrace-limit=0 to disable ]
/mnt/library/RcppEigen/include/Eigen/src/Core/AssignEvaluator.h:890:49:   required from ‘void Eigen::internal::call_assignment_no_alias(Dst&, const Src&, const Func&) [with Dst = Eigen::Matrix<double, -1, 1>; Src = Eigen::PartialReduxExpr<Eigen::Matrix<double, -1, -1>, member_sum<double, double>, 1>; Func = assign_op<double, double>]’
/mnt/library/RcppEigen/include/Eigen/src/Core/AssignEvaluator.h:858:27:   required from ‘void Eigen::internal::call_assignment(Dst&, const Src&, const Func&, typename enable_if<(! evaluator_assume_aliasing<Src>::value), void*>::type) [with Dst = Eigen::Matrix<double, -1, 1>; Src = Eigen::PartialReduxExpr<Eigen::Matrix<double, -1, -1>, member_sum<double, double>, 1>; Func = assign_op<double, double>; typename enable_if<(! evaluator_assume_aliasing<Src>::value), void*>::type = void*; typename evaluator_traits<SrcXprType>::Shape = Eigen::DenseShape]’
/mnt/library/RcppEigen/include/Eigen/src/Core/AssignEvaluator.h:836:18:   required from ‘void Eigen::internal::call_assignment(Dst&, const Src&) [with Dst = Eigen::Matrix<double, -1, 1>; Src = Eigen::PartialReduxExpr<Eigen::Matrix<double, -1, -1>, member_sum<double, double>, 1>]’
/mnt/library/RcppEigen/include/Eigen/src/Core/PlainObjectBase.h:779:32:   required from ‘Derived& Eigen::PlainObjectBase<Derived>::_set(const Eigen::DenseBase<OtherDerived>&) [with OtherDerived = Eigen::PartialReduxExpr<Eigen::Matrix<double, -1, -1>, Eigen::internal::member_sum<double, double>, 1>; Derived = Eigen::Matrix<double, -1, 1>]’
/mnt/library/RcppEigen/include/Eigen/src/Core/Matrix.h:225:24:   required from ‘Eigen::Matrix<_Scalar, _Rows, _Cols, _Options, _MaxRows, _MaxCols>& Eigen::Matrix<_Scalar, _Rows, _Cols, _Options, _MaxRows, _MaxCols>::operator=(const Eigen::DenseBase<OtherDerived>&) [with OtherDerived = Eigen::PartialReduxExpr<Eigen::Matrix<double, -1, -1>, Eigen::internal::member_sum<double, double>, 1>; _Scalar = double; int _Rows = -1; int _Cols = 1; int _Options = 0; int _MaxRows = -1; int _MaxCols = 1]’
nmf.cpp:93:25:   required from here
/mnt/library/RcppEigen/include/Eigen/src/Core/CoreEvaluators.h:1071:54: warning: ignoring attributes on template argument ‘Eigen::internal::packet_traits<double>::type’ {aka ‘__m128d’} [-Wignored-attributes]
 1071 |     PacketAlignment = unpacket_traits<PacketScalar>::alignment,
      |                                                      ^~~~~~~~~
/mnt/library/RcppEigen/include/Eigen/src/Core/DenseCoeffsBase.h: In instantiation of ‘class Eigen::DenseCoeffsBase<Eigen::Matrix<double, -1, -1, 1, -1, -1>, 0>’:
/mnt/library/RcppEigen/include/Eigen/src/Core/DenseCoeffsBase.h:302:7:   required from ‘class Eigen::DenseCoeffsBase<Eigen::Matrix<double, -1, -1, 1, -1, -1>, 1>’
/mnt/library/RcppEigen/include/Eigen/src/Core/DenseCoeffsBase.h:555:7:   required from ‘class Eigen::DenseCoeffsBase<Eigen::Matrix<double, -1, -1, 1, -1, -1>, 3>’
/mnt/library/RcppEigen/include/Eigen/src/Core/DenseBase.h:41:34:   required from ‘class Eigen::DenseBase<Eigen::Matrix<double, -1, -1, 1, -1, -1> >’
/mnt/library/RcppEigen/include/Eigen/src/Core/MatrixBase.h:48:34:   required from ‘class Eigen::MatrixBase<Eigen::Matrix<double, -1, -1, 1, -1, -1> >’
/mnt/library/RcppEigen/include/Eigen/src/Core/PlainObjectBase.h:98:7:   required from ‘class Eigen::PlainObjectBase<Eigen::Matrix<double, -1, -1, 1, -1, -1> >’
/mnt/library/RcppEigen/include/Eigen/src/Core/Matrix.h:178:7:   [ skipping 9 instantiation contexts, use -ftemplate-backtrace-limit=0 to disable ]
/usr/local/lib/R/site-library/Rcpp/include/Rcpp/vector/Vector.h:538:46:   required from ‘static void Rcpp::Vector<RTYPE, StoragePolicy>::replace_element__dispatch(Rcpp::traits::true_type, iterator, SEXP, R_xlen_t, const U&) [with U = Rcpp::traits::named_object<Eigen::Transpose<Eigen::Matrix<double, -1, -1> > >; int RTYPE = 19; StoragePolicy = Rcpp::PreserveStorage; Rcpp::traits::true_type = Rcpp::traits::integral_constant<bool, true>; iterator = Rcpp::internal::Proxy_Iterator<Rcpp::internal::generic_proxy<19> >; SEXP = SEXPREC*; R_xlen_t = long int]’
/usr/local/lib/R/site-library/Rcpp/include/Rcpp/vector/Vector.h:527:34:   required from ‘static void Rcpp::Vector<RTYPE, StoragePolicy>::replace_element(iterator, SEXP, R_xlen_t, const U&) [with U = Rcpp::traits::named_object<Eigen::Transpose<Eigen::Matrix<double, -1, -1> > >; int RTYPE = 19; StoragePolicy = Rcpp::PreserveStorage; iterator = Rcpp::internal::Proxy_Iterator<Rcpp::internal::generic_proxy<19> >; SEXP = SEXPREC*; R_xlen_t = long int]’
/usr/local/lib/R/site-library/Rcpp/include/Rcpp/vector/Vector.h:1184:24:   required from ‘static void Rcpp::Vector<RTYPE, StoragePolicy>::replace_element_impl(iterator&, Rcpp::Shield<SEXPREC*>&, int&, const T&, const TArgs& ...) [with T = Rcpp::traits::named_object<Eigen::Transpose<Eigen::Matrix<double, -1, -1> > >; TArgs = {Rcpp::traits::named_object<Eigen::Matrix<double, -1, 1, 0, -1, 1> >, Rcpp::traits::named_object<Eigen::Matrix<double, -1, -1, 0, -1, -1> >}; int RTYPE = 19; StoragePolicy = Rcpp::PreserveStorage; iterator = Rcpp::internal::Proxy_Iterator<Rcpp::internal::generic_proxy<19> >]’
/usr/local/lib/R/site-library/Rcpp/include/Rcpp/vector/Vector.h:1161:29:   required from ‘static Rcpp::Vector<RTYPE, StoragePolicy> Rcpp::Vector<RTYPE, StoragePolicy>::create__dispatch(Rcpp::traits::true_type, const T& ...) [with T = {Rcpp::traits::named_object<Eigen::Transpose<Eigen::Matrix<double, -1, -1, 0, -1, -1> > >, Rcpp::traits::named_object<Eigen::Matrix<double, -1, 1, 0, -1, 1> >, Rcpp::traits::named_object<Eigen::Matrix<double, -1, -1, 0, -1, -1> >}; int RTYPE = 19; StoragePolicy = Rcpp::PreserveStorage; Rcpp::traits::true_type = Rcpp::traits::integral_constant<bool, true>]’
/usr/local/lib/R/site-library/Rcpp/include/Rcpp/vector/Vector.h:1141:32:   required from ‘static Rcpp::Vector<RTYPE, StoragePolicy> Rcpp::Vector<RTYPE, StoragePolicy>::create(const T& ...) [with T = {Rcpp::traits::named_object<Eigen::Transpose<Eigen::Matrix<double, -1, -1, 0, -1, -1> > >, Rcpp::traits::named_object<Eigen::Matrix<double, -1, 1, 0, -1, 1> >, Rcpp::traits::named_object<Eigen::Matrix<double, -1, -1, 0, -1, -1> >}; int RTYPE = 19; StoragePolicy = Rcpp::PreserveStorage]’
nmf.cpp:219:30:   required from here
/mnt/library/RcppEigen/include/Eigen/src/Core/DenseCoeffsBase.h:56:30: warning: ignoring attributes on template argument ‘Eigen::internal::packet_traits<double>::type’ {aka ‘__m128d’} [-Wignored-attributes]
   56 |                      >::type PacketReturnType;
      |                              ^~~~~~~~~~~~~~~~
g++ -std=gnu++20 -shared -L/usr/local/lib/R/lib -L/usr/local/lib -o SPOTlight.so RcppExports.o nmf.o -fopenmp -llapack -lblas -lgfortran -lm -lquadmath -L/usr/local/lib/R/lib -lR
installing to /tmp/library/00LOCK-SPOTlight/00new/SPOTlight/libs
** R
** inst
** byte-compile and prepare package for lazy loading
** help
*** installing help indices
** building package indices
** installing vignettes
** testing if installed package can be loaded from temporary location
** checking absolute paths in shared objects and dynamic libraries
** testing if installed package can be loaded from final location
** testing if installed package keeps a record of temporary installation path
* SHA256 sums
* creating tarball
packaged installation of ‘SPOTlight’ as ‘SPOTlight_1.16.0_R_x86_64-pc-linux-gnu.tar.gz’
* DONE (SPOTlight)

The downloaded source packages are in
	‘/tmp/RtmpMefcse/downloaded_packages’
Old packages: 'diffobj', 'httr2', 'pak', 'pkgdown', 'urlchecker', 'xfun',
  'zip', 'MASS', 'nlme', 'survival'

real	1m49.437s
user	1m29.067s
sys	0m11.024s
