+ Rscript -e 'Sys.setenv(BIOCONDUCTOR_USE_CONTAINER_REPOSITORY=FALSE);
  p <- .libPaths();
  p <- c('\''/tmp/library'\'', '\''/mnt/library'\'', p);
  .libPaths(p);
  if(BiocManager::install('\''HVP'\'', INSTALL_opts = '\''--build'\'', update = TRUE, quiet = FALSE, dependencies=TRUE, force = TRUE, keep_outputs = TRUE) %in% rownames(installed.packages())) q(status = 0) else q(status = 1)'
'getOption("repos")' replaces Bioconductor standard repositories, see
'help("repositories", package = "BiocManager")' for details.
Replacement repositories:
    CRAN: https://p3m.dev/cran/__linux__/noble/latest
Bioconductor version 3.24 (BiocManager 1.30.27), R 4.6.1 (2026-06-24)
Installing package(s) 'HVP'
also installing the dependencies ‘Rigraphlib’, ‘scrapper’, ‘splatter’

trying URL 'https://bioconductor.org/packages/3.24/bioc/src/contrib/Rigraphlib_1.5.1.tar.gz'
trying URL 'https://bioconductor.org/packages/3.24/bioc/src/contrib/scrapper_1.7.3.tar.gz'
trying URL 'https://bioconductor.org/packages/3.24/bioc/src/contrib/splatter_1.37.1.tar.gz'
trying URL 'https://bioconductor.org/packages/3.24/bioc/src/contrib/HVP_1.3.0.tar.gz'
* installing *source* package ‘Rigraphlib’ ...
** this is package ‘Rigraphlib’ version ‘1.5.1’
** package ‘Rigraphlib’ successfully unpacked and MD5 sums checked
** using staged installation
-- Version number: 1.0.1
-- The C compiler identification is GNU 13.3.0
-- The CXX compiler identification is GNU 13.3.0
-- Detecting C compiler ABI info
-- Detecting C compiler ABI info - done
-- Check for working C compiler: /usr/bin/gcc - skipped
-- Detecting C compile features
-- Detecting C compile features - done
-- Detecting CXX compiler ABI info
-- Detecting CXX compiler ABI info - done
-- Check for working CXX compiler: /usr/bin/g++ - skipped
-- Detecting CXX compile features
-- Detecting CXX compile features - done
-- Performing Test COMPILER_SUPPORTS_UNKNOWN_WARNING_OPTION_FLAG
-- Performing Test COMPILER_SUPPORTS_UNKNOWN_WARNING_OPTION_FLAG - Failed
-- Performing Test COMPILER_HAS_DEPRECATED_ENUMVAL_ATTR
-- Performing Test COMPILER_HAS_DEPRECATED_ENUMVAL_ATTR - Success
-- Thread-local storage: supported (__thread)
-- Performing Test CMAKE_HAVE_LIBC_PTHREAD
-- Performing Test CMAKE_HAVE_LIBC_PTHREAD - Success
-- Found Threads: TRUE  
-- Found BLAS: /usr/lib/x86_64-linux-gnu/openblas-pthread/libblas.so.3  
-- Found LAPACK: /usr/lib/x86_64-linux-gnu/openblas-pthread/libopenblasp-r0.3.26.so  
-- Looking for strcasecmp
-- Looking for strcasecmp - found
-- Looking for strncasecmp
-- Looking for strncasecmp - found
-- Looking for _stricmp
-- Looking for _stricmp - not found
-- Looking for _strnicmp
-- Looking for _strnicmp - not found
-- Looking for strdup
-- Looking for strdup - found
-- Looking for strndup
-- Looking for strndup - found
-- Looking for include file xlocale.h
-- Looking for include file xlocale.h - not found
-- Looking for uselocale
-- Looking for uselocale - found
-- Looking for _configthreadlocale
-- Looking for _configthreadlocale - not found
-- Performing Test HAVE__UMUL128
-- Performing Test HAVE__UMUL128 - Failed
-- Performing Test HAVE___UMULH
-- Performing Test HAVE___UMULH - Failed
-- Looking for C++ include sys/types.h
-- Looking for C++ include sys/types.h - found
-- Looking for C++ include stdint.h
-- Looking for C++ include stdint.h - found
-- Looking for C++ include stddef.h
-- Looking for C++ include stddef.h - found
-- Check size of __uint128_t
-- Check size of __uint128_t - done
-- Performing Test HAVE__POPCNT64
-- Performing Test HAVE__POPCNT64 - Failed
-- Performing Test HAVE__POPCNT
-- Performing Test HAVE__POPCNT - Failed
-- Performing Test HAVE__BITSCANFORWARD64
-- Performing Test HAVE__BITSCANFORWARD64 - Failed
-- Performing Test HAVE__BITSCANFORWARD
-- Performing Test HAVE__BITSCANFORWARD - Failed
-- Performing Test HAVE__BITSCANREVERSE64
-- Performing Test HAVE__BITSCANREVERSE64 - Failed
-- Performing Test HAVE__BITSCANREVERSE
-- Performing Test HAVE__BITSCANREVERSE - Failed
-- Performing Test HAVE_BUILTIN_OVERFLOW
-- Performing Test HAVE_BUILTIN_OVERFLOW - Success
-- Looking for _LIBCPP_VERSION
-- Looking for _LIBCPP_VERSION - not found
-- Looking for __GLIBCXX__
-- Looking for __GLIBCXX__ - found
-- Performing Test COMPILER_HAS_HIDDEN_VISIBILITY
-- Performing Test COMPILER_HAS_HIDDEN_VISIBILITY - Success
-- Performing Test COMPILER_HAS_HIDDEN_INLINE_VISIBILITY
-- Performing Test COMPILER_HAS_HIDDEN_INLINE_VISIBILITY - Success
-- Performing Test COMPILER_HAS_DEPRECATED_ATTR
-- Performing Test COMPILER_HAS_DEPRECATED_ATTR - Success
--  
-- -----[ Build configuration ]----
-- Version:                   1.0.1
-- CMake build type:        Release
-- Library type:             static
-- igraph_int_t size:       64 bits
--  
-- ----------[ Features ]----------
-- GLPK for optimization:       yes
-- Infomap community detection: yes
-- Reading GraphML files:       yes
-- Thread-local storage:        yes
-- Link-time optimization:       no
--  
-- --------[ Dependencies ]--------
-- ARPACK:                 vendored
-- BISON:                        no
-- BLAS:                        yes
-- FLEX:                         no
-- GLPK:                   vendored
-- GMP:                    vendored
-- LAPACK:                      yes
-- LibXml2:                     yes
-- OpenMP:                      yes
-- PLFIT:                  vendored
--  
-- -----------[ Testing ]----------
-- Diff tool:             not found
-- Sanitizers:                 none
-- Code coverage:                no
-- Verify 'finally' stack:       no
--  
-- --------[ Documentation ]-------
-- HTML:                         no
-- PDF:                          no
-- INFO:                         no
--  
-- igraph configured successfully.
--  
-- Configuring done (5.3s)
-- Generating done (0.2s)
-- Build files have been written to: /tmp/RtmpdsYinF/R.INSTALL35101dde6b/Rigraphlib/_build
[  0%] Building CXX object src/isomorphism/bliss/CMakeFiles/bliss.dir/defs.cc.o
[  0%] Building CXX object src/isomorphism/bliss/CMakeFiles/bliss.dir/graph.cc.o
[  1%] Building CXX object src/isomorphism/bliss/CMakeFiles/bliss.dir/heap.cc.o
[  1%] Building CXX object src/isomorphism/bliss/CMakeFiles/bliss.dir/orbit.cc.o
[  1%] Building CXX object src/isomorphism/bliss/CMakeFiles/bliss.dir/partition.cc.o
[  1%] Building CXX object src/isomorphism/bliss/CMakeFiles/bliss.dir/uintseqhash.cc.o
[  1%] Building CXX object src/isomorphism/bliss/CMakeFiles/bliss.dir/utils.cc.o
[  1%] Built target bliss
[  1%] Building C object vendor/cs/CMakeFiles/cxsparse_vendored.dir/cs_add.c.o
[  2%] Building C object vendor/cs/CMakeFiles/cxsparse_vendored.dir/cs_amd.c.o
[  2%] Building C object vendor/cs/CMakeFiles/cxsparse_vendored.dir/cs_chol.c.o
[  2%] Building C object vendor/cs/CMakeFiles/cxsparse_vendored.dir/cs_cholsol.c.o
[  2%] Building C object vendor/cs/CMakeFiles/cxsparse_vendored.dir/cs_compress.c.o
[  2%] Building C object vendor/cs/CMakeFiles/cxsparse_vendored.dir/cs_counts.c.o
[  2%] Building C object vendor/cs/CMakeFiles/cxsparse_vendored.dir/cs_cumsum.c.o
[  2%] Building C object vendor/cs/CMakeFiles/cxsparse_vendored.dir/cs_dfs.c.o
[  2%] Building C object vendor/cs/CMakeFiles/cxsparse_vendored.dir/cs_dmperm.c.o
[  2%] Building C object vendor/cs/CMakeFiles/cxsparse_vendored.dir/cs_droptol.c.o
[  3%] Building C object vendor/cs/CMakeFiles/cxsparse_vendored.dir/cs_dropzeros.c.o
[  3%] Building C object vendor/cs/CMakeFiles/cxsparse_vendored.dir/cs_dupl.c.o
[  3%] Building C object vendor/cs/CMakeFiles/cxsparse_vendored.dir/cs_entry.c.o
[  3%] Building C object vendor/cs/CMakeFiles/cxsparse_vendored.dir/cs_ereach.c.o
[  3%] Building C object vendor/cs/CMakeFiles/cxsparse_vendored.dir/cs_etree.c.o
[  3%] Building C object vendor/cs/CMakeFiles/cxsparse_vendored.dir/cs_fkeep.c.o
[  3%] Building C object vendor/cs/CMakeFiles/cxsparse_vendored.dir/cs_gaxpy.c.o
[  3%] Building C object vendor/cs/CMakeFiles/cxsparse_vendored.dir/cs_happly.c.o
[  3%] Building C object vendor/cs/CMakeFiles/cxsparse_vendored.dir/cs_house.c.o
[  4%] Building C object vendor/cs/CMakeFiles/cxsparse_vendored.dir/cs_ipvec.c.o
[  4%] Building C object vendor/cs/CMakeFiles/cxsparse_vendored.dir/cs_leaf.c.o
[  4%] Building C object vendor/cs/CMakeFiles/cxsparse_vendored.dir/cs_load.c.o
[  4%] Building C object vendor/cs/CMakeFiles/cxsparse_vendored.dir/cs_lsolve.c.o
[  4%] Building C object vendor/cs/CMakeFiles/cxsparse_vendored.dir/cs_ltsolve.c.o
[  4%] Building C object vendor/cs/CMakeFiles/cxsparse_vendored.dir/cs_lu.c.o
[  4%] Building C object vendor/cs/CMakeFiles/cxsparse_vendored.dir/cs_lusol.c.o
[  4%] Building C object vendor/cs/CMakeFiles/cxsparse_vendored.dir/cs_malloc.c.o
[  5%] Building C object vendor/cs/CMakeFiles/cxsparse_vendored.dir/cs_maxtrans.c.o
[  5%] Building C object vendor/cs/CMakeFiles/cxsparse_vendored.dir/cs_multiply.c.o
[  5%] Building C object vendor/cs/CMakeFiles/cxsparse_vendored.dir/cs_norm.c.o
[  5%] Building C object vendor/cs/CMakeFiles/cxsparse_vendored.dir/cs_permute.c.o
[  5%] Building C object vendor/cs/CMakeFiles/cxsparse_vendored.dir/cs_pinv.c.o
[  5%] Building C object vendor/cs/CMakeFiles/cxsparse_vendored.dir/cs_post.c.o
[  5%] Building C object vendor/cs/CMakeFiles/cxsparse_vendored.dir/cs_pvec.c.o
[  5%] Building C object vendor/cs/CMakeFiles/cxsparse_vendored.dir/cs_qr.c.o
[  5%] Building C object vendor/cs/CMakeFiles/cxsparse_vendored.dir/cs_qrsol.c.o
[  7%] Building C object vendor/cs/CMakeFiles/cxsparse_vendored.dir/cs_randperm.c.o
[  7%] Building C object vendor/cs/CMakeFiles/cxsparse_vendored.dir/cs_reach.c.o
[  7%] Building C object vendor/cs/CMakeFiles/cxsparse_vendored.dir/cs_scatter.c.o
[  7%] Building C object vendor/cs/CMakeFiles/cxsparse_vendored.dir/cs_scc.c.o
[  7%] Building C object vendor/cs/CMakeFiles/cxsparse_vendored.dir/cs_schol.c.o
[  7%] Building C object vendor/cs/CMakeFiles/cxsparse_vendored.dir/cs_spsolve.c.o
[  7%] Building C object vendor/cs/CMakeFiles/cxsparse_vendored.dir/cs_sqr.c.o
[  7%] Building C object vendor/cs/CMakeFiles/cxsparse_vendored.dir/cs_symperm.c.o
[  7%] Building C object vendor/cs/CMakeFiles/cxsparse_vendored.dir/cs_tdfs.c.o
[  8%] Building C object vendor/cs/CMakeFiles/cxsparse_vendored.dir/cs_transpose.c.o
[  8%] Building C object vendor/cs/CMakeFiles/cxsparse_vendored.dir/cs_updown.c.o
[  8%] Building C object vendor/cs/CMakeFiles/cxsparse_vendored.dir/cs_usolve.c.o
[  8%] Building C object vendor/cs/CMakeFiles/cxsparse_vendored.dir/cs_util.c.o
[  8%] Building C object vendor/cs/CMakeFiles/cxsparse_vendored.dir/cs_utsolve.c.o
[  8%] Built target cxsparse_vendored
[  8%] Building C object vendor/f2c/CMakeFiles/arithchk.dir/arithchk.c.o
[  8%] Linking C executable arithchk
[  8%] Built target arithchk
[  8%] Generating arith.h for f2c...
[  8%] Building C object vendor/f2c/CMakeFiles/f2c_vendored.dir/abort_.c.o
[  8%] Building C object vendor/f2c/CMakeFiles/f2c_vendored.dir/dolio.c.o
[  8%] Building C object vendor/f2c/CMakeFiles/f2c_vendored.dir/r_sin.c.o
[  9%] Building C object vendor/f2c/CMakeFiles/f2c_vendored.dir/dummy.c.o
[  9%] Building C object vendor/f2c/CMakeFiles/f2c_vendored.dir/dtime_.c.o
[  9%] Building C object vendor/f2c/CMakeFiles/f2c_vendored.dir/iio.c.o
[  9%] Building C object vendor/f2c/CMakeFiles/f2c_vendored.dir/r_sinh.c.o
[  9%] Building C object vendor/f2c/CMakeFiles/f2c_vendored.dir/backspac.c.o
/tmp/RtmpdsYinF/R.INSTALL35101dde6b/Rigraphlib/igraph/vendor/f2c/backspac.c: In function ‘f_back’:
/tmp/RtmpdsYinF/R.INSTALL35101dde6b/Rigraphlib/igraph/vendor/f2c/backspac.c:47:17: warning: ignoring return value of ‘fread’ declared with attribute ‘warn_unused_result’ [-Wunused-result]
   47 |                 fread((char *)&n,sizeof(uiolen),1,f);
      |                 ^~~~~~~~~~~~~~~~~~~~~~~~~~~~~~~~~~~~
[  9%] Building C object vendor/f2c/CMakeFiles/f2c_vendored.dir/due.c.o
[  9%] Building C object vendor/f2c/CMakeFiles/f2c_vendored.dir/ilnw.c.o
[  9%] Building C object vendor/f2c/CMakeFiles/f2c_vendored.dir/r_sqrt.c.o
[  9%] Building C object vendor/f2c/CMakeFiles/f2c_vendored.dir/c_abs.c.o
[ 10%] Building C object vendor/f2c/CMakeFiles/f2c_vendored.dir/ef1asc_.c.o
[ 10%] Building C object vendor/f2c/CMakeFiles/f2c_vendored.dir/inquire.c.o
[ 10%] Building C object vendor/f2c/CMakeFiles/f2c_vendored.dir/r_tan.c.o
[ 10%] Building C object vendor/f2c/CMakeFiles/f2c_vendored.dir/c_cos.c.o
[ 10%] Building C object vendor/f2c/CMakeFiles/f2c_vendored.dir/ef1cmc_.c.o
[ 10%] Building C object vendor/f2c/CMakeFiles/f2c_vendored.dir/l_ge.c.o
[ 10%] Building C object vendor/f2c/CMakeFiles/f2c_vendored.dir/r_tanh.c.o
[ 10%] Building C object vendor/f2c/CMakeFiles/f2c_vendored.dir/c_div.c.o
[ 11%] Building C object vendor/f2c/CMakeFiles/f2c_vendored.dir/endfile.c.o
[ 11%] Building C object vendor/f2c/CMakeFiles/f2c_vendored.dir/l_gt.c.o
[ 11%] Building C object vendor/f2c/CMakeFiles/f2c_vendored.dir/rdfmt.c.o
[ 11%] Building C object vendor/f2c/CMakeFiles/f2c_vendored.dir/c_exp.c.o
[ 11%] Building C object vendor/f2c/CMakeFiles/f2c_vendored.dir/erf_.c.o
[ 11%] Building C object vendor/f2c/CMakeFiles/f2c_vendored.dir/l_le.c.o
[ 11%] Building C object vendor/f2c/CMakeFiles/f2c_vendored.dir/rewind.c.o
[ 11%] Building C object vendor/f2c/CMakeFiles/f2c_vendored.dir/c_log.c.o
[ 11%] Building C object vendor/f2c/CMakeFiles/f2c_vendored.dir/erfc_.c.o
[ 12%] Building C object vendor/f2c/CMakeFiles/f2c_vendored.dir/l_lt.c.o
[ 12%] Building C object vendor/f2c/CMakeFiles/f2c_vendored.dir/rsfe.c.o
[ 12%] Building C object vendor/f2c/CMakeFiles/f2c_vendored.dir/c_sin.c.o
[ 12%] Building C object vendor/f2c/CMakeFiles/f2c_vendored.dir/err.c.o
[ 12%] Building C object vendor/f2c/CMakeFiles/f2c_vendored.dir/lbitbits.c.o
[ 12%] Building C object vendor/f2c/CMakeFiles/f2c_vendored.dir/rsli.c.o
[ 12%] Building C object vendor/f2c/CMakeFiles/f2c_vendored.dir/c_sqrt.c.o
[ 12%] Building C object vendor/f2c/CMakeFiles/f2c_vendored.dir/etime_.c.o
[ 12%] Building C object vendor/f2c/CMakeFiles/f2c_vendored.dir/lbitshft.c.o
[ 14%] Building C object vendor/f2c/CMakeFiles/f2c_vendored.dir/rsne.c.o
[ 14%] Building C object vendor/f2c/CMakeFiles/f2c_vendored.dir/cabs.c.o
[ 14%] Building C object vendor/f2c/CMakeFiles/f2c_vendored.dir/exit_.c.o
[ 14%] Building C object vendor/f2c/CMakeFiles/f2c_vendored.dir/lread.c.o
[ 14%] Building C object vendor/f2c/CMakeFiles/f2c_vendored.dir/s_cat.c.o
[ 14%] Building C object vendor/f2c/CMakeFiles/f2c_vendored.dir/close.c.o
[ 14%] Building C object vendor/f2c/CMakeFiles/f2c_vendored.dir/f77_aloc.c.o
[ 14%] Building C object vendor/f2c/CMakeFiles/f2c_vendored.dir/lwrite.c.o
[ 14%] Building C object vendor/f2c/CMakeFiles/f2c_vendored.dir/s_cmp.c.o
[ 15%] Building C object vendor/f2c/CMakeFiles/f2c_vendored.dir/ctype.c.o
[ 15%] Building C object vendor/f2c/CMakeFiles/f2c_vendored.dir/f77vers.c.o
[ 15%] Building C object vendor/f2c/CMakeFiles/f2c_vendored.dir/s_copy.c.o
[ 15%] Building C object vendor/f2c/CMakeFiles/f2c_vendored.dir/d_abs.c.o
[ 15%] Building C object vendor/f2c/CMakeFiles/f2c_vendored.dir/fmt.c.o
[ 15%] Building C object vendor/f2c/CMakeFiles/f2c_vendored.dir/open.c.o
[ 15%] Building C object vendor/f2c/CMakeFiles/f2c_vendored.dir/s_paus.c.o
[ 15%] Building C object vendor/f2c/CMakeFiles/f2c_vendored.dir/d_acos.c.o
[ 15%] Building C object vendor/f2c/CMakeFiles/f2c_vendored.dir/fmtlib.c.o
[ 16%] Building C object vendor/f2c/CMakeFiles/f2c_vendored.dir/pow_ci.c.o
[ 16%] Building C object vendor/f2c/CMakeFiles/f2c_vendored.dir/s_rnge.c.o
[ 16%] Building C object vendor/f2c/CMakeFiles/f2c_vendored.dir/d_asin.c.o
[ 16%] Building C object vendor/f2c/CMakeFiles/f2c_vendored.dir/ftell_.c.o
[ 16%] Building C object vendor/f2c/CMakeFiles/f2c_vendored.dir/pow_dd.c.o
[ 16%] Building C object vendor/f2c/CMakeFiles/f2c_vendored.dir/s_stop.c.o
[ 16%] Building C object vendor/f2c/CMakeFiles/f2c_vendored.dir/d_atan.c.o
[ 16%] Building C object vendor/f2c/CMakeFiles/f2c_vendored.dir/pow_di.c.o
[ 17%] Building C object vendor/f2c/CMakeFiles/f2c_vendored.dir/sfe.c.o
[ 17%] Building C object vendor/f2c/CMakeFiles/f2c_vendored.dir/d_atn2.c.o
[ 17%] Building C object vendor/f2c/CMakeFiles/f2c_vendored.dir/getenv_.c.o
[ 17%] Building C object vendor/f2c/CMakeFiles/f2c_vendored.dir/pow_hh.c.o
[ 17%] Building C object vendor/f2c/CMakeFiles/f2c_vendored.dir/sig_die.c.o
[ 17%] Building C object vendor/f2c/CMakeFiles/f2c_vendored.dir/d_cnjg.c.o
[ 17%] Building C object vendor/f2c/CMakeFiles/f2c_vendored.dir/h_abs.c.o
[ 17%] Building C object vendor/f2c/CMakeFiles/f2c_vendored.dir/pow_ii.c.o
[ 17%] Building C object vendor/f2c/CMakeFiles/f2c_vendored.dir/signal_.c.o
/tmp/RtmpdsYinF/R.INSTALL35101dde6b/Rigraphlib/igraph/vendor/f2c/signal_.c: In function ‘signal_’:
/tmp/RtmpdsYinF/R.INSTALL35101dde6b/Rigraphlib/igraph/vendor/f2c/signal_.c:17:16: warning: cast from pointer to integer of different size [-Wpointer-to-int-cast]
   17 |         return (ftnint)signal(sig, proc);
      |                ^
[ 18%] Building C object vendor/f2c/CMakeFiles/f2c_vendored.dir/d_cos.c.o
[ 18%] Building C object vendor/f2c/CMakeFiles/f2c_vendored.dir/h_dim.c.o
[ 18%] Building C object vendor/f2c/CMakeFiles/f2c_vendored.dir/pow_ri.c.o
[ 18%] Building C object vendor/f2c/CMakeFiles/f2c_vendored.dir/signbit.c.o
[ 18%] Building C object vendor/f2c/CMakeFiles/f2c_vendored.dir/d_cosh.c.o
[ 18%] Building C object vendor/f2c/CMakeFiles/f2c_vendored.dir/h_dnnt.c.o
[ 18%] Building C object vendor/f2c/CMakeFiles/f2c_vendored.dir/pow_zi.c.o
[ 18%] Building C object vendor/f2c/CMakeFiles/f2c_vendored.dir/sue.c.o
[ 18%] Building C object vendor/f2c/CMakeFiles/f2c_vendored.dir/d_dim.c.o
[ 20%] Building C object vendor/f2c/CMakeFiles/f2c_vendored.dir/h_indx.c.o
[ 20%] Building C object vendor/f2c/CMakeFiles/f2c_vendored.dir/pow_zz.c.o
[ 20%] Building C object vendor/f2c/CMakeFiles/f2c_vendored.dir/system_.c.o
[ 20%] Building C object vendor/f2c/CMakeFiles/f2c_vendored.dir/d_exp.c.o
[ 20%] Building C object vendor/f2c/CMakeFiles/f2c_vendored.dir/h_len.c.o
[ 20%] Building C object vendor/f2c/CMakeFiles/f2c_vendored.dir/r_abs.c.o
[ 20%] Building C object vendor/f2c/CMakeFiles/f2c_vendored.dir/typesize.c.o
[ 20%] Building C object vendor/f2c/CMakeFiles/f2c_vendored.dir/d_imag.c.o
[ 20%] Building C object vendor/f2c/CMakeFiles/f2c_vendored.dir/h_mod.c.o
[ 21%] Building C object vendor/f2c/CMakeFiles/f2c_vendored.dir/r_acos.c.o
[ 21%] Building C object vendor/f2c/CMakeFiles/f2c_vendored.dir/uio.c.o
[ 21%] Building C object vendor/f2c/CMakeFiles/f2c_vendored.dir/d_int.c.o
[ 21%] Building C object vendor/f2c/CMakeFiles/f2c_vendored.dir/h_nint.c.o
[ 21%] Building C object vendor/f2c/CMakeFiles/f2c_vendored.dir/r_asin.c.o
[ 21%] Building C object vendor/f2c/CMakeFiles/f2c_vendored.dir/uninit.c.o
[ 21%] Building C object vendor/f2c/CMakeFiles/f2c_vendored.dir/d_lg10.c.o
[ 21%] Building C object vendor/f2c/CMakeFiles/f2c_vendored.dir/h_sign.c.o
[ 21%] Building C object vendor/f2c/CMakeFiles/f2c_vendored.dir/r_atan.c.o
[ 22%] Building C object vendor/f2c/CMakeFiles/f2c_vendored.dir/util.c.o
[ 22%] Building C object vendor/f2c/CMakeFiles/f2c_vendored.dir/d_log.c.o
[ 22%] Building C object vendor/f2c/CMakeFiles/f2c_vendored.dir/hl_ge.c.o
[ 22%] Building C object vendor/f2c/CMakeFiles/f2c_vendored.dir/r_atn2.c.o
[ 22%] Building C object vendor/f2c/CMakeFiles/f2c_vendored.dir/wref.c.o
[ 22%] Building C object vendor/f2c/CMakeFiles/f2c_vendored.dir/d_mod.c.o
[ 22%] Building C object vendor/f2c/CMakeFiles/f2c_vendored.dir/hl_gt.c.o
[ 22%] Building C object vendor/f2c/CMakeFiles/f2c_vendored.dir/r_cnjg.c.o
[ 23%] Building C object vendor/f2c/CMakeFiles/f2c_vendored.dir/wrtfmt.c.o
[ 23%] Building C object vendor/f2c/CMakeFiles/f2c_vendored.dir/d_nint.c.o
[ 23%] Building C object vendor/f2c/CMakeFiles/f2c_vendored.dir/hl_le.c.o
[ 23%] Building C object vendor/f2c/CMakeFiles/f2c_vendored.dir/r_cos.c.o
[ 23%] Building C object vendor/f2c/CMakeFiles/f2c_vendored.dir/wsfe.c.o
[ 23%] Building C object vendor/f2c/CMakeFiles/f2c_vendored.dir/d_prod.c.o
[ 23%] Building C object vendor/f2c/CMakeFiles/f2c_vendored.dir/hl_lt.c.o
[ 23%] Building C object vendor/f2c/CMakeFiles/f2c_vendored.dir/r_cosh.c.o
[ 23%] Building C object vendor/f2c/CMakeFiles/f2c_vendored.dir/wsle.c.o
[ 24%] Building C object vendor/f2c/CMakeFiles/f2c_vendored.dir/d_sign.c.o
[ 24%] Building C object vendor/f2c/CMakeFiles/f2c_vendored.dir/i77vers.c.o
[ 24%] Building C object vendor/f2c/CMakeFiles/f2c_vendored.dir/r_dim.c.o
[ 24%] Building C object vendor/f2c/CMakeFiles/f2c_vendored.dir/wsne.c.o
[ 24%] Building C object vendor/f2c/CMakeFiles/f2c_vendored.dir/d_sin.c.o
[ 24%] Building C object vendor/f2c/CMakeFiles/f2c_vendored.dir/i_abs.c.o
[ 24%] Building C object vendor/f2c/CMakeFiles/f2c_vendored.dir/r_exp.c.o
[ 24%] Building C object vendor/f2c/CMakeFiles/f2c_vendored.dir/xwsne.c.o
[ 24%] Building C object vendor/f2c/CMakeFiles/f2c_vendored.dir/d_sinh.c.o
[ 25%] Building C object vendor/f2c/CMakeFiles/f2c_vendored.dir/i_dim.c.o
[ 25%] Building C object vendor/f2c/CMakeFiles/f2c_vendored.dir/r_imag.c.o
[ 25%] Building C object vendor/f2c/CMakeFiles/f2c_vendored.dir/z_abs.c.o
[ 25%] Building C object vendor/f2c/CMakeFiles/f2c_vendored.dir/d_sqrt.c.o
[ 25%] Building C object vendor/f2c/CMakeFiles/f2c_vendored.dir/i_dnnt.c.o
[ 25%] Building C object vendor/f2c/CMakeFiles/f2c_vendored.dir/r_int.c.o
[ 25%] Building C object vendor/f2c/CMakeFiles/f2c_vendored.dir/z_cos.c.o
[ 25%] Building C object vendor/f2c/CMakeFiles/f2c_vendored.dir/d_tan.c.o
[ 25%] Building C object vendor/f2c/CMakeFiles/f2c_vendored.dir/i_indx.c.o
[ 27%] Building C object vendor/f2c/CMakeFiles/f2c_vendored.dir/r_lg10.c.o
[ 27%] Building C object vendor/f2c/CMakeFiles/f2c_vendored.dir/z_div.c.o
[ 27%] Building C object vendor/f2c/CMakeFiles/f2c_vendored.dir/d_tanh.c.o
[ 27%] Building C object vendor/f2c/CMakeFiles/f2c_vendored.dir/i_len.c.o
[ 27%] Building C object vendor/f2c/CMakeFiles/f2c_vendored.dir/r_log.c.o
[ 27%] Building C object vendor/f2c/CMakeFiles/f2c_vendored.dir/z_exp.c.o
[ 27%] Building C object vendor/f2c/CMakeFiles/f2c_vendored.dir/derf_.c.o
[ 27%] Building C object vendor/f2c/CMakeFiles/f2c_vendored.dir/i_mod.c.o
[ 27%] Building C object vendor/f2c/CMakeFiles/f2c_vendored.dir/r_mod.c.o
[ 28%] Building C object vendor/f2c/CMakeFiles/f2c_vendored.dir/z_log.c.o
[ 28%] Building C object vendor/f2c/CMakeFiles/f2c_vendored.dir/derfc_.c.o
[ 28%] Building C object vendor/f2c/CMakeFiles/f2c_vendored.dir/i_nint.c.o
[ 28%] Building C object vendor/f2c/CMakeFiles/f2c_vendored.dir/r_nint.c.o
[ 28%] Building C object vendor/f2c/CMakeFiles/f2c_vendored.dir/z_sin.c.o
[ 28%] Building C object vendor/f2c/CMakeFiles/f2c_vendored.dir/dfe.c.o
[ 28%] Building C object vendor/f2c/CMakeFiles/f2c_vendored.dir/i_sign.c.o
[ 28%] Building C object vendor/f2c/CMakeFiles/f2c_vendored.dir/r_sign.c.o
[ 29%] Building C object vendor/f2c/CMakeFiles/f2c_vendored.dir/z_sqrt.c.o
[ 29%] Built target f2c_vendored
[ 29%] Building C object vendor/glpk/CMakeFiles/glpk_vendored.dir/amd/amd_1.c.o
[ 29%] Building C object vendor/glpk/CMakeFiles/glpk_vendored.dir/amd/amd_2.c.o
[ 29%] Building C object vendor/glpk/CMakeFiles/glpk_vendored.dir/amd/amd_aat.c.o
[ 29%] Building C object vendor/glpk/CMakeFiles/glpk_vendored.dir/amd/amd_control.c.o
[ 29%] Building C object vendor/glpk/CMakeFiles/glpk_vendored.dir/amd/amd_defaults.c.o
[ 29%] Building C object vendor/glpk/CMakeFiles/glpk_vendored.dir/amd/amd_info.c.o
[ 29%] Building C object vendor/glpk/CMakeFiles/glpk_vendored.dir/amd/amd_order.c.o
[ 29%] Building C object vendor/glpk/CMakeFiles/glpk_vendored.dir/amd/amd_post_tree.c.o
[ 30%] Building C object vendor/glpk/CMakeFiles/glpk_vendored.dir/amd/amd_postorder.c.o
[ 30%] Building C object vendor/glpk/CMakeFiles/glpk_vendored.dir/amd/amd_preprocess.c.o
[ 30%] Building C object vendor/glpk/CMakeFiles/glpk_vendored.dir/amd/amd_valid.c.o
[ 30%] Building C object vendor/glpk/CMakeFiles/glpk_vendored.dir/api/advbas.c.o
[ 30%] Building C object vendor/glpk/CMakeFiles/glpk_vendored.dir/api/asnhall.c.o
[ 30%] Building C object vendor/glpk/CMakeFiles/glpk_vendored.dir/api/asnlp.c.o
[ 30%] Building C object vendor/glpk/CMakeFiles/glpk_vendored.dir/api/asnokalg.c.o
[ 30%] Building C object vendor/glpk/CMakeFiles/glpk_vendored.dir/api/ckasn.c.o
[ 30%] Building C object vendor/glpk/CMakeFiles/glpk_vendored.dir/api/ckcnf.c.o
[ 31%] Building C object vendor/glpk/CMakeFiles/glpk_vendored.dir/api/cplex.c.o
[ 31%] Building C object vendor/glpk/CMakeFiles/glpk_vendored.dir/api/cpp.c.o
[ 31%] Building C object vendor/glpk/CMakeFiles/glpk_vendored.dir/api/cpxbas.c.o
[ 31%] Building C object vendor/glpk/CMakeFiles/glpk_vendored.dir/api/graph.c.o
[ 31%] Building C object vendor/glpk/CMakeFiles/glpk_vendored.dir/api/gridgen.c.o
[ 31%] Building C object vendor/glpk/CMakeFiles/glpk_vendored.dir/api/intfeas1.c.o
[ 31%] Building C object vendor/glpk/CMakeFiles/glpk_vendored.dir/api/maxffalg.c.o
[ 31%] Building C object vendor/glpk/CMakeFiles/glpk_vendored.dir/api/maxflp.c.o
[ 31%] Building C object vendor/glpk/CMakeFiles/glpk_vendored.dir/api/mcflp.c.o
[ 32%] Building C object vendor/glpk/CMakeFiles/glpk_vendored.dir/api/mcfokalg.c.o
[ 32%] Building C object vendor/glpk/CMakeFiles/glpk_vendored.dir/api/mcfrelax.c.o
[ 32%] Building C object vendor/glpk/CMakeFiles/glpk_vendored.dir/api/minisat1.c.o
[ 32%] Building C object vendor/glpk/CMakeFiles/glpk_vendored.dir/api/mpl.c.o
[ 32%] Building C object vendor/glpk/CMakeFiles/glpk_vendored.dir/api/mps.c.o
[ 32%] Building C object vendor/glpk/CMakeFiles/glpk_vendored.dir/api/netgen.c.o
[ 32%] Building C object vendor/glpk/CMakeFiles/glpk_vendored.dir/api/npp.c.o
[ 32%] Building C object vendor/glpk/CMakeFiles/glpk_vendored.dir/api/pript.c.o
[ 32%] Building C object vendor/glpk/CMakeFiles/glpk_vendored.dir/api/prmip.c.o
[ 34%] Building C object vendor/glpk/CMakeFiles/glpk_vendored.dir/api/prob1.c.o
[ 34%] Building C object vendor/glpk/CMakeFiles/glpk_vendored.dir/api/prob2.c.o
[ 34%] Building C object vendor/glpk/CMakeFiles/glpk_vendored.dir/api/prob3.c.o
[ 34%] Building C object vendor/glpk/CMakeFiles/glpk_vendored.dir/api/prob4.c.o
[ 34%] Building C object vendor/glpk/CMakeFiles/glpk_vendored.dir/api/prob5.c.o
[ 34%] Building C object vendor/glpk/CMakeFiles/glpk_vendored.dir/api/prrngs.c.o
[ 34%] Building C object vendor/glpk/CMakeFiles/glpk_vendored.dir/api/prsol.c.o
[ 34%] Building C object vendor/glpk/CMakeFiles/glpk_vendored.dir/api/rdasn.c.o
[ 35%] Building C object vendor/glpk/CMakeFiles/glpk_vendored.dir/api/rdcc.c.o
[ 35%] Building C object vendor/glpk/CMakeFiles/glpk_vendored.dir/api/rdcnf.c.o
[ 35%] Building C object vendor/glpk/CMakeFiles/glpk_vendored.dir/api/rdipt.c.o
[ 35%] Building C object vendor/glpk/CMakeFiles/glpk_vendored.dir/api/rdmaxf.c.o
[ 35%] Building C object vendor/glpk/CMakeFiles/glpk_vendored.dir/api/rdmcf.c.o
[ 35%] Building C object vendor/glpk/CMakeFiles/glpk_vendored.dir/api/rdmip.c.o
[ 35%] Building C object vendor/glpk/CMakeFiles/glpk_vendored.dir/api/rdprob.c.o
[ 35%] Building C object vendor/glpk/CMakeFiles/glpk_vendored.dir/api/rdsol.c.o
[ 35%] Building C object vendor/glpk/CMakeFiles/glpk_vendored.dir/api/rmfgen.c.o
[ 36%] Building C object vendor/glpk/CMakeFiles/glpk_vendored.dir/api/strong.c.o
[ 36%] Building C object vendor/glpk/CMakeFiles/glpk_vendored.dir/api/topsort.c.o
[ 36%] Building C object vendor/glpk/CMakeFiles/glpk_vendored.dir/api/wcliqex.c.o
[ 36%] Building C object vendor/glpk/CMakeFiles/glpk_vendored.dir/api/weak.c.o
[ 36%] Building C object vendor/glpk/CMakeFiles/glpk_vendored.dir/api/wrasn.c.o
[ 36%] Building C object vendor/glpk/CMakeFiles/glpk_vendored.dir/api/wrcc.c.o
[ 36%] Building C object vendor/glpk/CMakeFiles/glpk_vendored.dir/api/wrcnf.c.o
[ 36%] Building C object vendor/glpk/CMakeFiles/glpk_vendored.dir/api/wript.c.o
[ 36%] Building C object vendor/glpk/CMakeFiles/glpk_vendored.dir/api/wrmaxf.c.o
[ 37%] Building C object vendor/glpk/CMakeFiles/glpk_vendored.dir/api/wrmcf.c.o
[ 37%] Building C object vendor/glpk/CMakeFiles/glpk_vendored.dir/api/wrmip.c.o
[ 37%] Building C object vendor/glpk/CMakeFiles/glpk_vendored.dir/api/wrprob.c.o
[ 37%] Building C object vendor/glpk/CMakeFiles/glpk_vendored.dir/api/wrsol.c.o
[ 37%] Building C object vendor/glpk/CMakeFiles/glpk_vendored.dir/bflib/btf.c.o
[ 37%] Building C object vendor/glpk/CMakeFiles/glpk_vendored.dir/bflib/btfint.c.o
[ 37%] Building C object vendor/glpk/CMakeFiles/glpk_vendored.dir/bflib/fhv.c.o
[ 37%] Building C object vendor/glpk/CMakeFiles/glpk_vendored.dir/bflib/fhvint.c.o
[ 37%] Building C object vendor/glpk/CMakeFiles/glpk_vendored.dir/bflib/ifu.c.o
[ 38%] Building C object vendor/glpk/CMakeFiles/glpk_vendored.dir/bflib/luf.c.o
[ 38%] Building C object vendor/glpk/CMakeFiles/glpk_vendored.dir/bflib/lufint.c.o
[ 38%] Building C object vendor/glpk/CMakeFiles/glpk_vendored.dir/bflib/scf.c.o
[ 38%] Building C object vendor/glpk/CMakeFiles/glpk_vendored.dir/bflib/scfint.c.o
[ 38%] Building C object vendor/glpk/CMakeFiles/glpk_vendored.dir/bflib/sgf.c.o
[ 38%] Building C object vendor/glpk/CMakeFiles/glpk_vendored.dir/bflib/sva.c.o
[ 38%] Building C object vendor/glpk/CMakeFiles/glpk_vendored.dir/colamd/colamd.c.o
[ 38%] Building C object vendor/glpk/CMakeFiles/glpk_vendored.dir/draft/bfd.c.o
[ 38%] Building C object vendor/glpk/CMakeFiles/glpk_vendored.dir/draft/bfx.c.o
[ 40%] Building C object vendor/glpk/CMakeFiles/glpk_vendored.dir/draft/glpapi06.c.o
[ 40%] Building C object vendor/glpk/CMakeFiles/glpk_vendored.dir/draft/glpapi07.c.o
[ 40%] Building C object vendor/glpk/CMakeFiles/glpk_vendored.dir/draft/glpapi08.c.o
[ 40%] Building C object vendor/glpk/CMakeFiles/glpk_vendored.dir/draft/glpapi09.c.o
[ 40%] Building C object vendor/glpk/CMakeFiles/glpk_vendored.dir/draft/glpapi10.c.o
[ 40%] Building C object vendor/glpk/CMakeFiles/glpk_vendored.dir/draft/glpapi12.c.o
[ 40%] Building C object vendor/glpk/CMakeFiles/glpk_vendored.dir/draft/glpapi13.c.o
[ 40%] Building C object vendor/glpk/CMakeFiles/glpk_vendored.dir/draft/glpios01.c.o
[ 41%] Building C object vendor/glpk/CMakeFiles/glpk_vendored.dir/draft/glpios02.c.o
[ 41%] Building C object vendor/glpk/CMakeFiles/glpk_vendored.dir/draft/glpios03.c.o
[ 41%] Building C object vendor/glpk/CMakeFiles/glpk_vendored.dir/draft/glpios07.c.o
[ 41%] Building C object vendor/glpk/CMakeFiles/glpk_vendored.dir/draft/glpios09.c.o
[ 41%] Building C object vendor/glpk/CMakeFiles/glpk_vendored.dir/draft/glpios11.c.o
[ 41%] Building C object vendor/glpk/CMakeFiles/glpk_vendored.dir/draft/glpios12.c.o
[ 41%] Building C object vendor/glpk/CMakeFiles/glpk_vendored.dir/draft/glpipm.c.o
[ 41%] Building C object vendor/glpk/CMakeFiles/glpk_vendored.dir/draft/glpmat.c.o
In file included from /usr/include/string.h:548,
                 from /tmp/RtmpdsYinF/R.INSTALL35101dde6b/Rigraphlib/igraph/vendor/glpk/env/stdc.h:35,
                 from /tmp/RtmpdsYinF/R.INSTALL35101dde6b/Rigraphlib/igraph/vendor/glpk/env/env.h:25,
                 from /tmp/RtmpdsYinF/R.INSTALL35101dde6b/Rigraphlib/igraph/vendor/glpk/draft/glpmat.c:22:
In function ‘memset’,
    inlined from ‘_glp_mat_amd_order1’ at /tmp/RtmpdsYinF/R.INSTALL35101dde6b/Rigraphlib/igraph/vendor/glpk/draft/glpmat.c:515:7:
/usr/include/x86_64-linux-gnu/bits/string_fortified.h:59:10: warning: ‘__builtin_memset’ specified bound between 18446744065119617024 and 18446744073709551612 exceeds maximum object size 9223372036854775807 [-Wstringop-overflow=]
   59 |   return __builtin___memset_chk (__dest, __ch, __len,
      |          ^~~~~~~~~~~~~~~~~~~~~~~~~~~~~~~~~~~~~~~~~~~~
   60 |                                  __glibc_objsize0 (__dest));
      |                                  ~~~~~~~~~~~~~~~~~~~~~~~~~~
In function ‘memset’,
    inlined from ‘_glp_mat_symamd_ord’ at /tmp/RtmpdsYinF/R.INSTALL35101dde6b/Rigraphlib/igraph/vendor/glpk/draft/glpmat.c:557:7:
/usr/include/x86_64-linux-gnu/bits/string_fortified.h:59:10: warning: ‘__builtin_memset’ specified bound between 18446744065119617024 and 18446744073709551612 exceeds maximum object size 9223372036854775807 [-Wstringop-overflow=]
   59 |   return __builtin___memset_chk (__dest, __ch, __len,
      |          ^~~~~~~~~~~~~~~~~~~~~~~~~~~~~~~~~~~~~~~~~~~~
   60 |                                  __glibc_objsize0 (__dest));
      |                                  ~~~~~~~~~~~~~~~~~~~~~~~~~~
[ 41%] Building C object vendor/glpk/CMakeFiles/glpk_vendored.dir/draft/glpscl.c.o
[ 42%] Building C object vendor/glpk/CMakeFiles/glpk_vendored.dir/draft/glpssx01.c.o
[ 42%] Building C object vendor/glpk/CMakeFiles/glpk_vendored.dir/draft/glpssx02.c.o
[ 42%] Building C object vendor/glpk/CMakeFiles/glpk_vendored.dir/draft/lux.c.o
[ 42%] Building C object vendor/glpk/CMakeFiles/glpk_vendored.dir/env/alloc.c.o
[ 42%] Building C object vendor/glpk/CMakeFiles/glpk_vendored.dir/env/dlsup.c.o
[ 42%] Building C object vendor/glpk/CMakeFiles/glpk_vendored.dir/env/env.c.o
[ 42%] Building C object vendor/glpk/CMakeFiles/glpk_vendored.dir/env/error.c.o
[ 42%] Building C object vendor/glpk/CMakeFiles/glpk_vendored.dir/env/stdc.c.o
[ 42%] Building C object vendor/glpk/CMakeFiles/glpk_vendored.dir/env/stdout.c.o
[ 43%] Building C object vendor/glpk/CMakeFiles/glpk_vendored.dir/env/stream.c.o
[ 43%] Building C object vendor/glpk/CMakeFiles/glpk_vendored.dir/env/time.c.o
[ 43%] Building C object vendor/glpk/CMakeFiles/glpk_vendored.dir/env/tls.c.o
[ 43%] Building C object vendor/glpk/CMakeFiles/glpk_vendored.dir/intopt/cfg.c.o
[ 43%] Building C object vendor/glpk/CMakeFiles/glpk_vendored.dir/intopt/cfg1.c.o
[ 43%] Building C object vendor/glpk/CMakeFiles/glpk_vendored.dir/intopt/cfg2.c.o
[ 43%] Building C object vendor/glpk/CMakeFiles/glpk_vendored.dir/intopt/clqcut.c.o
[ 43%] Building C object vendor/glpk/CMakeFiles/glpk_vendored.dir/intopt/covgen.c.o
[ 43%] Building C object vendor/glpk/CMakeFiles/glpk_vendored.dir/intopt/fpump.c.o
[ 44%] Building C object vendor/glpk/CMakeFiles/glpk_vendored.dir/intopt/gmicut.c.o
[ 44%] Building C object vendor/glpk/CMakeFiles/glpk_vendored.dir/intopt/gmigen.c.o
[ 44%] Building C object vendor/glpk/CMakeFiles/glpk_vendored.dir/intopt/mirgen.c.o
[ 44%] Building C object vendor/glpk/CMakeFiles/glpk_vendored.dir/intopt/spv.c.o
[ 44%] Building C object vendor/glpk/CMakeFiles/glpk_vendored.dir/minisat/minisat.c.o
[ 44%] Building C object vendor/glpk/CMakeFiles/glpk_vendored.dir/misc/avl.c.o
[ 44%] Building C object vendor/glpk/CMakeFiles/glpk_vendored.dir/misc/bignum.c.o
[ 44%] Building C object vendor/glpk/CMakeFiles/glpk_vendored.dir/misc/dimacs.c.o
[ 44%] Building C object vendor/glpk/CMakeFiles/glpk_vendored.dir/misc/dmp.c.o
[ 45%] Building C object vendor/glpk/CMakeFiles/glpk_vendored.dir/misc/ffalg.c.o
[ 45%] Building C object vendor/glpk/CMakeFiles/glpk_vendored.dir/misc/fp2rat.c.o
[ 45%] Building C object vendor/glpk/CMakeFiles/glpk_vendored.dir/misc/fvs.c.o
[ 45%] Building C object vendor/glpk/CMakeFiles/glpk_vendored.dir/misc/gcd.c.o
[ 45%] Building C object vendor/glpk/CMakeFiles/glpk_vendored.dir/misc/hbm.c.o
[ 45%] Building C object vendor/glpk/CMakeFiles/glpk_vendored.dir/misc/jd.c.o
[ 45%] Building C object vendor/glpk/CMakeFiles/glpk_vendored.dir/misc/keller.c.o
In file included from /usr/include/string.h:548,
                 from /tmp/RtmpdsYinF/R.INSTALL35101dde6b/Rigraphlib/igraph/vendor/glpk/env/stdc.h:35,
                 from /tmp/RtmpdsYinF/R.INSTALL35101dde6b/Rigraphlib/igraph/vendor/glpk/env/env.h:25,
                 from /tmp/RtmpdsYinF/R.INSTALL35101dde6b/Rigraphlib/igraph/vendor/glpk/misc/keller.c:23:
In function ‘memset’,
    inlined from ‘_glp_kellerman’ at /tmp/RtmpdsYinF/R.INSTALL35101dde6b/Rigraphlib/igraph/vendor/glpk/misc/keller.c:107:7:
/usr/include/x86_64-linux-gnu/bits/string_fortified.h:59:10: warning: ‘__builtin_memset’ specified bound between 18446744065119617024 and 18446744073709551612 exceeds maximum object size 9223372036854775807 [-Wstringop-overflow=]
   59 |   return __builtin___memset_chk (__dest, __ch, __len,
      |          ^~~~~~~~~~~~~~~~~~~~~~~~~~~~~~~~~~~~~~~~~~~~
   60 |                                  __glibc_objsize0 (__dest));
      |                                  ~~~~~~~~~~~~~~~~~~~~~~~~~~
In function ‘memset’,
    inlined from ‘_glp_kellerman’ at /tmp/RtmpdsYinF/R.INSTALL35101dde6b/Rigraphlib/igraph/vendor/glpk/misc/keller.c:112:7:
/usr/include/x86_64-linux-gnu/bits/string_fortified.h:59:10: warning: ‘__builtin_memset’ specified bound between 18446744065119617024 and 18446744073709551612 exceeds maximum object size 9223372036854775807 [-Wstringop-overflow=]
   59 |   return __builtin___memset_chk (__dest, __ch, __len,
      |          ^~~~~~~~~~~~~~~~~~~~~~~~~~~~~~~~~~~~~~~~~~~~
   60 |                                  __glibc_objsize0 (__dest));
      |                                  ~~~~~~~~~~~~~~~~~~~~~~~~~~
[ 45%] Building C object vendor/glpk/CMakeFiles/glpk_vendored.dir/misc/ks.c.o
[ 47%] Building C object vendor/glpk/CMakeFiles/glpk_vendored.dir/misc/mc13d.c.o
[ 47%] Building C object vendor/glpk/CMakeFiles/glpk_vendored.dir/misc/mc21a.c.o
[ 47%] Building C object vendor/glpk/CMakeFiles/glpk_vendored.dir/misc/mt1.c.o
[ 47%] Building C object vendor/glpk/CMakeFiles/glpk_vendored.dir/misc/mygmp.c.o
[ 47%] Building C object vendor/glpk/CMakeFiles/glpk_vendored.dir/misc/okalg.c.o
[ 47%] Building C object vendor/glpk/CMakeFiles/glpk_vendored.dir/misc/qmd.c.o
[ 47%] Building C object vendor/glpk/CMakeFiles/glpk_vendored.dir/misc/relax4.c.o
[ 47%] Building C object vendor/glpk/CMakeFiles/glpk_vendored.dir/misc/rgr.c.o
[ 47%] Building C object vendor/glpk/CMakeFiles/glpk_vendored.dir/misc/rng.c.o
[ 48%] Building C object vendor/glpk/CMakeFiles/glpk_vendored.dir/misc/rng1.c.o
[ 48%] Building C object vendor/glpk/CMakeFiles/glpk_vendored.dir/misc/round2n.c.o
[ 48%] Building C object vendor/glpk/CMakeFiles/glpk_vendored.dir/misc/spm.c.o
[ 48%] Building C object vendor/glpk/CMakeFiles/glpk_vendored.dir/misc/str2int.c.o
[ 48%] Building C object vendor/glpk/CMakeFiles/glpk_vendored.dir/misc/str2num.c.o
[ 48%] Building C object vendor/glpk/CMakeFiles/glpk_vendored.dir/misc/strspx.c.o
[ 48%] Building C object vendor/glpk/CMakeFiles/glpk_vendored.dir/misc/strtrim.c.o
[ 48%] Building C object vendor/glpk/CMakeFiles/glpk_vendored.dir/misc/triang.c.o
[ 48%] Building C object vendor/glpk/CMakeFiles/glpk_vendored.dir/misc/wclique.c.o
[ 49%] Building C object vendor/glpk/CMakeFiles/glpk_vendored.dir/misc/wclique1.c.o
In file included from /usr/include/string.h:548,
                 from /tmp/RtmpdsYinF/R.INSTALL35101dde6b/Rigraphlib/igraph/vendor/glpk/env/stdc.h:35,
                 from /tmp/RtmpdsYinF/R.INSTALL35101dde6b/Rigraphlib/igraph/vendor/glpk/env/env.h:25,
                 from /tmp/RtmpdsYinF/R.INSTALL35101dde6b/Rigraphlib/igraph/vendor/glpk/misc/wclique1.c:22:
In function ‘memset’,
    inlined from ‘_glp_wclique1’ at /tmp/RtmpdsYinF/R.INSTALL35101dde6b/Rigraphlib/igraph/vendor/glpk/misc/wclique1.c:111:7:
/usr/include/x86_64-linux-gnu/bits/string_fortified.h:59:10: warning: ‘__builtin_memset’ specified bound between 18446744071562067968 and 18446744073709551615 exceeds maximum object size 9223372036854775807 [-Wstringop-overflow=]
   59 |   return __builtin___memset_chk (__dest, __ch, __len,
      |          ^~~~~~~~~~~~~~~~~~~~~~~~~~~~~~~~~~~~~~~~~~~~
   60 |                                  __glibc_objsize0 (__dest));
      |                                  ~~~~~~~~~~~~~~~~~~~~~~~~~~
In function ‘memset’,
    inlined from ‘_glp_wclique1’ at /tmp/RtmpdsYinF/R.INSTALL35101dde6b/Rigraphlib/igraph/vendor/glpk/misc/wclique1.c:113:7:
/usr/include/x86_64-linux-gnu/bits/string_fortified.h:59:10: warning: ‘__builtin_memset’ specified bound between 18446744071562067968 and 18446744073709551615 exceeds maximum object size 9223372036854775807 [-Wstringop-overflow=]
   59 |   return __builtin___memset_chk (__dest, __ch, __len,
      |          ^~~~~~~~~~~~~~~~~~~~~~~~~~~~~~~~~~~~~~~~~~~~
   60 |                                  __glibc_objsize0 (__dest));
      |                                  ~~~~~~~~~~~~~~~~~~~~~~~~~~
[ 49%] Building C object vendor/glpk/CMakeFiles/glpk_vendored.dir/mpl/mpl1.c.o
[ 49%] Building C object vendor/glpk/CMakeFiles/glpk_vendored.dir/mpl/mpl2.c.o
[ 49%] Building C object vendor/glpk/CMakeFiles/glpk_vendored.dir/mpl/mpl3.c.o
[ 49%] Building C object vendor/glpk/CMakeFiles/glpk_vendored.dir/mpl/mpl4.c.o
[ 49%] Building C object vendor/glpk/CMakeFiles/glpk_vendored.dir/mpl/mpl5.c.o
[ 49%] Building C object vendor/glpk/CMakeFiles/glpk_vendored.dir/mpl/mpl6.c.o
[ 49%] Building C object vendor/glpk/CMakeFiles/glpk_vendored.dir/mpl/mplsql.c.o
[ 49%] Building C object vendor/glpk/CMakeFiles/glpk_vendored.dir/npp/npp1.c.o
[ 50%] Building C object vendor/glpk/CMakeFiles/glpk_vendored.dir/npp/npp2.c.o
[ 50%] Building C object vendor/glpk/CMakeFiles/glpk_vendored.dir/npp/npp3.c.o
[ 50%] Building C object vendor/glpk/CMakeFiles/glpk_vendored.dir/npp/npp4.c.o
[ 50%] Building C object vendor/glpk/CMakeFiles/glpk_vendored.dir/npp/npp5.c.o
[ 50%] Building C object vendor/glpk/CMakeFiles/glpk_vendored.dir/npp/npp6.c.o
/tmp/RtmpdsYinF/R.INSTALL35101dde6b/Rigraphlib/igraph/vendor/glpk/npp/npp6.c: In function ‘_glp_npp_sat_encode_sum_ax’:
/tmp/RtmpdsYinF/R.INSTALL35101dde6b/Rigraphlib/igraph/vendor/glpk/npp/npp6.c:853:17: warning: ‘__builtin_memset’ writing between 256 and 17179869176 bytes into a region of size 248 overflows the destination [-Wstringop-overflow=]
  853 |          set[k] = NULL;
      |                 ^
/tmp/RtmpdsYinF/R.INSTALL35101dde6b/Rigraphlib/igraph/vendor/glpk/npp/npp6.c:836:15: note: at offset 8 into destination object ‘set’ of size 256
  836 |       NPPLSE *set[1+NBIT_MAX], *lse;
      |               ^~~
[ 50%] Building C object vendor/glpk/CMakeFiles/glpk_vendored.dir/proxy/proxy.c.o
[ 50%] Building C object vendor/glpk/CMakeFiles/glpk_vendored.dir/proxy/proxy1.c.o
[ 50%] Building C object vendor/glpk/CMakeFiles/glpk_vendored.dir/simplex/spxat.c.o
[ 50%] Building C object vendor/glpk/CMakeFiles/glpk_vendored.dir/simplex/spxchuzc.c.o
[ 51%] Building C object vendor/glpk/CMakeFiles/glpk_vendored.dir/simplex/spxchuzr.c.o
[ 51%] Building C object vendor/glpk/CMakeFiles/glpk_vendored.dir/simplex/spxlp.c.o
[ 51%] Building C object vendor/glpk/CMakeFiles/glpk_vendored.dir/simplex/spxnt.c.o
[ 51%] Building C object vendor/glpk/CMakeFiles/glpk_vendored.dir/simplex/spxprim.c.o
[ 51%] Building C object vendor/glpk/CMakeFiles/glpk_vendored.dir/simplex/spxprob.c.o
[ 51%] Building C object vendor/glpk/CMakeFiles/glpk_vendored.dir/simplex/spychuzc.c.o
[ 51%] Building C object vendor/glpk/CMakeFiles/glpk_vendored.dir/simplex/spychuzr.c.o
[ 51%] Building C object vendor/glpk/CMakeFiles/glpk_vendored.dir/simplex/spydual.c.o
[ 51%] Built target glpk_vendored
[ 51%] Building CXX object vendor/infomap/CMakeFiles/infomap_vendored.dir/src/core/MetaMapEquation.cpp.o
[ 51%] Building CXX object vendor/infomap/CMakeFiles/infomap_vendored.dir/src/core/MemMapEquation.cpp.o
[ 51%] Building CXX object vendor/infomap/CMakeFiles/infomap_vendored.dir/src/core/InfoEdge.cpp.o
[ 51%] Building CXX object vendor/infomap/CMakeFiles/infomap_vendored.dir/src/core/BiasedMapEquation.cpp.o
[ 51%] Building CXX object vendor/infomap/CMakeFiles/infomap_vendored.dir/src/core/StateNetwork.cpp.o
[ 51%] Building CXX object vendor/infomap/CMakeFiles/infomap_vendored.dir/src/core/iterators/InfomapIterator.cpp.o
[ 51%] Building CXX object vendor/infomap/CMakeFiles/infomap_vendored.dir/src/core/InfomapBase.cpp.o
[ 51%] Building CXX object vendor/infomap/CMakeFiles/infomap_vendored.dir/src/core/InfoNode.cpp.o
[ 52%] Building CXX object vendor/infomap/CMakeFiles/infomap_vendored.dir/src/io/Network.cpp.o
[ 52%] Building CXX object vendor/infomap/CMakeFiles/infomap_vendored.dir/src/io/ClusterMap.cpp.o
[ 52%] Building CXX object vendor/infomap/CMakeFiles/infomap_vendored.dir/src/io/ProgramInterface.cpp.o
[ 52%] Building CXX object vendor/infomap/CMakeFiles/infomap_vendored.dir/src/io/Output.cpp.o
[ 52%] Building CXX object vendor/infomap/CMakeFiles/infomap_vendored.dir/src/io/Config.cpp.o
[ 52%] Building CXX object vendor/infomap/CMakeFiles/infomap_vendored.dir/src/utils/Log.cpp.o
[ 52%] Building CXX object vendor/infomap/CMakeFiles/infomap_vendored.dir/src/utils/FileURI.cpp.o
[ 52%] Building CXX object vendor/infomap/CMakeFiles/infomap_vendored.dir/src/utils/FlowCalculator.cpp.o
[ 52%] Built target infomap_vendored
[ 52%] Building C object vendor/lapack/CMakeFiles/arpack_vendored.dir/dnaupd.c.o
[ 52%] Building C object vendor/lapack/CMakeFiles/arpack_vendored.dir/dnaup2.c.o
[ 52%] Building C object vendor/lapack/CMakeFiles/arpack_vendored.dir/dgetv0.c.o
[ 52%] Building C object vendor/lapack/CMakeFiles/arpack_vendored.dir/dvout.c.o
[ 52%] Building C object vendor/lapack/CMakeFiles/arpack_vendored.dir/arscnd.c.o
[ 52%] Building C object vendor/lapack/CMakeFiles/arpack_vendored.dir/dmout.c.o
[ 54%] Building C object vendor/lapack/CMakeFiles/arpack_vendored.dir/dnaitr.c.o
[ 54%] Building C object vendor/lapack/CMakeFiles/arpack_vendored.dir/ivout.c.o
[ 54%] Building C object vendor/lapack/CMakeFiles/arpack_vendored.dir/dnapps.c.o
[ 54%] Building C object vendor/lapack/CMakeFiles/arpack_vendored.dir/dnconv.c.o
[ 54%] Building C object vendor/lapack/CMakeFiles/arpack_vendored.dir/dneigh.c.o
[ 54%] Building C object vendor/lapack/CMakeFiles/arpack_vendored.dir/dlaqrb.c.o
[ 54%] Building C object vendor/lapack/CMakeFiles/arpack_vendored.dir/dngets.c.o
[ 54%] Building C object vendor/lapack/CMakeFiles/arpack_vendored.dir/dsortc.c.o
[ 54%] Building C object vendor/lapack/CMakeFiles/arpack_vendored.dir/dneupd.c.o
[ 55%] Building C object vendor/lapack/CMakeFiles/arpack_vendored.dir/dsaupd.c.o
[ 55%] Building C object vendor/lapack/CMakeFiles/arpack_vendored.dir/dsaup2.c.o
[ 55%] Building C object vendor/lapack/CMakeFiles/arpack_vendored.dir/dsaitr.c.o
[ 55%] Building C object vendor/lapack/CMakeFiles/arpack_vendored.dir/dsapps.c.o
[ 55%] Building C object vendor/lapack/CMakeFiles/arpack_vendored.dir/dsconv.c.o
[ 55%] Building C object vendor/lapack/CMakeFiles/arpack_vendored.dir/dseigt.c.o
[ 55%] Building C object vendor/lapack/CMakeFiles/arpack_vendored.dir/dstqrb.c.o
[ 55%] Building C object vendor/lapack/CMakeFiles/arpack_vendored.dir/dsgets.c.o
[ 55%] Building C object vendor/lapack/CMakeFiles/arpack_vendored.dir/dsortr.c.o
[ 56%] Building C object vendor/lapack/CMakeFiles/arpack_vendored.dir/dstats.c.o
[ 56%] Building C object vendor/lapack/CMakeFiles/arpack_vendored.dir/dseupd.c.o
[ 56%] Building C object vendor/lapack/CMakeFiles/arpack_vendored.dir/dsesrt.c.o
[ 56%] Built target arpack_vendored
[ 57%] Building C object vendor/mini-gmp/CMakeFiles/gmp_vendored.dir/mini-gmp.c.o
[ 57%] Built target gmp_vendored
[ 58%] Building C object vendor/pcg/CMakeFiles/pcg.dir/pcg-advance-64.c.o
[ 58%] Building C object vendor/pcg/CMakeFiles/pcg.dir/pcg-advance-128.c.o
[ 58%] Building C object vendor/pcg/CMakeFiles/pcg.dir/pcg-output-32.c.o
[ 58%] Building C object vendor/pcg/CMakeFiles/pcg.dir/pcg-output-64.c.o
[ 58%] Building C object vendor/pcg/CMakeFiles/pcg.dir/pcg-output-128.c.o
[ 58%] Building C object vendor/pcg/CMakeFiles/pcg.dir/pcg-rngs-64.c.o
[ 58%] Building C object vendor/pcg/CMakeFiles/pcg.dir/pcg-rngs-128.c.o
[ 58%] Built target pcg
[ 58%] Building C object vendor/plfit/CMakeFiles/plfit_vendored.dir/gss.c.o
[ 58%] Building C object vendor/plfit/CMakeFiles/plfit_vendored.dir/hzeta.c.o
[ 60%] Building C object vendor/plfit/CMakeFiles/plfit_vendored.dir/kolmogorov.c.o
[ 60%] Building C object vendor/plfit/CMakeFiles/plfit_vendored.dir/lbfgs.c.o
[ 60%] Building C object vendor/plfit/CMakeFiles/plfit_vendored.dir/mt.c.o
[ 60%] Building C object vendor/plfit/CMakeFiles/plfit_vendored.dir/options.c.o
[ 60%] Building C object vendor/plfit/CMakeFiles/plfit_vendored.dir/plfit.c.o
[ 60%] Building C object vendor/plfit/CMakeFiles/plfit_vendored.dir/plfit_error.c.o
[ 60%] Building C object vendor/plfit/CMakeFiles/plfit_vendored.dir/rbinom.c.o
[ 60%] Building C object vendor/plfit/CMakeFiles/plfit_vendored.dir/sampling.c.o
[ 60%] Built target plfit_vendored
[ 60%] Building C object vendor/qhull/CMakeFiles/qhull_vendored.dir/libqhull_r/accessors_r.c.o
[ 61%] Building C object vendor/qhull/CMakeFiles/qhull_vendored.dir/libqhull_r/geom_r.c.o
[ 61%] Building C object vendor/qhull/CMakeFiles/qhull_vendored.dir/libqhull_r/geom2_r.c.o
[ 61%] Building C object vendor/qhull/CMakeFiles/qhull_vendored.dir/libqhull_r/global_r.c.o
[ 61%] Building C object vendor/qhull/CMakeFiles/qhull_vendored.dir/libqhull_r/io_r.c.o
[ 61%] Building C object vendor/qhull/CMakeFiles/qhull_vendored.dir/libqhull_r/libqhull_r.c.o
[ 61%] Building C object vendor/qhull/CMakeFiles/qhull_vendored.dir/libqhull_r/mem_r.c.o
[ 61%] Building C object vendor/qhull/CMakeFiles/qhull_vendored.dir/libqhull_r/merge_r.c.o
[ 61%] Building C object vendor/qhull/CMakeFiles/qhull_vendored.dir/libqhull_r/poly_r.c.o
[ 61%] Building C object vendor/qhull/CMakeFiles/qhull_vendored.dir/libqhull_r/poly2_r.c.o
[ 62%] Building C object vendor/qhull/CMakeFiles/qhull_vendored.dir/libqhull_r/qset_r.c.o
[ 62%] Building C object vendor/qhull/CMakeFiles/qhull_vendored.dir/libqhull_r/random_r.c.o
[ 62%] Building C object vendor/qhull/CMakeFiles/qhull_vendored.dir/libqhull_r/rboxlib_r.c.o
[ 62%] Building C object vendor/qhull/CMakeFiles/qhull_vendored.dir/libqhull_r/stat_r.c.o
[ 62%] Building C object vendor/qhull/CMakeFiles/qhull_vendored.dir/libqhull_r/user_r.c.o
[ 62%] Building C object vendor/qhull/CMakeFiles/qhull_vendored.dir/libqhull_r/usermem_r.c.o
[ 62%] Building C object vendor/qhull/CMakeFiles/qhull_vendored.dir/libqhull_r/userprintf_r.c.o
[ 62%] Building C object vendor/qhull/CMakeFiles/qhull_vendored.dir/libqhull_r/userprintf_rbox_r.c.o
[ 62%] Built target qhull_vendored
[ 62%] Built target parsersources
[ 62%] Building CXX object src/centrality/prpack/CMakeFiles/prpack.dir/prpack_base_graph.cpp.o
[ 63%] Building CXX object src/centrality/prpack/CMakeFiles/prpack.dir/prpack_igraph_graph.cpp.o
[ 63%] Building CXX object src/centrality/prpack/CMakeFiles/prpack.dir/prpack_preprocessed_ge_graph.cpp.o
[ 63%] Building CXX object src/centrality/prpack/CMakeFiles/prpack.dir/prpack_preprocessed_gs_graph.cpp.o
[ 63%] Building CXX object src/centrality/prpack/CMakeFiles/prpack.dir/prpack_preprocessed_scc_graph.cpp.o
[ 63%] Building CXX object src/centrality/prpack/CMakeFiles/prpack.dir/prpack_preprocessed_schur_graph.cpp.o
[ 63%] Building CXX object src/centrality/prpack/CMakeFiles/prpack.dir/prpack_result.cpp.o
[ 63%] Building CXX object src/centrality/prpack/CMakeFiles/prpack.dir/prpack_solver.cpp.o
[ 63%] Building CXX object src/centrality/prpack/CMakeFiles/prpack.dir/prpack_utils.cpp.o
[ 63%] Built target prpack
[ 63%] Building C object src/cliques/cliquer/CMakeFiles/cliquer.dir/cliquer.c.o
[ 63%] Building C object src/cliques/cliquer/CMakeFiles/cliquer.dir/cliquer_graph.c.o
[ 63%] Building C object src/cliques/cliquer/CMakeFiles/cliquer.dir/reorder.c.o
[ 63%] Built target cliquer
[ 63%] Building C object src/CMakeFiles/igraph.dir/core/bitset.c.o
[ 63%] Building C object src/CMakeFiles/igraph.dir/core/bitset_list.c.o
[ 63%] Building C object src/CMakeFiles/igraph.dir/core/buckets.c.o
[ 63%] Building C object src/CMakeFiles/igraph.dir/core/cutheap.c.o
[ 63%] Building C object src/CMakeFiles/igraph.dir/core/dqueue.c.o
[ 63%] Building C object src/CMakeFiles/igraph.dir/core/error.c.o
[ 63%] Building C object src/CMakeFiles/igraph.dir/core/estack.c.o
[ 63%] Building C object src/CMakeFiles/igraph.dir/core/fixed_vectorlist.c.o
[ 64%] Building C object src/CMakeFiles/igraph.dir/core/genheap.c.o
[ 64%] Building C object src/CMakeFiles/igraph.dir/core/grid.c.o
[ 64%] Building C object src/CMakeFiles/igraph.dir/core/heap.c.o
[ 64%] Building C object src/CMakeFiles/igraph.dir/core/indheap.c.o
[ 64%] Building C object src/CMakeFiles/igraph.dir/core/interruption.c.o
[ 64%] Building C object src/CMakeFiles/igraph.dir/core/marked_queue.c.o
[ 64%] Building C object src/CMakeFiles/igraph.dir/core/matrix.c.o
[ 64%] Building C object src/CMakeFiles/igraph.dir/core/matrix_list.c.o
[ 64%] Building C object src/CMakeFiles/igraph.dir/core/memory.c.o
[ 65%] Building C object src/CMakeFiles/igraph.dir/core/printing.c.o
[ 65%] Building C object src/CMakeFiles/igraph.dir/core/progress.c.o
[ 65%] Building C object src/CMakeFiles/igraph.dir/core/psumtree.c.o
[ 65%] Building C object src/CMakeFiles/igraph.dir/core/set.c.o
[ 65%] Building C object src/CMakeFiles/igraph.dir/core/setup.c.o
[ 65%] Building C object src/CMakeFiles/igraph.dir/core/sparsemat.c.o
[ 65%] Building C object src/CMakeFiles/igraph.dir/core/stack.c.o
[ 65%] Building C object src/CMakeFiles/igraph.dir/core/statusbar.c.o
[ 65%] Building C object src/CMakeFiles/igraph.dir/core/strvector.c.o
[ 67%] Building C object src/CMakeFiles/igraph.dir/core/trie.c.o
[ 67%] Building C object src/CMakeFiles/igraph.dir/core/vector.c.o
[ 67%] Building C object src/CMakeFiles/igraph.dir/core/vector_list.c.o
[ 67%] Building C object src/CMakeFiles/igraph.dir/core/vector_ptr.c.o
[ 67%] Building C object src/CMakeFiles/igraph.dir/math/complex.c.o
[ 67%] Building C object src/CMakeFiles/igraph.dir/math/safe_intop.c.o
[ 67%] Building C object src/CMakeFiles/igraph.dir/math/utils.c.o
[ 67%] Building C object src/CMakeFiles/igraph.dir/linalg/arpack.c.o
[ 67%] Building C object src/CMakeFiles/igraph.dir/linalg/blas.c.o
[ 68%] Building C object src/CMakeFiles/igraph.dir/linalg/eigen.c.o
[ 68%] Building C object src/CMakeFiles/igraph.dir/linalg/lapack.c.o
[ 68%] Building C object src/CMakeFiles/igraph.dir/random/random.c.o
[ 68%] Building CXX object src/CMakeFiles/igraph.dir/random/random_device.cpp.o
[ 68%] Building C object src/CMakeFiles/igraph.dir/random/rng_glibc2.c.o
[ 68%] Building C object src/CMakeFiles/igraph.dir/random/rng_mt19937.c.o
[ 68%] Building C object src/CMakeFiles/igraph.dir/random/rng_pcg32.c.o
[ 68%] Building C object src/CMakeFiles/igraph.dir/random/rng_pcg64.c.o
[ 69%] Building C object src/CMakeFiles/igraph.dir/random/sampling.c.o
[ 69%] Building C object src/CMakeFiles/igraph.dir/graph/adjlist.c.o
[ 69%] Building C object src/CMakeFiles/igraph.dir/graph/attributes.c.o
[ 69%] Building C object src/CMakeFiles/igraph.dir/graph/basic_query.c.o
[ 69%] Building C object src/CMakeFiles/igraph.dir/graph/caching.c.o
[ 69%] Building C object src/CMakeFiles/igraph.dir/graph/cattributes.c.o
[ 69%] Building C object src/CMakeFiles/igraph.dir/graph/graph_list.c.o
[ 69%] Building C object src/CMakeFiles/igraph.dir/graph/iterators.c.o
[ 69%] Building C object src/CMakeFiles/igraph.dir/graph/type_common.c.o
[ 70%] Building C object src/CMakeFiles/igraph.dir/graph/type_indexededgelist.c.o
[ 70%] Building C object src/CMakeFiles/igraph.dir/graph/visitors.c.o
[ 70%] Building C object src/CMakeFiles/igraph.dir/constructors/adjacency.c.o
[ 70%] Building C object src/CMakeFiles/igraph.dir/constructors/atlas.c.o
[ 70%] Building C object src/CMakeFiles/igraph.dir/constructors/basic_constructors.c.o
[ 70%] Building C object src/CMakeFiles/igraph.dir/constructors/circulant.c.o
[ 70%] Building C object src/CMakeFiles/igraph.dir/constructors/de_bruijn.c.o
[ 70%] Building C object src/CMakeFiles/igraph.dir/constructors/famous.c.o
[ 70%] Building C object src/CMakeFiles/igraph.dir/constructors/full.c.o
[ 71%] Building C object src/CMakeFiles/igraph.dir/constructors/generalized_petersen.c.o
[ 71%] Building C object src/CMakeFiles/igraph.dir/constructors/kautz.c.o
[ 71%] Building C object src/CMakeFiles/igraph.dir/constructors/lattices.c.o
[ 71%] Building C object src/CMakeFiles/igraph.dir/constructors/lcf.c.o
[ 71%] Building C object src/CMakeFiles/igraph.dir/constructors/linegraph.c.o
[ 71%] Building C object src/CMakeFiles/igraph.dir/constructors/mycielskian.c.o
[ 71%] Building C object src/CMakeFiles/igraph.dir/constructors/prufer.c.o
[ 71%] Building C object src/CMakeFiles/igraph.dir/constructors/regular.c.o
[ 71%] Building C object src/CMakeFiles/igraph.dir/constructors/trees.c.o
[ 72%] Building C object src/CMakeFiles/igraph.dir/games/barabasi.c.o
[ 72%] Building C object src/CMakeFiles/igraph.dir/games/callaway_traits.c.o
[ 72%] Building C object src/CMakeFiles/igraph.dir/games/chung_lu.c.o
[ 72%] Building C object src/CMakeFiles/igraph.dir/games/citations.c.o
[ 72%] Building C object src/CMakeFiles/igraph.dir/games/correlated.c.o
[ 72%] Building CXX object src/CMakeFiles/igraph.dir/games/degree_sequence_vl/gengraph_degree_sequence.cpp.o
[ 72%] Building CXX object src/CMakeFiles/igraph.dir/games/degree_sequence_vl/gengraph_graph_molloy_hash.cpp.o
[ 72%] Building CXX object src/CMakeFiles/igraph.dir/games/degree_sequence_vl/gengraph_graph_molloy_optimized.cpp.o
[ 72%] Building CXX object src/CMakeFiles/igraph.dir/games/degree_sequence_vl/gengraph_mr-connected.cpp.o
[ 74%] Building C object src/CMakeFiles/igraph.dir/games/degree_sequence.c.o
[ 74%] Building C object src/CMakeFiles/igraph.dir/games/dotproduct.c.o
[ 74%] Building C object src/CMakeFiles/igraph.dir/games/erdos_renyi.c.o
[ 74%] Building C object src/CMakeFiles/igraph.dir/games/establishment.c.o
[ 74%] Building C object src/CMakeFiles/igraph.dir/games/forestfire.c.o
[ 74%] Building C object src/CMakeFiles/igraph.dir/games/grg.c.o
[ 74%] Building C object src/CMakeFiles/igraph.dir/games/growing_random.c.o
[ 74%] Building C object src/CMakeFiles/igraph.dir/games/islands.c.o
[ 75%] Building C object src/CMakeFiles/igraph.dir/games/k_regular.c.o
[ 75%] Building C object src/CMakeFiles/igraph.dir/games/preference.c.o
[ 75%] Building C object src/CMakeFiles/igraph.dir/games/recent_degree.c.o
[ 75%] Building C object src/CMakeFiles/igraph.dir/games/sbm.c.o
[ 75%] Building C object src/CMakeFiles/igraph.dir/games/static_fitness.c.o
[ 75%] Building C object src/CMakeFiles/igraph.dir/games/tree.c.o
[ 75%] Building C object src/CMakeFiles/igraph.dir/games/watts_strogatz.c.o
[ 75%] Building C object src/CMakeFiles/igraph.dir/centrality/betweenness.c.o
[ 75%] Building C object src/CMakeFiles/igraph.dir/centrality/centrality_other.c.o
[ 76%] Building C object src/CMakeFiles/igraph.dir/centrality/centralization.c.o
[ 76%] Building C object src/CMakeFiles/igraph.dir/centrality/closeness.c.o
[ 76%] Building C object src/CMakeFiles/igraph.dir/centrality/coreness.c.o
[ 76%] Building C object src/CMakeFiles/igraph.dir/centrality/eigenvector.c.o
[ 76%] Building C object src/CMakeFiles/igraph.dir/centrality/hub_authority.c.o
[ 76%] Building C object src/CMakeFiles/igraph.dir/centrality/pagerank.c.o
[ 76%] Building CXX object src/CMakeFiles/igraph.dir/centrality/truss.cpp.o
[ 76%] Building CXX object src/CMakeFiles/igraph.dir/centrality/prpack.cpp.o
[ 76%] Building C object src/CMakeFiles/igraph.dir/cliques/cliquer_wrapper.c.o
[ 77%] Building C object src/CMakeFiles/igraph.dir/cliques/cliques.c.o
[ 77%] Building C object src/CMakeFiles/igraph.dir/cliques/maximal_cliques.c.o
[ 77%] Building C object src/CMakeFiles/igraph.dir/cliques/glet.c.o
[ 77%] Building C object src/CMakeFiles/igraph.dir/community/community_misc.c.o
[ 77%] Building C object src/CMakeFiles/igraph.dir/community/edge_betweenness.c.o
[ 77%] Building C object src/CMakeFiles/igraph.dir/community/fast_modularity.c.o
[ 77%] Building C object src/CMakeFiles/igraph.dir/community/fluid.c.o
[ 77%] Building C object src/CMakeFiles/igraph.dir/community/label_propagation.c.o
[ 77%] Building C object src/CMakeFiles/igraph.dir/community/leading_eigenvector.c.o
[ 78%] Building C object src/CMakeFiles/igraph.dir/community/leiden.c.o
[ 78%] Building C object src/CMakeFiles/igraph.dir/community/louvain.c.o
[ 78%] Building C object src/CMakeFiles/igraph.dir/community/modularity.c.o
[ 78%] Building CXX object src/CMakeFiles/igraph.dir/community/infomap.cpp.o
[ 78%] Building C object src/CMakeFiles/igraph.dir/community/optimal_modularity.c.o
[ 78%] Building CXX object src/CMakeFiles/igraph.dir/community/spinglass/clustertool.cpp.o
[ 78%] Building CXX object src/CMakeFiles/igraph.dir/community/spinglass/NetDataTypes.cpp.o
[ 78%] Building CXX object src/CMakeFiles/igraph.dir/community/spinglass/NetRoutines.cpp.o
[ 78%] Building CXX object src/CMakeFiles/igraph.dir/community/spinglass/pottsmodel_2.cpp.o
[ 80%] Building C object src/CMakeFiles/igraph.dir/community/voronoi.c.o
[ 80%] Building CXX object src/CMakeFiles/igraph.dir/community/walktrap/walktrap_communities.cpp.o
[ 80%] Building CXX object src/CMakeFiles/igraph.dir/community/walktrap/walktrap_graph.cpp.o
[ 80%] Building CXX object src/CMakeFiles/igraph.dir/community/walktrap/walktrap_heap.cpp.o
[ 80%] Building CXX object src/CMakeFiles/igraph.dir/community/walktrap/walktrap.cpp.o
[ 80%] Building C object src/CMakeFiles/igraph.dir/connectivity/cohesive_blocks.c.o
[ 80%] Building C object src/CMakeFiles/igraph.dir/connectivity/components.c.o
[ 80%] Building C object src/CMakeFiles/igraph.dir/connectivity/percolation.c.o
[ 81%] Building C object src/CMakeFiles/igraph.dir/connectivity/separators.c.o
[ 81%] Building C object src/CMakeFiles/igraph.dir/connectivity/reachability.c.o
[ 81%] Building C object src/CMakeFiles/igraph.dir/cycles/cycle_bases.c.o
[ 81%] Building C object src/CMakeFiles/igraph.dir/cycles/feedback_sets.c.o
[ 81%] Building CXX object src/CMakeFiles/igraph.dir/cycles/order_cycle.cpp.o
[ 81%] Building C object src/CMakeFiles/igraph.dir/cycles/simple_cycles.c.o
[ 81%] Building C object src/CMakeFiles/igraph.dir/flow/flow.c.o
[ 81%] Building C object src/CMakeFiles/igraph.dir/flow/flow_conversion.c.o
[ 81%] Building C object src/CMakeFiles/igraph.dir/flow/st-cuts.c.o
[ 82%] Building CXX object src/CMakeFiles/igraph.dir/hrg/hrg_types.cc.o
[ 82%] Building CXX object src/CMakeFiles/igraph.dir/hrg/hrg.cc.o
[ 82%] Building C object src/CMakeFiles/igraph.dir/io/dimacs.c.o
[ 82%] Building C object src/CMakeFiles/igraph.dir/io/dl.c.o
[ 82%] Building C object src/CMakeFiles/igraph.dir/io/dot.c.o
[ 82%] Building C object src/CMakeFiles/igraph.dir/io/edgelist.c.o
[ 82%] Building C object src/CMakeFiles/igraph.dir/io/graphml.c.o
[ 82%] Building C object src/CMakeFiles/igraph.dir/io/gml-tree.c.o
[ 82%] Building C object src/CMakeFiles/igraph.dir/io/gml.c.o
[ 83%] Building C object src/CMakeFiles/igraph.dir/io/graphdb.c.o
[ 83%] Building C object src/CMakeFiles/igraph.dir/io/leda.c.o
[ 83%] Building C object src/CMakeFiles/igraph.dir/io/lgl.c.o
[ 83%] Building C object src/CMakeFiles/igraph.dir/io/ncol.c.o
[ 83%] Building C object src/CMakeFiles/igraph.dir/io/pajek.c.o
[ 83%] Building C object src/CMakeFiles/igraph.dir/io/parse_utils.c.o
[ 83%] Building C object src/CMakeFiles/igraph.dir/io/parsers/dl-lexer.c.o
[ 83%] Building C object src/CMakeFiles/igraph.dir/io/parsers/dl-parser.c.o
[ 83%] Building C object src/CMakeFiles/igraph.dir/io/parsers/gml-lexer.c.o
[ 84%] Building C object src/CMakeFiles/igraph.dir/io/parsers/gml-parser.c.o
[ 84%] Building C object src/CMakeFiles/igraph.dir/io/parsers/lgl-lexer.c.o
[ 84%] Building C object src/CMakeFiles/igraph.dir/io/parsers/lgl-parser.c.o
[ 84%] Building C object src/CMakeFiles/igraph.dir/io/parsers/ncol-lexer.c.o
[ 84%] Building C object src/CMakeFiles/igraph.dir/io/parsers/ncol-parser.c.o
[ 84%] Building C object src/CMakeFiles/igraph.dir/io/parsers/pajek-lexer.c.o
[ 84%] Building C object src/CMakeFiles/igraph.dir/io/parsers/pajek-parser.c.o
[ 84%] Building C object src/CMakeFiles/igraph.dir/layout/align.c.o
[ 84%] Building C object src/CMakeFiles/igraph.dir/layout/circular.c.o
[ 85%] Building C object src/CMakeFiles/igraph.dir/layout/davidson_harel.c.o
[ 85%] Building CXX object src/CMakeFiles/igraph.dir/layout/drl/DensityGrid.cpp.o
[ 85%] Building CXX object src/CMakeFiles/igraph.dir/layout/drl/DensityGrid_3d.cpp.o
[ 85%] Building CXX object src/CMakeFiles/igraph.dir/layout/drl/drl_graph.cpp.o
[ 85%] Building CXX object src/CMakeFiles/igraph.dir/layout/drl/drl_graph_3d.cpp.o
[ 85%] Building CXX object src/CMakeFiles/igraph.dir/layout/drl/drl_layout.cpp.o
[ 85%] Building CXX object src/CMakeFiles/igraph.dir/layout/drl/drl_layout_3d.cpp.o
[ 85%] Building C object src/CMakeFiles/igraph.dir/layout/fruchterman_reingold.c.o
[ 87%] Building C object src/CMakeFiles/igraph.dir/layout/gem.c.o
[ 87%] Building C object src/CMakeFiles/igraph.dir/layout/graphopt.c.o
[ 87%] Building C object src/CMakeFiles/igraph.dir/layout/kamada_kawai.c.o
[ 87%] Building C object src/CMakeFiles/igraph.dir/layout/large_graph.c.o
[ 87%] Building C object src/CMakeFiles/igraph.dir/layout/layout_bipartite.c.o
[ 87%] Building C object src/CMakeFiles/igraph.dir/layout/layout_grid.c.o
[ 87%] Building C object src/CMakeFiles/igraph.dir/layout/layout_random.c.o
[ 87%] Building C object src/CMakeFiles/igraph.dir/layout/mds.c.o
[ 87%] Building C object src/CMakeFiles/igraph.dir/layout/merge_dla.c.o
[ 88%] Building C object src/CMakeFiles/igraph.dir/layout/merge_grid.c.o
[ 88%] Building C object src/CMakeFiles/igraph.dir/layout/reingold_tilford.c.o
[ 88%] Building C object src/CMakeFiles/igraph.dir/layout/sugiyama.c.o
[ 88%] Building C object src/CMakeFiles/igraph.dir/layout/umap.c.o
[ 88%] Building C object src/CMakeFiles/igraph.dir/operators/add_edge.c.o
[ 88%] Building C object src/CMakeFiles/igraph.dir/operators/complementer.c.o
[ 88%] Building C object src/CMakeFiles/igraph.dir/operators/compose.c.o
[ 88%] Building C object src/CMakeFiles/igraph.dir/operators/connect_neighborhood.c.o
[ 88%] Building C object src/CMakeFiles/igraph.dir/operators/contract.c.o
[ 89%] Building C object src/CMakeFiles/igraph.dir/operators/difference.c.o
[ 89%] Building C object src/CMakeFiles/igraph.dir/operators/disjoint_union.c.o
[ 89%] Building C object src/CMakeFiles/igraph.dir/operators/intersection.c.o
[ 89%] Building C object src/CMakeFiles/igraph.dir/operators/join.c.o
[ 89%] Building C object src/CMakeFiles/igraph.dir/operators/misc_internal.c.o
[ 89%] Building C object src/CMakeFiles/igraph.dir/operators/permute.c.o
[ 89%] Building C object src/CMakeFiles/igraph.dir/operators/products.c.o
[ 89%] Building C object src/CMakeFiles/igraph.dir/operators/reverse.c.o
[ 89%] Building C object src/CMakeFiles/igraph.dir/operators/rewire.c.o
[ 90%] Building C object src/CMakeFiles/igraph.dir/operators/rewire_edges.c.o
[ 90%] Building C object src/CMakeFiles/igraph.dir/operators/simplify.c.o
[ 90%] Building C object src/CMakeFiles/igraph.dir/operators/subgraph.c.o
[ 90%] Building C object src/CMakeFiles/igraph.dir/operators/union.c.o
[ 90%] Building C object src/CMakeFiles/igraph.dir/paths/all_shortest_paths.c.o
[ 90%] Building C object src/CMakeFiles/igraph.dir/paths/astar.c.o
[ 90%] Building C object src/CMakeFiles/igraph.dir/paths/bellman_ford.c.o
[ 90%] Building C object src/CMakeFiles/igraph.dir/paths/dijkstra.c.o
[ 90%] Building C object src/CMakeFiles/igraph.dir/paths/distances.c.o
[ 91%] Building C object src/CMakeFiles/igraph.dir/paths/eulerian.c.o
[ 91%] Building C object src/CMakeFiles/igraph.dir/paths/floyd_warshall.c.o
[ 91%] Building C object src/CMakeFiles/igraph.dir/paths/histogram.c.o
[ 91%] Building C object src/CMakeFiles/igraph.dir/paths/johnson.c.o
[ 91%] Building C object src/CMakeFiles/igraph.dir/paths/random_walk.c.o
[ 91%] Building C object src/CMakeFiles/igraph.dir/paths/shortest_paths.c.o
[ 91%] Building C object src/CMakeFiles/igraph.dir/paths/simple_paths.c.o
[ 91%] Building C object src/CMakeFiles/igraph.dir/paths/sparsifier.c.o
[ 92%] Building C object src/CMakeFiles/igraph.dir/paths/unweighted.c.o
[ 92%] Building C object src/CMakeFiles/igraph.dir/paths/voronoi.c.o
[ 92%] Building C object src/CMakeFiles/igraph.dir/paths/widest_paths.c.o
[ 92%] Building C object src/CMakeFiles/igraph.dir/properties/basic_properties.c.o
[ 92%] Building C object src/CMakeFiles/igraph.dir/properties/complete.c.o
[ 92%] Building C object src/CMakeFiles/igraph.dir/properties/constraint.c.o
[ 92%] Building C object src/CMakeFiles/igraph.dir/properties/convergence_degree.c.o
[ 92%] Building C object src/CMakeFiles/igraph.dir/properties/dag.c.o
[ 92%] Building C object src/CMakeFiles/igraph.dir/properties/degrees.c.o
[ 94%] Building C object src/CMakeFiles/igraph.dir/properties/ecc.c.o
[ 94%] Building C object src/CMakeFiles/igraph.dir/properties/girth.c.o
[ 94%] Building C object src/CMakeFiles/igraph.dir/properties/loops.c.o
[ 94%] Building C object src/CMakeFiles/igraph.dir/properties/multiplicity.c.o
[ 94%] Building C object src/CMakeFiles/igraph.dir/properties/neighborhood.c.o
[ 94%] Building C object src/CMakeFiles/igraph.dir/properties/perfect.c.o
[ 94%] Building C object src/CMakeFiles/igraph.dir/properties/rich_club.c.o
[ 94%] Building C object src/CMakeFiles/igraph.dir/properties/spectral.c.o
[ 94%] Building C object src/CMakeFiles/igraph.dir/properties/trees.c.o
[ 95%] Building C object src/CMakeFiles/igraph.dir/properties/triangles.c.o
[ 95%] Building CXX object src/CMakeFiles/igraph.dir/isomorphism/bliss.cc.o
[ 95%] Building C object src/CMakeFiles/igraph.dir/isomorphism/isoclasses.c.o
[ 95%] Building C object src/CMakeFiles/igraph.dir/isomorphism/lad.c.o
[ 95%] Building C object src/CMakeFiles/igraph.dir/isomorphism/isomorphism_misc.c.o
[ 95%] Building C object src/CMakeFiles/igraph.dir/isomorphism/queries.c.o
[ 95%] Building C object src/CMakeFiles/igraph.dir/isomorphism/vf2.c.o
[ 95%] Building C object src/CMakeFiles/igraph.dir/misc/bipartite.c.o
[ 95%] Building C object src/CMakeFiles/igraph.dir/misc/chordality.c.o
[ 96%] Building C object src/CMakeFiles/igraph.dir/misc/cocitation.c.o
[ 96%] Building C object src/CMakeFiles/igraph.dir/misc/coloring.c.o
[ 96%] Building C object src/CMakeFiles/igraph.dir/misc/conversion.c.o
[ 96%] Building CXX object src/CMakeFiles/igraph.dir/misc/degree_sequence.cpp.o
[ 96%] Building C object src/CMakeFiles/igraph.dir/misc/embedding.c.o
[ 96%] Building C object src/CMakeFiles/igraph.dir/misc/graphicality.c.o
[ 96%] Building C object src/CMakeFiles/igraph.dir/misc/matching.c.o
[ 96%] Building C object src/CMakeFiles/igraph.dir/misc/mixing.c.o
[ 96%] Building C object src/CMakeFiles/igraph.dir/misc/motifs.c.o
[ 97%] Building C object src/CMakeFiles/igraph.dir/misc/other.c.o
[ 97%] Building C object src/CMakeFiles/igraph.dir/misc/power_law_fit.c.o
[ 97%] Building C object src/CMakeFiles/igraph.dir/misc/scan.c.o
[ 97%] Building C object src/CMakeFiles/igraph.dir/misc/sir.c.o
[ 97%] Building C object src/CMakeFiles/igraph.dir/misc/spanning_trees.c.o
[ 97%] Building CXX object src/CMakeFiles/igraph.dir/spatial/beta_skeleton.cpp.o
[ 97%] Building C object src/CMakeFiles/igraph.dir/spatial/delaunay.c.o
[ 97%] Building C object src/CMakeFiles/igraph.dir/spatial/convex_hull.c.o
[ 98%] Building C object src/CMakeFiles/igraph.dir/spatial/edge_lengths.c.o
[ 98%] Building CXX object src/CMakeFiles/igraph.dir/spatial/nearest_neighbor.cpp.o
[ 98%] Building C object src/CMakeFiles/igraph.dir/internal/glpk_support.c.o
[ 98%] Building C object src/CMakeFiles/igraph.dir/internal/hacks.c.o
[ 98%] Building C object src/CMakeFiles/igraph.dir/internal/lsap.c.o
[ 98%] Building C object src/CMakeFiles/igraph.dir/internal/qsort_r.c.o
[ 98%] Building C object src/CMakeFiles/igraph.dir/internal/qsort.c.o
[ 98%] Building C object src/CMakeFiles/igraph.dir/internal/utils.c.o
[ 98%] Building C object src/CMakeFiles/igraph.dir/version.c.o
[100%] Linking CXX static library libigraph.a
[100%] Built target igraph
-- Install configuration: "Release"
-- Installing: /tmp/RtmpdsYinF/R.INSTALL35101dde6b/Rigraphlib/inst/igraph/lib/libigraph.a
-- Installing: /tmp/RtmpdsYinF/R.INSTALL35101dde6b/Rigraphlib/inst/igraph/include/igraph
-- Installing: /tmp/RtmpdsYinF/R.INSTALL35101dde6b/Rigraphlib/inst/igraph/include/igraph/igraph_embedding.h
-- Installing: /tmp/RtmpdsYinF/R.INSTALL35101dde6b/Rigraphlib/inst/igraph/include/igraph/igraph_complex.h
-- Installing: /tmp/RtmpdsYinF/R.INSTALL35101dde6b/Rigraphlib/inst/igraph/include/igraph/igraph_games.h
-- Installing: /tmp/RtmpdsYinF/R.INSTALL35101dde6b/Rigraphlib/inst/igraph/include/igraph/igraph_conversion.h
-- Installing: /tmp/RtmpdsYinF/R.INSTALL35101dde6b/Rigraphlib/inst/igraph/include/igraph/igraph_epidemics.h
-- Installing: /tmp/RtmpdsYinF/R.INSTALL35101dde6b/Rigraphlib/inst/igraph/include/igraph/igraph_layout.h
-- Installing: /tmp/RtmpdsYinF/R.INSTALL35101dde6b/Rigraphlib/inst/igraph/include/igraph/igraph_scan.h
-- Installing: /tmp/RtmpdsYinF/R.INSTALL35101dde6b/Rigraphlib/inst/igraph/include/igraph/igraph_bipartite.h
-- Installing: /tmp/RtmpdsYinF/R.INSTALL35101dde6b/Rigraphlib/inst/igraph/include/igraph/igraph_isomorphism.h
-- Installing: /tmp/RtmpdsYinF/R.INSTALL35101dde6b/Rigraphlib/inst/igraph/include/igraph/igraph_bitset_list.h
-- Installing: /tmp/RtmpdsYinF/R.INSTALL35101dde6b/Rigraphlib/inst/igraph/include/igraph/igraph_cliques.h
-- Installing: /tmp/RtmpdsYinF/R.INSTALL35101dde6b/Rigraphlib/inst/igraph/include/igraph/igraph_motifs.h
-- Installing: /tmp/RtmpdsYinF/R.INSTALL35101dde6b/Rigraphlib/inst/igraph/include/igraph/igraph_memory.h
-- Installing: /tmp/RtmpdsYinF/R.INSTALL35101dde6b/Rigraphlib/inst/igraph/include/igraph/igraph_blas.h
-- Installing: /tmp/RtmpdsYinF/R.INSTALL35101dde6b/Rigraphlib/inst/igraph/include/igraph/igraph_matrix_list.h
-- Installing: /tmp/RtmpdsYinF/R.INSTALL35101dde6b/Rigraphlib/inst/igraph/include/igraph/igraph_hrg.h
-- Installing: /tmp/RtmpdsYinF/R.INSTALL35101dde6b/Rigraphlib/inst/igraph/include/igraph/igraph_dqueue_pmt.h
-- Installing: /tmp/RtmpdsYinF/R.INSTALL35101dde6b/Rigraphlib/inst/igraph/include/igraph/igraph_reachability.h
-- Installing: /tmp/RtmpdsYinF/R.INSTALL35101dde6b/Rigraphlib/inst/igraph/include/igraph/igraph_graph_list.h
-- Installing: /tmp/RtmpdsYinF/R.INSTALL35101dde6b/Rigraphlib/inst/igraph/include/igraph/igraph_heap_pmt.h
-- Installing: /tmp/RtmpdsYinF/R.INSTALL35101dde6b/Rigraphlib/inst/igraph/include/igraph/igraph_arpack.h
-- Installing: /tmp/RtmpdsYinF/R.INSTALL35101dde6b/Rigraphlib/inst/igraph/include/igraph/igraph_eigen.h
-- Installing: /tmp/RtmpdsYinF/R.INSTALL35101dde6b/Rigraphlib/inst/igraph/include/igraph/igraph_centrality.h
-- Installing: /tmp/RtmpdsYinF/R.INSTALL35101dde6b/Rigraphlib/inst/igraph/include/igraph/igraph_foreign.h
-- Installing: /tmp/RtmpdsYinF/R.INSTALL35101dde6b/Rigraphlib/inst/igraph/include/igraph/igraph_typed_list_pmt.h
-- Installing: /tmp/RtmpdsYinF/R.INSTALL35101dde6b/Rigraphlib/inst/igraph/include/igraph/igraph_pmt.h
-- Installing: /tmp/RtmpdsYinF/R.INSTALL35101dde6b/Rigraphlib/inst/igraph/include/igraph/igraph_random.h
-- Installing: /tmp/RtmpdsYinF/R.INSTALL35101dde6b/Rigraphlib/inst/igraph/include/igraph/igraph_pmt_off.h
-- Installing: /tmp/RtmpdsYinF/R.INSTALL35101dde6b/Rigraphlib/inst/igraph/include/igraph/igraph_cocitation.h
-- Installing: /tmp/RtmpdsYinF/R.INSTALL35101dde6b/Rigraphlib/inst/igraph/include/igraph/igraph_community.h
-- Installing: /tmp/RtmpdsYinF/R.INSTALL35101dde6b/Rigraphlib/inst/igraph/include/igraph/igraph_matching.h
-- Installing: /tmp/RtmpdsYinF/R.INSTALL35101dde6b/Rigraphlib/inst/igraph/include/igraph/igraph_neighborhood.h
-- Installing: /tmp/RtmpdsYinF/R.INSTALL35101dde6b/Rigraphlib/inst/igraph/include/igraph/igraph_statusbar.h
-- Installing: /tmp/RtmpdsYinF/R.INSTALL35101dde6b/Rigraphlib/inst/igraph/include/igraph/igraph_separators.h
-- Installing: /tmp/RtmpdsYinF/R.INSTALL35101dde6b/Rigraphlib/inst/igraph/include/igraph/igraph_iterators.h
-- Installing: /tmp/RtmpdsYinF/R.INSTALL35101dde6b/Rigraphlib/inst/igraph/include/igraph/igraph_visitor.h
-- Installing: /tmp/RtmpdsYinF/R.INSTALL35101dde6b/Rigraphlib/inst/igraph/include/igraph/igraph_datatype.h
-- Installing: /tmp/RtmpdsYinF/R.INSTALL35101dde6b/Rigraphlib/inst/igraph/include/igraph/igraph_operators.h
-- Installing: /tmp/RtmpdsYinF/R.INSTALL35101dde6b/Rigraphlib/inst/igraph/include/igraph/igraph_mixing.h
-- Installing: /tmp/RtmpdsYinF/R.INSTALL35101dde6b/Rigraphlib/inst/igraph/include/igraph/igraph_spatial.h
-- Installing: /tmp/RtmpdsYinF/R.INSTALL35101dde6b/Rigraphlib/inst/igraph/include/igraph/igraph_nongraph.h
-- Installing: /tmp/RtmpdsYinF/R.INSTALL35101dde6b/Rigraphlib/inst/igraph/include/igraph/igraph_cycles.h
-- Installing: /tmp/RtmpdsYinF/R.INSTALL35101dde6b/Rigraphlib/inst/igraph/include/igraph/igraph_setup.h
-- Installing: /tmp/RtmpdsYinF/R.INSTALL35101dde6b/Rigraphlib/inst/igraph/include/igraph/igraph_dqueue.h
-- Installing: /tmp/RtmpdsYinF/R.INSTALL35101dde6b/Rigraphlib/inst/igraph/include/igraph/igraph_lapack.h
-- Installing: /tmp/RtmpdsYinF/R.INSTALL35101dde6b/Rigraphlib/inst/igraph/include/igraph/igraph_matrix_pmt.h
-- Installing: /tmp/RtmpdsYinF/R.INSTALL35101dde6b/Rigraphlib/inst/igraph/include/igraph/igraph_types.h
-- Installing: /tmp/RtmpdsYinF/R.INSTALL35101dde6b/Rigraphlib/inst/igraph/include/igraph/igraph_eulerian.h
-- Installing: /tmp/RtmpdsYinF/R.INSTALL35101dde6b/Rigraphlib/inst/igraph/include/igraph/igraph_sampling.h
-- Installing: /tmp/RtmpdsYinF/R.INSTALL35101dde6b/Rigraphlib/inst/igraph/include/igraph/igraph_matrix.h
-- Installing: /tmp/RtmpdsYinF/R.INSTALL35101dde6b/Rigraphlib/inst/igraph/include/igraph/igraph_decls.h
-- Installing: /tmp/RtmpdsYinF/R.INSTALL35101dde6b/Rigraphlib/inst/igraph/include/igraph/igraph_heap.h
-- Installing: /tmp/RtmpdsYinF/R.INSTALL35101dde6b/Rigraphlib/inst/igraph/include/igraph/igraph_psumtree.h
-- Installing: /tmp/RtmpdsYinF/R.INSTALL35101dde6b/Rigraphlib/inst/igraph/include/igraph/igraph_cohesive_blocks.h
-- Installing: /tmp/RtmpdsYinF/R.INSTALL35101dde6b/Rigraphlib/inst/igraph/include/igraph/igraph_lsap.h
-- Installing: /tmp/RtmpdsYinF/R.INSTALL35101dde6b/Rigraphlib/inst/igraph/include/igraph/igraph_transitivity.h
-- Installing: /tmp/RtmpdsYinF/R.INSTALL35101dde6b/Rigraphlib/inst/igraph/include/igraph/igraph_vector_ptr.h
-- Installing: /tmp/RtmpdsYinF/R.INSTALL35101dde6b/Rigraphlib/inst/igraph/include/igraph/igraph_error.h
-- Installing: /tmp/RtmpdsYinF/R.INSTALL35101dde6b/Rigraphlib/inst/igraph/include/igraph/igraph_vector_pmt.h
-- Installing: /tmp/RtmpdsYinF/R.INSTALL35101dde6b/Rigraphlib/inst/igraph/include/igraph/igraph_sparsemat.h
-- Installing: /tmp/RtmpdsYinF/R.INSTALL35101dde6b/Rigraphlib/inst/igraph/include/igraph/igraph_attributes.h
-- Installing: /tmp/RtmpdsYinF/R.INSTALL35101dde6b/Rigraphlib/inst/igraph/include/igraph/igraph_vector.h
-- Installing: /tmp/RtmpdsYinF/R.INSTALL35101dde6b/Rigraphlib/inst/igraph/include/igraph/igraph_bitset.h
-- Installing: /tmp/RtmpdsYinF/R.INSTALL35101dde6b/Rigraphlib/inst/igraph/include/igraph/igraph_interface.h
-- Installing: /tmp/RtmpdsYinF/R.INSTALL35101dde6b/Rigraphlib/inst/igraph/include/igraph/igraph_adjlist.h
-- Installing: /tmp/RtmpdsYinF/R.INSTALL35101dde6b/Rigraphlib/inst/igraph/include/igraph/igraph_constants.h
-- Installing: /tmp/RtmpdsYinF/R.INSTALL35101dde6b/Rigraphlib/inst/igraph/include/igraph/igraph_flow.h
-- Installing: /tmp/RtmpdsYinF/R.INSTALL35101dde6b/Rigraphlib/inst/igraph/include/igraph/igraph_strvector.h
-- Installing: /tmp/RtmpdsYinF/R.INSTALL35101dde6b/Rigraphlib/inst/igraph/include/igraph/igraph_progress.h
-- Installing: /tmp/RtmpdsYinF/R.INSTALL35101dde6b/Rigraphlib/inst/igraph/include/igraph/igraph_graphicality.h
-- Installing: /tmp/RtmpdsYinF/R.INSTALL35101dde6b/Rigraphlib/inst/igraph/include/igraph/igraph.h
-- Installing: /tmp/RtmpdsYinF/R.INSTALL35101dde6b/Rigraphlib/inst/igraph/include/igraph/igraph_structural.h
-- Installing: /tmp/RtmpdsYinF/R.INSTALL35101dde6b/Rigraphlib/inst/igraph/include/igraph/igraph_interrupt.h
-- Installing: /tmp/RtmpdsYinF/R.INSTALL35101dde6b/Rigraphlib/inst/igraph/include/igraph/igraph_components.h
-- Installing: /tmp/RtmpdsYinF/R.INSTALL35101dde6b/Rigraphlib/inst/igraph/include/igraph/igraph_stack.h
-- Installing: /tmp/RtmpdsYinF/R.INSTALL35101dde6b/Rigraphlib/inst/igraph/include/igraph/igraph_constructors.h
-- Installing: /tmp/RtmpdsYinF/R.INSTALL35101dde6b/Rigraphlib/inst/igraph/include/igraph/igraph_paths.h
-- Installing: /tmp/RtmpdsYinF/R.INSTALL35101dde6b/Rigraphlib/inst/igraph/include/igraph/igraph_vector_list.h
-- Installing: /tmp/RtmpdsYinF/R.INSTALL35101dde6b/Rigraphlib/inst/igraph/include/igraph/igraph_coloring.h
-- Installing: /tmp/RtmpdsYinF/R.INSTALL35101dde6b/Rigraphlib/inst/igraph/include/igraph/igraph_graphlets.h
-- Installing: /tmp/RtmpdsYinF/R.INSTALL35101dde6b/Rigraphlib/inst/igraph/include/igraph/igraph_qsort.h
-- Installing: /tmp/RtmpdsYinF/R.INSTALL35101dde6b/Rigraphlib/inst/igraph/include/igraph/igraph_stack_pmt.h
-- Installing: /tmp/RtmpdsYinF/R.INSTALL35101dde6b/Rigraphlib/inst/igraph/include/igraph/igraph_vector_type.h
-- Up-to-date: /tmp/RtmpdsYinF/R.INSTALL35101dde6b/Rigraphlib/inst/igraph/include/igraph
-- Installing: /tmp/RtmpdsYinF/R.INSTALL35101dde6b/Rigraphlib/inst/igraph/include/igraph/igraph_config.h
-- Installing: /tmp/RtmpdsYinF/R.INSTALL35101dde6b/Rigraphlib/inst/igraph/include/igraph/igraph_threading.h
-- Installing: /tmp/RtmpdsYinF/R.INSTALL35101dde6b/Rigraphlib/inst/igraph/include/igraph/igraph_export.h
-- Installing: /tmp/RtmpdsYinF/R.INSTALL35101dde6b/Rigraphlib/inst/igraph/include/igraph/igraph_version.h
-- Installing: /tmp/RtmpdsYinF/R.INSTALL35101dde6b/Rigraphlib/inst/igraph/lib/pkgconfig/igraph.pc
-- Installing: /tmp/RtmpdsYinF/R.INSTALL35101dde6b/Rigraphlib/inst/igraph/lib/cmake/igraph/igraph-config.cmake
-- Installing: /tmp/RtmpdsYinF/R.INSTALL35101dde6b/Rigraphlib/inst/igraph/lib/cmake/igraph/igraph-config-version.cmake
-- Installing: /tmp/RtmpdsYinF/R.INSTALL35101dde6b/Rigraphlib/inst/igraph/lib/cmake/igraph/igraph-targets.cmake
-- Installing: /tmp/RtmpdsYinF/R.INSTALL35101dde6b/Rigraphlib/inst/igraph/lib/cmake/igraph/igraph-targets-release.cmake
** R
** inst
** byte-compile and prepare package for lazy loading
** help
*** installing help indices
** building package indices
** installing vignettes
** testing if installed package can be loaded from temporary location
** testing if installed package can be loaded from final location
** testing if installed package keeps a record of temporary installation path
* SHA256 sums
* creating tarball
packaged installation of ‘Rigraphlib’ as ‘Rigraphlib_1.5.1_R_x86_64-pc-linux-gnu.tar.gz’
* DONE (Rigraphlib)
* installing *source* package ‘HVP’ ...
** this is package ‘HVP’ version ‘1.3.0’
** package ‘HVP’ successfully unpacked and MD5 sums checked
** using staged installation
** R
** inst
** byte-compile and prepare package for lazy loading
in method for ‘HVP’ with signature ‘"Seurat"’: no definition for class “Seurat”
in method for ‘HVP’ with signature ‘"SummarizedExperiment"’: no definition for class “SummarizedExperiment”
** help
*** installing help indices
** building package indices
** installing vignettes
** testing if installed package can be loaded from temporary location
** testing if installed package can be loaded from final location
** testing if installed package keeps a record of temporary installation path
* SHA256 sums
* creating tarball
packaged installation of ‘HVP’ as ‘HVP_1.3.0_R_x86_64-pc-linux-gnu.tar.gz’
* DONE (HVP)
* installing *source* package ‘scrapper’ ...
** this is package ‘scrapper’ version ‘1.7.3’
** package ‘scrapper’ successfully unpacked and MD5 sums checked
** using staged installation
** libs
specified C++17
using C++ compiler: ‘g++ (Ubuntu 13.3.0-6ubuntu2~24.04.1) 13.3.0’
using C++17
g++ -std=gnu++17 -I"/usr/local/lib/R/include" -DNDEBUG -I'/tmp/library/Rigraphlib/igraph/include/igraph' -I'/usr/local/lib/R/site-library/Rcpp/include' -I'/mnt/library/assorthead/include' -I'/mnt/library/beachmat/include' -I'/mnt/library/BiocNeighbors/include' -I'/tmp/library/Rigraphlib/include' -I/usr/local/include    -fpic  -g -O2 -fstack-protector-strong -Wformat -Werror=format-security -Wdate-time -D_FORTIFY_SOURCE=2 -g   -c RcppExports.cpp -o RcppExports.o
g++ -std=gnu++17 -I"/usr/local/lib/R/include" -DNDEBUG -I'/tmp/library/Rigraphlib/igraph/include/igraph' -I'/usr/local/lib/R/site-library/Rcpp/include' -I'/mnt/library/assorthead/include' -I'/mnt/library/beachmat/include' -I'/mnt/library/BiocNeighbors/include' -I'/tmp/library/Rigraphlib/include' -I/usr/local/include    -fpic  -g -O2 -fstack-protector-strong -Wformat -Werror=format-security -Wdate-time -D_FORTIFY_SOURCE=2 -g   -c adt_quality_control.cpp -o adt_quality_control.o
g++ -std=gnu++17 -I"/usr/local/lib/R/include" -DNDEBUG -I'/tmp/library/Rigraphlib/igraph/include/igraph' -I'/usr/local/lib/R/site-library/Rcpp/include' -I'/mnt/library/assorthead/include' -I'/mnt/library/beachmat/include' -I'/mnt/library/BiocNeighbors/include' -I'/tmp/library/Rigraphlib/include' -I/usr/local/include    -fpic  -g -O2 -fstack-protector-strong -Wformat -Werror=format-security -Wdate-time -D_FORTIFY_SOURCE=2 -g   -c aggregate_across_cells.cpp -o aggregate_across_cells.o
g++ -std=gnu++17 -I"/usr/local/lib/R/include" -DNDEBUG -I'/tmp/library/Rigraphlib/igraph/include/igraph' -I'/usr/local/lib/R/site-library/Rcpp/include' -I'/mnt/library/assorthead/include' -I'/mnt/library/beachmat/include' -I'/mnt/library/BiocNeighbors/include' -I'/tmp/library/Rigraphlib/include' -I/usr/local/include    -fpic  -g -O2 -fstack-protector-strong -Wformat -Werror=format-security -Wdate-time -D_FORTIFY_SOURCE=2 -g   -c aggregate_across_genes.cpp -o aggregate_across_genes.o
g++ -std=gnu++17 -I"/usr/local/lib/R/include" -DNDEBUG -I'/tmp/library/Rigraphlib/igraph/include/igraph' -I'/usr/local/lib/R/site-library/Rcpp/include' -I'/mnt/library/assorthead/include' -I'/mnt/library/beachmat/include' -I'/mnt/library/BiocNeighbors/include' -I'/tmp/library/Rigraphlib/include' -I/usr/local/include    -fpic  -g -O2 -fstack-protector-strong -Wformat -Werror=format-security -Wdate-time -D_FORTIFY_SOURCE=2 -g   -c build_snn_graph.cpp -o build_snn_graph.o
g++ -std=gnu++17 -I"/usr/local/lib/R/include" -DNDEBUG -I'/tmp/library/Rigraphlib/igraph/include/igraph' -I'/usr/local/lib/R/site-library/Rcpp/include' -I'/mnt/library/assorthead/include' -I'/mnt/library/beachmat/include' -I'/mnt/library/BiocNeighbors/include' -I'/tmp/library/Rigraphlib/include' -I/usr/local/include    -fpic  -g -O2 -fstack-protector-strong -Wformat -Werror=format-security -Wdate-time -D_FORTIFY_SOURCE=2 -g   -c center_size_factors.cpp -o center_size_factors.o
g++ -std=gnu++17 -I"/usr/local/lib/R/include" -DNDEBUG -I'/tmp/library/Rigraphlib/igraph/include/igraph' -I'/usr/local/lib/R/site-library/Rcpp/include' -I'/mnt/library/assorthead/include' -I'/mnt/library/beachmat/include' -I'/mnt/library/BiocNeighbors/include' -I'/tmp/library/Rigraphlib/include' -I/usr/local/include    -fpic  -g -O2 -fstack-protector-strong -Wformat -Werror=format-security -Wdate-time -D_FORTIFY_SOURCE=2 -g   -c center_spike_in_factors.cpp -o center_spike_in_factors.o
g++ -std=gnu++17 -I"/usr/local/lib/R/include" -DNDEBUG -I'/tmp/library/Rigraphlib/igraph/include/igraph' -I'/usr/local/lib/R/site-library/Rcpp/include' -I'/mnt/library/assorthead/include' -I'/mnt/library/beachmat/include' -I'/mnt/library/BiocNeighbors/include' -I'/tmp/library/Rigraphlib/include' -I/usr/local/include    -fpic  -g -O2 -fstack-protector-strong -Wformat -Werror=format-security -Wdate-time -D_FORTIFY_SOURCE=2 -g   -c choose_highly_variable_genes.cpp -o choose_highly_variable_genes.o
g++ -std=gnu++17 -I"/usr/local/lib/R/include" -DNDEBUG -I'/tmp/library/Rigraphlib/igraph/include/igraph' -I'/usr/local/lib/R/site-library/Rcpp/include' -I'/mnt/library/assorthead/include' -I'/mnt/library/beachmat/include' -I'/mnt/library/BiocNeighbors/include' -I'/tmp/library/Rigraphlib/include' -I/usr/local/include    -fpic  -g -O2 -fstack-protector-strong -Wformat -Werror=format-security -Wdate-time -D_FORTIFY_SOURCE=2 -g   -c choose_pseudo_count.cpp -o choose_pseudo_count.o
g++ -std=gnu++17 -I"/usr/local/lib/R/include" -DNDEBUG -I'/tmp/library/Rigraphlib/igraph/include/igraph' -I'/usr/local/lib/R/site-library/Rcpp/include' -I'/mnt/library/assorthead/include' -I'/mnt/library/beachmat/include' -I'/mnt/library/BiocNeighbors/include' -I'/tmp/library/Rigraphlib/include' -I/usr/local/include    -fpic  -g -O2 -fstack-protector-strong -Wformat -Werror=format-security -Wdate-time -D_FORTIFY_SOURCE=2 -g   -c cluster_graph.cpp -o cluster_graph.o
g++ -std=gnu++17 -I"/usr/local/lib/R/include" -DNDEBUG -I'/tmp/library/Rigraphlib/igraph/include/igraph' -I'/usr/local/lib/R/site-library/Rcpp/include' -I'/mnt/library/assorthead/include' -I'/mnt/library/beachmat/include' -I'/mnt/library/BiocNeighbors/include' -I'/tmp/library/Rigraphlib/include' -I/usr/local/include    -fpic  -g -O2 -fstack-protector-strong -Wformat -Werror=format-security -Wdate-time -D_FORTIFY_SOURCE=2 -g   -c cluster_kmeans.cpp -o cluster_kmeans.o
g++ -std=gnu++17 -I"/usr/local/lib/R/include" -DNDEBUG -I'/tmp/library/Rigraphlib/igraph/include/igraph' -I'/usr/local/lib/R/site-library/Rcpp/include' -I'/mnt/library/assorthead/include' -I'/mnt/library/beachmat/include' -I'/mnt/library/BiocNeighbors/include' -I'/tmp/library/Rigraphlib/include' -I/usr/local/include    -fpic  -g -O2 -fstack-protector-strong -Wformat -Werror=format-security -Wdate-time -D_FORTIFY_SOURCE=2 -g   -c combine_factors.cpp -o combine_factors.o
g++ -std=gnu++17 -I"/usr/local/lib/R/include" -DNDEBUG -I'/tmp/library/Rigraphlib/igraph/include/igraph' -I'/usr/local/lib/R/site-library/Rcpp/include' -I'/mnt/library/assorthead/include' -I'/mnt/library/beachmat/include' -I'/mnt/library/BiocNeighbors/include' -I'/tmp/library/Rigraphlib/include' -I/usr/local/include    -fpic  -g -O2 -fstack-protector-strong -Wformat -Werror=format-security -Wdate-time -D_FORTIFY_SOURCE=2 -g   -c compute_block_weights.cpp -o compute_block_weights.o
g++ -std=gnu++17 -I"/usr/local/lib/R/include" -DNDEBUG -I'/tmp/library/Rigraphlib/igraph/include/igraph' -I'/usr/local/lib/R/site-library/Rcpp/include' -I'/mnt/library/assorthead/include' -I'/mnt/library/beachmat/include' -I'/mnt/library/BiocNeighbors/include' -I'/tmp/library/Rigraphlib/include' -I/usr/local/include    -fpic  -g -O2 -fstack-protector-strong -Wformat -Werror=format-security -Wdate-time -D_FORTIFY_SOURCE=2 -g   -c compute_clrm1_factors.cpp -o compute_clrm1_factors.o
g++ -std=gnu++17 -I"/usr/local/lib/R/include" -DNDEBUG -I'/tmp/library/Rigraphlib/igraph/include/igraph' -I'/usr/local/lib/R/site-library/Rcpp/include' -I'/mnt/library/assorthead/include' -I'/mnt/library/beachmat/include' -I'/mnt/library/BiocNeighbors/include' -I'/tmp/library/Rigraphlib/include' -I/usr/local/include    -fpic  -g -O2 -fstack-protector-strong -Wformat -Werror=format-security -Wdate-time -D_FORTIFY_SOURCE=2 -g   -c correct_mnn.cpp -o correct_mnn.o
g++ -std=gnu++17 -I"/usr/local/lib/R/include" -DNDEBUG -I'/tmp/library/Rigraphlib/igraph/include/igraph' -I'/usr/local/lib/R/site-library/Rcpp/include' -I'/mnt/library/assorthead/include' -I'/mnt/library/beachmat/include' -I'/mnt/library/BiocNeighbors/include' -I'/tmp/library/Rigraphlib/include' -I/usr/local/include    -fpic  -g -O2 -fstack-protector-strong -Wformat -Werror=format-security -Wdate-time -D_FORTIFY_SOURCE=2 -g   -c crispr_quality_control.cpp -o crispr_quality_control.o
g++ -std=gnu++17 -I"/usr/local/lib/R/include" -DNDEBUG -I'/tmp/library/Rigraphlib/igraph/include/igraph' -I'/usr/local/lib/R/site-library/Rcpp/include' -I'/mnt/library/assorthead/include' -I'/mnt/library/beachmat/include' -I'/mnt/library/BiocNeighbors/include' -I'/tmp/library/Rigraphlib/include' -I/usr/local/include    -fpic  -g -O2 -fstack-protector-strong -Wformat -Werror=format-security -Wdate-time -D_FORTIFY_SOURCE=2 -g   -c fit_variance_trend.cpp -o fit_variance_trend.o
g++ -std=gnu++17 -I"/usr/local/lib/R/include" -DNDEBUG -I'/tmp/library/Rigraphlib/igraph/include/igraph' -I'/usr/local/lib/R/site-library/Rcpp/include' -I'/mnt/library/assorthead/include' -I'/mnt/library/beachmat/include' -I'/mnt/library/BiocNeighbors/include' -I'/tmp/library/Rigraphlib/include' -I/usr/local/include    -fpic  -g -O2 -fstack-protector-strong -Wformat -Werror=format-security -Wdate-time -D_FORTIFY_SOURCE=2 -g   -c model_gene_variances.cpp -o model_gene_variances.o
g++ -std=gnu++17 -I"/usr/local/lib/R/include" -DNDEBUG -I'/tmp/library/Rigraphlib/igraph/include/igraph' -I'/usr/local/lib/R/site-library/Rcpp/include' -I'/mnt/library/assorthead/include' -I'/mnt/library/beachmat/include' -I'/mnt/library/BiocNeighbors/include' -I'/tmp/library/Rigraphlib/include' -I/usr/local/include    -fpic  -g -O2 -fstack-protector-strong -Wformat -Werror=format-security -Wdate-time -D_FORTIFY_SOURCE=2 -g   -c normalize_counts.cpp -o normalize_counts.o
g++ -std=gnu++17 -I"/usr/local/lib/R/include" -DNDEBUG -I'/tmp/library/Rigraphlib/igraph/include/igraph' -I'/usr/local/lib/R/site-library/Rcpp/include' -I'/mnt/library/assorthead/include' -I'/mnt/library/beachmat/include' -I'/mnt/library/BiocNeighbors/include' -I'/tmp/library/Rigraphlib/include' -I/usr/local/include    -fpic  -g -O2 -fstack-protector-strong -Wformat -Werror=format-security -Wdate-time -D_FORTIFY_SOURCE=2 -g   -c rna_quality_control.cpp -o rna_quality_control.o
g++ -std=gnu++17 -I"/usr/local/lib/R/include" -DNDEBUG -I'/tmp/library/Rigraphlib/igraph/include/igraph' -I'/usr/local/lib/R/site-library/Rcpp/include' -I'/mnt/library/assorthead/include' -I'/mnt/library/beachmat/include' -I'/mnt/library/BiocNeighbors/include' -I'/tmp/library/Rigraphlib/include' -I/usr/local/include    -fpic  -g -O2 -fstack-protector-strong -Wformat -Werror=format-security -Wdate-time -D_FORTIFY_SOURCE=2 -g   -c run_pca.cpp -o run_pca.o
run_pca.cpp: In function ‘Rcpp::List run_pca(SEXP, Rcpp::RObject, Rcpp::Nullable<Rcpp::Vector<13> >, Rcpp::RObject, Rcpp::RObject, Rcpp::RObject, Rcpp::RObject, Rcpp::Nullable<Rcpp::Vector<13> >, Rcpp::RObject, Rcpp::RObject, Rcpp::RObject, Rcpp::RObject, Rcpp::RObject, Rcpp::RObject)’:
run_pca.cpp:99:48: warning: alias template deduction only available with ‘-std=c++20’ or ‘-std=gnu++20’
   99 |             scran_pca::SubsetPcaBlockedOptions opt;
      |                                                ^~~
run_pca.cpp:99:48: note: use ‘template<class EigenVector_> struct scran_pca::BlockedPcaOptions’ directly instead
run_pca.cpp:112:41: warning: alias template deduction only available with ‘-std=c++20’ or ‘-std=gnu++20’
  112 |             scran_pca::SubsetPcaOptions opt;
      |                                         ^~~
run_pca.cpp:112:41: note: use ‘template<class EigenVector_> struct scran_pca::SimplePcaOptions’ directly instead
run_pca.cpp: In function ‘Rcpp::List run_pca_defaults(bool, bool)’:
run_pca.cpp:149:48: warning: alias template deduction only available with ‘-std=c++20’ or ‘-std=gnu++20’
  149 |             scran_pca::SubsetPcaBlockedOptions opt;
      |                                                ^~~
run_pca.cpp:149:48: note: use ‘template<class EigenVector_> struct scran_pca::BlockedPcaOptions’ directly instead
run_pca.cpp:159:41: warning: alias template deduction only available with ‘-std=c++20’ or ‘-std=gnu++20’
  159 |             scran_pca::SubsetPcaOptions opt;
      |                                         ^~~
run_pca.cpp:159:41: note: use ‘template<class EigenVector_> struct scran_pca::SimplePcaOptions’ directly instead
g++ -std=gnu++17 -I"/usr/local/lib/R/include" -DNDEBUG -I'/tmp/library/Rigraphlib/igraph/include/igraph' -I'/usr/local/lib/R/site-library/Rcpp/include' -I'/mnt/library/assorthead/include' -I'/mnt/library/beachmat/include' -I'/mnt/library/BiocNeighbors/include' -I'/tmp/library/Rigraphlib/include' -I/usr/local/include    -fpic  -g -O2 -fstack-protector-strong -Wformat -Werror=format-security -Wdate-time -D_FORTIFY_SOURCE=2 -g   -c run_tsne.cpp -o run_tsne.o
g++ -std=gnu++17 -I"/usr/local/lib/R/include" -DNDEBUG -I'/tmp/library/Rigraphlib/igraph/include/igraph' -I'/usr/local/lib/R/site-library/Rcpp/include' -I'/mnt/library/assorthead/include' -I'/mnt/library/beachmat/include' -I'/mnt/library/BiocNeighbors/include' -I'/tmp/library/Rigraphlib/include' -I/usr/local/include    -fpic  -g -O2 -fstack-protector-strong -Wformat -Werror=format-security -Wdate-time -D_FORTIFY_SOURCE=2 -g   -c run_umap.cpp -o run_umap.o
g++ -std=gnu++17 -I"/usr/local/lib/R/include" -DNDEBUG -I'/tmp/library/Rigraphlib/igraph/include/igraph' -I'/usr/local/lib/R/site-library/Rcpp/include' -I'/mnt/library/assorthead/include' -I'/mnt/library/beachmat/include' -I'/mnt/library/BiocNeighbors/include' -I'/tmp/library/Rigraphlib/include' -I/usr/local/include    -fpic  -g -O2 -fstack-protector-strong -Wformat -Werror=format-security -Wdate-time -D_FORTIFY_SOURCE=2 -g   -c sanitize_size_factors.cpp -o sanitize_size_factors.o
g++ -std=gnu++17 -I"/usr/local/lib/R/include" -DNDEBUG -I'/tmp/library/Rigraphlib/igraph/include/igraph' -I'/usr/local/lib/R/site-library/Rcpp/include' -I'/mnt/library/assorthead/include' -I'/mnt/library/beachmat/include' -I'/mnt/library/BiocNeighbors/include' -I'/tmp/library/Rigraphlib/include' -I/usr/local/include    -fpic  -g -O2 -fstack-protector-strong -Wformat -Werror=format-security -Wdate-time -D_FORTIFY_SOURCE=2 -g   -c scale_by_neighbors.cpp -o scale_by_neighbors.o
g++ -std=gnu++17 -I"/usr/local/lib/R/include" -DNDEBUG -I'/tmp/library/Rigraphlib/igraph/include/igraph' -I'/usr/local/lib/R/site-library/Rcpp/include' -I'/mnt/library/assorthead/include' -I'/mnt/library/beachmat/include' -I'/mnt/library/BiocNeighbors/include' -I'/tmp/library/Rigraphlib/include' -I/usr/local/include    -fpic  -g -O2 -fstack-protector-strong -Wformat -Werror=format-security -Wdate-time -D_FORTIFY_SOURCE=2 -g   -c score_gene_set.cpp -o score_gene_set.o
g++ -std=gnu++17 -I"/usr/local/lib/R/include" -DNDEBUG -I'/tmp/library/Rigraphlib/igraph/include/igraph' -I'/usr/local/lib/R/site-library/Rcpp/include' -I'/mnt/library/assorthead/include' -I'/mnt/library/beachmat/include' -I'/mnt/library/BiocNeighbors/include' -I'/tmp/library/Rigraphlib/include' -I/usr/local/include    -fpic  -g -O2 -fstack-protector-strong -Wformat -Werror=format-security -Wdate-time -D_FORTIFY_SOURCE=2 -g   -c score_markers.cpp -o score_markers.o
g++ -std=gnu++17 -I"/usr/local/lib/R/include" -DNDEBUG -I'/tmp/library/Rigraphlib/igraph/include/igraph' -I'/usr/local/lib/R/site-library/Rcpp/include' -I'/mnt/library/assorthead/include' -I'/mnt/library/beachmat/include' -I'/mnt/library/BiocNeighbors/include' -I'/tmp/library/Rigraphlib/include' -I/usr/local/include    -fpic  -g -O2 -fstack-protector-strong -Wformat -Werror=format-security -Wdate-time -D_FORTIFY_SOURCE=2 -g   -c set_executor.cpp -o set_executor.o
g++ -std=gnu++17 -I"/usr/local/lib/R/include" -DNDEBUG -I'/tmp/library/Rigraphlib/igraph/include/igraph' -I'/usr/local/lib/R/site-library/Rcpp/include' -I'/mnt/library/assorthead/include' -I'/mnt/library/beachmat/include' -I'/mnt/library/BiocNeighbors/include' -I'/tmp/library/Rigraphlib/include' -I/usr/local/include    -fpic  -g -O2 -fstack-protector-strong -Wformat -Werror=format-security -Wdate-time -D_FORTIFY_SOURCE=2 -g   -c subsample_by_neighbors.cpp -o subsample_by_neighbors.o
g++ -std=gnu++17 -I"/usr/local/lib/R/include" -DNDEBUG -I'/tmp/library/Rigraphlib/igraph/include/igraph' -I'/usr/local/lib/R/site-library/Rcpp/include' -I'/mnt/library/assorthead/include' -I'/mnt/library/beachmat/include' -I'/mnt/library/BiocNeighbors/include' -I'/tmp/library/Rigraphlib/include' -I/usr/local/include    -fpic  -g -O2 -fstack-protector-strong -Wformat -Werror=format-security -Wdate-time -D_FORTIFY_SOURCE=2 -g   -c subsample_by_partition.cpp -o subsample_by_partition.o
g++ -std=gnu++17 -I"/usr/local/lib/R/include" -DNDEBUG -I'/tmp/library/Rigraphlib/igraph/include/igraph' -I'/usr/local/lib/R/site-library/Rcpp/include' -I'/mnt/library/assorthead/include' -I'/mnt/library/beachmat/include' -I'/mnt/library/BiocNeighbors/include' -I'/tmp/library/Rigraphlib/include' -I/usr/local/include    -fpic  -g -O2 -fstack-protector-strong -Wformat -Werror=format-security -Wdate-time -D_FORTIFY_SOURCE=2 -g   -c summarize_effects.cpp -o summarize_effects.o
g++ -std=gnu++17 -I"/usr/local/lib/R/include" -DNDEBUG -I'/tmp/library/Rigraphlib/igraph/include/igraph' -I'/usr/local/lib/R/site-library/Rcpp/include' -I'/mnt/library/assorthead/include' -I'/mnt/library/beachmat/include' -I'/mnt/library/BiocNeighbors/include' -I'/tmp/library/Rigraphlib/include' -I/usr/local/include    -fpic  -g -O2 -fstack-protector-strong -Wformat -Werror=format-security -Wdate-time -D_FORTIFY_SOURCE=2 -g   -c test_enrichment.cpp -o test_enrichment.o
g++ -std=gnu++17 -shared -L/usr/local/lib/R/lib -L/usr/local/lib -o scrapper.so RcppExports.o adt_quality_control.o aggregate_across_cells.o aggregate_across_genes.o build_snn_graph.o center_size_factors.o center_spike_in_factors.o choose_highly_variable_genes.o choose_pseudo_count.o cluster_graph.o cluster_kmeans.o combine_factors.o compute_block_weights.o compute_clrm1_factors.o correct_mnn.o crispr_quality_control.o fit_variance_trend.o model_gene_variances.o normalize_counts.o rna_quality_control.o run_pca.o run_tsne.o run_umap.o sanitize_size_factors.o scale_by_neighbors.o score_gene_set.o score_markers.o set_executor.o subsample_by_neighbors.o subsample_by_partition.o summarize_effects.o test_enrichment.o /tmp/library/Rigraphlib/igraph/lib/libigraph.a -llapack -lblas -lgfortran -lm -lquadmath -L/usr/local/lib/R/lib -lR
installing to /tmp/library/00LOCK-scrapper/00new/scrapper/libs
** R
** inst
** byte-compile and prepare package for lazy loading
** help
*** installing help indices
** building package indices
** installing vignettes
** testing if installed package can be loaded from temporary location
** checking absolute paths in shared objects and dynamic libraries
** testing if installed package can be loaded from final location
** testing if installed package keeps a record of temporary installation path
* SHA256 sums
* creating tarball
packaged installation of ‘scrapper’ as ‘scrapper_1.7.3_R_x86_64-pc-linux-gnu.tar.gz’
* DONE (scrapper)
* installing *source* package ‘splatter’ ...
** this is package ‘splatter’ version ‘1.37.1’
** package ‘splatter’ successfully unpacked and MD5 sums checked
** using staged installation
** R
** inst
** byte-compile and prepare package for lazy loading
** help
*** installing help indices
*** copying figures
** building package indices
** installing vignettes
** testing if installed package can be loaded from temporary location
** testing if installed package can be loaded from final location
** testing if installed package keeps a record of temporary installation path
* SHA256 sums
* creating tarball
packaged installation of ‘splatter’ as ‘splatter_1.37.1_R_x86_64-pc-linux-gnu.tar.gz’
* DONE (splatter)

The downloaded source packages are in
	‘/tmp/RtmpO9j0yF/downloaded_packages’
Old packages: 'diffobj'

real	11m14.855s
user	9m45.692s
sys	1m25.807s
