+ Rscript -e 'Sys.setenv(BIOCONDUCTOR_USE_CONTAINER_REPOSITORY=FALSE);
  p <- .libPaths();
  p <- c('\''/tmp/library'\'', '\''/mnt/library'\'', p);
  .libPaths(p);
  if(BiocManager::install('\''Harman'\'', INSTALL_opts = '\''--build'\'', update = TRUE, quiet = FALSE, dependencies=TRUE, force = TRUE, keep_outputs = TRUE) %in% rownames(installed.packages())) q(status = 0) else q(status = 1)'
'getOption("repos")' replaces Bioconductor standard repositories, see
'help("repositories", package = "BiocManager")' for details.
Replacement repositories:
    CRAN: https://p3m.dev/cran/__linux__/noble/latest
Bioconductor version 3.24 (BiocManager 1.30.27), R 4.6.1 (2026-06-24)
Installing package(s) 'Harman'
also installing the dependencies ‘dir.expiry’, ‘biocmake’, ‘Rhtslib’, ‘cigarillo’, ‘RCurl’, ‘MetaboCoreUtils’, ‘MultiAssayExperiment’, ‘AnnotationFilter’, ‘plotly’, ‘rngtools’, ‘R.oo’, ‘R.methodsS3’, ‘selectr’, ‘dbplyr’, ‘rhdf5filters’, ‘Rhdf5lib’, ‘TxDb.Hsapiens.UCSC.hg19.knownGene’, ‘org.Hs.eg.db’, ‘UCSC.utils’, ‘Rsamtools’, ‘GenomicAlignments’, ‘BiocIO’, ‘restfulr’, ‘png’, ‘ncdf4’, ‘clue’, ‘Spectra’, ‘QFeatures’, ‘doParallel’, ‘rbibutils’, ‘MatrixGenerics’, ‘S4Arrays’, ‘XVector’, ‘doRNG’, ‘multtest’, ‘scrime’, ‘base64’, ‘sparseMatrixStats’, ‘SparseArray’, ‘rentrez’, ‘R.utils’, ‘rvest’, ‘BiocFileCache’, ‘h5mread’, ‘rhdf5’, ‘snow’, ‘BH’, ‘affyio’, ‘FDb.InfiniumMethylation.hg19’, ‘GenomeInfoDb’, ‘rtracklayer’, ‘XML’, ‘blob’, ‘KEGGREST’, ‘mzR’, ‘ProtGenerics’, ‘MsCoreUtils’, ‘PSMatch’, ‘PTMods’, ‘vsn’, ‘impute’, ‘pcaMethods’, ‘MALDIquant’, ‘mzID’, ‘caTools’, ‘Rdpack’, ‘GenomicRanges’, ‘SummarizedExperiment’, ‘Biostrings’, ‘bumphunter’, ‘S4Vectors’, ‘Seqinfo’, ‘IRanges’, ‘beanplot’, ‘nor1mix’, ‘siggenes’, ‘illuminaio’, ‘DelayedMatrixStats’, ‘genefilter’, ‘reshape’, ‘quadprog’, ‘GEOquery’, ‘DelayedArray’, ‘HDF5Array’, ‘BiocParallel’, ‘affy’, ‘methylumi’, ‘GenomicFeatures’, ‘annotate’, ‘nleqslv’, ‘RSQLite’, ‘AnnotationDbi’, ‘MSnbase’, ‘gplots’, ‘IlluminaHumanMethylation450kmanifest’, ‘IlluminaHumanMethylation450kanno.ilmn12.hg19’, ‘edgeR’, ‘Ckmeans.1d.dp’, ‘HarmanData’, ‘bladderbatch’, ‘minfi’, ‘lumi’, ‘msmsEDA’, ‘affydata’, ‘minfiData’, ‘sva’

trying URL 'https://bioconductor.org/packages/3.24/bioc/src/contrib/dir.expiry_1.21.0.tar.gz'
trying URL 'https://bioconductor.org/packages/3.24/bioc/src/contrib/biocmake_1.5.0.tar.gz'
trying URL 'https://bioconductor.org/packages/3.24/bioc/src/contrib/Rhtslib_3.9.0.tar.gz'
trying URL 'https://bioconductor.org/packages/3.24/bioc/src/contrib/cigarillo_1.3.1.tar.gz'
trying URL 'https://p3m.dev/cran/__linux__/noble/latest/src/contrib/RCurl_1.98-1.19.tar.gz'
trying URL 'https://bioconductor.org/packages/3.24/bioc/src/contrib/MetaboCoreUtils_1.21.1.tar.gz'
trying URL 'https://bioconductor.org/packages/3.24/bioc/src/contrib/MultiAssayExperiment_1.39.0.tar.gz'
trying URL 'https://bioconductor.org/packages/3.24/bioc/src/contrib/AnnotationFilter_1.37.0.tar.gz'
trying URL 'https://p3m.dev/cran/__linux__/noble/latest/src/contrib/plotly_4.12.0.tar.gz'
trying URL 'https://p3m.dev/cran/__linux__/noble/latest/src/contrib/rngtools_1.5.2.tar.gz'
trying URL 'https://p3m.dev/cran/__linux__/noble/latest/src/contrib/R.oo_1.27.1.tar.gz'
trying URL 'https://p3m.dev/cran/__linux__/noble/latest/src/contrib/R.methodsS3_1.8.2.tar.gz'
trying URL 'https://p3m.dev/cran/__linux__/noble/latest/src/contrib/selectr_0.6-0.tar.gz'
trying URL 'https://p3m.dev/cran/__linux__/noble/latest/src/contrib/dbplyr_2.6.0.tar.gz'
trying URL 'https://bioconductor.org/packages/3.24/bioc/src/contrib/rhdf5filters_1.25.0.tar.gz'
trying URL 'https://bioconductor.org/packages/3.24/bioc/src/contrib/Rhdf5lib_2.1.0.tar.gz'
trying URL 'https://bioconductor.org/packages/3.24/data/annotation/src/contrib/TxDb.Hsapiens.UCSC.hg19.knownGene_3.22.1.tar.gz'
trying URL 'https://bioconductor.org/packages/3.24/data/annotation/src/contrib/org.Hs.eg.db_3.23.1.tar.gz'
trying URL 'https://bioconductor.org/packages/3.24/bioc/src/contrib/UCSC.utils_1.9.0.tar.gz'
trying URL 'https://bioconductor.org/packages/3.24/bioc/src/contrib/Rsamtools_2.29.0.tar.gz'
trying URL 'https://bioconductor.org/packages/3.24/bioc/src/contrib/GenomicAlignments_1.49.1.tar.gz'
trying URL 'https://bioconductor.org/packages/3.24/bioc/src/contrib/BiocIO_1.23.3.tar.gz'
trying URL 'https://p3m.dev/cran/__linux__/noble/latest/src/contrib/restfulr_0.0.17.tar.gz'
trying URL 'https://p3m.dev/cran/__linux__/noble/latest/src/contrib/png_0.1-9.tar.gz'
trying URL 'https://p3m.dev/cran/__linux__/noble/latest/src/contrib/ncdf4_1.24.tar.gz'
trying URL 'https://p3m.dev/cran/__linux__/noble/latest/src/contrib/clue_0.3-68.tar.gz'
trying URL 'https://bioconductor.org/packages/3.24/bioc/src/contrib/Spectra_1.23.3.tar.gz'
trying URL 'https://bioconductor.org/packages/3.24/bioc/src/contrib/QFeatures_1.23.1.tar.gz'
trying URL 'https://p3m.dev/cran/__linux__/noble/latest/src/contrib/doParallel_1.0.17.tar.gz'
trying URL 'https://p3m.dev/cran/__linux__/noble/latest/src/contrib/rbibutils_2.4.1.tar.gz'
trying URL 'https://bioconductor.org/packages/3.24/bioc/src/contrib/MatrixGenerics_1.25.0.tar.gz'
trying URL 'https://bioconductor.org/packages/3.24/bioc/src/contrib/S4Arrays_1.13.0.tar.gz'
trying URL 'https://bioconductor.org/packages/3.24/bioc/src/contrib/XVector_0.53.0.tar.gz'
trying URL 'https://p3m.dev/cran/__linux__/noble/latest/src/contrib/doRNG_1.8.6.3.tar.gz'
trying URL 'https://bioconductor.org/packages/3.24/bioc/src/contrib/multtest_2.69.0.tar.gz'
trying URL 'https://p3m.dev/cran/__linux__/noble/latest/src/contrib/scrime_1.3.7.tar.gz'
trying URL 'https://p3m.dev/cran/__linux__/noble/latest/src/contrib/base64_2.0.2.tar.gz'
trying URL 'https://bioconductor.org/packages/3.24/bioc/src/contrib/sparseMatrixStats_1.25.0.tar.gz'
trying URL 'https://bioconductor.org/packages/3.24/bioc/src/contrib/SparseArray_1.13.2.tar.gz'
trying URL 'https://p3m.dev/cran/__linux__/noble/latest/src/contrib/rentrez_1.2.4.tar.gz'
trying URL 'https://p3m.dev/cran/__linux__/noble/latest/src/contrib/R.utils_2.13.0.tar.gz'
trying URL 'https://p3m.dev/cran/__linux__/noble/latest/src/contrib/rvest_1.0.5.tar.gz'
trying URL 'https://bioconductor.org/packages/3.24/bioc/src/contrib/BiocFileCache_3.3.0.tar.gz'
trying URL 'https://bioconductor.org/packages/3.24/bioc/src/contrib/h5mread_1.5.0.tar.gz'
trying URL 'https://bioconductor.org/packages/3.24/bioc/src/contrib/rhdf5_2.57.1.tar.gz'
trying URL 'https://p3m.dev/cran/__linux__/noble/latest/src/contrib/snow_0.4-4.tar.gz'
trying URL 'https://p3m.dev/cran/__linux__/noble/latest/src/contrib/BH_1.90.0-1.tar.gz'
trying URL 'https://bioconductor.org/packages/3.24/bioc/src/contrib/affyio_1.83.0.tar.gz'
trying URL 'https://bioconductor.org/packages/3.24/data/annotation/src/contrib/FDb.InfiniumMethylation.hg19_2.2.0.tar.gz'
trying URL 'https://bioconductor.org/packages/3.24/bioc/src/contrib/GenomeInfoDb_1.49.1.tar.gz'
trying URL 'https://bioconductor.org/packages/3.24/bioc/src/contrib/rtracklayer_1.73.0.tar.gz'
trying URL 'https://p3m.dev/cran/__linux__/noble/latest/src/contrib/XML_3.99-0.23.tar.gz'
trying URL 'https://p3m.dev/cran/__linux__/noble/latest/src/contrib/blob_1.3.0.tar.gz'
trying URL 'https://bioconductor.org/packages/3.24/bioc/src/contrib/KEGGREST_1.53.1.tar.gz'
trying URL 'https://bioconductor.org/packages/3.24/bioc/src/contrib/mzR_2.47.0.tar.gz'
trying URL 'https://bioconductor.org/packages/3.24/bioc/src/contrib/ProtGenerics_1.45.0.tar.gz'
trying URL 'https://bioconductor.org/packages/3.24/bioc/src/contrib/MsCoreUtils_1.25.4.tar.gz'
trying URL 'https://bioconductor.org/packages/3.24/bioc/src/contrib/PSMatch_1.17.0.tar.gz'
trying URL 'https://bioconductor.org/packages/3.24/bioc/src/contrib/PTMods_1.1.0.tar.gz'
trying URL 'https://bioconductor.org/packages/3.24/bioc/src/contrib/vsn_3.81.0.tar.gz'
trying URL 'https://bioconductor.org/packages/3.24/bioc/src/contrib/impute_1.87.0.tar.gz'
trying URL 'https://bioconductor.org/packages/3.24/bioc/src/contrib/pcaMethods_2.5.0.tar.gz'
trying URL 'https://p3m.dev/cran/__linux__/noble/latest/src/contrib/MALDIquant_1.22.3.tar.gz'
trying URL 'https://bioconductor.org/packages/3.24/bioc/src/contrib/mzID_1.51.0.tar.gz'
trying URL 'https://p3m.dev/cran/__linux__/noble/latest/src/contrib/caTools_1.18.3.tar.gz'
trying URL 'https://p3m.dev/cran/__linux__/noble/latest/src/contrib/Rdpack_2.6.6.tar.gz'
trying URL 'https://bioconductor.org/packages/3.24/bioc/src/contrib/GenomicRanges_1.65.1.tar.gz'
trying URL 'https://bioconductor.org/packages/3.24/bioc/src/contrib/SummarizedExperiment_1.43.0.tar.gz'
trying URL 'https://bioconductor.org/packages/3.24/bioc/src/contrib/Biostrings_2.81.5.tar.gz'
trying URL 'https://bioconductor.org/packages/3.24/bioc/src/contrib/bumphunter_1.55.1.tar.gz'
trying URL 'https://bioconductor.org/packages/3.24/bioc/src/contrib/S4Vectors_0.51.5.tar.gz'
trying URL 'https://bioconductor.org/packages/3.24/bioc/src/contrib/Seqinfo_1.3.0.tar.gz'
trying URL 'https://bioconductor.org/packages/3.24/bioc/src/contrib/IRanges_2.47.2.tar.gz'
trying URL 'https://p3m.dev/cran/__linux__/noble/latest/src/contrib/beanplot_1.3.1.tar.gz'
trying URL 'https://p3m.dev/cran/__linux__/noble/latest/src/contrib/nor1mix_1.3-3.tar.gz'
trying URL 'https://bioconductor.org/packages/3.24/bioc/src/contrib/siggenes_1.87.0.tar.gz'
trying URL 'https://bioconductor.org/packages/3.24/bioc/src/contrib/illuminaio_0.55.0.tar.gz'
trying URL 'https://bioconductor.org/packages/3.24/bioc/src/contrib/DelayedMatrixStats_1.35.0.tar.gz'
trying URL 'https://bioconductor.org/packages/3.24/bioc/src/contrib/genefilter_1.95.0.tar.gz'
trying URL 'https://p3m.dev/cran/__linux__/noble/latest/src/contrib/reshape_0.8.10.tar.gz'
trying URL 'https://p3m.dev/cran/__linux__/noble/latest/src/contrib/quadprog_1.5-8.tar.gz'
trying URL 'https://bioconductor.org/packages/3.24/bioc/src/contrib/GEOquery_2.81.21.tar.gz'
trying URL 'https://bioconductor.org/packages/3.24/bioc/src/contrib/DelayedArray_0.39.3.tar.gz'
trying URL 'https://bioconductor.org/packages/3.24/bioc/src/contrib/HDF5Array_1.41.0.tar.gz'
trying URL 'https://bioconductor.org/packages/3.24/bioc/src/contrib/BiocParallel_1.47.0.tar.gz'
trying URL 'https://bioconductor.org/packages/3.24/bioc/src/contrib/affy_1.91.0.tar.gz'
trying URL 'https://bioconductor.org/packages/3.24/bioc/src/contrib/methylumi_2.59.0.tar.gz'
trying URL 'https://bioconductor.org/packages/3.24/bioc/src/contrib/GenomicFeatures_1.65.0.tar.gz'
trying URL 'https://bioconductor.org/packages/3.24/bioc/src/contrib/annotate_1.91.0.tar.gz'
trying URL 'https://p3m.dev/cran/__linux__/noble/latest/src/contrib/nleqslv_3.3.7.tar.gz'
trying URL 'https://p3m.dev/cran/__linux__/noble/latest/src/contrib/RSQLite_3.53.3.tar.gz'
trying URL 'https://bioconductor.org/packages/3.24/bioc/src/contrib/AnnotationDbi_1.75.0.tar.gz'
trying URL 'https://bioconductor.org/packages/3.24/bioc/src/contrib/MSnbase_2.39.4.tar.gz'
trying URL 'https://p3m.dev/cran/__linux__/noble/latest/src/contrib/gplots_3.3.0.tar.gz'
trying URL 'https://bioconductor.org/packages/3.24/data/annotation/src/contrib/IlluminaHumanMethylation450kmanifest_0.4.0.tar.gz'
trying URL 'https://bioconductor.org/packages/3.24/data/annotation/src/contrib/IlluminaHumanMethylation450kanno.ilmn12.hg19_0.6.1.tar.gz'
trying URL 'https://bioconductor.org/packages/3.24/bioc/src/contrib/edgeR_4.11.4.tar.gz'
trying URL 'https://p3m.dev/cran/__linux__/noble/latest/src/contrib/Ckmeans.1d.dp_4.3.5.tar.gz'
trying URL 'https://bioconductor.org/packages/3.24/data/experiment/src/contrib/HarmanData_1.41.0.tar.gz'
trying URL 'https://bioconductor.org/packages/3.24/data/experiment/src/contrib/bladderbatch_1.51.0.tar.gz'
trying URL 'https://bioconductor.org/packages/3.24/bioc/src/contrib/minfi_1.59.1.tar.gz'
trying URL 'https://bioconductor.org/packages/3.24/bioc/src/contrib/lumi_2.65.0.tar.gz'
trying URL 'https://bioconductor.org/packages/3.24/bioc/src/contrib/msmsEDA_1.51.0.tar.gz'
trying URL 'https://bioconductor.org/packages/3.24/data/experiment/src/contrib/affydata_1.61.0.tar.gz'
trying URL 'https://bioconductor.org/packages/3.24/data/experiment/src/contrib/minfiData_0.59.0.tar.gz'
trying URL 'https://bioconductor.org/packages/3.24/bioc/src/contrib/sva_3.59.0.tar.gz'
trying URL 'https://bioconductor.org/packages/3.24/bioc/src/contrib/Harman_1.41.0.tar.gz'
* installing *source* package ‘dir.expiry’ ...
** this is package ‘dir.expiry’ version ‘1.21.0’
** package ‘dir.expiry’ successfully unpacked and MD5 sums checked
** using staged installation
** R
** inst
** byte-compile and prepare package for lazy loading
** help
*** installing help indices
** building package indices
** installing vignettes
** testing if installed package can be loaded from temporary location
** testing if installed package can be loaded from final location
** testing if installed package keeps a record of temporary installation path
* SHA256 sums
* creating tarball
packaged installation of ‘dir.expiry’ as ‘dir.expiry_1.21.0_R_x86_64-pc-linux-gnu.tar.gz’
* DONE (dir.expiry)
* installing *source* package ‘Rhtslib’ ...
** this is package ‘Rhtslib’ version ‘3.9.0’
** package ‘Rhtslib’ successfully unpacked and MD5 sums checked
** using non-staged installation via StagedInstall field
** libs
using C compiler: ‘gcc (Ubuntu 13.3.0-6ubuntu2~24.04.1) 13.3.0’
cd "htslib-1.18" && make -f "Makefile.Rhtslib"
make[1]: Entering directory '/tmp/RtmpLygEbX/R.INSTALL6f3e17db2f/Rhtslib/src/htslib-1.18'
gcc -std=gnu2x -g -O2 -fstack-protector-strong -Wformat -Werror=format-security -Wdate-time -D_FORTIFY_SOURCE=2 -g -fpic -fvisibility=hidden  -I. -I/usr/local/include -D_FILE_OFFSET_BITS=64 -c -o kfunc.o kfunc.c
gcc -std=gnu2x -g -O2 -fstack-protector-strong -Wformat -Werror=format-security -Wdate-time -D_FORTIFY_SOURCE=2 -g -fpic -fvisibility=hidden  -I. -I/usr/local/include -D_FILE_OFFSET_BITS=64 -c -o kstring.o kstring.c
gcc -std=gnu2x -g -O2 -fstack-protector-strong -Wformat -Werror=format-security -Wdate-time -D_FORTIFY_SOURCE=2 -g -fpic -fvisibility=hidden  -I. -I/usr/local/include -D_FILE_OFFSET_BITS=64 -c -o bcf_sr_sort.o bcf_sr_sort.c
gcc -std=gnu2x -g -O2 -fstack-protector-strong -Wformat -Werror=format-security -Wdate-time -D_FORTIFY_SOURCE=2 -g -fpic -fvisibility=hidden  -I. -I/usr/local/include -D_FILE_OFFSET_BITS=64 -c -o bgzf.o bgzf.c
gcc -std=gnu2x -g -O2 -fstack-protector-strong -Wformat -Werror=format-security -Wdate-time -D_FORTIFY_SOURCE=2 -g -fpic -fvisibility=hidden  -I. -I/usr/local/include -D_FILE_OFFSET_BITS=64 -c -o errmod.o errmod.c
gcc -std=gnu2x -g -O2 -fstack-protector-strong -Wformat -Werror=format-security -Wdate-time -D_FORTIFY_SOURCE=2 -g -fpic -fvisibility=hidden  -I. -I/usr/local/include -D_FILE_OFFSET_BITS=64 -c -o faidx.o faidx.c
gcc -std=gnu2x -g -O2 -fstack-protector-strong -Wformat -Werror=format-security -Wdate-time -D_FORTIFY_SOURCE=2 -g -fpic -fvisibility=hidden  -I. -I/usr/local/include -D_FILE_OFFSET_BITS=64 -c -o header.o header.c
gcc -std=gnu2x -g -O2 -fstack-protector-strong -Wformat -Werror=format-security -Wdate-time -D_FORTIFY_SOURCE=2 -g -fpic -fvisibility=hidden  -I. -I/usr/local/include -D_FILE_OFFSET_BITS=64 -c -o hfile.o hfile.c
echo '#define HTS_VERSION_TEXT "1.18"' > version.h
printf '#define HTS_CC "%s"\n#define HTS_CPPFLAGS "%s"\n#define HTS_CFLAGS "%s"\n#define HTS_LDFLAGS "%s"\n#define HTS_LIBS "%s"\n' \
'gcc -std=gnu2x' \
'-I/usr/local/include -D_FILE_OFFSET_BITS=64' \
'-g -O2 -fstack-protector-strong -Wformat -Werror=format-security -Wdate-time -D_FORTIFY_SOURCE=2 -g -fpic -fvisibility=hidden' \
'-L/usr/local/lib -fvisibility=hidden' \
'-lz -lm -lbz2 -llzma -lcurl' > config_vars.h
gcc -std=gnu2x -g -O2 -fstack-protector-strong -Wformat -Werror=format-security -Wdate-time -D_FORTIFY_SOURCE=2 -g -fpic -fvisibility=hidden  -I. -I/usr/local/include -D_FILE_OFFSET_BITS=64 -c -o hts.o hts.c
gcc -std=gnu2x -g -O2 -fstack-protector-strong -Wformat -Werror=format-security -Wdate-time -D_FORTIFY_SOURCE=2 -g -fpic -fvisibility=hidden  -I. -I/usr/local/include -D_FILE_OFFSET_BITS=64 -c -o hts_expr.o hts_expr.c
gcc -std=gnu2x -g -O2 -fstack-protector-strong -Wformat -Werror=format-security -Wdate-time -D_FORTIFY_SOURCE=2 -g -fpic -fvisibility=hidden  -I. -I/usr/local/include -D_FILE_OFFSET_BITS=64 -c -o hts_os.o hts_os.c
gcc -std=gnu2x -g -O2 -fstack-protector-strong -Wformat -Werror=format-security -Wdate-time -D_FORTIFY_SOURCE=2 -g -fpic -fvisibility=hidden  -I. -I/usr/local/include -D_FILE_OFFSET_BITS=64 -c -o md5.o md5.c
gcc -std=gnu2x -g -O2 -fstack-protector-strong -Wformat -Werror=format-security -Wdate-time -D_FORTIFY_SOURCE=2 -g -fpic -fvisibility=hidden  -I. -I/usr/local/include -D_FILE_OFFSET_BITS=64 -c -o multipart.o multipart.c
gcc -std=gnu2x -g -O2 -fstack-protector-strong -Wformat -Werror=format-security -Wdate-time -D_FORTIFY_SOURCE=2 -g -fpic -fvisibility=hidden  -I. -I/usr/local/include -D_FILE_OFFSET_BITS=64 -c -o probaln.o probaln.c
gcc -std=gnu2x -g -O2 -fstack-protector-strong -Wformat -Werror=format-security -Wdate-time -D_FORTIFY_SOURCE=2 -g -fpic -fvisibility=hidden  -I. -I/usr/local/include -D_FILE_OFFSET_BITS=64 -c -o realn.o realn.c
gcc -std=gnu2x -g -O2 -fstack-protector-strong -Wformat -Werror=format-security -Wdate-time -D_FORTIFY_SOURCE=2 -g -fpic -fvisibility=hidden  -I. -I/usr/local/include -D_FILE_OFFSET_BITS=64 -c -o regidx.o regidx.c
gcc -std=gnu2x -g -O2 -fstack-protector-strong -Wformat -Werror=format-security -Wdate-time -D_FORTIFY_SOURCE=2 -g -fpic -fvisibility=hidden  -I. -I/usr/local/include -D_FILE_OFFSET_BITS=64 -c -o region.o region.c
gcc -std=gnu2x -g -O2 -fstack-protector-strong -Wformat -Werror=format-security -Wdate-time -D_FORTIFY_SOURCE=2 -g -fpic -fvisibility=hidden  -I. -I/usr/local/include -D_FILE_OFFSET_BITS=64 -c -o sam.o sam.c
gcc -std=gnu2x -g -O2 -fstack-protector-strong -Wformat -Werror=format-security -Wdate-time -D_FORTIFY_SOURCE=2 -g -fpic -fvisibility=hidden  -I. -I/usr/local/include -D_FILE_OFFSET_BITS=64 -c -o sam_mods.o sam_mods.c
gcc -std=gnu2x -g -O2 -fstack-protector-strong -Wformat -Werror=format-security -Wdate-time -D_FORTIFY_SOURCE=2 -g -fpic -fvisibility=hidden  -I. -I/usr/local/include -D_FILE_OFFSET_BITS=64 -c -o synced_bcf_reader.o synced_bcf_reader.c
gcc -std=gnu2x -g -O2 -fstack-protector-strong -Wformat -Werror=format-security -Wdate-time -D_FORTIFY_SOURCE=2 -g -fpic -fvisibility=hidden  -I. -I/usr/local/include -D_FILE_OFFSET_BITS=64 -c -o vcf_sweep.o vcf_sweep.c
gcc -std=gnu2x -g -O2 -fstack-protector-strong -Wformat -Werror=format-security -Wdate-time -D_FORTIFY_SOURCE=2 -g -fpic -fvisibility=hidden  -I. -I/usr/local/include -D_FILE_OFFSET_BITS=64 -c -o tbx.o tbx.c
gcc -std=gnu2x -g -O2 -fstack-protector-strong -Wformat -Werror=format-security -Wdate-time -D_FORTIFY_SOURCE=2 -g -fpic -fvisibility=hidden  -I. -I/usr/local/include -D_FILE_OFFSET_BITS=64 -c -o textutils.o textutils.c
gcc -std=gnu2x -g -O2 -fstack-protector-strong -Wformat -Werror=format-security -Wdate-time -D_FORTIFY_SOURCE=2 -g -fpic -fvisibility=hidden  -I. -I/usr/local/include -D_FILE_OFFSET_BITS=64 -c -o thread_pool.o thread_pool.c
gcc -std=gnu2x -g -O2 -fstack-protector-strong -Wformat -Werror=format-security -Wdate-time -D_FORTIFY_SOURCE=2 -g -fpic -fvisibility=hidden  -I. -I/usr/local/include -D_FILE_OFFSET_BITS=64 -c -o vcf.o vcf.c
gcc -std=gnu2x -g -O2 -fstack-protector-strong -Wformat -Werror=format-security -Wdate-time -D_FORTIFY_SOURCE=2 -g -fpic -fvisibility=hidden  -I. -I/usr/local/include -D_FILE_OFFSET_BITS=64 -c -o vcfutils.o vcfutils.c
gcc -std=gnu2x -g -O2 -fstack-protector-strong -Wformat -Werror=format-security -Wdate-time -D_FORTIFY_SOURCE=2 -g -fpic -fvisibility=hidden  -I. -I/usr/local/include -D_FILE_OFFSET_BITS=64 -c -o cram/cram_codecs.o cram/cram_codecs.c
gcc -std=gnu2x -g -O2 -fstack-protector-strong -Wformat -Werror=format-security -Wdate-time -D_FORTIFY_SOURCE=2 -g -fpic -fvisibility=hidden  -I. -I/usr/local/include -D_FILE_OFFSET_BITS=64 -c -o cram/cram_decode.o cram/cram_decode.c
gcc -std=gnu2x -g -O2 -fstack-protector-strong -Wformat -Werror=format-security -Wdate-time -D_FORTIFY_SOURCE=2 -g -fpic -fvisibility=hidden  -I. -I/usr/local/include -D_FILE_OFFSET_BITS=64 -c -o cram/cram_encode.o cram/cram_encode.c
gcc -std=gnu2x -g -O2 -fstack-protector-strong -Wformat -Werror=format-security -Wdate-time -D_FORTIFY_SOURCE=2 -g -fpic -fvisibility=hidden  -I. -I/usr/local/include -D_FILE_OFFSET_BITS=64 -c -o cram/cram_external.o cram/cram_external.c
gcc -std=gnu2x -g -O2 -fstack-protector-strong -Wformat -Werror=format-security -Wdate-time -D_FORTIFY_SOURCE=2 -g -fpic -fvisibility=hidden  -I. -I/usr/local/include -D_FILE_OFFSET_BITS=64 -c -o cram/cram_index.o cram/cram_index.c
gcc -std=gnu2x -g -O2 -fstack-protector-strong -Wformat -Werror=format-security -Wdate-time -D_FORTIFY_SOURCE=2 -g -fpic -fvisibility=hidden  -I. -I/usr/local/include -D_FILE_OFFSET_BITS=64 -c -o cram/cram_io.o cram/cram_io.c
gcc -std=gnu2x -g -O2 -fstack-protector-strong -Wformat -Werror=format-security -Wdate-time -D_FORTIFY_SOURCE=2 -g -fpic -fvisibility=hidden  -I. -I/usr/local/include -D_FILE_OFFSET_BITS=64 -c -o cram/cram_stats.o cram/cram_stats.c
gcc -std=gnu2x -g -O2 -fstack-protector-strong -Wformat -Werror=format-security -Wdate-time -D_FORTIFY_SOURCE=2 -g -fpic -fvisibility=hidden  -I. -I/usr/local/include -D_FILE_OFFSET_BITS=64 -c -o cram/mFILE.o cram/mFILE.c
gcc -std=gnu2x -g -O2 -fstack-protector-strong -Wformat -Werror=format-security -Wdate-time -D_FORTIFY_SOURCE=2 -g -fpic -fvisibility=hidden  -I. -I/usr/local/include -D_FILE_OFFSET_BITS=64 -c -o cram/open_trace_file.o cram/open_trace_file.c
gcc -std=gnu2x -g -O2 -fstack-protector-strong -Wformat -Werror=format-security -Wdate-time -D_FORTIFY_SOURCE=2 -g -fpic -fvisibility=hidden  -I. -I/usr/local/include -D_FILE_OFFSET_BITS=64 -c -o cram/pooled_alloc.o cram/pooled_alloc.c
gcc -std=gnu2x -g -O2 -fstack-protector-strong -Wformat -Werror=format-security -Wdate-time -D_FORTIFY_SOURCE=2 -g -fpic -fvisibility=hidden  -I. -I/usr/local/include -D_FILE_OFFSET_BITS=64 -c -o cram/string_alloc.o cram/string_alloc.c
gcc -std=gnu2x -g -O2 -fstack-protector-strong -Wformat -Werror=format-security -Wdate-time -D_FORTIFY_SOURCE=2 -g -fpic -fvisibility=hidden  -I. -I/usr/local/include -D_FILE_OFFSET_BITS=64 -c -o htscodecs/htscodecs/arith_dynamic.o htscodecs/htscodecs/arith_dynamic.c
gcc -std=gnu2x -g -O2 -fstack-protector-strong -Wformat -Werror=format-security -Wdate-time -D_FORTIFY_SOURCE=2 -g -fpic -fvisibility=hidden  -I. -I/usr/local/include -D_FILE_OFFSET_BITS=64 -c -o htscodecs/htscodecs/fqzcomp_qual.o htscodecs/htscodecs/fqzcomp_qual.c
gcc -std=gnu2x -g -O2 -fstack-protector-strong -Wformat -Werror=format-security -Wdate-time -D_FORTIFY_SOURCE=2 -g -fpic -fvisibility=hidden  -I. -I/usr/local/include -D_FILE_OFFSET_BITS=64 -c -o htscodecs/htscodecs/htscodecs.o htscodecs/htscodecs/htscodecs.c
gcc -std=gnu2x -g -O2 -fstack-protector-strong -Wformat -Werror=format-security -Wdate-time -D_FORTIFY_SOURCE=2 -g -fpic -fvisibility=hidden  -I. -I/usr/local/include -D_FILE_OFFSET_BITS=64 -c -o htscodecs/htscodecs/pack.o htscodecs/htscodecs/pack.c
gcc -std=gnu2x -g -O2 -fstack-protector-strong -Wformat -Werror=format-security -Wdate-time -D_FORTIFY_SOURCE=2 -g -fpic -fvisibility=hidden  -I. -I/usr/local/include -D_FILE_OFFSET_BITS=64 -c -o htscodecs/htscodecs/rANS_static4x16pr.o htscodecs/htscodecs/rANS_static4x16pr.c
gcc -std=gnu2x -g -O2 -fstack-protector-strong -Wformat -Werror=format-security -Wdate-time -D_FORTIFY_SOURCE=2 -g -fpic -fvisibility=hidden  -I. -I/usr/local/include -D_FILE_OFFSET_BITS=64 -c -o htscodecs/htscodecs/rANS_static32x16pr_avx2.o htscodecs/htscodecs/rANS_static32x16pr_avx2.c
gcc -std=gnu2x -g -O2 -fstack-protector-strong -Wformat -Werror=format-security -Wdate-time -D_FORTIFY_SOURCE=2 -g -fpic -fvisibility=hidden  -I. -I/usr/local/include -D_FILE_OFFSET_BITS=64 -c -o htscodecs/htscodecs/rANS_static32x16pr_avx512.o htscodecs/htscodecs/rANS_static32x16pr_avx512.c
gcc -std=gnu2x -g -O2 -fstack-protector-strong -Wformat -Werror=format-security -Wdate-time -D_FORTIFY_SOURCE=2 -g -fpic -fvisibility=hidden  -I. -I/usr/local/include -D_FILE_OFFSET_BITS=64 -c -o htscodecs/htscodecs/rANS_static32x16pr_sse4.o htscodecs/htscodecs/rANS_static32x16pr_sse4.c
gcc -std=gnu2x -g -O2 -fstack-protector-strong -Wformat -Werror=format-security -Wdate-time -D_FORTIFY_SOURCE=2 -g -fpic -fvisibility=hidden  -I. -I/usr/local/include -D_FILE_OFFSET_BITS=64 -c -o htscodecs/htscodecs/rANS_static32x16pr_neon.o htscodecs/htscodecs/rANS_static32x16pr_neon.c
gcc -std=gnu2x -g -O2 -fstack-protector-strong -Wformat -Werror=format-security -Wdate-time -D_FORTIFY_SOURCE=2 -g -fpic -fvisibility=hidden  -I. -I/usr/local/include -D_FILE_OFFSET_BITS=64 -c -o htscodecs/htscodecs/rANS_static32x16pr.o htscodecs/htscodecs/rANS_static32x16pr.c
gcc -std=gnu2x -g -O2 -fstack-protector-strong -Wformat -Werror=format-security -Wdate-time -D_FORTIFY_SOURCE=2 -g -fpic -fvisibility=hidden  -I. -I/usr/local/include -D_FILE_OFFSET_BITS=64 -c -o htscodecs/htscodecs/rANS_static.o htscodecs/htscodecs/rANS_static.c
gcc -std=gnu2x -g -O2 -fstack-protector-strong -Wformat -Werror=format-security -Wdate-time -D_FORTIFY_SOURCE=2 -g -fpic -fvisibility=hidden  -I. -I/usr/local/include -D_FILE_OFFSET_BITS=64 -c -o htscodecs/htscodecs/rle.o htscodecs/htscodecs/rle.c
gcc -std=gnu2x -g -O2 -fstack-protector-strong -Wformat -Werror=format-security -Wdate-time -D_FORTIFY_SOURCE=2 -g -fpic -fvisibility=hidden  -I. -I/usr/local/include -D_FILE_OFFSET_BITS=64 -c -o htscodecs/htscodecs/tokenise_name3.o htscodecs/htscodecs/tokenise_name3.c
gcc -std=gnu2x -g -O2 -fstack-protector-strong -Wformat -Werror=format-security -Wdate-time -D_FORTIFY_SOURCE=2 -g -fpic -fvisibility=hidden  -I. -I/usr/local/include -D_FILE_OFFSET_BITS=64 -c -o htscodecs/htscodecs/utils.o htscodecs/htscodecs/utils.c
gcc -std=gnu2x -g -O2 -fstack-protector-strong -Wformat -Werror=format-security -Wdate-time -D_FORTIFY_SOURCE=2 -g -fpic -fvisibility=hidden  -I. -I/usr/local/include -D_FILE_OFFSET_BITS=64 -c -o hfile_libcurl.o hfile_libcurl.c
ar -rc libhts.a kfunc.o kstring.o bcf_sr_sort.o bgzf.o errmod.o faidx.o header.o hfile.o hts.o hts_expr.o hts_os.o md5.o multipart.o probaln.o realn.o regidx.o region.o sam.o sam_mods.o synced_bcf_reader.o vcf_sweep.o tbx.o textutils.o thread_pool.o vcf.o vcfutils.o cram/cram_codecs.o cram/cram_decode.o cram/cram_encode.o cram/cram_external.o cram/cram_index.o cram/cram_io.o cram/cram_stats.o cram/mFILE.o cram/open_trace_file.o cram/pooled_alloc.o cram/string_alloc.o htscodecs/htscodecs/arith_dynamic.o htscodecs/htscodecs/fqzcomp_qual.o htscodecs/htscodecs/htscodecs.o htscodecs/htscodecs/pack.o htscodecs/htscodecs/rANS_static4x16pr.o htscodecs/htscodecs/rANS_static32x16pr_avx2.o htscodecs/htscodecs/rANS_static32x16pr_avx512.o htscodecs/htscodecs/rANS_static32x16pr_sse4.o htscodecs/htscodecs/rANS_static32x16pr_neon.o htscodecs/htscodecs/rANS_static32x16pr.o htscodecs/htscodecs/rANS_static.o htscodecs/htscodecs/rle.o htscodecs/htscodecs/tokenise_name3.o htscodecs/htscodecs/utils.o hfile_libcurl.o
ranlib libhts.a
gcc -std=gnu2x -g -O2 -fstack-protector-strong -Wformat -Werror=format-security -Wdate-time -D_FORTIFY_SOURCE=2 -g -fpic -fvisibility=hidden  -I. -I/usr/local/include -D_FILE_OFFSET_BITS=64  -c -o kfunc.pico kfunc.c
gcc -std=gnu2x -g -O2 -fstack-protector-strong -Wformat -Werror=format-security -Wdate-time -D_FORTIFY_SOURCE=2 -g -fpic -fvisibility=hidden  -I. -I/usr/local/include -D_FILE_OFFSET_BITS=64  -c -o kstring.pico kstring.c
gcc -std=gnu2x -g -O2 -fstack-protector-strong -Wformat -Werror=format-security -Wdate-time -D_FORTIFY_SOURCE=2 -g -fpic -fvisibility=hidden  -I. -I/usr/local/include -D_FILE_OFFSET_BITS=64  -c -o bcf_sr_sort.pico bcf_sr_sort.c
gcc -std=gnu2x -g -O2 -fstack-protector-strong -Wformat -Werror=format-security -Wdate-time -D_FORTIFY_SOURCE=2 -g -fpic -fvisibility=hidden  -I. -I/usr/local/include -D_FILE_OFFSET_BITS=64  -c -o bgzf.pico bgzf.c
gcc -std=gnu2x -g -O2 -fstack-protector-strong -Wformat -Werror=format-security -Wdate-time -D_FORTIFY_SOURCE=2 -g -fpic -fvisibility=hidden  -I. -I/usr/local/include -D_FILE_OFFSET_BITS=64  -c -o errmod.pico errmod.c
gcc -std=gnu2x -g -O2 -fstack-protector-strong -Wformat -Werror=format-security -Wdate-time -D_FORTIFY_SOURCE=2 -g -fpic -fvisibility=hidden  -I. -I/usr/local/include -D_FILE_OFFSET_BITS=64  -c -o faidx.pico faidx.c
gcc -std=gnu2x -g -O2 -fstack-protector-strong -Wformat -Werror=format-security -Wdate-time -D_FORTIFY_SOURCE=2 -g -fpic -fvisibility=hidden  -I. -I/usr/local/include -D_FILE_OFFSET_BITS=64  -c -o header.pico header.c
gcc -std=gnu2x -g -O2 -fstack-protector-strong -Wformat -Werror=format-security -Wdate-time -D_FORTIFY_SOURCE=2 -g -fpic -fvisibility=hidden  -I. -I/usr/local/include -D_FILE_OFFSET_BITS=64  -c -o hfile.pico hfile.c
gcc -std=gnu2x -g -O2 -fstack-protector-strong -Wformat -Werror=format-security -Wdate-time -D_FORTIFY_SOURCE=2 -g -fpic -fvisibility=hidden  -I. -I/usr/local/include -D_FILE_OFFSET_BITS=64  -c -o hts.pico hts.c
gcc -std=gnu2x -g -O2 -fstack-protector-strong -Wformat -Werror=format-security -Wdate-time -D_FORTIFY_SOURCE=2 -g -fpic -fvisibility=hidden  -I. -I/usr/local/include -D_FILE_OFFSET_BITS=64  -c -o hts_expr.pico hts_expr.c
gcc -std=gnu2x -g -O2 -fstack-protector-strong -Wformat -Werror=format-security -Wdate-time -D_FORTIFY_SOURCE=2 -g -fpic -fvisibility=hidden  -I. -I/usr/local/include -D_FILE_OFFSET_BITS=64  -c -o hts_os.pico hts_os.c
gcc -std=gnu2x -g -O2 -fstack-protector-strong -Wformat -Werror=format-security -Wdate-time -D_FORTIFY_SOURCE=2 -g -fpic -fvisibility=hidden  -I. -I/usr/local/include -D_FILE_OFFSET_BITS=64  -c -o md5.pico md5.c
gcc -std=gnu2x -g -O2 -fstack-protector-strong -Wformat -Werror=format-security -Wdate-time -D_FORTIFY_SOURCE=2 -g -fpic -fvisibility=hidden  -I. -I/usr/local/include -D_FILE_OFFSET_BITS=64  -c -o multipart.pico multipart.c
gcc -std=gnu2x -g -O2 -fstack-protector-strong -Wformat -Werror=format-security -Wdate-time -D_FORTIFY_SOURCE=2 -g -fpic -fvisibility=hidden  -I. -I/usr/local/include -D_FILE_OFFSET_BITS=64  -c -o probaln.pico probaln.c
gcc -std=gnu2x -g -O2 -fstack-protector-strong -Wformat -Werror=format-security -Wdate-time -D_FORTIFY_SOURCE=2 -g -fpic -fvisibility=hidden  -I. -I/usr/local/include -D_FILE_OFFSET_BITS=64  -c -o realn.pico realn.c
gcc -std=gnu2x -g -O2 -fstack-protector-strong -Wformat -Werror=format-security -Wdate-time -D_FORTIFY_SOURCE=2 -g -fpic -fvisibility=hidden  -I. -I/usr/local/include -D_FILE_OFFSET_BITS=64  -c -o regidx.pico regidx.c
gcc -std=gnu2x -g -O2 -fstack-protector-strong -Wformat -Werror=format-security -Wdate-time -D_FORTIFY_SOURCE=2 -g -fpic -fvisibility=hidden  -I. -I/usr/local/include -D_FILE_OFFSET_BITS=64  -c -o region.pico region.c
gcc -std=gnu2x -g -O2 -fstack-protector-strong -Wformat -Werror=format-security -Wdate-time -D_FORTIFY_SOURCE=2 -g -fpic -fvisibility=hidden  -I. -I/usr/local/include -D_FILE_OFFSET_BITS=64  -c -o sam.pico sam.c
gcc -std=gnu2x -g -O2 -fstack-protector-strong -Wformat -Werror=format-security -Wdate-time -D_FORTIFY_SOURCE=2 -g -fpic -fvisibility=hidden  -I. -I/usr/local/include -D_FILE_OFFSET_BITS=64  -c -o sam_mods.pico sam_mods.c
gcc -std=gnu2x -g -O2 -fstack-protector-strong -Wformat -Werror=format-security -Wdate-time -D_FORTIFY_SOURCE=2 -g -fpic -fvisibility=hidden  -I. -I/usr/local/include -D_FILE_OFFSET_BITS=64  -c -o synced_bcf_reader.pico synced_bcf_reader.c
gcc -std=gnu2x -g -O2 -fstack-protector-strong -Wformat -Werror=format-security -Wdate-time -D_FORTIFY_SOURCE=2 -g -fpic -fvisibility=hidden  -I. -I/usr/local/include -D_FILE_OFFSET_BITS=64  -c -o vcf_sweep.pico vcf_sweep.c
gcc -std=gnu2x -g -O2 -fstack-protector-strong -Wformat -Werror=format-security -Wdate-time -D_FORTIFY_SOURCE=2 -g -fpic -fvisibility=hidden  -I. -I/usr/local/include -D_FILE_OFFSET_BITS=64  -c -o tbx.pico tbx.c
gcc -std=gnu2x -g -O2 -fstack-protector-strong -Wformat -Werror=format-security -Wdate-time -D_FORTIFY_SOURCE=2 -g -fpic -fvisibility=hidden  -I. -I/usr/local/include -D_FILE_OFFSET_BITS=64  -c -o textutils.pico textutils.c
gcc -std=gnu2x -g -O2 -fstack-protector-strong -Wformat -Werror=format-security -Wdate-time -D_FORTIFY_SOURCE=2 -g -fpic -fvisibility=hidden  -I. -I/usr/local/include -D_FILE_OFFSET_BITS=64  -c -o thread_pool.pico thread_pool.c
gcc -std=gnu2x -g -O2 -fstack-protector-strong -Wformat -Werror=format-security -Wdate-time -D_FORTIFY_SOURCE=2 -g -fpic -fvisibility=hidden  -I. -I/usr/local/include -D_FILE_OFFSET_BITS=64  -c -o vcf.pico vcf.c
gcc -std=gnu2x -g -O2 -fstack-protector-strong -Wformat -Werror=format-security -Wdate-time -D_FORTIFY_SOURCE=2 -g -fpic -fvisibility=hidden  -I. -I/usr/local/include -D_FILE_OFFSET_BITS=64  -c -o vcfutils.pico vcfutils.c
gcc -std=gnu2x -g -O2 -fstack-protector-strong -Wformat -Werror=format-security -Wdate-time -D_FORTIFY_SOURCE=2 -g -fpic -fvisibility=hidden  -I. -I/usr/local/include -D_FILE_OFFSET_BITS=64  -c -o cram/cram_codecs.pico cram/cram_codecs.c
gcc -std=gnu2x -g -O2 -fstack-protector-strong -Wformat -Werror=format-security -Wdate-time -D_FORTIFY_SOURCE=2 -g -fpic -fvisibility=hidden  -I. -I/usr/local/include -D_FILE_OFFSET_BITS=64  -c -o cram/cram_decode.pico cram/cram_decode.c
gcc -std=gnu2x -g -O2 -fstack-protector-strong -Wformat -Werror=format-security -Wdate-time -D_FORTIFY_SOURCE=2 -g -fpic -fvisibility=hidden  -I. -I/usr/local/include -D_FILE_OFFSET_BITS=64  -c -o cram/cram_encode.pico cram/cram_encode.c
gcc -std=gnu2x -g -O2 -fstack-protector-strong -Wformat -Werror=format-security -Wdate-time -D_FORTIFY_SOURCE=2 -g -fpic -fvisibility=hidden  -I. -I/usr/local/include -D_FILE_OFFSET_BITS=64  -c -o cram/cram_external.pico cram/cram_external.c
gcc -std=gnu2x -g -O2 -fstack-protector-strong -Wformat -Werror=format-security -Wdate-time -D_FORTIFY_SOURCE=2 -g -fpic -fvisibility=hidden  -I. -I/usr/local/include -D_FILE_OFFSET_BITS=64  -c -o cram/cram_index.pico cram/cram_index.c
gcc -std=gnu2x -g -O2 -fstack-protector-strong -Wformat -Werror=format-security -Wdate-time -D_FORTIFY_SOURCE=2 -g -fpic -fvisibility=hidden  -I. -I/usr/local/include -D_FILE_OFFSET_BITS=64  -c -o cram/cram_io.pico cram/cram_io.c
gcc -std=gnu2x -g -O2 -fstack-protector-strong -Wformat -Werror=format-security -Wdate-time -D_FORTIFY_SOURCE=2 -g -fpic -fvisibility=hidden  -I. -I/usr/local/include -D_FILE_OFFSET_BITS=64  -c -o cram/cram_stats.pico cram/cram_stats.c
gcc -std=gnu2x -g -O2 -fstack-protector-strong -Wformat -Werror=format-security -Wdate-time -D_FORTIFY_SOURCE=2 -g -fpic -fvisibility=hidden  -I. -I/usr/local/include -D_FILE_OFFSET_BITS=64  -c -o cram/mFILE.pico cram/mFILE.c
gcc -std=gnu2x -g -O2 -fstack-protector-strong -Wformat -Werror=format-security -Wdate-time -D_FORTIFY_SOURCE=2 -g -fpic -fvisibility=hidden  -I. -I/usr/local/include -D_FILE_OFFSET_BITS=64  -c -o cram/open_trace_file.pico cram/open_trace_file.c
gcc -std=gnu2x -g -O2 -fstack-protector-strong -Wformat -Werror=format-security -Wdate-time -D_FORTIFY_SOURCE=2 -g -fpic -fvisibility=hidden  -I. -I/usr/local/include -D_FILE_OFFSET_BITS=64  -c -o cram/pooled_alloc.pico cram/pooled_alloc.c
gcc -std=gnu2x -g -O2 -fstack-protector-strong -Wformat -Werror=format-security -Wdate-time -D_FORTIFY_SOURCE=2 -g -fpic -fvisibility=hidden  -I. -I/usr/local/include -D_FILE_OFFSET_BITS=64  -c -o cram/string_alloc.pico cram/string_alloc.c
gcc -std=gnu2x -g -O2 -fstack-protector-strong -Wformat -Werror=format-security -Wdate-time -D_FORTIFY_SOURCE=2 -g -fpic -fvisibility=hidden  -I. -I/usr/local/include -D_FILE_OFFSET_BITS=64  -c -o htscodecs/htscodecs/arith_dynamic.pico htscodecs/htscodecs/arith_dynamic.c
gcc -std=gnu2x -g -O2 -fstack-protector-strong -Wformat -Werror=format-security -Wdate-time -D_FORTIFY_SOURCE=2 -g -fpic -fvisibility=hidden  -I. -I/usr/local/include -D_FILE_OFFSET_BITS=64  -c -o htscodecs/htscodecs/fqzcomp_qual.pico htscodecs/htscodecs/fqzcomp_qual.c
gcc -std=gnu2x -g -O2 -fstack-protector-strong -Wformat -Werror=format-security -Wdate-time -D_FORTIFY_SOURCE=2 -g -fpic -fvisibility=hidden  -I. -I/usr/local/include -D_FILE_OFFSET_BITS=64  -c -o htscodecs/htscodecs/htscodecs.pico htscodecs/htscodecs/htscodecs.c
gcc -std=gnu2x -g -O2 -fstack-protector-strong -Wformat -Werror=format-security -Wdate-time -D_FORTIFY_SOURCE=2 -g -fpic -fvisibility=hidden  -I. -I/usr/local/include -D_FILE_OFFSET_BITS=64  -c -o htscodecs/htscodecs/pack.pico htscodecs/htscodecs/pack.c
gcc -std=gnu2x -g -O2 -fstack-protector-strong -Wformat -Werror=format-security -Wdate-time -D_FORTIFY_SOURCE=2 -g -fpic -fvisibility=hidden  -I. -I/usr/local/include -D_FILE_OFFSET_BITS=64  -c -o htscodecs/htscodecs/rANS_static4x16pr.pico htscodecs/htscodecs/rANS_static4x16pr.c
gcc -std=gnu2x -g -O2 -fstack-protector-strong -Wformat -Werror=format-security -Wdate-time -D_FORTIFY_SOURCE=2 -g -fpic -fvisibility=hidden  -I. -I/usr/local/include -D_FILE_OFFSET_BITS=64  -c -o htscodecs/htscodecs/rANS_static32x16pr_avx2.pico htscodecs/htscodecs/rANS_static32x16pr_avx2.c
gcc -std=gnu2x -g -O2 -fstack-protector-strong -Wformat -Werror=format-security -Wdate-time -D_FORTIFY_SOURCE=2 -g -fpic -fvisibility=hidden  -I. -I/usr/local/include -D_FILE_OFFSET_BITS=64  -c -o htscodecs/htscodecs/rANS_static32x16pr_avx512.pico htscodecs/htscodecs/rANS_static32x16pr_avx512.c
gcc -std=gnu2x -g -O2 -fstack-protector-strong -Wformat -Werror=format-security -Wdate-time -D_FORTIFY_SOURCE=2 -g -fpic -fvisibility=hidden  -I. -I/usr/local/include -D_FILE_OFFSET_BITS=64  -c -o htscodecs/htscodecs/rANS_static32x16pr_sse4.pico htscodecs/htscodecs/rANS_static32x16pr_sse4.c
gcc -std=gnu2x -g -O2 -fstack-protector-strong -Wformat -Werror=format-security -Wdate-time -D_FORTIFY_SOURCE=2 -g -fpic -fvisibility=hidden  -I. -I/usr/local/include -D_FILE_OFFSET_BITS=64  -c -o htscodecs/htscodecs/rANS_static32x16pr_neon.pico htscodecs/htscodecs/rANS_static32x16pr_neon.c
gcc -std=gnu2x -g -O2 -fstack-protector-strong -Wformat -Werror=format-security -Wdate-time -D_FORTIFY_SOURCE=2 -g -fpic -fvisibility=hidden  -I. -I/usr/local/include -D_FILE_OFFSET_BITS=64  -c -o htscodecs/htscodecs/rANS_static32x16pr.pico htscodecs/htscodecs/rANS_static32x16pr.c
gcc -std=gnu2x -g -O2 -fstack-protector-strong -Wformat -Werror=format-security -Wdate-time -D_FORTIFY_SOURCE=2 -g -fpic -fvisibility=hidden  -I. -I/usr/local/include -D_FILE_OFFSET_BITS=64  -c -o htscodecs/htscodecs/rANS_static.pico htscodecs/htscodecs/rANS_static.c
gcc -std=gnu2x -g -O2 -fstack-protector-strong -Wformat -Werror=format-security -Wdate-time -D_FORTIFY_SOURCE=2 -g -fpic -fvisibility=hidden  -I. -I/usr/local/include -D_FILE_OFFSET_BITS=64  -c -o htscodecs/htscodecs/rle.pico htscodecs/htscodecs/rle.c
gcc -std=gnu2x -g -O2 -fstack-protector-strong -Wformat -Werror=format-security -Wdate-time -D_FORTIFY_SOURCE=2 -g -fpic -fvisibility=hidden  -I. -I/usr/local/include -D_FILE_OFFSET_BITS=64  -c -o htscodecs/htscodecs/tokenise_name3.pico htscodecs/htscodecs/tokenise_name3.c
gcc -std=gnu2x -g -O2 -fstack-protector-strong -Wformat -Werror=format-security -Wdate-time -D_FORTIFY_SOURCE=2 -g -fpic -fvisibility=hidden  -I. -I/usr/local/include -D_FILE_OFFSET_BITS=64  -c -o htscodecs/htscodecs/utils.pico htscodecs/htscodecs/utils.c
gcc -std=gnu2x -g -O2 -fstack-protector-strong -Wformat -Werror=format-security -Wdate-time -D_FORTIFY_SOURCE=2 -g -fpic -fvisibility=hidden  -I. -I/usr/local/include -D_FILE_OFFSET_BITS=64  -c -o hfile_libcurl.pico hfile_libcurl.c
gcc -std=gnu2x -shared -Wl,-soname,libhts.so.3 -Wl,-version-script,htslib.map -L/usr/local/lib -fvisibility=hidden -o libhts.so kfunc.pico kstring.pico bcf_sr_sort.pico bgzf.pico errmod.pico faidx.pico header.pico hfile.pico hts.pico hts_expr.pico hts_os.pico md5.pico multipart.pico probaln.pico realn.pico regidx.pico region.pico sam.pico sam_mods.pico synced_bcf_reader.pico vcf_sweep.pico tbx.pico textutils.pico thread_pool.pico vcf.pico vcfutils.pico cram/cram_codecs.pico cram/cram_decode.pico cram/cram_encode.pico cram/cram_external.pico cram/cram_index.pico cram/cram_io.pico cram/cram_stats.pico cram/mFILE.pico cram/open_trace_file.pico cram/pooled_alloc.pico cram/string_alloc.pico htscodecs/htscodecs/arith_dynamic.pico htscodecs/htscodecs/fqzcomp_qual.pico htscodecs/htscodecs/htscodecs.pico htscodecs/htscodecs/pack.pico htscodecs/htscodecs/rANS_static4x16pr.pico htscodecs/htscodecs/rANS_static32x16pr_avx2.pico htscodecs/htscodecs/rANS_static32x16pr_avx512.pico htscodecs/htscodecs/rANS_static32x16pr_sse4.pico htscodecs/htscodecs/rANS_static32x16pr_neon.pico htscodecs/htscodecs/rANS_static32x16pr.pico htscodecs/htscodecs/rANS_static.pico htscodecs/htscodecs/rle.pico htscodecs/htscodecs/tokenise_name3.pico htscodecs/htscodecs/utils.pico hfile_libcurl.pico -lz -lm -lbz2 -llzma -lcurl -lpthread
ln -sf libhts.so libhts.so.3
make[1]: Leaving directory '/tmp/RtmpLygEbX/R.INSTALL6f3e17db2f/Rhtslib/src/htslib-1.18'
mkdir -p "/tmp/library/Rhtslib/include/htslib"
cd "htslib-1.18/htslib" && cp * "/tmp/library/Rhtslib/include/htslib"
gcc -std=gnu2x -I"/usr/local/lib/R/include" -DNDEBUG -D_FILE_OFFSET_BITS=64 -I"/tmp/library/Rhtslib/include"  -I/usr/local/include    -fpic  -g -O2 -fstack-protector-strong -Wformat -Werror=format-security -Wdate-time -D_FORTIFY_SOURCE=2 -g  -c R_init_Rhtslib.c -o R_init_Rhtslib.o
mkdir -p "/tmp/library/Rhtslib/usrlib"
cd "htslib-1.18" && cp libhts.so libhts.a "/tmp/library/Rhtslib/usrlib"
cd "/tmp/library/Rhtslib/usrlib" && ln -s libhts.so libhts.so.2
gcc -std=gnu2x -shared -L/usr/local/lib/R/lib -L/usr/local/lib -o Rhtslib.so R_init_Rhtslib.o /tmp/library/Rhtslib/usrlib/libhts.a -lcurl -lbz2 -llzma -lz -L/usr/local/lib/R/lib -lR
mkdir -p "/tmp/library/Rhtslib/testdata/tabix"
cd "htslib-1.18/test" && (cp *.sam *.bam *.vcf *.bcf *.cram *.fa *.fa.fai *.gff *.bed "/tmp/library/Rhtslib/testdata" 2>/dev/null || true) && cd tabix && (cp *.sam *.bam *.vcf *.bcf *.cram *.fa *.fa.fai *.gff *.bed "/tmp/library/Rhtslib/testdata/tabix" 2>/dev/null || true)
installing to /tmp/library/Rhtslib/libs
** R
** inst
** byte-compile and prepare package for lazy loading
** help
*** installing help indices
** building package indices
** installing vignettes
** testing if installed package can be loaded
* SHA256 sums
* creating tarball
packaged installation of ‘Rhtslib’ as ‘Rhtslib_3.9.0_R_x86_64-pc-linux-gnu.tar.gz’
* DONE (Rhtslib)
* installing *binary* package ‘RCurl’ ...
* package ‘RCurl’ successfully unpacked and SHA256 sums checked
* ‘RCurl’ was already a binary package and will not be rebuilt
* SHA256 sums
* creating tarball
packaged installation of ‘RCurl’ as ‘RCurl_1.98-1.19_R_x86_64-pc-linux-gnu.tar.gz’
* DONE (RCurl)
* installing *binary* package ‘plotly’ ...
* package ‘plotly’ successfully unpacked and SHA256 sums checked
* ‘plotly’ was already a binary package and will not be rebuilt
* SHA256 sums
* creating tarball
packaged installation of ‘plotly’ as ‘plotly_4.12.0_R_x86_64-pc-linux-gnu.tar.gz’
* DONE (plotly)
* installing *binary* package ‘rngtools’ ...
* package ‘rngtools’ successfully unpacked and SHA256 sums checked
* ‘rngtools’ was already a binary package and will not be rebuilt
* SHA256 sums
* creating tarball
packaged installation of ‘rngtools’ as ‘rngtools_1.5.2_R_x86_64-pc-linux-gnu.tar.gz’
* DONE (rngtools)
* installing *binary* package ‘R.methodsS3’ ...
* package ‘R.methodsS3’ successfully unpacked and SHA256 sums checked
* ‘R.methodsS3’ was already a binary package and will not be rebuilt
* SHA256 sums
* creating tarball
packaged installation of ‘R.methodsS3’ as ‘R.methodsS3_1.8.2_R_x86_64-pc-linux-gnu.tar.gz’
* DONE (R.methodsS3)
* installing *binary* package ‘selectr’ ...
* package ‘selectr’ successfully unpacked and SHA256 sums checked
* ‘selectr’ was already a binary package and will not be rebuilt
* SHA256 sums
* creating tarball
packaged installation of ‘selectr’ as ‘selectr_0.6-0_R_x86_64-pc-linux-gnu.tar.gz’
* DONE (selectr)
* installing *binary* package ‘png’ ...
* package ‘png’ successfully unpacked and SHA256 sums checked
* ‘png’ was already a binary package and will not be rebuilt
* SHA256 sums
* creating tarball
packaged installation of ‘png’ as ‘png_0.1-9_R_x86_64-pc-linux-gnu.tar.gz’
* DONE (png)
* installing *binary* package ‘ncdf4’ ...
* package ‘ncdf4’ successfully unpacked and SHA256 sums checked
* ‘ncdf4’ was already a binary package and will not be rebuilt
* SHA256 sums
* creating tarball
packaged installation of ‘ncdf4’ as ‘ncdf4_1.24_R_x86_64-pc-linux-gnu.tar.gz’
* DONE (ncdf4)
* installing *binary* package ‘clue’ ...
* package ‘clue’ successfully unpacked and SHA256 sums checked
* ‘clue’ was already a binary package and will not be rebuilt
* SHA256 sums
* creating tarball
packaged installation of ‘clue’ as ‘clue_0.3-68_R_x86_64-pc-linux-gnu.tar.gz’
* DONE (clue)
* installing *binary* package ‘doParallel’ ...
* package ‘doParallel’ successfully unpacked and SHA256 sums checked
* ‘doParallel’ was already a binary package and will not be rebuilt
* SHA256 sums
* creating tarball
packaged installation of ‘doParallel’ as ‘doParallel_1.0.17_R_x86_64-pc-linux-gnu.tar.gz’
* DONE (doParallel)
* installing *binary* package ‘rbibutils’ ...
* package ‘rbibutils’ successfully unpacked and SHA256 sums checked
* ‘rbibutils’ was already a binary package and will not be rebuilt
* SHA256 sums
* creating tarball
packaged installation of ‘rbibutils’ as ‘rbibutils_2.4.1_R_x86_64-pc-linux-gnu.tar.gz’
* DONE (rbibutils)
* installing *source* package ‘MatrixGenerics’ ...
** this is package ‘MatrixGenerics’ version ‘1.25.0’
** package ‘MatrixGenerics’ successfully unpacked and MD5 sums checked
** using staged installation
** R
** inst
** byte-compile and prepare package for lazy loading
Creating a new generic function for ‘rowAlls’ in package ‘MatrixGenerics’
Creating a new generic function for ‘colAlls’ in package ‘MatrixGenerics’
Creating a new generic function for ‘rowAnyNAs’ in package ‘MatrixGenerics’
Creating a new generic function for ‘colAnyNAs’ in package ‘MatrixGenerics’
Creating a new generic function for ‘rowAnys’ in package ‘MatrixGenerics’
Creating a new generic function for ‘colAnys’ in package ‘MatrixGenerics’
Creating a new generic function for ‘rowAvgsPerColSet’ in package ‘MatrixGenerics’
Creating a new generic function for ‘colAvgsPerRowSet’ in package ‘MatrixGenerics’
Creating a new generic function for ‘rowCollapse’ in package ‘MatrixGenerics’
Creating a new generic function for ‘colCollapse’ in package ‘MatrixGenerics’
Creating a new generic function for ‘rowCounts’ in package ‘MatrixGenerics’
Creating a new generic function for ‘colCounts’ in package ‘MatrixGenerics’
Creating a new generic function for ‘rowCummaxs’ in package ‘MatrixGenerics’
Creating a new generic function for ‘colCummaxs’ in package ‘MatrixGenerics’
Creating a new generic function for ‘rowCummins’ in package ‘MatrixGenerics’
Creating a new generic function for ‘colCummins’ in package ‘MatrixGenerics’
Creating a new generic function for ‘rowCumprods’ in package ‘MatrixGenerics’
Creating a new generic function for ‘colCumprods’ in package ‘MatrixGenerics’
Creating a new generic function for ‘rowCumsums’ in package ‘MatrixGenerics’
Creating a new generic function for ‘colCumsums’ in package ‘MatrixGenerics’
Creating a new generic function for ‘rowDiffs’ in package ‘MatrixGenerics’
Creating a new generic function for ‘colDiffs’ in package ‘MatrixGenerics’
Creating a new generic function for ‘rowIQRDiffs’ in package ‘MatrixGenerics’
Creating a new generic function for ‘colIQRDiffs’ in package ‘MatrixGenerics’
Creating a new generic function for ‘rowIQRs’ in package ‘MatrixGenerics’
Creating a new generic function for ‘colIQRs’ in package ‘MatrixGenerics’
Creating a new generic function for ‘rowLogSumExps’ in package ‘MatrixGenerics’
Creating a new generic function for ‘colLogSumExps’ in package ‘MatrixGenerics’
Creating a new generic function for ‘rowMadDiffs’ in package ‘MatrixGenerics’
Creating a new generic function for ‘colMadDiffs’ in package ‘MatrixGenerics’
Creating a new generic function for ‘rowMads’ in package ‘MatrixGenerics’
Creating a new generic function for ‘colMads’ in package ‘MatrixGenerics’
Creating a new generic function for ‘rowMaxs’ in package ‘MatrixGenerics’
Creating a new generic function for ‘colMaxs’ in package ‘MatrixGenerics’
Creating a new generic function for ‘rowMeans2’ in package ‘MatrixGenerics’
Creating a new generic function for ‘colMeans2’ in package ‘MatrixGenerics’
Creating a new generic function for ‘rowMedians’ in package ‘MatrixGenerics’
Creating a new generic function for ‘colMedians’ in package ‘MatrixGenerics’
Creating a new generic function for ‘rowMins’ in package ‘MatrixGenerics’
Creating a new generic function for ‘colMins’ in package ‘MatrixGenerics’
Creating a new generic function for ‘rowOrderStats’ in package ‘MatrixGenerics’
Creating a new generic function for ‘colOrderStats’ in package ‘MatrixGenerics’
Creating a new generic function for ‘rowProds’ in package ‘MatrixGenerics’
Creating a new generic function for ‘colProds’ in package ‘MatrixGenerics’
Creating a new generic function for ‘rowQuantiles’ in package ‘MatrixGenerics’
Creating a new generic function for ‘colQuantiles’ in package ‘MatrixGenerics’
Creating a new generic function for ‘rowRanges’ in package ‘MatrixGenerics’
Creating a new generic function for ‘colRanges’ in package ‘MatrixGenerics’
Creating a new generic function for ‘rowRanks’ in package ‘MatrixGenerics’
Creating a new generic function for ‘colRanks’ in package ‘MatrixGenerics’
Creating a new generic function for ‘rowSdDiffs’ in package ‘MatrixGenerics’
Creating a new generic function for ‘colSdDiffs’ in package ‘MatrixGenerics’
Creating a new generic function for ‘rowSds’ in package ‘MatrixGenerics’
Creating a new generic function for ‘colSds’ in package ‘MatrixGenerics’
Creating a new generic function for ‘rowSums2’ in package ‘MatrixGenerics’
Creating a new generic function for ‘colSums2’ in package ‘MatrixGenerics’
Creating a new generic function for ‘rowTabulates’ in package ‘MatrixGenerics’
Creating a new generic function for ‘colTabulates’ in package ‘MatrixGenerics’
Creating a new generic function for ‘rowVarDiffs’ in package ‘MatrixGenerics’
Creating a new generic function for ‘colVarDiffs’ in package ‘MatrixGenerics’
Creating a new generic function for ‘rowVars’ in package ‘MatrixGenerics’
Creating a new generic function for ‘colVars’ in package ‘MatrixGenerics’
Creating a new generic function for ‘rowWeightedMads’ in package ‘MatrixGenerics’
Creating a new generic function for ‘colWeightedMads’ in package ‘MatrixGenerics’
Creating a new generic function for ‘rowWeightedMeans’ in package ‘MatrixGenerics’
Creating a new generic function for ‘colWeightedMeans’ in package ‘MatrixGenerics’
Creating a new generic function for ‘rowWeightedMedians’ in package ‘MatrixGenerics’
Creating a new generic function for ‘colWeightedMedians’ in package ‘MatrixGenerics’
Creating a new generic function for ‘rowWeightedSds’ in package ‘MatrixGenerics’
Creating a new generic function for ‘colWeightedSds’ in package ‘MatrixGenerics’
Creating a new generic function for ‘rowWeightedVars’ in package ‘MatrixGenerics’
Creating a new generic function for ‘colWeightedVars’ in package ‘MatrixGenerics’
** help
*** installing help indices
** building package indices
** testing if installed package can be loaded from temporary location
** testing if installed package can be loaded from final location
** testing if installed package keeps a record of temporary installation path
* SHA256 sums
* creating tarball
packaged installation of ‘MatrixGenerics’ as ‘MatrixGenerics_1.25.0_R_x86_64-pc-linux-gnu.tar.gz’
* DONE (MatrixGenerics)
* installing *source* package ‘multtest’ ...
** this is package ‘multtest’ version ‘2.69.0’
** package ‘multtest’ successfully unpacked and MD5 sums checked
** using staged installation
** libs
using C compiler: ‘gcc (Ubuntu 13.3.0-6ubuntu2~24.04.1) 13.3.0’
gcc -std=gnu2x -I"/usr/local/lib/R/include" -DNDEBUG   -I/usr/local/include   -DUSEDOUBLE -fpic  -g -O2 -fstack-protector-strong -Wformat -Werror=format-security -Wdate-time -D_FORTIFY_SOURCE=2 -g  -c Rpack.c -o Rpack.o
gcc -std=gnu2x -I"/usr/local/lib/R/include" -DNDEBUG   -I/usr/local/include   -DUSEDOUBLE -fpic  -g -O2 -fstack-protector-strong -Wformat -Werror=format-security -Wdate-time -D_FORTIFY_SOURCE=2 -g  -c VScount.c -o VScount.o
gcc -std=gnu2x -I"/usr/local/lib/R/include" -DNDEBUG   -I/usr/local/include   -DUSEDOUBLE -fpic  -g -O2 -fstack-protector-strong -Wformat -Werror=format-security -Wdate-time -D_FORTIFY_SOURCE=2 -g  -c block_sampling_fixed.c -o block_sampling_fixed.o
gcc -std=gnu2x -I"/usr/local/lib/R/include" -DNDEBUG   -I/usr/local/include   -DUSEDOUBLE -fpic  -g -O2 -fstack-protector-strong -Wformat -Werror=format-security -Wdate-time -D_FORTIFY_SOURCE=2 -g  -c bootloop.c -o bootloop.o
gcc -std=gnu2x -I"/usr/local/lib/R/include" -DNDEBUG   -I/usr/local/include   -DUSEDOUBLE -fpic  -g -O2 -fstack-protector-strong -Wformat -Werror=format-security -Wdate-time -D_FORTIFY_SOURCE=2 -g  -c mt.c -o mt.o
gcc -std=gnu2x -I"/usr/local/lib/R/include" -DNDEBUG   -I/usr/local/include   -DUSEDOUBLE -fpic  -g -O2 -fstack-protector-strong -Wformat -Werror=format-security -Wdate-time -D_FORTIFY_SOURCE=2 -g  -c pairt_sampling.c -o pairt_sampling.o
gcc -std=gnu2x -I"/usr/local/lib/R/include" -DNDEBUG   -I/usr/local/include   -DUSEDOUBLE -fpic  -g -O2 -fstack-protector-strong -Wformat -Werror=format-security -Wdate-time -D_FORTIFY_SOURCE=2 -g  -c pairt_sampling_fixed.c -o pairt_sampling_fixed.o
gcc -std=gnu2x -I"/usr/local/lib/R/include" -DNDEBUG   -I/usr/local/include   -DUSEDOUBLE -fpic  -g -O2 -fstack-protector-strong -Wformat -Werror=format-security -Wdate-time -D_FORTIFY_SOURCE=2 -g  -c random.c -o random.o
gcc -std=gnu2x -I"/usr/local/lib/R/include" -DNDEBUG   -I/usr/local/include   -DUSEDOUBLE -fpic  -g -O2 -fstack-protector-strong -Wformat -Werror=format-security -Wdate-time -D_FORTIFY_SOURCE=2 -g  -c sampling.c -o sampling.o
gcc -std=gnu2x -I"/usr/local/lib/R/include" -DNDEBUG   -I/usr/local/include   -DUSEDOUBLE -fpic  -g -O2 -fstack-protector-strong -Wformat -Werror=format-security -Wdate-time -D_FORTIFY_SOURCE=2 -g  -c sampling_fixed.c -o sampling_fixed.o
gcc -std=gnu2x -I"/usr/local/lib/R/include" -DNDEBUG   -I/usr/local/include   -DUSEDOUBLE -fpic  -g -O2 -fstack-protector-strong -Wformat -Werror=format-security -Wdate-time -D_FORTIFY_SOURCE=2 -g  -c stat_func.c -o stat_func.o
gcc -std=gnu2x -I"/usr/local/lib/R/include" -DNDEBUG   -I/usr/local/include   -DUSEDOUBLE -fpic  -g -O2 -fstack-protector-strong -Wformat -Werror=format-security -Wdate-time -D_FORTIFY_SOURCE=2 -g  -c stat_order.c -o stat_order.o
gcc -std=gnu2x -shared -L/usr/local/lib/R/lib -L/usr/local/lib -o multtest.so Rpack.o VScount.o block_sampling_fixed.o bootloop.o mt.o pairt_sampling.o pairt_sampling_fixed.o random.o sampling.o sampling_fixed.o stat_func.o stat_order.o -lm -L/usr/local/lib/R/lib -lR
installing to /tmp/library/00LOCK-multtest/00new/multtest/libs
** R
** data
** inst
** byte-compile and prepare package for lazy loading
** help
*** installing help indices
** building package indices
** installing vignettes
** testing if installed package can be loaded from temporary location
** checking absolute paths in shared objects and dynamic libraries
** testing if installed package can be loaded from final location
** testing if installed package keeps a record of temporary installation path
* SHA256 sums
* creating tarball
packaged installation of ‘multtest’ as ‘multtest_2.69.0_R_x86_64-pc-linux-gnu.tar.gz’
* DONE (multtest)
* installing *binary* package ‘scrime’ ...
* package ‘scrime’ successfully unpacked and SHA256 sums checked
* ‘scrime’ was already a binary package and will not be rebuilt
* SHA256 sums
* creating tarball
packaged installation of ‘scrime’ as ‘scrime_1.3.7_R_x86_64-pc-linux-gnu.tar.gz’
* DONE (scrime)
* installing *binary* package ‘base64’ ...
* package ‘base64’ successfully unpacked and SHA256 sums checked
* ‘base64’ was already a binary package and will not be rebuilt
* SHA256 sums
* creating tarball
packaged installation of ‘base64’ as ‘base64_2.0.2_R_x86_64-pc-linux-gnu.tar.gz’
* DONE (base64)
* installing *binary* package ‘snow’ ...
* package ‘snow’ successfully unpacked and SHA256 sums checked
* ‘snow’ was already a binary package and will not be rebuilt
* SHA256 sums
* creating tarball
packaged installation of ‘snow’ as ‘snow_0.4-4_R_x86_64-pc-linux-gnu.tar.gz’
* DONE (snow)
* installing *binary* package ‘BH’ ...
* package ‘BH’ successfully unpacked and SHA256 sums checked
* ‘BH’ was already a binary package and will not be rebuilt
* SHA256 sums
* creating tarball
packaged installation of ‘BH’ as ‘BH_1.90.0-1_R_x86_64-pc-linux-gnu.tar.gz’
* DONE (BH)
* installing *source* package ‘affyio’ ...
** this is package ‘affyio’ version ‘1.83.0’
** package ‘affyio’ successfully unpacked and MD5 sums checked
** using staged installation
checking for gcc... gcc -std=gnu2x
checking whether the C compiler works... yes
checking for C compiler default output file name... a.out
checking for suffix of executables... 
checking whether we are cross compiling... no
checking for suffix of object files... o
checking whether we are using the GNU C compiler... yes
checking whether gcc -std=gnu2x accepts -g... yes
checking for gcc -std=gnu2x option to accept ISO C89... none needed
checking how to run the C preprocessor... gcc -std=gnu2x -E
checking for grep that handles long lines and -e... /usr/bin/grep
checking for egrep... /usr/bin/grep -E
checking for ANSI C header files... yes
checking for sys/types.h... yes
checking for sys/stat.h... yes
checking for stdlib.h... yes
checking for string.h... yes
checking for memory.h... yes
checking for strings.h... yes
checking for inttypes.h... yes
checking for stdint.h... yes
checking for unistd.h... yes
checking for main in -lz... yes
checking zlib.h usability... yes
checking zlib.h presence... yes
checking for zlib.h... yes
checking if zlib version >= 1.1.3... yes
checking for pthread_create in -lpthread... yes
checking if we can use pthreads... yes
checking if PTHREAD_STACK_MIN is defined... yes
configure: Enabling threading for affyio
configure: creating ./config.status
config.status: creating src/Makevars
** libs
using C compiler: ‘gcc (Ubuntu 13.3.0-6ubuntu2~24.04.1) 13.3.0’
gcc -std=gnu2x -I"/usr/local/lib/R/include" -DNDEBUG -DPACKAGE_NAME=\"\" -DPACKAGE_TARNAME=\"\" -DPACKAGE_VERSION=\"\" -DPACKAGE_STRING=\"\" -DPACKAGE_BUGREPORT=\"\" -DPACKAGE_URL=\"\" -DSTDC_HEADERS=1 -DHAVE_SYS_TYPES_H=1 -DHAVE_SYS_STAT_H=1 -DHAVE_STDLIB_H=1 -DHAVE_STRING_H=1 -DHAVE_MEMORY_H=1 -DHAVE_STRINGS_H=1 -DHAVE_INTTYPES_H=1 -DHAVE_STDINT_H=1 -DHAVE_UNISTD_H=1 -DHAVE_ZLIB=1 -DHAVE_LIBPTHREAD=1 -DUSE_PTHREADS=1  -I/usr/local/include   -g -O2 -fstack-protector-strong -Wformat -Werror=format-security -Wdate-time -D_FORTIFY_SOURCE=2 -g   -fpic  -g -O2 -fstack-protector-strong -Wformat -Werror=format-security -Wdate-time -D_FORTIFY_SOURCE=2 -g  -c fread_functions.c -o fread_functions.o
gcc -std=gnu2x -I"/usr/local/lib/R/include" -DNDEBUG -DPACKAGE_NAME=\"\" -DPACKAGE_TARNAME=\"\" -DPACKAGE_VERSION=\"\" -DPACKAGE_STRING=\"\" -DPACKAGE_BUGREPORT=\"\" -DPACKAGE_URL=\"\" -DSTDC_HEADERS=1 -DHAVE_SYS_TYPES_H=1 -DHAVE_SYS_STAT_H=1 -DHAVE_STDLIB_H=1 -DHAVE_STRING_H=1 -DHAVE_MEMORY_H=1 -DHAVE_STRINGS_H=1 -DHAVE_INTTYPES_H=1 -DHAVE_STDINT_H=1 -DHAVE_UNISTD_H=1 -DHAVE_ZLIB=1 -DHAVE_LIBPTHREAD=1 -DUSE_PTHREADS=1  -I/usr/local/include   -g -O2 -fstack-protector-strong -Wformat -Werror=format-security -Wdate-time -D_FORTIFY_SOURCE=2 -g   -fpic  -g -O2 -fstack-protector-strong -Wformat -Werror=format-security -Wdate-time -D_FORTIFY_SOURCE=2 -g  -c init_package.c -o init_package.o
gcc -std=gnu2x -I"/usr/local/lib/R/include" -DNDEBUG -DPACKAGE_NAME=\"\" -DPACKAGE_TARNAME=\"\" -DPACKAGE_VERSION=\"\" -DPACKAGE_STRING=\"\" -DPACKAGE_BUGREPORT=\"\" -DPACKAGE_URL=\"\" -DSTDC_HEADERS=1 -DHAVE_SYS_TYPES_H=1 -DHAVE_SYS_STAT_H=1 -DHAVE_STDLIB_H=1 -DHAVE_STRING_H=1 -DHAVE_MEMORY_H=1 -DHAVE_STRINGS_H=1 -DHAVE_INTTYPES_H=1 -DHAVE_STDINT_H=1 -DHAVE_UNISTD_H=1 -DHAVE_ZLIB=1 -DHAVE_LIBPTHREAD=1 -DUSE_PTHREADS=1  -I/usr/local/include   -g -O2 -fstack-protector-strong -Wformat -Werror=format-security -Wdate-time -D_FORTIFY_SOURCE=2 -g   -fpic  -g -O2 -fstack-protector-strong -Wformat -Werror=format-security -Wdate-time -D_FORTIFY_SOURCE=2 -g  -c read_abatch.c -o read_abatch.o
read_abatch.c: In function ‘read_cel_file_intensities’:
read_abatch.c:656:176: warning: format ‘%d’ expects argument of type ‘int’, but argument 3 has type ‘size_t’ {aka ‘long unsigned int’} [-Wformat=]
  656 |       Rprintf("Warning: found an empty line where not expected in %s.\nThis means that there is a cel intensity missing from the cel file.\nSucessfully read to cel intensity %d of %d expected\n", filename, i-1, i);
      |                                                                                                                                                                               ~^                              ~~~
      |                                                                                                                                                                                |                               |
      |                                                                                                                                                                                int                             size_t {aka long unsigned int}
      |                                                                                                                                                                               %ld
read_abatch.c:656:182: warning: format ‘%d’ expects argument of type ‘int’, but argument 4 has type ‘size_t’ {aka ‘long unsigned int’} [-Wformat=]
  656 |       Rprintf("Warning: found an empty line where not expected in %s.\nThis means that there is a cel intensity missing from the cel file.\nSucessfully read to cel intensity %d of %d expected\n", filename, i-1, i);
      |                                                                                                                                                                                     ~^                             ~
      |                                                                                                                                                                                      |                             |
      |                                                                                                                                                                                      int                           size_t {aka long unsigned int}
      |                                                                                                                                                                                     %ld
read_abatch.c:665:146: warning: format ‘%d’ expects argument of type ‘int’, but argument 3 has type ‘size_t’ {aka ‘long unsigned int’} [-Wformat=]
  665 |        Rprintf("Warning: found an incomplete line where not expected in %s.\nThe CEL file may be truncated. \nSucessfully read to cel intensity %d of %d expected\n", filename, i-1, rows);
      |                                                                                                                                                 ~^                              ~~~
      |                                                                                                                                                  |                               |
      |                                                                                                                                                  int                             size_t {aka long unsigned int}
      |                                                                                                                                                 %ld
read_abatch.c:665:152: warning: format ‘%d’ expects argument of type ‘int’, but argument 4 has type ‘size_t’ {aka ‘long unsigned int’} [-Wformat=]
  665 |        Rprintf("Warning: found an incomplete line where not expected in %s.\nThe CEL file may be truncated. \nSucessfully read to cel intensity %d of %d expected\n", filename, i-1, rows);
      |                                                                                                                                                       ~^                             ~~~~
      |                                                                                                                                                        |                             |
      |                                                                                                                                                        int                           size_t {aka long unsigned int}
      |                                                                                                                                                       %ld
read_abatch.c:677:145: warning: format ‘%d’ expects argument of type ‘int’, but argument 3 has type ‘size_t’ {aka ‘long unsigned int’} [-Wformat=]
  677 |       Rprintf("Warning: found an incomplete line where not expected in %s.\nThe CEL file may be truncated. \nSucessfully read to cel intensity %d of %d expected\n", filename, i-1, rows);
      |                                                                                                                                                ~^                              ~~~
      |                                                                                                                                                 |                               |
      |                                                                                                                                                 int                             size_t {aka long unsigned int}
      |                                                                                                                                                %ld
read_abatch.c:677:151: warning: format ‘%d’ expects argument of type ‘int’, but argument 4 has type ‘size_t’ {aka ‘long unsigned int’} [-Wformat=]
  677 |       Rprintf("Warning: found an incomplete line where not expected in %s.\nThe CEL file may be truncated. \nSucessfully read to cel intensity %d of %d expected\n", filename, i-1, rows);
      |                                                                                                                                                      ~^                             ~~~~
      |                                                                                                                                                       |                             |
      |                                                                                                                                                       int                           size_t {aka long unsigned int}
      |                                                                                                                                                      %ld
read_abatch.c:689:145: warning: format ‘%d’ expects argument of type ‘int’, but argument 3 has type ‘size_t’ {aka ‘long unsigned int’} [-Wformat=]
  689 |       Rprintf("Warning: found an incomplete line where not expected in %s.\nThe CEL file may be truncated. \nSucessfully read to cel intensity %d of %d expected\n", filename, i-1, rows);
      |                                                                                                                                                ~^                              ~~~
      |                                                                                                                                                 |                               |
      |                                                                                                                                                 int                             size_t {aka long unsigned int}
      |                                                                                                                                                %ld
read_abatch.c:689:151: warning: format ‘%d’ expects argument of type ‘int’, but argument 4 has type ‘size_t’ {aka ‘long unsigned int’} [-Wformat=]
  689 |       Rprintf("Warning: found an incomplete line where not expected in %s.\nThe CEL file may be truncated. \nSucessfully read to cel intensity %d of %d expected\n", filename, i-1, rows);
      |                                                                                                                                                      ~^                             ~~~~
      |                                                                                                                                                       |                             |
      |                                                                                                                                                       int                           size_t {aka long unsigned int}
      |                                                                                                                                                      %ld
read_abatch.c: In function ‘read_cel_file_stddev’:
read_abatch.c:764:178: warning: format ‘%d’ expects argument of type ‘int’, but argument 3 has type ‘size_t’ {aka ‘long unsigned int’} [-Wformat=]
  764 |       Rprintf("Warning: found an empty line where not expected in %s.\n This means that there is a cel intensity missing from the cel file.\n Sucessfully read to cel intensity %d of %d expected\n", filename, i-1, i);
      |                                                                                                                                                                                 ~^                              ~~~
      |                                                                                                                                                                                  |                               |
      |                                                                                                                                                                                  int                             size_t {aka long unsigned int}
      |                                                                                                                                                                                 %ld
read_abatch.c:764:184: warning: format ‘%d’ expects argument of type ‘int’, but argument 4 has type ‘size_t’ {aka ‘long unsigned int’} [-Wformat=]
  764 |       Rprintf("Warning: found an empty line where not expected in %s.\n This means that there is a cel intensity missing from the cel file.\n Sucessfully read to cel intensity %d of %d expected\n", filename, i-1, i);
      |                                                                                                                                                                                       ~^                             ~
      |                                                                                                                                                                                        |                             |
      |                                                                                                                                                                                        int                           size_t {aka long unsigned int}
      |                                                                                                                                                                                       %ld
read_abatch.c:774:145: warning: format ‘%d’ expects argument of type ‘int’, but argument 3 has type ‘size_t’ {aka ‘long unsigned int’} [-Wformat=]
  774 |       Rprintf("Warning: found an incomplete line where not expected in %s.\nThe CEL file may be truncated. \nSucessfully read to cel intensity %d of %d expected\n", filename, i-1, rows);
      |                                                                                                                                                ~^                              ~~~
      |                                                                                                                                                 |                               |
      |                                                                                                                                                 int                             size_t {aka long unsigned int}
      |                                                                                                                                                %ld
read_abatch.c:774:151: warning: format ‘%d’ expects argument of type ‘int’, but argument 4 has type ‘size_t’ {aka ‘long unsigned int’} [-Wformat=]
  774 |       Rprintf("Warning: found an incomplete line where not expected in %s.\nThe CEL file may be truncated. \nSucessfully read to cel intensity %d of %d expected\n", filename, i-1, rows);
      |                                                                                                                                                      ~^                             ~~~~
      |                                                                                                                                                       |                             |
      |                                                                                                                                                       int                           size_t {aka long unsigned int}
      |                                                                                                                                                      %ld
read_abatch.c:785:145: warning: format ‘%d’ expects argument of type ‘int’, but argument 3 has type ‘size_t’ {aka ‘long unsigned int’} [-Wformat=]
  785 |       Rprintf("Warning: found an incomplete line where not expected in %s.\nThe CEL file may be truncated. \nSucessfully read to cel intensity %d of %d expected\n", filename, i-1, rows);
      |                                                                                                                                                ~^                              ~~~
      |                                                                                                                                                 |                               |
      |                                                                                                                                                 int                             size_t {aka long unsigned int}
      |                                                                                                                                                %ld
read_abatch.c:785:151: warning: format ‘%d’ expects argument of type ‘int’, but argument 4 has type ‘size_t’ {aka ‘long unsigned int’} [-Wformat=]
  785 |       Rprintf("Warning: found an incomplete line where not expected in %s.\nThe CEL file may be truncated. \nSucessfully read to cel intensity %d of %d expected\n", filename, i-1, rows);
      |                                                                                                                                                      ~^                             ~~~~
      |                                                                                                                                                       |                             |
      |                                                                                                                                                       int                           size_t {aka long unsigned int}
      |                                                                                                                                                      %ld
read_abatch.c:795:145: warning: format ‘%d’ expects argument of type ‘int’, but argument 3 has type ‘size_t’ {aka ‘long unsigned int’} [-Wformat=]
  795 |       Rprintf("Warning: found an incomplete line where not expected in %s.\nThe CEL file may be truncated. \nSucessfully read to cel intensity %d of %d expected\n", filename, i-1, rows);
      |                                                                                                                                                ~^                              ~~~
      |                                                                                                                                                 |                               |
      |                                                                                                                                                 int                             size_t {aka long unsigned int}
      |                                                                                                                                                %ld
read_abatch.c:795:151: warning: format ‘%d’ expects argument of type ‘int’, but argument 4 has type ‘size_t’ {aka ‘long unsigned int’} [-Wformat=]
  795 |       Rprintf("Warning: found an incomplete line where not expected in %s.\nThe CEL file may be truncated. \nSucessfully read to cel intensity %d of %d expected\n", filename, i-1, rows);
      |                                                                                                                                                      ~^                             ~~~~
      |                                                                                                                                                       |                             |
      |                                                                                                                                                       int                           size_t {aka long unsigned int}
      |                                                                                                                                                      %ld
read_abatch.c:805:145: warning: format ‘%d’ expects argument of type ‘int’, but argument 3 has type ‘size_t’ {aka ‘long unsigned int’} [-Wformat=]
  805 |       Rprintf("Warning: found an incomplete line where not expected in %s.\nThe CEL file may be truncated. \nSucessfully read to cel intensity %d of %d expected\n", filename, i-1, rows);
      |                                                                                                                                                ~^                              ~~~
      |                                                                                                                                                 |                               |
      |                                                                                                                                                 int                             size_t {aka long unsigned int}
      |                                                                                                                                                %ld
read_abatch.c:805:151: warning: format ‘%d’ expects argument of type ‘int’, but argument 4 has type ‘size_t’ {aka ‘long unsigned int’} [-Wformat=]
  805 |       Rprintf("Warning: found an incomplete line where not expected in %s.\nThe CEL file may be truncated. \nSucessfully read to cel intensity %d of %d expected\n", filename, i-1, rows);
      |                                                                                                                                                      ~^                             ~~~~
      |                                                                                                                                                       |                             |
      |                                                                                                                                                       int                           size_t {aka long unsigned int}
      |                                                                                                                                                      %ld
read_abatch.c: In function ‘read_cel_file_npixels’:
read_abatch.c:870:178: warning: format ‘%d’ expects argument of type ‘int’, but argument 3 has type ‘size_t’ {aka ‘long unsigned int’} [-Wformat=]
  870 |       Rprintf("Warning: found an empty line where not expected in %s.\n This means that there is a cel intensity missing from the cel file.\n Sucessfully read to cel intensity %d of %d expected\n", filename, i-1, i);
      |                                                                                                                                                                                 ~^                              ~~~
      |                                                                                                                                                                                  |                               |
      |                                                                                                                                                                                  int                             size_t {aka long unsigned int}
      |                                                                                                                                                                                 %ld
read_abatch.c:870:184: warning: format ‘%d’ expects argument of type ‘int’, but argument 4 has type ‘size_t’ {aka ‘long unsigned int’} [-Wformat=]
  870 |       Rprintf("Warning: found an empty line where not expected in %s.\n This means that there is a cel intensity missing from the cel file.\n Sucessfully read to cel intensity %d of %d expected\n", filename, i-1, i);
      |                                                                                                                                                                                       ~^                             ~
      |                                                                                                                                                                                        |                             |
      |                                                                                                                                                                                        int                           size_t {aka long unsigned int}
      |                                                                                                                                                                                       %ld
read_abatch.c:879:145: warning: format ‘%d’ expects argument of type ‘int’, but argument 3 has type ‘size_t’ {aka ‘long unsigned int’} [-Wformat=]
  879 |       Rprintf("Warning: found an incomplete line where not expected in %s.\nThe CEL file may be truncated. \nSucessfully read to cel intensity %d of %d expected\n", filename, i-1, rows);
      |                                                                                                                                                ~^                              ~~~
      |                                                                                                                                                 |                               |
      |                                                                                                                                                 int                             size_t {aka long unsigned int}
      |                                                                                                                                                %ld
read_abatch.c:879:151: warning: format ‘%d’ expects argument of type ‘int’, but argument 4 has type ‘size_t’ {aka ‘long unsigned int’} [-Wformat=]
  879 |       Rprintf("Warning: found an incomplete line where not expected in %s.\nThe CEL file may be truncated. \nSucessfully read to cel intensity %d of %d expected\n", filename, i-1, rows);
      |                                                                                                                                                      ~^                             ~~~~
      |                                                                                                                                                       |                             |
      |                                                                                                                                                       int                           size_t {aka long unsigned int}
      |                                                                                                                                                      %ld
read_abatch.c:890:145: warning: format ‘%d’ expects argument of type ‘int’, but argument 3 has type ‘size_t’ {aka ‘long unsigned int’} [-Wformat=]
  890 |       Rprintf("Warning: found an incomplete line where not expected in %s.\nThe CEL file may be truncated. \nSucessfully read to cel intensity %d of %d expected\n", filename, i-1, rows);
      |                                                                                                                                                ~^                              ~~~
      |                                                                                                                                                 |                               |
      |                                                                                                                                                 int                             size_t {aka long unsigned int}
      |                                                                                                                                                %ld
read_abatch.c:890:151: warning: format ‘%d’ expects argument of type ‘int’, but argument 4 has type ‘size_t’ {aka ‘long unsigned int’} [-Wformat=]
  890 |       Rprintf("Warning: found an incomplete line where not expected in %s.\nThe CEL file may be truncated. \nSucessfully read to cel intensity %d of %d expected\n", filename, i-1, rows);
      |                                                                                                                                                      ~^                             ~~~~
      |                                                                                                                                                       |                             |
      |                                                                                                                                                       int                           size_t {aka long unsigned int}
      |                                                                                                                                                      %ld
read_abatch.c:901:145: warning: format ‘%d’ expects argument of type ‘int’, but argument 3 has type ‘size_t’ {aka ‘long unsigned int’} [-Wformat=]
  901 |       Rprintf("Warning: found an incomplete line where not expected in %s.\nThe CEL file may be truncated. \nSucessfully read to cel intensity %d of %d expected\n", filename, i-1, rows);
      |                                                                                                                                                ~^                              ~~~
      |                                                                                                                                                 |                               |
      |                                                                                                                                                 int                             size_t {aka long unsigned int}
      |                                                                                                                                                %ld
read_abatch.c:901:151: warning: format ‘%d’ expects argument of type ‘int’, but argument 4 has type ‘size_t’ {aka ‘long unsigned int’} [-Wformat=]
  901 |       Rprintf("Warning: found an incomplete line where not expected in %s.\nThe CEL file may be truncated. \nSucessfully read to cel intensity %d of %d expected\n", filename, i-1, rows);
      |                                                                                                                                                      ~^                             ~~~~
      |                                                                                                                                                       |                             |
      |                                                                                                                                                       int                           size_t {aka long unsigned int}
      |                                                                                                                                                      %ld
read_abatch.c:913:145: warning: format ‘%d’ expects argument of type ‘int’, but argument 3 has type ‘size_t’ {aka ‘long unsigned int’} [-Wformat=]
  913 |       Rprintf("Warning: found an incomplete line where not expected in %s.\nThe CEL file may be truncated. \nSucessfully read to cel intensity %d of %d expected\n", filename, i-1, rows);
      |                                                                                                                                                ~^                              ~~~
      |                                                                                                                                                 |                               |
      |                                                                                                                                                 int                             size_t {aka long unsigned int}
      |                                                                                                                                                %ld
read_abatch.c:913:151: warning: format ‘%d’ expects argument of type ‘int’, but argument 4 has type ‘size_t’ {aka ‘long unsigned int’} [-Wformat=]
  913 |       Rprintf("Warning: found an incomplete line where not expected in %s.\nThe CEL file may be truncated. \nSucessfully read to cel intensity %d of %d expected\n", filename, i-1, rows);
      |                                                                                                                                                      ~^                             ~~~~
      |                                                                                                                                                       |                             |
      |                                                                                                                                                       int                           size_t {aka long unsigned int}
      |                                                                                                                                                      %ld
read_abatch.c:924:145: warning: format ‘%d’ expects argument of type ‘int’, but argument 3 has type ‘size_t’ {aka ‘long unsigned int’} [-Wformat=]
  924 |       Rprintf("Warning: found an incomplete line where not expected in %s.\nThe CEL file may be truncated. \nSucessfully read to cel intensity %d of %d expected\n", filename, i-1, rows);
      |                                                                                                                                                ~^                              ~~~
      |                                                                                                                                                 |                               |
      |                                                                                                                                                 int                             size_t {aka long unsigned int}
      |                                                                                                                                                %ld
read_abatch.c:924:151: warning: format ‘%d’ expects argument of type ‘int’, but argument 4 has type ‘size_t’ {aka ‘long unsigned int’} [-Wformat=]
  924 |       Rprintf("Warning: found an incomplete line where not expected in %s.\nThe CEL file may be truncated. \nSucessfully read to cel intensity %d of %d expected\n", filename, i-1, rows);
      |                                                                                                                                                      ~^                             ~~~~
      |                                                                                                                                                       |                             |
      |                                                                                                                                                       int                           size_t {aka long unsigned int}
      |                                                                                                                                                      %ld
read_abatch.c: In function ‘read_gzcel_file_intensities’:
read_abatch.c:1567:145: warning: format ‘%d’ expects argument of type ‘int’, but argument 3 has type ‘size_t’ {aka ‘long unsigned int’} [-Wformat=]
 1567 |       Rprintf("Warning: found an incomplete line where not expected in %s.\nThe CEL file may be truncated. \nSucessfully read to cel intensity %d of %d expected\n", filename, i-1, rows);
      |                                                                                                                                                ~^                              ~~~
      |                                                                                                                                                 |                               |
      |                                                                                                                                                 int                             size_t {aka long unsigned int}
      |                                                                                                                                                %ld
read_abatch.c:1567:151: warning: format ‘%d’ expects argument of type ‘int’, but argument 4 has type ‘size_t’ {aka ‘long unsigned int’} [-Wformat=]
 1567 |       Rprintf("Warning: found an incomplete line where not expected in %s.\nThe CEL file may be truncated. \nSucessfully read to cel intensity %d of %d expected\n", filename, i-1, rows);
      |                                                                                                                                                      ~^                             ~~~~
      |                                                                                                                                                       |                             |
      |                                                                                                                                                       int                           size_t {aka long unsigned int}
      |                                                                                                                                                      %ld
read_abatch.c:1578:145: warning: format ‘%d’ expects argument of type ‘int’, but argument 3 has type ‘size_t’ {aka ‘long unsigned int’} [-Wformat=]
 1578 |       Rprintf("Warning: found an incomplete line where not expected in %s.\nThe CEL file may be truncated. \nSucessfully read to cel intensity %d of %d expected\n", filename, i-1, rows);
      |                                                                                                                                                ~^                              ~~~
      |                                                                                                                                                 |                               |
      |                                                                                                                                                 int                             size_t {aka long unsigned int}
      |                                                                                                                                                %ld
read_abatch.c:1578:151: warning: format ‘%d’ expects argument of type ‘int’, but argument 4 has type ‘size_t’ {aka ‘long unsigned int’} [-Wformat=]
 1578 |       Rprintf("Warning: found an incomplete line where not expected in %s.\nThe CEL file may be truncated. \nSucessfully read to cel intensity %d of %d expected\n", filename, i-1, rows);
      |                                                                                                                                                      ~^                             ~~~~
      |                                                                                                                                                       |                             |
      |                                                                                                                                                       int                           size_t {aka long unsigned int}
      |                                                                                                                                                      %ld
read_abatch.c:1589:145: warning: format ‘%d’ expects argument of type ‘int’, but argument 3 has type ‘size_t’ {aka ‘long unsigned int’} [-Wformat=]
 1589 |       Rprintf("Warning: found an incomplete line where not expected in %s.\nThe CEL file may be truncated. \nSucessfully read to cel intensity %d of %d expected\n", filename, i-1, rows);
      |                                                                                                                                                ~^                              ~~~
      |                                                                                                                                                 |                               |
      |                                                                                                                                                 int                             size_t {aka long unsigned int}
      |                                                                                                                                                %ld
read_abatch.c:1589:151: warning: format ‘%d’ expects argument of type ‘int’, but argument 4 has type ‘size_t’ {aka ‘long unsigned int’} [-Wformat=]
 1589 |       Rprintf("Warning: found an incomplete line where not expected in %s.\nThe CEL file may be truncated. \nSucessfully read to cel intensity %d of %d expected\n", filename, i-1, rows);
      |                                                                                                                                                      ~^                             ~~~~
      |                                                                                                                                                       |                             |
      |                                                                                                                                                       int                           size_t {aka long unsigned int}
      |                                                                                                                                                      %ld
read_abatch.c: In function ‘read_gzcel_file_stddev’:
read_abatch.c:1665:145: warning: format ‘%d’ expects argument of type ‘int’, but argument 3 has type ‘size_t’ {aka ‘long unsigned int’} [-Wformat=]
 1665 |       Rprintf("Warning: found an incomplete line where not expected in %s.\nThe CEL file may be truncated. \nSucessfully read to cel intensity %d of %d expected\n", filename, i-1, rows);
      |                                                                                                                                                ~^                              ~~~
      |                                                                                                                                                 |                               |
      |                                                                                                                                                 int                             size_t {aka long unsigned int}
      |                                                                                                                                                %ld
read_abatch.c:1665:151: warning: format ‘%d’ expects argument of type ‘int’, but argument 4 has type ‘size_t’ {aka ‘long unsigned int’} [-Wformat=]
 1665 |       Rprintf("Warning: found an incomplete line where not expected in %s.\nThe CEL file may be truncated. \nSucessfully read to cel intensity %d of %d expected\n", filename, i-1, rows);
      |                                                                                                                                                      ~^                             ~~~~
      |                                                                                                                                                       |                             |
      |                                                                                                                                                       int                           size_t {aka long unsigned int}
      |                                                                                                                                                      %ld
read_abatch.c:1677:145: warning: format ‘%d’ expects argument of type ‘int’, but argument 3 has type ‘size_t’ {aka ‘long unsigned int’} [-Wformat=]
 1677 |       Rprintf("Warning: found an incomplete line where not expected in %s.\nThe CEL file may be truncated. \nSucessfully read to cel intensity %d of %d expected\n", filename, i-1, rows);
      |                                                                                                                                                ~^                              ~~~
      |                                                                                                                                                 |                               |
      |                                                                                                                                                 int                             size_t {aka long unsigned int}
      |                                                                                                                                                %ld
read_abatch.c:1677:151: warning: format ‘%d’ expects argument of type ‘int’, but argument 4 has type ‘size_t’ {aka ‘long unsigned int’} [-Wformat=]
 1677 |       Rprintf("Warning: found an incomplete line where not expected in %s.\nThe CEL file may be truncated. \nSucessfully read to cel intensity %d of %d expected\n", filename, i-1, rows);
      |                                                                                                                                                      ~^                             ~~~~
      |                                                                                                                                                       |                             |
      |                                                                                                                                                       int                           size_t {aka long unsigned int}
      |                                                                                                                                                      %ld
read_abatch.c:1689:145: warning: format ‘%d’ expects argument of type ‘int’, but argument 3 has type ‘size_t’ {aka ‘long unsigned int’} [-Wformat=]
 1689 |       Rprintf("Warning: found an incomplete line where not expected in %s.\nThe CEL file may be truncated. \nSucessfully read to cel intensity %d of %d expected\n", filename, i-1, rows);
      |                                                                                                                                                ~^                              ~~~
      |                                                                                                                                                 |                               |
      |                                                                                                                                                 int                             size_t {aka long unsigned int}
      |                                                                                                                                                %ld
read_abatch.c:1689:151: warning: format ‘%d’ expects argument of type ‘int’, but argument 4 has type ‘size_t’ {aka ‘long unsigned int’} [-Wformat=]
 1689 |       Rprintf("Warning: found an incomplete line where not expected in %s.\nThe CEL file may be truncated. \nSucessfully read to cel intensity %d of %d expected\n", filename, i-1, rows);
      |                                                                                                                                                      ~^                             ~~~~
      |                                                                                                                                                       |                             |
      |                                                                                                                                                       int                           size_t {aka long unsigned int}
      |                                                                                                                                                      %ld
read_abatch.c:1701:145: warning: format ‘%d’ expects argument of type ‘int’, but argument 3 has type ‘size_t’ {aka ‘long unsigned int’} [-Wformat=]
 1701 |       Rprintf("Warning: found an incomplete line where not expected in %s.\nThe CEL file may be truncated. \nSucessfully read to cel intensity %d of %d expected\n", filename, i-1, rows);
      |                                                                                                                                                ~^                              ~~~
      |                                                                                                                                                 |                               |
      |                                                                                                                                                 int                             size_t {aka long unsigned int}
      |                                                                                                                                                %ld
read_abatch.c:1701:151: warning: format ‘%d’ expects argument of type ‘int’, but argument 4 has type ‘size_t’ {aka ‘long unsigned int’} [-Wformat=]
 1701 |       Rprintf("Warning: found an incomplete line where not expected in %s.\nThe CEL file may be truncated. \nSucessfully read to cel intensity %d of %d expected\n", filename, i-1, rows);
      |                                                                                                                                                      ~^                             ~~~~
      |                                                                                                                                                       |                             |
      |                                                                                                                                                       int                           size_t {aka long unsigned int}
      |                                                                                                                                                      %ld
read_abatch.c: In function ‘read_gzcel_file_npixels’:
read_abatch.c:1769:145: warning: format ‘%d’ expects argument of type ‘int’, but argument 3 has type ‘size_t’ {aka ‘long unsigned int’} [-Wformat=]
 1769 |       Rprintf("Warning: found an incomplete line where not expected in %s.\nThe CEL file may be truncated. \nSucessfully read to cel intensity %d of %d expected\n", filename, i-1, rows);
      |                                                                                                                                                ~^                              ~~~
      |                                                                                                                                                 |                               |
      |                                                                                                                                                 int                             size_t {aka long unsigned int}
      |                                                                                                                                                %ld
read_abatch.c:1769:151: warning: format ‘%d’ expects argument of type ‘int’, but argument 4 has type ‘size_t’ {aka ‘long unsigned int’} [-Wformat=]
 1769 |       Rprintf("Warning: found an incomplete line where not expected in %s.\nThe CEL file may be truncated. \nSucessfully read to cel intensity %d of %d expected\n", filename, i-1, rows);
      |                                                                                                                                                      ~^                             ~~~~
      |                                                                                                                                                       |                             |
      |                                                                                                                                                       int                           size_t {aka long unsigned int}
      |                                                                                                                                                      %ld
read_abatch.c:1780:145: warning: format ‘%d’ expects argument of type ‘int’, but argument 3 has type ‘size_t’ {aka ‘long unsigned int’} [-Wformat=]
 1780 |       Rprintf("Warning: found an incomplete line where not expected in %s.\nThe CEL file may be truncated. \nSucessfully read to cel intensity %d of %d expected\n", filename, i-1, rows);
      |                                                                                                                                                ~^                              ~~~
      |                                                                                                                                                 |                               |
      |                                                                                                                                                 int                             size_t {aka long unsigned int}
      |                                                                                                                                                %ld
read_abatch.c:1780:151: warning: format ‘%d’ expects argument of type ‘int’, but argument 4 has type ‘size_t’ {aka ‘long unsigned int’} [-Wformat=]
 1780 |       Rprintf("Warning: found an incomplete line where not expected in %s.\nThe CEL file may be truncated. \nSucessfully read to cel intensity %d of %d expected\n", filename, i-1, rows);
      |                                                                                                                                                      ~^                             ~~~~
      |                                                                                                                                                       |                             |
      |                                                                                                                                                       int                           size_t {aka long unsigned int}
      |                                                                                                                                                      %ld
read_abatch.c:1791:145: warning: format ‘%d’ expects argument of type ‘int’, but argument 3 has type ‘size_t’ {aka ‘long unsigned int’} [-Wformat=]
 1791 |       Rprintf("Warning: found an incomplete line where not expected in %s.\nThe CEL file may be truncated. \nSucessfully read to cel intensity %d of %d expected\n", filename, i-1, rows);
      |                                                                                                                                                ~^                              ~~~
      |                                                                                                                                                 |                               |
      |                                                                                                                                                 int                             size_t {aka long unsigned int}
      |                                                                                                                                                %ld
read_abatch.c:1791:151: warning: format ‘%d’ expects argument of type ‘int’, but argument 4 has type ‘size_t’ {aka ‘long unsigned int’} [-Wformat=]
 1791 |       Rprintf("Warning: found an incomplete line where not expected in %s.\nThe CEL file may be truncated. \nSucessfully read to cel intensity %d of %d expected\n", filename, i-1, rows);
      |                                                                                                                                                      ~^                             ~~~~
      |                                                                                                                                                       |                             |
      |                                                                                                                                                       int                           size_t {aka long unsigned int}
      |                                                                                                                                                      %ld
read_abatch.c:1801:145: warning: format ‘%d’ expects argument of type ‘int’, but argument 3 has type ‘size_t’ {aka ‘long unsigned int’} [-Wformat=]
 1801 |       Rprintf("Warning: found an incomplete line where not expected in %s.\nThe CEL file may be truncated. \nSucessfully read to cel intensity %d of %d expected\n", filename, i-1, rows);
      |                                                                                                                                                ~^                              ~~~
      |                                                                                                                                                 |                               |
      |                                                                                                                                                 int                             size_t {aka long unsigned int}
      |                                                                                                                                                %ld
read_abatch.c:1801:151: warning: format ‘%d’ expects argument of type ‘int’, but argument 4 has type ‘size_t’ {aka ‘long unsigned int’} [-Wformat=]
 1801 |       Rprintf("Warning: found an incomplete line where not expected in %s.\nThe CEL file may be truncated. \nSucessfully read to cel intensity %d of %d expected\n", filename, i-1, rows);
      |                                                                                                                                                      ~^                             ~~~~
      |                                                                                                                                                       |                             |
      |                                                                                                                                                       int                           size_t {aka long unsigned int}
      |                                                                                                                                                      %ld
read_abatch.c:1811:145: warning: format ‘%d’ expects argument of type ‘int’, but argument 3 has type ‘size_t’ {aka ‘long unsigned int’} [-Wformat=]
 1811 |       Rprintf("Warning: found an incomplete line where not expected in %s.\nThe CEL file may be truncated. \nSucessfully read to cel intensity %d of %d expected\n", filename, i-1, rows);
      |                                                                                                                                                ~^                              ~~~
      |                                                                                                                                                 |                               |
      |                                                                                                                                                 int                             size_t {aka long unsigned int}
      |                                                                                                                                                %ld
read_abatch.c:1811:151: warning: format ‘%d’ expects argument of type ‘int’, but argument 4 has type ‘size_t’ {aka ‘long unsigned int’} [-Wformat=]
 1811 |       Rprintf("Warning: found an incomplete line where not expected in %s.\nThe CEL file may be truncated. \nSucessfully read to cel intensity %d of %d expected\n", filename, i-1, rows);
      |                                                                                                                                                      ~^                             ~~~~
      |                                                                                                                                                       |                             |
      |                                                                                                                                                       int                           size_t {aka long unsigned int}
      |                                                                                                                                                      %ld
gcc -std=gnu2x -I"/usr/local/lib/R/include" -DNDEBUG -DPACKAGE_NAME=\"\" -DPACKAGE_TARNAME=\"\" -DPACKAGE_VERSION=\"\" -DPACKAGE_STRING=\"\" -DPACKAGE_BUGREPORT=\"\" -DPACKAGE_URL=\"\" -DSTDC_HEADERS=1 -DHAVE_SYS_TYPES_H=1 -DHAVE_SYS_STAT_H=1 -DHAVE_STDLIB_H=1 -DHAVE_STRING_H=1 -DHAVE_MEMORY_H=1 -DHAVE_STRINGS_H=1 -DHAVE_INTTYPES_H=1 -DHAVE_STDINT_H=1 -DHAVE_UNISTD_H=1 -DHAVE_ZLIB=1 -DHAVE_LIBPTHREAD=1 -DUSE_PTHREADS=1  -I/usr/local/include   -g -O2 -fstack-protector-strong -Wformat -Werror=format-security -Wdate-time -D_FORTIFY_SOURCE=2 -g   -fpic  -g -O2 -fstack-protector-strong -Wformat -Werror=format-security -Wdate-time -D_FORTIFY_SOURCE=2 -g  -c read_bpmap.c -o read_bpmap.o
read_bpmap.c: In function ‘ReadBPMAPFileIntoRList’:
read_bpmap.c:849:39: warning: format ‘%s’ expects argument of type ‘char *’, but argument 2 has type ‘SEXP’ {aka ‘struct SEXPREC *’} [-Wformat=]
  849 |       error("Unable to open the file %s",filename);
      |                                      ~^  ~~~~~~~~
      |                                       |  |
      |                                       |  SEXP {aka struct SEXPREC *}
      |                                       char *
read_bpmap.c:698:27: warning: ‘__builtin___sprintf_chk’ may write a terminating nul past the end of the destination [-Wformat-overflow=]
  698 |           sprintf(buf, "%d", j+1);
      |                           ^
In file included from /usr/include/stdio.h:980,
                 from /usr/local/lib/R/include/R.h:44,
                 from read_bpmap.c:23:
In function ‘sprintf’,
    inlined from ‘readBPMAPSeqIdPositionInfo’ at read_bpmap.c:698:4,
    inlined from ‘ReadBPMAPFileIntoRList’ at read_bpmap.c:873:3:
/usr/include/x86_64-linux-gnu/bits/stdio2.h:30:10: note: ‘__builtin___sprintf_chk’ output between 2 and 11 bytes into a destination of size 10
   30 |   return __builtin___sprintf_chk (__s, __USE_FORTIFY_LEVEL - 1,
      |          ^~~~~~~~~~~~~~~~~~~~~~~~~~~~~~~~~~~~~~~~~~~~~~~~~~~~~~
   31 |                                   __glibc_objsize (__s), __fmt,
      |                                   ~~~~~~~~~~~~~~~~~~~~~~~~~~~~~
   32 |                                   __va_arg_pack ());
      |                                   ~~~~~~~~~~~~~~~~~
read_bpmap.c: In function ‘ReadBPMAPFileIntoRList’:
read_bpmap.c:655:27: warning: ‘__builtin___sprintf_chk’ may write a terminating nul past the end of the destination [-Wformat-overflow=]
  655 |           sprintf(buf, "%d", j+1);
      |                           ^
In function ‘sprintf’,
    inlined from ‘readBPMAPSeqIdPositionInfo’ at read_bpmap.c:655:4,
    inlined from ‘ReadBPMAPFileIntoRList’ at read_bpmap.c:873:3:
/usr/include/x86_64-linux-gnu/bits/stdio2.h:30:10: note: ‘__builtin___sprintf_chk’ output between 2 and 11 bytes into a destination of size 10
   30 |   return __builtin___sprintf_chk (__s, __USE_FORTIFY_LEVEL - 1,
      |          ^~~~~~~~~~~~~~~~~~~~~~~~~~~~~~~~~~~~~~~~~~~~~~~~~~~~~~
   31 |                                   __glibc_objsize (__s), __fmt,
      |                                   ~~~~~~~~~~~~~~~~~~~~~~~~~~~~~
   32 |                                   __va_arg_pack ());
      |                                   ~~~~~~~~~~~~~~~~~
read_bpmap.c: In function ‘ReadBPMAPFileIntoRList’:
read_bpmap.c:603:25: warning: ‘__builtin___sprintf_chk’ may write a terminating nul past the end of the destination [-Wformat-overflow=]
  603 |         sprintf(buf, "%d", j+1);
      |                         ^
In function ‘sprintf’,
    inlined from ‘readBPMAPSeqIdPositionInfo’ at read_bpmap.c:603:2,
    inlined from ‘ReadBPMAPFileIntoRList’ at read_bpmap.c:873:3:
/usr/include/x86_64-linux-gnu/bits/stdio2.h:30:10: note: ‘__builtin___sprintf_chk’ output between 2 and 11 bytes into a destination of size 10
   30 |   return __builtin___sprintf_chk (__s, __USE_FORTIFY_LEVEL - 1,
      |          ^~~~~~~~~~~~~~~~~~~~~~~~~~~~~~~~~~~~~~~~~~~~~~~~~~~~~~
   31 |                                   __glibc_objsize (__s), __fmt,
      |                                   ~~~~~~~~~~~~~~~~~~~~~~~~~~~~~
   32 |                                   __va_arg_pack ());
      |                                   ~~~~~~~~~~~~~~~~~
gcc -std=gnu2x -I"/usr/local/lib/R/include" -DNDEBUG -DPACKAGE_NAME=\"\" -DPACKAGE_TARNAME=\"\" -DPACKAGE_VERSION=\"\" -DPACKAGE_STRING=\"\" -DPACKAGE_BUGREPORT=\"\" -DPACKAGE_URL=\"\" -DSTDC_HEADERS=1 -DHAVE_SYS_TYPES_H=1 -DHAVE_SYS_STAT_H=1 -DHAVE_STDLIB_H=1 -DHAVE_STRING_H=1 -DHAVE_MEMORY_H=1 -DHAVE_STRINGS_H=1 -DHAVE_INTTYPES_H=1 -DHAVE_STDINT_H=1 -DHAVE_UNISTD_H=1 -DHAVE_ZLIB=1 -DHAVE_LIBPTHREAD=1 -DUSE_PTHREADS=1  -I/usr/local/include   -g -O2 -fstack-protector-strong -Wformat -Werror=format-security -Wdate-time -D_FORTIFY_SOURCE=2 -g   -fpic  -g -O2 -fstack-protector-strong -Wformat -Werror=format-security -Wdate-time -D_FORTIFY_SOURCE=2 -g  -c read_cdf_xda.c -o read_cdf_xda.o
gcc -std=gnu2x -I"/usr/local/lib/R/include" -DNDEBUG -DPACKAGE_NAME=\"\" -DPACKAGE_TARNAME=\"\" -DPACKAGE_VERSION=\"\" -DPACKAGE_STRING=\"\" -DPACKAGE_BUGREPORT=\"\" -DPACKAGE_URL=\"\" -DSTDC_HEADERS=1 -DHAVE_SYS_TYPES_H=1 -DHAVE_SYS_STAT_H=1 -DHAVE_STDLIB_H=1 -DHAVE_STRING_H=1 -DHAVE_MEMORY_H=1 -DHAVE_STRINGS_H=1 -DHAVE_INTTYPES_H=1 -DHAVE_STDINT_H=1 -DHAVE_UNISTD_H=1 -DHAVE_ZLIB=1 -DHAVE_LIBPTHREAD=1 -DUSE_PTHREADS=1  -I/usr/local/include   -g -O2 -fstack-protector-strong -Wformat -Werror=format-security -Wdate-time -D_FORTIFY_SOURCE=2 -g   -fpic  -g -O2 -fstack-protector-strong -Wformat -Werror=format-security -Wdate-time -D_FORTIFY_SOURCE=2 -g  -c read_cdffile2.c -o read_cdffile2.o
gcc -std=gnu2x -I"/usr/local/lib/R/include" -DNDEBUG -DPACKAGE_NAME=\"\" -DPACKAGE_TARNAME=\"\" -DPACKAGE_VERSION=\"\" -DPACKAGE_STRING=\"\" -DPACKAGE_BUGREPORT=\"\" -DPACKAGE_URL=\"\" -DSTDC_HEADERS=1 -DHAVE_SYS_TYPES_H=1 -DHAVE_SYS_STAT_H=1 -DHAVE_STDLIB_H=1 -DHAVE_STRING_H=1 -DHAVE_MEMORY_H=1 -DHAVE_STRINGS_H=1 -DHAVE_INTTYPES_H=1 -DHAVE_STDINT_H=1 -DHAVE_UNISTD_H=1 -DHAVE_ZLIB=1 -DHAVE_LIBPTHREAD=1 -DUSE_PTHREADS=1  -I/usr/local/include   -g -O2 -fstack-protector-strong -Wformat -Werror=format-security -Wdate-time -D_FORTIFY_SOURCE=2 -g   -fpic  -g -O2 -fstack-protector-strong -Wformat -Werror=format-security -Wdate-time -D_FORTIFY_SOURCE=2 -g  -c read_celfile_generic.c -o read_celfile_generic.o
gcc -std=gnu2x -I"/usr/local/lib/R/include" -DNDEBUG -DPACKAGE_NAME=\"\" -DPACKAGE_TARNAME=\"\" -DPACKAGE_VERSION=\"\" -DPACKAGE_STRING=\"\" -DPACKAGE_BUGREPORT=\"\" -DPACKAGE_URL=\"\" -DSTDC_HEADERS=1 -DHAVE_SYS_TYPES_H=1 -DHAVE_SYS_STAT_H=1 -DHAVE_STDLIB_H=1 -DHAVE_STRING_H=1 -DHAVE_MEMORY_H=1 -DHAVE_STRINGS_H=1 -DHAVE_INTTYPES_H=1 -DHAVE_STDINT_H=1 -DHAVE_UNISTD_H=1 -DHAVE_ZLIB=1 -DHAVE_LIBPTHREAD=1 -DUSE_PTHREADS=1  -I/usr/local/include   -g -O2 -fstack-protector-strong -Wformat -Werror=format-security -Wdate-time -D_FORTIFY_SOURCE=2 -g   -fpic  -g -O2 -fstack-protector-strong -Wformat -Werror=format-security -Wdate-time -D_FORTIFY_SOURCE=2 -g  -c read_clf.c -o read_clf.o
gcc -std=gnu2x -I"/usr/local/lib/R/include" -DNDEBUG -DPACKAGE_NAME=\"\" -DPACKAGE_TARNAME=\"\" -DPACKAGE_VERSION=\"\" -DPACKAGE_STRING=\"\" -DPACKAGE_BUGREPORT=\"\" -DPACKAGE_URL=\"\" -DSTDC_HEADERS=1 -DHAVE_SYS_TYPES_H=1 -DHAVE_SYS_STAT_H=1 -DHAVE_STDLIB_H=1 -DHAVE_STRING_H=1 -DHAVE_MEMORY_H=1 -DHAVE_STRINGS_H=1 -DHAVE_INTTYPES_H=1 -DHAVE_STDINT_H=1 -DHAVE_UNISTD_H=1 -DHAVE_ZLIB=1 -DHAVE_LIBPTHREAD=1 -DUSE_PTHREADS=1  -I/usr/local/include   -g -O2 -fstack-protector-strong -Wformat -Werror=format-security -Wdate-time -D_FORTIFY_SOURCE=2 -g   -fpic  -g -O2 -fstack-protector-strong -Wformat -Werror=format-security -Wdate-time -D_FORTIFY_SOURCE=2 -g  -c read_generic.c -o read_generic.o
read_generic.c: In function ‘print_decode_nvt_triplet’:
read_generic.c:1293:37: warning: format ‘%f’ expects argument of type ‘double’, but argument 2 has type ‘int’ [-Wformat=]
 1293 |     Rprintf("Its a float  value is %f\n",temp32);
      |                                    ~^    ~~~~~~
      |                                     |    |
      |                                     |    int
      |                                     double
      |                                    %d
gcc -std=gnu2x -I"/usr/local/lib/R/include" -DNDEBUG -DPACKAGE_NAME=\"\" -DPACKAGE_TARNAME=\"\" -DPACKAGE_VERSION=\"\" -DPACKAGE_STRING=\"\" -DPACKAGE_BUGREPORT=\"\" -DPACKAGE_URL=\"\" -DSTDC_HEADERS=1 -DHAVE_SYS_TYPES_H=1 -DHAVE_SYS_STAT_H=1 -DHAVE_STDLIB_H=1 -DHAVE_STRING_H=1 -DHAVE_MEMORY_H=1 -DHAVE_STRINGS_H=1 -DHAVE_INTTYPES_H=1 -DHAVE_STDINT_H=1 -DHAVE_UNISTD_H=1 -DHAVE_ZLIB=1 -DHAVE_LIBPTHREAD=1 -DUSE_PTHREADS=1  -I/usr/local/include   -g -O2 -fstack-protector-strong -Wformat -Werror=format-security -Wdate-time -D_FORTIFY_SOURCE=2 -g   -fpic  -g -O2 -fstack-protector-strong -Wformat -Werror=format-security -Wdate-time -D_FORTIFY_SOURCE=2 -g  -c read_multichannel_celfile_generic.c -o read_multichannel_celfile_generic.o
gcc -std=gnu2x -I"/usr/local/lib/R/include" -DNDEBUG -DPACKAGE_NAME=\"\" -DPACKAGE_TARNAME=\"\" -DPACKAGE_VERSION=\"\" -DPACKAGE_STRING=\"\" -DPACKAGE_BUGREPORT=\"\" -DPACKAGE_URL=\"\" -DSTDC_HEADERS=1 -DHAVE_SYS_TYPES_H=1 -DHAVE_SYS_STAT_H=1 -DHAVE_STDLIB_H=1 -DHAVE_STRING_H=1 -DHAVE_MEMORY_H=1 -DHAVE_STRINGS_H=1 -DHAVE_INTTYPES_H=1 -DHAVE_STDINT_H=1 -DHAVE_UNISTD_H=1 -DHAVE_ZLIB=1 -DHAVE_LIBPTHREAD=1 -DUSE_PTHREADS=1  -I/usr/local/include   -g -O2 -fstack-protector-strong -Wformat -Werror=format-security -Wdate-time -D_FORTIFY_SOURCE=2 -g   -fpic  -g -O2 -fstack-protector-strong -Wformat -Werror=format-security -Wdate-time -D_FORTIFY_SOURCE=2 -g  -c read_pgf.c -o read_pgf.o
gcc -std=gnu2x -shared -L/usr/local/lib/R/lib -L/usr/local/lib -o affyio.so fread_functions.o init_package.o read_abatch.o read_bpmap.o read_cdf_xda.o read_cdffile2.o read_celfile_generic.o read_clf.o read_generic.o read_multichannel_celfile_generic.o read_pgf.o -lpthread -lz -L/usr/local/lib/R/lib -lR
installing to /tmp/library/00LOCK-affyio/00new/affyio/libs
** R
** byte-compile and prepare package for lazy loading
** help
*** installing help indices
** building package indices
** testing if installed package can be loaded from temporary location
** checking absolute paths in shared objects and dynamic libraries
** testing if installed package can be loaded from final location
** testing if installed package keeps a record of temporary installation path
* SHA256 sums
* creating tarball
packaged installation of ‘affyio’ as ‘affyio_1.83.0_R_x86_64-pc-linux-gnu.tar.gz’
* DONE (affyio)
* installing *binary* package ‘XML’ ...
* package ‘XML’ successfully unpacked and SHA256 sums checked
* ‘XML’ was already a binary package and will not be rebuilt
* SHA256 sums
* creating tarball
packaged installation of ‘XML’ as ‘XML_3.99-0.23_R_x86_64-pc-linux-gnu.tar.gz’
* DONE (XML)
* installing *binary* package ‘blob’ ...
* package ‘blob’ successfully unpacked and SHA256 sums checked
* ‘blob’ was already a binary package and will not be rebuilt
* SHA256 sums
* creating tarball
packaged installation of ‘blob’ as ‘blob_1.3.0_R_x86_64-pc-linux-gnu.tar.gz’
* DONE (blob)
* installing *source* package ‘ProtGenerics’ ...
** this is package ‘ProtGenerics’ version ‘1.45.0’
** package ‘ProtGenerics’ successfully unpacked and MD5 sums checked
** using staged installation
** R
** byte-compile and prepare package for lazy loading
Creating a new generic function for ‘smooth’ in package ‘ProtGenerics’
** help
*** installing help indices
** building package indices
** testing if installed package can be loaded from temporary location
** testing if installed package can be loaded from final location
** testing if installed package keeps a record of temporary installation path
* SHA256 sums
* creating tarball
packaged installation of ‘ProtGenerics’ as ‘ProtGenerics_1.45.0_R_x86_64-pc-linux-gnu.tar.gz’
* DONE (ProtGenerics)
* installing *source* package ‘PTMods’ ...
** this is package ‘PTMods’ version ‘1.1.0’
** package ‘PTMods’ successfully unpacked and MD5 sums checked
** using staged installation
** R
** data
** inst
** byte-compile and prepare package for lazy loading
** help
*** installing help indices
** building package indices
** installing vignettes
** testing if installed package can be loaded from temporary location
** testing if installed package can be loaded from final location
** testing if installed package keeps a record of temporary installation path
* SHA256 sums
* creating tarball
packaged installation of ‘PTMods’ as ‘PTMods_1.1.0_R_x86_64-pc-linux-gnu.tar.gz’
* DONE (PTMods)
* installing *source* package ‘impute’ ...
** this is package ‘impute’ version ‘1.87.0’
** package ‘impute’ successfully unpacked and MD5 sums checked
** using staged installation
** libs
using Fortran compiler: ‘GNU Fortran (Ubuntu 13.3.0-6ubuntu2~24.04.1) 13.3.0’
gfortran  -fpic  -g -O2  -c knnimpute.f -o knnimpute.o
knnimpute.f:99:72:

   99 | 20                        pos(k1+1) = pos(k1)
      |                                                                             1
Warning: Fortran 2018 deleted feature: DO termination statement which is not END DO or CONTINUE with label 20 at (1)
knnimpute.f:113:72:

  113 | 35                        pos(k1+1) = pos(k1)
      |                                                                             1
Warning: Fortran 2018 deleted feature: DO termination statement which is not END DO or CONTINUE with label 35 at (1)
gcc -std=gnu2x -shared -L/usr/local/lib/R/lib -L/usr/local/lib -o impute.so knnimpute.o -lgfortran -lm -lquadmath -L/usr/local/lib/R/lib -lR
installing to /tmp/library/00LOCK-impute/00new/impute/libs
** R
** data
** byte-compile and prepare package for lazy loading
** help
*** installing help indices
** building package indices
** testing if installed package can be loaded from temporary location
** checking absolute paths in shared objects and dynamic libraries
** testing if installed package can be loaded from final location
** testing if installed package keeps a record of temporary installation path
* SHA256 sums
* creating tarball
packaged installation of ‘impute’ as ‘impute_1.87.0_R_x86_64-pc-linux-gnu.tar.gz’
* DONE (impute)
* installing *source* package ‘pcaMethods’ ...
** this is package ‘pcaMethods’ version ‘2.5.0’
** package ‘pcaMethods’ successfully unpacked and MD5 sums checked
** using staged installation
** libs
using C++ compiler: ‘g++ (Ubuntu 13.3.0-6ubuntu2~24.04.1) 13.3.0’
g++ -std=gnu++20 -I"/usr/local/lib/R/include" -DNDEBUG  -I'/usr/local/lib/R/site-library/Rcpp/include' -I/usr/local/include    -fpic  -g -O2 -fstack-protector-strong -Wformat -Werror=format-security -Wdate-time -D_FORTIFY_SOURCE=2 -g   -c RcppExports.cpp -o RcppExports.o
g++ -std=gnu++20 -I"/usr/local/lib/R/include" -DNDEBUG  -I'/usr/local/lib/R/site-library/Rcpp/include' -I/usr/local/include    -fpic  -g -O2 -fstack-protector-strong -Wformat -Werror=format-security -Wdate-time -D_FORTIFY_SOURCE=2 -g   -c nipals.cpp -o nipals.o
g++ -std=gnu++20 -shared -L/usr/local/lib/R/lib -L/usr/local/lib -o pcaMethods.so RcppExports.o nipals.o -L/usr/local/lib/R/lib -lR
installing to /tmp/library/00LOCK-pcaMethods/00new/pcaMethods/libs
** R
** data
** inst
** byte-compile and prepare package for lazy loading
Creating a new generic function for ‘loadings’ in package ‘pcaMethods’
** help
*** installing help indices
** building package indices
** installing vignettes
** testing if installed package can be loaded from temporary location
** checking absolute paths in shared objects and dynamic libraries
** testing if installed package can be loaded from final location
** testing if installed package keeps a record of temporary installation path
* SHA256 sums
* creating tarball
packaged installation of ‘pcaMethods’ as ‘pcaMethods_2.5.0_R_x86_64-pc-linux-gnu.tar.gz’
* DONE (pcaMethods)
* installing *binary* package ‘MALDIquant’ ...
* package ‘MALDIquant’ successfully unpacked and SHA256 sums checked
* ‘MALDIquant’ was already a binary package and will not be rebuilt
* SHA256 sums
* creating tarball
packaged installation of ‘MALDIquant’ as ‘MALDIquant_1.22.3_R_x86_64-pc-linux-gnu.tar.gz’
* DONE (MALDIquant)
* installing *binary* package ‘caTools’ ...
* package ‘caTools’ successfully unpacked and SHA256 sums checked
* ‘caTools’ was already a binary package and will not be rebuilt
* SHA256 sums
* creating tarball
packaged installation of ‘caTools’ as ‘caTools_1.18.3_R_x86_64-pc-linux-gnu.tar.gz’
* DONE (caTools)
* installing *source* package ‘S4Vectors’ ...
** this is package ‘S4Vectors’ version ‘0.51.5’
** package ‘S4Vectors’ successfully unpacked and MD5 sums checked
** using staged installation
** libs
using C compiler: ‘gcc (Ubuntu 13.3.0-6ubuntu2~24.04.1) 13.3.0’
gcc -std=gnu2x -I"/usr/local/lib/R/include" -DNDEBUG   -I/usr/local/include    -fpic  -g -O2 -fstack-protector-strong -Wformat -Werror=format-security -Wdate-time -D_FORTIFY_SOURCE=2 -g  -c AEbufs.c -o AEbufs.o
gcc -std=gnu2x -I"/usr/local/lib/R/include" -DNDEBUG   -I/usr/local/include    -fpic  -g -O2 -fstack-protector-strong -Wformat -Werror=format-security -Wdate-time -D_FORTIFY_SOURCE=2 -g  -c DFrame_class.c -o DFrame_class.o
gcc -std=gnu2x -I"/usr/local/lib/R/include" -DNDEBUG   -I/usr/local/include    -fpic  -g -O2 -fstack-protector-strong -Wformat -Werror=format-security -Wdate-time -D_FORTIFY_SOURCE=2 -g  -c Hits_class.c -o Hits_class.o
In file included from /usr/include/string.h:548,
                 from /usr/local/lib/R/include/R_ext/RS.h:34,
                 from /usr/local/lib/R/include/Rdefines.h:38,
                 from ../inst/include/S4Vectors_defines.h:18,
                 from S4Vectors.h:1,
                 from Hits_class.c:4:
In function ‘memcpy’,
    inlined from ‘tsort_hits’ at Hits_class.c:113:3:
/usr/include/x86_64-linux-gnu/bits/string_fortified.h:29:10: warning: ‘__builtin_memcpy’ specified bound between 18446744065119617024 and 18446744073709551612 exceeds maximum object size 9223372036854775807 [-Wstringop-overflow=]
   29 |   return __builtin___memcpy_chk (__dest, __src, __len,
      |          ^~~~~~~~~~~~~~~~~~~~~~~~~~~~~~~~~~~~~~~~~~~~~
   30 |                                  __glibc_objsize0 (__dest));
      |                                  ~~~~~~~~~~~~~~~~~~~~~~~~~~
gcc -std=gnu2x -I"/usr/local/lib/R/include" -DNDEBUG   -I/usr/local/include    -fpic  -g -O2 -fstack-protector-strong -Wformat -Werror=format-security -Wdate-time -D_FORTIFY_SOURCE=2 -g  -c LLint_class.c -o LLint_class.o
gcc -std=gnu2x -I"/usr/local/lib/R/include" -DNDEBUG   -I/usr/local/include    -fpic  -g -O2 -fstack-protector-strong -Wformat -Werror=format-security -Wdate-time -D_FORTIFY_SOURCE=2 -g  -c List_class.c -o List_class.o
gcc -std=gnu2x -I"/usr/local/lib/R/include" -DNDEBUG   -I/usr/local/include    -fpic  -g -O2 -fstack-protector-strong -Wformat -Werror=format-security -Wdate-time -D_FORTIFY_SOURCE=2 -g  -c R_init_S4Vectors.c -o R_init_S4Vectors.o
gcc -std=gnu2x -I"/usr/local/lib/R/include" -DNDEBUG   -I/usr/local/include    -fpic  -g -O2 -fstack-protector-strong -Wformat -Werror=format-security -Wdate-time -D_FORTIFY_SOURCE=2 -g  -c Rle_class.c -o Rle_class.o
gcc -std=gnu2x -I"/usr/local/lib/R/include" -DNDEBUG   -I/usr/local/include    -fpic  -g -O2 -fstack-protector-strong -Wformat -Werror=format-security -Wdate-time -D_FORTIFY_SOURCE=2 -g  -c Rle_utils.c -o Rle_utils.o
gcc -std=gnu2x -I"/usr/local/lib/R/include" -DNDEBUG   -I/usr/local/include    -fpic  -g -O2 -fstack-protector-strong -Wformat -Werror=format-security -Wdate-time -D_FORTIFY_SOURCE=2 -g  -c SEXP_utils.c -o SEXP_utils.o
gcc -std=gnu2x -I"/usr/local/lib/R/include" -DNDEBUG   -I/usr/local/include    -fpic  -g -O2 -fstack-protector-strong -Wformat -Werror=format-security -Wdate-time -D_FORTIFY_SOURCE=2 -g  -c SimpleList_class.c -o SimpleList_class.o
gcc -std=gnu2x -I"/usr/local/lib/R/include" -DNDEBUG   -I/usr/local/include    -fpic  -g -O2 -fstack-protector-strong -Wformat -Werror=format-security -Wdate-time -D_FORTIFY_SOURCE=2 -g  -c character_utils.c -o character_utils.o
gcc -std=gnu2x -I"/usr/local/lib/R/include" -DNDEBUG   -I/usr/local/include    -fpic  -g -O2 -fstack-protector-strong -Wformat -Werror=format-security -Wdate-time -D_FORTIFY_SOURCE=2 -g  -c hash_utils.c -o hash_utils.o
gcc -std=gnu2x -I"/usr/local/lib/R/include" -DNDEBUG   -I/usr/local/include    -fpic  -g -O2 -fstack-protector-strong -Wformat -Werror=format-security -Wdate-time -D_FORTIFY_SOURCE=2 -g  -c integer_utils.c -o integer_utils.o
gcc -std=gnu2x -I"/usr/local/lib/R/include" -DNDEBUG   -I/usr/local/include    -fpic  -g -O2 -fstack-protector-strong -Wformat -Werror=format-security -Wdate-time -D_FORTIFY_SOURCE=2 -g  -c logical_utils.c -o logical_utils.o
gcc -std=gnu2x -I"/usr/local/lib/R/include" -DNDEBUG   -I/usr/local/include    -fpic  -g -O2 -fstack-protector-strong -Wformat -Werror=format-security -Wdate-time -D_FORTIFY_SOURCE=2 -g  -c map_ranges_to_runs.c -o map_ranges_to_runs.o
gcc -std=gnu2x -I"/usr/local/lib/R/include" -DNDEBUG   -I/usr/local/include    -fpic  -g -O2 -fstack-protector-strong -Wformat -Werror=format-security -Wdate-time -D_FORTIFY_SOURCE=2 -g  -c raw_utils.c -o raw_utils.o
gcc -std=gnu2x -I"/usr/local/lib/R/include" -DNDEBUG   -I/usr/local/include    -fpic  -g -O2 -fstack-protector-strong -Wformat -Werror=format-security -Wdate-time -D_FORTIFY_SOURCE=2 -g  -c safe_arithm.c -o safe_arithm.o
gcc -std=gnu2x -I"/usr/local/lib/R/include" -DNDEBUG   -I/usr/local/include    -fpic  -g -O2 -fstack-protector-strong -Wformat -Werror=format-security -Wdate-time -D_FORTIFY_SOURCE=2 -g  -c sort_utils.c -o sort_utils.o
gcc -std=gnu2x -I"/usr/local/lib/R/include" -DNDEBUG   -I/usr/local/include    -fpic  -g -O2 -fstack-protector-strong -Wformat -Werror=format-security -Wdate-time -D_FORTIFY_SOURCE=2 -g  -c subsetting_utils.c -o subsetting_utils.o
gcc -std=gnu2x -I"/usr/local/lib/R/include" -DNDEBUG   -I/usr/local/include    -fpic  -g -O2 -fstack-protector-strong -Wformat -Werror=format-security -Wdate-time -D_FORTIFY_SOURCE=2 -g  -c vector_utils.c -o vector_utils.o
gcc -std=gnu2x -shared -L/usr/local/lib/R/lib -L/usr/local/lib -o S4Vectors.so AEbufs.o DFrame_class.o Hits_class.o LLint_class.o List_class.o R_init_S4Vectors.o Rle_class.o Rle_utils.o SEXP_utils.o SimpleList_class.o character_utils.o hash_utils.o integer_utils.o logical_utils.o map_ranges_to_runs.o raw_utils.o safe_arithm.o sort_utils.o subsetting_utils.o vector_utils.o -L/usr/local/lib/R/lib -lR
installing to /tmp/library/00LOCK-S4Vectors/00new/S4Vectors/libs
** R
** inst
** byte-compile and prepare package for lazy loading
in method for ‘normalizeSingleBracketReplacementValue’ with signature ‘"List"’: no definition for class “List”
Creating a new generic function for ‘unname’ in package ‘S4Vectors’
Creating a new generic function for ‘expand.grid’ in package ‘S4Vectors’
Creating a new generic function for ‘findMatches’ in package ‘S4Vectors’
in method for ‘coerce’ with signature ‘"Hits","DFrame"’: no definition for class “DFrame”
Creating a generic function for ‘as.factor’ from package ‘base’ in package ‘S4Vectors’
Creating a generic function for ‘tabulate’ from package ‘base’ in package ‘S4Vectors’
Creating a generic function for ‘cov’ from package ‘stats’ in package ‘S4Vectors’
Creating a generic function for ‘cor’ from package ‘stats’ in package ‘S4Vectors’
Creating a generic function for ‘smoothEnds’ from package ‘stats’ in package ‘S4Vectors’
Creating a generic function for ‘runmed’ from package ‘stats’ in package ‘S4Vectors’
Creating a generic function for ‘nchar’ from package ‘base’ in package ‘S4Vectors’
Creating a generic function for ‘substr’ from package ‘base’ in package ‘S4Vectors’
Creating a generic function for ‘substring’ from package ‘base’ in package ‘S4Vectors’
Creating a generic function for ‘chartr’ from package ‘base’ in package ‘S4Vectors’
Creating a generic function for ‘tolower’ from package ‘base’ in package ‘S4Vectors’
Creating a generic function for ‘toupper’ from package ‘base’ in package ‘S4Vectors’
Creating a generic function for ‘sub’ from package ‘base’ in package ‘S4Vectors’
Creating a generic function for ‘gsub’ from package ‘base’ in package ‘S4Vectors’
Creating a generic function for ‘nlevels’ from package ‘base’ in package ‘S4Vectors’
in method for ‘coerce’ with signature ‘"data.table","DFrame"’: no definition for class “data.table”
Creating a generic function for ‘complete.cases’ from package ‘stats’ in package ‘S4Vectors’
** help
*** installing help indices
** building package indices
** installing vignettes
** testing if installed package can be loaded from temporary location
** checking absolute paths in shared objects and dynamic libraries
** testing if installed package can be loaded from final location
** testing if installed package keeps a record of temporary installation path
* SHA256 sums
* creating tarball
packaged installation of ‘S4Vectors’ as ‘S4Vectors_0.51.5_R_x86_64-pc-linux-gnu.tar.gz’
* DONE (S4Vectors)
* installing *binary* package ‘beanplot’ ...
* package ‘beanplot’ successfully unpacked and SHA256 sums checked
* ‘beanplot’ was already a binary package and will not be rebuilt
* SHA256 sums
* creating tarball
packaged installation of ‘beanplot’ as ‘beanplot_1.3.1_R_x86_64-pc-linux-gnu.tar.gz’
* DONE (beanplot)
* installing *binary* package ‘nor1mix’ ...
* package ‘nor1mix’ successfully unpacked and SHA256 sums checked
* ‘nor1mix’ was already a binary package and will not be rebuilt
* SHA256 sums
* creating tarball
packaged installation of ‘nor1mix’ as ‘nor1mix_1.3-3_R_x86_64-pc-linux-gnu.tar.gz’
* DONE (nor1mix)
* installing *binary* package ‘reshape’ ...
* package ‘reshape’ successfully unpacked and SHA256 sums checked
* ‘reshape’ was already a binary package and will not be rebuilt
* SHA256 sums
* creating tarball
packaged installation of ‘reshape’ as ‘reshape_0.8.10_R_x86_64-pc-linux-gnu.tar.gz’
* DONE (reshape)
* installing *binary* package ‘quadprog’ ...
* package ‘quadprog’ successfully unpacked and SHA256 sums checked
* ‘quadprog’ was already a binary package and will not be rebuilt
* SHA256 sums
* creating tarball
packaged installation of ‘quadprog’ as ‘quadprog_1.5-8_R_x86_64-pc-linux-gnu.tar.gz’
* DONE (quadprog)
* installing *binary* package ‘nleqslv’ ...
* package ‘nleqslv’ successfully unpacked and SHA256 sums checked
* ‘nleqslv’ was already a binary package and will not be rebuilt
* SHA256 sums
* creating tarball
packaged installation of ‘nleqslv’ as ‘nleqslv_3.3.7_R_x86_64-pc-linux-gnu.tar.gz’
* DONE (nleqslv)
* installing *source* package ‘edgeR’ ...
** this is package ‘edgeR’ version ‘4.11.4’
** package ‘edgeR’ successfully unpacked and MD5 sums checked
** using staged installation
** libs
using C compiler: ‘gcc (Ubuntu 13.3.0-6ubuntu2~24.04.1) 13.3.0’
gcc -std=gnu2x -I"/usr/local/lib/R/include" -DNDEBUG   -I/usr/local/include    -fpic  -g -O2 -fstack-protector-strong -Wformat -Werror=format-security -Wdate-time -D_FORTIFY_SOURCE=2 -g  -c R_exports.c -o R_exports.o
gcc -std=gnu2x -I"/usr/local/lib/R/include" -DNDEBUG   -I/usr/local/include    -fpic  -g -O2 -fstack-protector-strong -Wformat -Werror=format-security -Wdate-time -D_FORTIFY_SOURCE=2 -g  -c R_process_hairpin_reads.c -o R_process_hairpin_reads.o
gcc -std=gnu2x -I"/usr/local/lib/R/include" -DNDEBUG   -I/usr/local/include    -fpic  -g -O2 -fstack-protector-strong -Wformat -Werror=format-security -Wdate-time -D_FORTIFY_SOURCE=2 -g  -c add_prior_count.c -o add_prior_count.o
gcc -std=gnu2x -I"/usr/local/lib/R/include" -DNDEBUG   -I/usr/local/include    -fpic  -g -O2 -fstack-protector-strong -Wformat -Werror=format-security -Wdate-time -D_FORTIFY_SOURCE=2 -g  -c clowess.c -o clowess.o
gcc -std=gnu2x -I"/usr/local/lib/R/include" -DNDEBUG   -I/usr/local/include    -fpic  -g -O2 -fstack-protector-strong -Wformat -Werror=format-security -Wdate-time -D_FORTIFY_SOURCE=2 -g  -c compute_apl.c -o compute_apl.o
gcc -std=gnu2x -I"/usr/local/lib/R/include" -DNDEBUG   -I/usr/local/include    -fpic  -g -O2 -fstack-protector-strong -Wformat -Werror=format-security -Wdate-time -D_FORTIFY_SOURCE=2 -g  -c compute_cpm.c -o compute_cpm.o
gcc -std=gnu2x -I"/usr/local/lib/R/include" -DNDEBUG   -I/usr/local/include    -fpic  -g -O2 -fstack-protector-strong -Wformat -Werror=format-security -Wdate-time -D_FORTIFY_SOURCE=2 -g  -c compute_nbdev.c -o compute_nbdev.o
gcc -std=gnu2x -I"/usr/local/lib/R/include" -DNDEBUG   -I/usr/local/include    -fpic  -g -O2 -fstack-protector-strong -Wformat -Werror=format-security -Wdate-time -D_FORTIFY_SOURCE=2 -g  -c exact_test_by_dev.c -o exact_test_by_dev.o
gcc -std=gnu2x -I"/usr/local/lib/R/include" -DNDEBUG   -I/usr/local/include    -fpic  -g -O2 -fstack-protector-strong -Wformat -Werror=format-security -Wdate-time -D_FORTIFY_SOURCE=2 -g  -c fmm_spline.c -o fmm_spline.o
gcc -std=gnu2x -I"/usr/local/lib/R/include" -DNDEBUG   -I/usr/local/include    -fpic  -g -O2 -fstack-protector-strong -Wformat -Werror=format-security -Wdate-time -D_FORTIFY_SOURCE=2 -g  -c glm.c -o glm.o
gcc -std=gnu2x -I"/usr/local/lib/R/include" -DNDEBUG   -I/usr/local/include    -fpic  -g -O2 -fstack-protector-strong -Wformat -Werror=format-security -Wdate-time -D_FORTIFY_SOURCE=2 -g  -c good_turing.c -o good_turing.o
gcc -std=gnu2x -I"/usr/local/lib/R/include" -DNDEBUG   -I/usr/local/include    -fpic  -g -O2 -fstack-protector-strong -Wformat -Werror=format-security -Wdate-time -D_FORTIFY_SOURCE=2 -g  -c init.c -o init.o
gcc -std=gnu2x -I"/usr/local/lib/R/include" -DNDEBUG   -I/usr/local/include    -fpic  -g -O2 -fstack-protector-strong -Wformat -Werror=format-security -Wdate-time -D_FORTIFY_SOURCE=2 -g  -c interpolator.c -o interpolator.o
gcc -std=gnu2x -I"/usr/local/lib/R/include" -DNDEBUG   -I/usr/local/include    -fpic  -g -O2 -fstack-protector-strong -Wformat -Werror=format-security -Wdate-time -D_FORTIFY_SOURCE=2 -g  -c loess_by_col.c -o loess_by_col.o
gcc -std=gnu2x -I"/usr/local/lib/R/include" -DNDEBUG   -I/usr/local/include    -fpic  -g -O2 -fstack-protector-strong -Wformat -Werror=format-security -Wdate-time -D_FORTIFY_SOURCE=2 -g  -c object.c -o object.o
gcc -std=gnu2x -I"/usr/local/lib/R/include" -DNDEBUG   -I/usr/local/include    -fpic  -g -O2 -fstack-protector-strong -Wformat -Werror=format-security -Wdate-time -D_FORTIFY_SOURCE=2 -g  -c ql_glm.c -o ql_glm.o
gcc -std=gnu2x -I"/usr/local/lib/R/include" -DNDEBUG   -I/usr/local/include    -fpic  -g -O2 -fstack-protector-strong -Wformat -Werror=format-security -Wdate-time -D_FORTIFY_SOURCE=2 -g  -c ql_weights.c -o ql_weights.o
gcc -std=gnu2x -shared -L/usr/local/lib/R/lib -L/usr/local/lib -o edgeR.so R_exports.o R_process_hairpin_reads.o add_prior_count.o clowess.o compute_apl.o compute_cpm.o compute_nbdev.o exact_test_by_dev.o fmm_spline.o glm.o good_turing.o init.o interpolator.o loess_by_col.o object.o ql_glm.o ql_weights.o -llapack -lblas -lgfortran -lm -lquadmath -L/usr/local/lib/R/lib -lR
installing to /tmp/library/00LOCK-edgeR/00new/edgeR/libs
** R
** inst
** byte-compile and prepare package for lazy loading
** help
*** installing help indices
** building package indices
** installing vignettes
** testing if installed package can be loaded from temporary location
** checking absolute paths in shared objects and dynamic libraries
** testing if installed package can be loaded from final location
** testing if installed package keeps a record of temporary installation path
* SHA256 sums
* creating tarball
packaged installation of ‘edgeR’ as ‘edgeR_4.11.4_R_x86_64-pc-linux-gnu.tar.gz’
* DONE (edgeR)
* installing *source* package ‘HarmanData’ ...
** this is package ‘HarmanData’ version ‘1.41.0’
** using staged installation
** R
** data
*** moving datasets to lazyload DB
** inst
** byte-compile and prepare package for lazy loading
** help
*** installing help indices
** building package indices
** installing vignettes
** testing if installed package can be loaded from temporary location
** testing if installed package can be loaded from final location
** testing if installed package keeps a record of temporary installation path
* SHA256 sums
* creating tarball
packaged installation of ‘HarmanData’ as ‘HarmanData_1.41.0_R_x86_64-pc-linux-gnu.tar.gz’
* DONE (HarmanData)
* installing *source* package ‘bladderbatch’ ...
** this is package ‘bladderbatch’ version ‘1.51.0’
** using staged installation
** data
** inst
** help
*** installing help indices
** building package indices
** installing vignettes
** testing if installed package can be loaded from temporary location
** testing if installed package can be loaded from final location
** testing if installed package keeps a record of temporary installation path
* SHA256 sums
* creating tarball
packaged installation of ‘bladderbatch’ as ‘bladderbatch_1.51.0_R_x86_64-pc-linux-gnu.tar.gz’
* DONE (bladderbatch)
* installing *source* package ‘biocmake’ ...
** this is package ‘biocmake’ version ‘1.5.0’
** package ‘biocmake’ successfully unpacked and MD5 sums checked
** using staged installation
** R
** inst
** byte-compile and prepare package for lazy loading
** help
*** installing help indices
** building package indices
** installing vignettes
** testing if installed package can be loaded from temporary location
** testing if installed package can be loaded from final location
** testing if installed package keeps a record of temporary installation path
* SHA256 sums
* creating tarball
packaged installation of ‘biocmake’ as ‘biocmake_1.5.0_R_x86_64-pc-linux-gnu.tar.gz’
* DONE (biocmake)
* installing *binary* package ‘R.oo’ ...
* package ‘R.oo’ successfully unpacked and SHA256 sums checked
* ‘R.oo’ was already a binary package and will not be rebuilt
* SHA256 sums
* creating tarball
packaged installation of ‘R.oo’ as ‘R.oo_1.27.1_R_x86_64-pc-linux-gnu.tar.gz’
* DONE (R.oo)
* installing *binary* package ‘dbplyr’ ...
* package ‘dbplyr’ successfully unpacked and SHA256 sums checked
* ‘dbplyr’ was already a binary package and will not be rebuilt
* SHA256 sums
* creating tarball
packaged installation of ‘dbplyr’ as ‘dbplyr_2.6.0_R_x86_64-pc-linux-gnu.tar.gz’
* DONE (dbplyr)
* installing *source* package ‘UCSC.utils’ ...
** this is package ‘UCSC.utils’ version ‘1.9.0’
** package ‘UCSC.utils’ successfully unpacked and MD5 sums checked
** using staged installation
** R
** inst
** byte-compile and prepare package for lazy loading
** help
*** installing help indices
** building package indices
** installing vignettes
** testing if installed package can be loaded from temporary location
** testing if installed package can be loaded from final location
** testing if installed package keeps a record of temporary installation path
* SHA256 sums
* creating tarball
packaged installation of ‘UCSC.utils’ as ‘UCSC.utils_1.9.0_R_x86_64-pc-linux-gnu.tar.gz’
* DONE (UCSC.utils)
* installing *source* package ‘BiocIO’ ...
** this is package ‘BiocIO’ version ‘1.23.3’
** package ‘BiocIO’ successfully unpacked and MD5 sums checked
** using staged installation
** R
** inst
** byte-compile and prepare package for lazy loading
** help
*** installing help indices
** building package indices
** installing vignettes
** testing if installed package can be loaded from temporary location
** testing if installed package can be loaded from final location
** testing if installed package keeps a record of temporary installation path
* SHA256 sums
* creating tarball
packaged installation of ‘BiocIO’ as ‘BiocIO_1.23.3_R_x86_64-pc-linux-gnu.tar.gz’
* DONE (BiocIO)
* installing *binary* package ‘restfulr’ ...
* package ‘restfulr’ successfully unpacked and SHA256 sums checked
* ‘restfulr’ was already a binary package and will not be rebuilt
* SHA256 sums
* creating tarball
packaged installation of ‘restfulr’ as ‘restfulr_0.0.17_R_x86_64-pc-linux-gnu.tar.gz’
* DONE (restfulr)
* installing *binary* package ‘doRNG’ ...
* package ‘doRNG’ successfully unpacked and SHA256 sums checked
* ‘doRNG’ was already a binary package and will not be rebuilt
* SHA256 sums
* creating tarball
packaged installation of ‘doRNG’ as ‘doRNG_1.8.6.3_R_x86_64-pc-linux-gnu.tar.gz’
* DONE (doRNG)
Warning: SystemRequirements specified C++11: support has been removed
* installing *source* package ‘sparseMatrixStats’ ...
** this is package ‘sparseMatrixStats’ version ‘1.25.0’
** package ‘sparseMatrixStats’ successfully unpacked and MD5 sums checked
** using staged installation
** libs
specified C++11
using C++ compiler: ‘g++ (Ubuntu 13.3.0-6ubuntu2~24.04.1) 13.3.0’
g++ -std=gnu++20 -I"/usr/local/lib/R/include" -DNDEBUG  -I'/usr/local/lib/R/site-library/Rcpp/include' -I/usr/local/include    -fpic  -g -O2 -fstack-protector-strong -Wformat -Werror=format-security -Wdate-time -D_FORTIFY_SOURCE=2 -g   -c RcppExports.cpp -o RcppExports.o
g++ -std=gnu++20 -I"/usr/local/lib/R/include" -DNDEBUG  -I'/usr/local/lib/R/site-library/Rcpp/include' -I/usr/local/include    -fpic  -g -O2 -fstack-protector-strong -Wformat -Werror=format-security -Wdate-time -D_FORTIFY_SOURCE=2 -g   -c SparseMatrixView.cpp -o SparseMatrixView.o
g++ -std=gnu++20 -I"/usr/local/lib/R/include" -DNDEBUG  -I'/usr/local/lib/R/site-library/Rcpp/include' -I/usr/local/include    -fpic  -g -O2 -fstack-protector-strong -Wformat -Werror=format-security -Wdate-time -D_FORTIFY_SOURCE=2 -g   -c methods.cpp -o methods.o
g++ -std=gnu++20 -I"/usr/local/lib/R/include" -DNDEBUG  -I'/usr/local/lib/R/site-library/Rcpp/include' -I/usr/local/include    -fpic  -g -O2 -fstack-protector-strong -Wformat -Werror=format-security -Wdate-time -D_FORTIFY_SOURCE=2 -g   -c row_methods.cpp -o row_methods.o
g++ -std=gnu++20 -shared -L/usr/local/lib/R/lib -L/usr/local/lib -o sparseMatrixStats.so RcppExports.o SparseMatrixView.o methods.o row_methods.o -L/usr/local/lib/R/lib -lR
installing to /tmp/library/00LOCK-sparseMatrixStats/00new/sparseMatrixStats/libs
** R
** inst
** byte-compile and prepare package for lazy loading
** help
*** installing help indices
*** copying figures
** building package indices
** installing vignettes
** testing if installed package can be loaded from temporary location
** checking absolute paths in shared objects and dynamic libraries
** testing if installed package can be loaded from final location
** testing if installed package keeps a record of temporary installation path
* SHA256 sums
* creating tarball
packaged installation of ‘sparseMatrixStats’ as ‘sparseMatrixStats_1.25.0_R_x86_64-pc-linux-gnu.tar.gz’
* DONE (sparseMatrixStats)
* installing *binary* package ‘rentrez’ ...
* package ‘rentrez’ successfully unpacked and SHA256 sums checked
* ‘rentrez’ was already a binary package and will not be rebuilt
* SHA256 sums
* creating tarball
packaged installation of ‘rentrez’ as ‘rentrez_1.2.4_R_x86_64-pc-linux-gnu.tar.gz’
* DONE (rentrez)
* installing *binary* package ‘rvest’ ...
* package ‘rvest’ successfully unpacked and SHA256 sums checked
* ‘rvest’ was already a binary package and will not be rebuilt
* SHA256 sums
* creating tarball
packaged installation of ‘rvest’ as ‘rvest_1.0.5_R_x86_64-pc-linux-gnu.tar.gz’
* DONE (rvest)
* installing *source* package ‘MsCoreUtils’ ...
** this is package ‘MsCoreUtils’ version ‘1.25.4’
** package ‘MsCoreUtils’ successfully unpacked and MD5 sums checked
** using staged installation
** libs
using C compiler: ‘gcc (Ubuntu 13.3.0-6ubuntu2~24.04.1) 13.3.0’
gcc -std=gnu2x -I"/usr/local/lib/R/include" -DNDEBUG  -I'/usr/local/lib/R/site-library/Rcpp/include' -I/usr/local/include    -fpic  -g -O2 -fstack-protector-strong -Wformat -Werror=format-security -Wdate-time -D_FORTIFY_SOURCE=2 -g  -c between.c -o between.o
gcc -std=gnu2x -I"/usr/local/lib/R/include" -DNDEBUG  -I'/usr/local/lib/R/site-library/Rcpp/include' -I/usr/local/include    -fpic  -g -O2 -fstack-protector-strong -Wformat -Werror=format-security -Wdate-time -D_FORTIFY_SOURCE=2 -g  -c closest.c -o closest.o
gcc -std=gnu2x -I"/usr/local/lib/R/include" -DNDEBUG  -I'/usr/local/lib/R/site-library/Rcpp/include' -I/usr/local/include    -fpic  -g -O2 -fstack-protector-strong -Wformat -Werror=format-security -Wdate-time -D_FORTIFY_SOURCE=2 -g  -c gnps.c -o gnps.o
gcc -std=gnu2x -I"/usr/local/lib/R/include" -DNDEBUG  -I'/usr/local/lib/R/site-library/Rcpp/include' -I/usr/local/include    -fpic  -g -O2 -fstack-protector-strong -Wformat -Werror=format-security -Wdate-time -D_FORTIFY_SOURCE=2 -g  -c impNeighbourAvg.c -o impNeighbourAvg.o
gcc -std=gnu2x -I"/usr/local/lib/R/include" -DNDEBUG  -I'/usr/local/lib/R/site-library/Rcpp/include' -I/usr/local/include    -fpic  -g -O2 -fstack-protector-strong -Wformat -Werror=format-security -Wdate-time -D_FORTIFY_SOURCE=2 -g  -c init.c -o init.o
gcc -std=gnu2x -I"/usr/local/lib/R/include" -DNDEBUG  -I'/usr/local/lib/R/site-library/Rcpp/include' -I/usr/local/include    -fpic  -g -O2 -fstack-protector-strong -Wformat -Werror=format-security -Wdate-time -D_FORTIFY_SOURCE=2 -g  -c join.c -o join.o
gcc -std=gnu2x -I"/usr/local/lib/R/include" -DNDEBUG  -I'/usr/local/lib/R/site-library/Rcpp/include' -I/usr/local/include    -fpic  -g -O2 -fstack-protector-strong -Wformat -Werror=format-security -Wdate-time -D_FORTIFY_SOURCE=2 -g  -c localMaxima.c -o localMaxima.o
gcc -std=gnu2x -I"/usr/local/lib/R/include" -DNDEBUG  -I'/usr/local/lib/R/site-library/Rcpp/include' -I/usr/local/include    -fpic  -g -O2 -fstack-protector-strong -Wformat -Werror=format-security -Wdate-time -D_FORTIFY_SOURCE=2 -g  -c lowerConvexHull.c -o lowerConvexHull.o
gcc -std=gnu2x -I"/usr/local/lib/R/include" -DNDEBUG  -I'/usr/local/lib/R/site-library/Rcpp/include' -I/usr/local/include    -fpic  -g -O2 -fstack-protector-strong -Wformat -Werror=format-security -Wdate-time -D_FORTIFY_SOURCE=2 -g  -c maxi.c -o maxi.o
gcc -std=gnu2x -I"/usr/local/lib/R/include" -DNDEBUG  -I'/usr/local/lib/R/site-library/Rcpp/include' -I/usr/local/include    -fpic  -g -O2 -fstack-protector-strong -Wformat -Werror=format-security -Wdate-time -D_FORTIFY_SOURCE=2 -g  -c morphologicalFilters.c -o morphologicalFilters.o
gcc -std=gnu2x -I"/usr/local/lib/R/include" -DNDEBUG  -I'/usr/local/lib/R/site-library/Rcpp/include' -I/usr/local/include    -fpic  -g -O2 -fstack-protector-strong -Wformat -Werror=format-security -Wdate-time -D_FORTIFY_SOURCE=2 -g  -c reduce.c -o reduce.o
gcc -std=gnu2x -I"/usr/local/lib/R/include" -DNDEBUG  -I'/usr/local/lib/R/site-library/Rcpp/include' -I/usr/local/include    -fpic  -g -O2 -fstack-protector-strong -Wformat -Werror=format-security -Wdate-time -D_FORTIFY_SOURCE=2 -g  -c snip.c -o snip.o
gcc -std=gnu2x -I"/usr/local/lib/R/include" -DNDEBUG  -I'/usr/local/lib/R/site-library/Rcpp/include' -I/usr/local/include    -fpic  -g -O2 -fstack-protector-strong -Wformat -Werror=format-security -Wdate-time -D_FORTIFY_SOURCE=2 -g  -c sumi.c -o sumi.o
gcc -std=gnu2x -I"/usr/local/lib/R/include" -DNDEBUG  -I'/usr/local/lib/R/site-library/Rcpp/include' -I/usr/local/include    -fpic  -g -O2 -fstack-protector-strong -Wformat -Werror=format-security -Wdate-time -D_FORTIFY_SOURCE=2 -g  -c which.c -o which.o
gcc -std=gnu2x -shared -L/usr/local/lib/R/lib -L/usr/local/lib -o MsCoreUtils.so between.o closest.o gnps.o impNeighbourAvg.o init.o join.o localMaxima.o lowerConvexHull.o maxi.o morphologicalFilters.o reduce.o snip.o sumi.o which.o -L/usr/local/lib/R/lib -lR
installing to /tmp/library/00LOCK-MsCoreUtils/00new/MsCoreUtils/libs
** R
** inst
** byte-compile and prepare package for lazy loading
** help
*** installing help indices
*** copying figures
** building package indices
** installing vignettes
** testing if installed package can be loaded from temporary location
** checking absolute paths in shared objects and dynamic libraries
** testing if installed package can be loaded from final location
** testing if installed package keeps a record of temporary installation path
* SHA256 sums
* creating tarball
packaged installation of ‘MsCoreUtils’ as ‘MsCoreUtils_1.25.4_R_x86_64-pc-linux-gnu.tar.gz’
* DONE (MsCoreUtils)
* installing *source* package ‘mzID’ ...
** this is package ‘mzID’ version ‘1.51.0’
** package ‘mzID’ successfully unpacked and MD5 sums checked
** using staged installation
** R
** inst
** byte-compile and prepare package for lazy loading
** help
*** installing help indices
** building package indices
** installing vignettes
** testing if installed package can be loaded from temporary location
** testing if installed package can be loaded from final location
** testing if installed package keeps a record of temporary installation path
* SHA256 sums
* creating tarball
packaged installation of ‘mzID’ as ‘mzID_1.51.0_R_x86_64-pc-linux-gnu.tar.gz’
* DONE (mzID)
* installing *binary* package ‘Rdpack’ ...
* package ‘Rdpack’ successfully unpacked and SHA256 sums checked
* ‘Rdpack’ was already a binary package and will not be rebuilt
* SHA256 sums
* creating tarball
packaged installation of ‘Rdpack’ as ‘Rdpack_2.6.6_R_x86_64-pc-linux-gnu.tar.gz’
* DONE (Rdpack)
* installing *source* package ‘IRanges’ ...
** this is package ‘IRanges’ version ‘2.47.2’
** package ‘IRanges’ successfully unpacked and MD5 sums checked
** using staged installation
** libs
using C compiler: ‘gcc (Ubuntu 13.3.0-6ubuntu2~24.04.1) 13.3.0’
gcc -std=gnu2x -I"/usr/local/lib/R/include" -DNDEBUG  -I'/tmp/library/S4Vectors/include' -I/usr/local/include   -fopenmp -fpic  -g -O2 -fstack-protector-strong -Wformat -Werror=format-security -Wdate-time -D_FORTIFY_SOURCE=2 -g  -c CompressedAtomicList_utils.c -o CompressedAtomicList_utils.o
gcc -std=gnu2x -I"/usr/local/lib/R/include" -DNDEBUG  -I'/tmp/library/S4Vectors/include' -I/usr/local/include   -fopenmp -fpic  -g -O2 -fstack-protector-strong -Wformat -Werror=format-security -Wdate-time -D_FORTIFY_SOURCE=2 -g  -c CompressedIRangesList_class.c -o CompressedIRangesList_class.o
gcc -std=gnu2x -I"/usr/local/lib/R/include" -DNDEBUG  -I'/tmp/library/S4Vectors/include' -I/usr/local/include   -fopenmp -fpic  -g -O2 -fstack-protector-strong -Wformat -Werror=format-security -Wdate-time -D_FORTIFY_SOURCE=2 -g  -c CompressedList_class.c -o CompressedList_class.o
gcc -std=gnu2x -I"/usr/local/lib/R/include" -DNDEBUG  -I'/tmp/library/S4Vectors/include' -I/usr/local/include   -fopenmp -fpic  -g -O2 -fstack-protector-strong -Wformat -Werror=format-security -Wdate-time -D_FORTIFY_SOURCE=2 -g  -c Grouping_class.c -o Grouping_class.o
gcc -std=gnu2x -I"/usr/local/lib/R/include" -DNDEBUG  -I'/tmp/library/S4Vectors/include' -I/usr/local/include   -fopenmp -fpic  -g -O2 -fstack-protector-strong -Wformat -Werror=format-security -Wdate-time -D_FORTIFY_SOURCE=2 -g  -c IPosRanges_comparison.c -o IPosRanges_comparison.o
gcc -std=gnu2x -I"/usr/local/lib/R/include" -DNDEBUG  -I'/tmp/library/S4Vectors/include' -I/usr/local/include   -fopenmp -fpic  -g -O2 -fstack-protector-strong -Wformat -Werror=format-security -Wdate-time -D_FORTIFY_SOURCE=2 -g  -c IRanges_class.c -o IRanges_class.o
gcc -std=gnu2x -I"/usr/local/lib/R/include" -DNDEBUG  -I'/tmp/library/S4Vectors/include' -I/usr/local/include   -fopenmp -fpic  -g -O2 -fstack-protector-strong -Wformat -Werror=format-security -Wdate-time -D_FORTIFY_SOURCE=2 -g  -c IRanges_constructor.c -o IRanges_constructor.o
gcc -std=gnu2x -I"/usr/local/lib/R/include" -DNDEBUG  -I'/tmp/library/S4Vectors/include' -I/usr/local/include   -fopenmp -fpic  -g -O2 -fstack-protector-strong -Wformat -Werror=format-security -Wdate-time -D_FORTIFY_SOURCE=2 -g  -c NCList.c -o NCList.o
gcc -std=gnu2x -I"/usr/local/lib/R/include" -DNDEBUG  -I'/tmp/library/S4Vectors/include' -I/usr/local/include   -fopenmp -fpic  -g -O2 -fstack-protector-strong -Wformat -Werror=format-security -Wdate-time -D_FORTIFY_SOURCE=2 -g  -c R_init_IRanges.c -o R_init_IRanges.o
gcc -std=gnu2x -I"/usr/local/lib/R/include" -DNDEBUG  -I'/tmp/library/S4Vectors/include' -I/usr/local/include   -fopenmp -fpic  -g -O2 -fstack-protector-strong -Wformat -Werror=format-security -Wdate-time -D_FORTIFY_SOURCE=2 -g  -c Ranges_class.c -o Ranges_class.o
gcc -std=gnu2x -I"/usr/local/lib/R/include" -DNDEBUG  -I'/tmp/library/S4Vectors/include' -I/usr/local/include   -fopenmp -fpic  -g -O2 -fstack-protector-strong -Wformat -Werror=format-security -Wdate-time -D_FORTIFY_SOURCE=2 -g  -c RleViews_summarization.c -o RleViews_summarization.o
gcc -std=gnu2x -I"/usr/local/lib/R/include" -DNDEBUG  -I'/tmp/library/S4Vectors/include' -I/usr/local/include   -fopenmp -fpic  -g -O2 -fstack-protector-strong -Wformat -Werror=format-security -Wdate-time -D_FORTIFY_SOURCE=2 -g  -c S4Vectors_stubs.c -o S4Vectors_stubs.o
gcc -std=gnu2x -I"/usr/local/lib/R/include" -DNDEBUG  -I'/tmp/library/S4Vectors/include' -I/usr/local/include   -fopenmp -fpic  -g -O2 -fstack-protector-strong -Wformat -Werror=format-security -Wdate-time -D_FORTIFY_SOURCE=2 -g  -c SimpleIRangesList_class.c -o SimpleIRangesList_class.o
gcc -std=gnu2x -I"/usr/local/lib/R/include" -DNDEBUG  -I'/tmp/library/S4Vectors/include' -I/usr/local/include   -fopenmp -fpic  -g -O2 -fstack-protector-strong -Wformat -Werror=format-security -Wdate-time -D_FORTIFY_SOURCE=2 -g  -c coverage_methods.c -o coverage_methods.o
gcc -std=gnu2x -I"/usr/local/lib/R/include" -DNDEBUG  -I'/tmp/library/S4Vectors/include' -I/usr/local/include   -fopenmp -fpic  -g -O2 -fstack-protector-strong -Wformat -Werror=format-security -Wdate-time -D_FORTIFY_SOURCE=2 -g  -c extractListFragments.c -o extractListFragments.o
gcc -std=gnu2x -I"/usr/local/lib/R/include" -DNDEBUG  -I'/tmp/library/S4Vectors/include' -I/usr/local/include   -fopenmp -fpic  -g -O2 -fstack-protector-strong -Wformat -Werror=format-security -Wdate-time -D_FORTIFY_SOURCE=2 -g  -c inter_range_methods.c -o inter_range_methods.o
gcc -std=gnu2x -I"/usr/local/lib/R/include" -DNDEBUG  -I'/tmp/library/S4Vectors/include' -I/usr/local/include   -fopenmp -fpic  -g -O2 -fstack-protector-strong -Wformat -Werror=format-security -Wdate-time -D_FORTIFY_SOURCE=2 -g  -c thread_control.c -o thread_control.o
gcc -std=gnu2x -shared -L/usr/local/lib/R/lib -L/usr/local/lib -o IRanges.so CompressedAtomicList_utils.o CompressedIRangesList_class.o CompressedList_class.o Grouping_class.o IPosRanges_comparison.o IRanges_class.o IRanges_constructor.o NCList.o R_init_IRanges.o Ranges_class.o RleViews_summarization.o S4Vectors_stubs.o SimpleIRangesList_class.o coverage_methods.o extractListFragments.o inter_range_methods.o thread_control.o -fopenmp -L/usr/local/lib/R/lib -lR
installing to /tmp/library/00LOCK-IRanges/00new/IRanges/libs
** R
** inst
** byte-compile and prepare package for lazy loading
Creating a generic function for ‘drop’ from package ‘base’ in package ‘IRanges’
Creating a generic function for ‘runmed’ from package ‘stats’ in package ‘IRanges’
Creating a generic function for ‘chartr’ from package ‘base’ in package ‘IRanges’
Creating a generic function for ‘toupper’ from package ‘base’ in package ‘IRanges’
Creating a generic function for ‘tolower’ from package ‘base’ in package ‘IRanges’
Creating a generic function for ‘sub’ from package ‘base’ in package ‘IRanges’
Creating a generic function for ‘gsub’ from package ‘base’ in package ‘IRanges’
Creating a generic function for ‘startsWith’ from package ‘base’ in package ‘IRanges’
Creating a generic function for ‘endsWith’ from package ‘base’ in package ‘IRanges’
Creating a generic function for ‘smoothEnds’ from package ‘stats’ in package ‘IRanges’
** help
*** installing help indices
** building package indices
** installing vignettes
** testing if installed package can be loaded from temporary location
** checking absolute paths in shared objects and dynamic libraries
** testing if installed package can be loaded from final location
** testing if installed package keeps a record of temporary installation path
* SHA256 sums
* creating tarball
packaged installation of ‘IRanges’ as ‘IRanges_2.47.2_R_x86_64-pc-linux-gnu.tar.gz’
* DONE (IRanges)
* installing *source* package ‘siggenes’ ...
** this is package ‘siggenes’ version ‘1.87.0’
** package ‘siggenes’ successfully unpacked and MD5 sums checked
** using staged installation
** R
** inst
** byte-compile and prepare package for lazy loading
** help
*** installing help indices
** building package indices
** installing vignettes
** testing if installed package can be loaded from temporary location
** testing if installed package can be loaded from final location
** testing if installed package keeps a record of temporary installation path
* SHA256 sums
* creating tarball
packaged installation of ‘siggenes’ as ‘siggenes_1.87.0_R_x86_64-pc-linux-gnu.tar.gz’
* DONE (siggenes)
* installing *source* package ‘illuminaio’ ...
** this is package ‘illuminaio’ version ‘0.55.0’
** package ‘illuminaio’ successfully unpacked and MD5 sums checked
** using staged installation
** libs
using C compiler: ‘gcc (Ubuntu 13.3.0-6ubuntu2~24.04.1) 13.3.0’
gcc -std=gnu2x -I"/usr/local/lib/R/include" -DNDEBUG   -I/usr/local/include    -fpic  -g -O2 -fstack-protector-strong -Wformat -Werror=format-security -Wdate-time -D_FORTIFY_SOURCE=2 -g  -c 000.init.c -o 000.init.o
gcc -std=gnu2x -I"/usr/local/lib/R/include" -DNDEBUG   -I/usr/local/include    -fpic  -g -O2 -fstack-protector-strong -Wformat -Werror=format-security -Wdate-time -D_FORTIFY_SOURCE=2 -g  -c des.c -o des.o
gcc -std=gnu2x -I"/usr/local/lib/R/include" -DNDEBUG   -I/usr/local/include    -fpic  -g -O2 -fstack-protector-strong -Wformat -Werror=format-security -Wdate-time -D_FORTIFY_SOURCE=2 -g  -c local_des.c -o local_des.o
gcc -std=gnu2x -shared -L/usr/local/lib/R/lib -L/usr/local/lib -o illuminaio.so 000.init.o des.o local_des.o -L/usr/local/lib/R/lib -lR
installing to /tmp/library/00LOCK-illuminaio/00new/illuminaio/libs
** R
** inst
** byte-compile and prepare package for lazy loading
** help
*** installing help indices
** building package indices
** installing vignettes
** testing if installed package can be loaded from temporary location
** checking absolute paths in shared objects and dynamic libraries
** testing if installed package can be loaded from final location
** testing if installed package keeps a record of temporary installation path
* SHA256 sums
* creating tarball
packaged installation of ‘illuminaio’ as ‘illuminaio_0.55.0_R_x86_64-pc-linux-gnu.tar.gz’
* DONE (illuminaio)
Warning: SystemRequirements specified C++11: support has been removed
* installing *source* package ‘BiocParallel’ ...
** this is package ‘BiocParallel’ version ‘1.47.0’
** package ‘BiocParallel’ successfully unpacked and MD5 sums checked
** using staged installation
checking whether the C++ compiler works... yes
checking for C++ compiler default output file name... a.out
checking for suffix of executables... 
checking whether we are cross compiling... no
checking for suffix of object files... o
checking whether the compiler supports GNU C++... yes
checking whether g++ -std=gnu++20 accepts -g... yes
checking for g++ -std=gnu++20 option to enable C++11 features... none needed
checking for library containing shm_open... none required
checking for stdio.h... yes
checking for stdlib.h... yes
checking for string.h... yes
checking for inttypes.h... yes
checking for stdint.h... yes
checking for strings.h... yes
checking for sys/stat.h... yes
checking for sys/types.h... yes
checking for unistd.h... yes
checking for sys/mman.h... yes
configure: creating ./config.status
config.status: creating src/Makevars
** libs
specified C++11
using C++ compiler: ‘g++ (Ubuntu 13.3.0-6ubuntu2~24.04.1) 13.3.0’
g++ -std=gnu++20 -I"/usr/local/lib/R/include" -DNDEBUG -I"./" -I'/tmp/library/BH/include' -I'/usr/local/lib/R/site-library/cpp11/include' -I/usr/local/include    -fpic  -g -O2 -fstack-protector-strong -Wformat -Werror=format-security -Wdate-time -D_FORTIFY_SOURCE=2 -g   -c cpp11.cpp -o cpp11.o
g++ -std=gnu++20 -I"/usr/local/lib/R/include" -DNDEBUG -I"./" -I'/tmp/library/BH/include' -I'/usr/local/lib/R/site-library/cpp11/include' -I/usr/local/include    -fpic  -g -O2 -fstack-protector-strong -Wformat -Werror=format-security -Wdate-time -D_FORTIFY_SOURCE=2 -g   -c ipcmutex.cpp -o ipcmutex.o
g++ -std=gnu++20 -shared -L/usr/local/lib/R/lib -L/usr/local/lib -o BiocParallel.so cpp11.o ipcmutex.o -L/usr/local/lib/R/lib -lR
installing to /tmp/library/00LOCK-BiocParallel/00new/BiocParallel/libs
** R
** inst
** byte-compile and prepare package for lazy loading
** help
*** installing help indices
** building package indices
** installing vignettes
** testing if installed package can be loaded from temporary location
** checking absolute paths in shared objects and dynamic libraries
** testing if installed package can be loaded from final location
** testing if installed package keeps a record of temporary installation path
* SHA256 sums
* creating tarball
packaged installation of ‘BiocParallel’ as ‘BiocParallel_1.47.0_R_x86_64-pc-linux-gnu.tar.gz’
* DONE (BiocParallel)
* installing *source* package ‘affy’ ...
** this is package ‘affy’ version ‘1.91.0’
** package ‘affy’ successfully unpacked and MD5 sums checked
** using staged installation
creating cache ./config.cache
checking how to run the C preprocessor... gcc -std=gnu2x -E
checking for main in -lz... yes
checking for zlib.h... yes
checking if zlib version >= 1.1.3... yes
updating cache ./config.cache
creating ./config.status
creating src/Makevars
** libs
using C compiler: ‘gcc (Ubuntu 13.3.0-6ubuntu2~24.04.1) 13.3.0’
gcc -std=gnu2x -I"/usr/local/lib/R/include" -DNDEBUG -DHAVE_ZLIB=1  -I'/usr/local/lib/R/site-library/preprocessCore/include' -I/usr/local/include   -g -O2 -fstack-protector-strong -Wformat -Werror=format-security -Wdate-time -D_FORTIFY_SOURCE=2 -g -fpic  -g -O2 -fstack-protector-strong -Wformat -Werror=format-security -Wdate-time -D_FORTIFY_SOURCE=2 -g  -c chipbackground.c -o chipbackground.o
gcc -std=gnu2x -I"/usr/local/lib/R/include" -DNDEBUG -DHAVE_ZLIB=1  -I'/usr/local/lib/R/site-library/preprocessCore/include' -I/usr/local/include   -g -O2 -fstack-protector-strong -Wformat -Werror=format-security -Wdate-time -D_FORTIFY_SOURCE=2 -g -fpic  -g -O2 -fstack-protector-strong -Wformat -Werror=format-security -Wdate-time -D_FORTIFY_SOURCE=2 -g  -c getall_locations.c -o getall_locations.o
gcc -std=gnu2x -I"/usr/local/lib/R/include" -DNDEBUG -DHAVE_ZLIB=1  -I'/usr/local/lib/R/site-library/preprocessCore/include' -I/usr/local/include   -g -O2 -fstack-protector-strong -Wformat -Werror=format-security -Wdate-time -D_FORTIFY_SOURCE=2 -g -fpic  -g -O2 -fstack-protector-strong -Wformat -Werror=format-security -Wdate-time -D_FORTIFY_SOURCE=2 -g  -c mas5calls.c -o mas5calls.o
gcc -std=gnu2x -I"/usr/local/lib/R/include" -DNDEBUG -DHAVE_ZLIB=1  -I'/usr/local/lib/R/site-library/preprocessCore/include' -I/usr/local/include   -g -O2 -fstack-protector-strong -Wformat -Werror=format-security -Wdate-time -D_FORTIFY_SOURCE=2 -g -fpic  -g -O2 -fstack-protector-strong -Wformat -Werror=format-security -Wdate-time -D_FORTIFY_SOURCE=2 -g  -c rma2.c -o rma2.o
gcc -std=gnu2x -I"/usr/local/lib/R/include" -DNDEBUG -DHAVE_ZLIB=1  -I'/usr/local/lib/R/site-library/preprocessCore/include' -I/usr/local/include   -g -O2 -fstack-protector-strong -Wformat -Werror=format-security -Wdate-time -D_FORTIFY_SOURCE=2 -g -fpic  -g -O2 -fstack-protector-strong -Wformat -Werror=format-security -Wdate-time -D_FORTIFY_SOURCE=2 -g  -c rma_common.c -o rma_common.o
gcc -std=gnu2x -shared -L/usr/local/lib/R/lib -L/usr/local/lib -o affy.so chipbackground.o getall_locations.o mas5calls.o rma2.o rma_common.o -lz -L/usr/local/lib/R/lib -lR
installing to /tmp/library/00LOCK-affy/00new/affy/libs
** R
** data
** demo
** inst
** byte-compile and prepare package for lazy loading
** help
*** installing help indices
** building package indices
** installing vignettes
** testing if installed package can be loaded from temporary location
** checking absolute paths in shared objects and dynamic libraries
** testing if installed package can be loaded from final location
** testing if installed package keeps a record of temporary installation path
* SHA256 sums
* creating tarball
packaged installation of ‘affy’ as ‘affy_1.91.0_R_x86_64-pc-linux-gnu.tar.gz’
* DONE (affy)
* installing *binary* package ‘RSQLite’ ...
* package ‘RSQLite’ successfully unpacked and SHA256 sums checked
* ‘RSQLite’ was already a binary package and will not be rebuilt
* SHA256 sums
* creating tarball
packaged installation of ‘RSQLite’ as ‘RSQLite_3.53.3_R_x86_64-pc-linux-gnu.tar.gz’
* DONE (RSQLite)
* installing *binary* package ‘gplots’ ...
* package ‘gplots’ successfully unpacked and SHA256 sums checked
* ‘gplots’ was already a binary package and will not be rebuilt
* SHA256 sums
* creating tarball
packaged installation of ‘gplots’ as ‘gplots_3.3.0_R_x86_64-pc-linux-gnu.tar.gz’
* DONE (gplots)
* installing *source* package ‘MetaboCoreUtils’ ...
** this is package ‘MetaboCoreUtils’ version ‘1.21.1’
** package ‘MetaboCoreUtils’ successfully unpacked and MD5 sums checked
** using staged installation
** R
** inst
** byte-compile and prepare package for lazy loading
** help
*** installing help indices
*** copying figures
** building package indices
** installing vignettes
** testing if installed package can be loaded from temporary location
** testing if installed package can be loaded from final location
** testing if installed package keeps a record of temporary installation path
* SHA256 sums
* creating tarball
packaged installation of ‘MetaboCoreUtils’ as ‘MetaboCoreUtils_1.21.1_R_x86_64-pc-linux-gnu.tar.gz’
* DONE (MetaboCoreUtils)
* installing *source* package ‘Rhdf5lib’ ...
** this is package ‘Rhdf5lib’ version ‘2.1.0’
** package ‘Rhdf5lib’ successfully unpacked and MD5 sums checked
** using staged installation
-- The C compiler identification is GNU 13.3.0
-- Detecting C compiler ABI info
-- Detecting C compiler ABI info - done
-- Check for working C compiler: /usr/bin/gcc - skipped
-- Detecting C compile features
-- Detecting C compile features - done
-- Performing Test HAVE_DECL___BUILTIN_CLZLL
-- Performing Test HAVE_DECL___BUILTIN_CLZLL - Success
-- Looking for snprintf
-- Looking for snprintf - found
-- Configuring done (0.5s)
-- Generating done (0.0s)
-- Build files have been written to: /tmp/Rtmpf3x9se/R.INSTALL12ca35c88a5b/Rhdf5lib/_build_libaec
[ 11%] Building C object src/CMakeFiles/aec-static-objects.dir/encode.c.o
[ 22%] Building C object src/CMakeFiles/aec-static-objects.dir/encode_accessors.c.o
[ 33%] Building C object src/CMakeFiles/aec-static-objects.dir/decode.c.o
[ 44%] Building C object src/CMakeFiles/aec-static-objects.dir/vector.c.o
[ 44%] Built target aec-static-objects
[ 55%] Linking C static library libaec.a
[ 55%] Built target aec-static
[ 66%] Building C object src/CMakeFiles/sz-static-objects.dir/sz_compat.c.o
[ 66%] Built target sz-static-objects
[ 77%] Linking C static library libsz.a
[ 77%] Built target sz-static
[ 88%] Building C object src/CMakeFiles/graec.dir/graec.c.o
[100%] Linking C executable graec
[100%] Built target graec
-- Install configuration: "Release"
-- Installing: /tmp/Rtmpf3x9se/R.INSTALL12ca35c88a5b/Rhdf5lib/inst/lib/cmake/libaec/libaec-config.cmake
-- Installing: /tmp/Rtmpf3x9se/R.INSTALL12ca35c88a5b/Rhdf5lib/inst/lib/cmake/libaec/libaec-config-version.cmake
-- Installing: /tmp/Rtmpf3x9se/R.INSTALL12ca35c88a5b/Rhdf5lib/inst/include/libaec.h
-- Installing: /tmp/Rtmpf3x9se/R.INSTALL12ca35c88a5b/Rhdf5lib/inst/include/szlib.h
-- Installing: /tmp/Rtmpf3x9se/R.INSTALL12ca35c88a5b/Rhdf5lib/inst/lib/libaec.a
-- Installing: /tmp/Rtmpf3x9se/R.INSTALL12ca35c88a5b/Rhdf5lib/inst/lib/libsz.a
-- Installing: /tmp/Rtmpf3x9se/R.INSTALL12ca35c88a5b/Rhdf5lib/inst/lib/cmake/libaec/libaec-targets.cmake
-- Installing: /tmp/Rtmpf3x9se/R.INSTALL12ca35c88a5b/Rhdf5lib/inst/lib/cmake/libaec/libaec-targets-release.cmake
-- The C compiler identification is GNU 13.3.0
-- Detecting C compiler ABI info
-- Detecting C compiler ABI info - done
-- Check for working C compiler: /usr/bin/gcc - skipped
-- Detecting C compile features
-- Detecting C compile features - done
-- Final: share
-- Looking for include file sys/file.h
-- Looking for include file sys/file.h - found
-- Looking for include files sys/file.h, sys/ioctl.h
-- Looking for include files sys/file.h, sys/ioctl.h - found
-- Looking for 3 include files sys/file.h, ..., sys/resource.h
-- Looking for 3 include files sys/file.h, ..., sys/resource.h - found
-- Looking for 4 include files sys/file.h, ..., sys/socket.h
-- Looking for 4 include files sys/file.h, ..., sys/socket.h - found
-- Looking for 5 include files sys/file.h, ..., sys/stat.h
-- Looking for 5 include files sys/file.h, ..., sys/stat.h - found
-- Looking for 6 include files sys/file.h, ..., sys/time.h
-- Looking for 6 include files sys/file.h, ..., sys/time.h - found
-- Looking for 7 include files sys/file.h, ..., sys/types.h
-- Looking for 7 include files sys/file.h, ..., sys/types.h - found
-- Looking for 8 include files sys/file.h, ..., features.h
-- Looking for 8 include files sys/file.h, ..., features.h - found
-- Looking for 9 include files sys/file.h, ..., dirent.h
-- Looking for 9 include files sys/file.h, ..., dirent.h - found
-- Looking for 10 include files sys/file.h, ..., unistd.h
-- Looking for 10 include files sys/file.h, ..., unistd.h - found
-- Looking for 11 include files sys/file.h, ..., pwd.h
-- Looking for 11 include files sys/file.h, ..., pwd.h - found
-- Looking for 12 include files sys/file.h, ..., pthread.h
-- Looking for 12 include files sys/file.h, ..., pthread.h - found
-- Looking for 13 include files sys/file.h, ..., dlfcn.h
-- Looking for 13 include files sys/file.h, ..., dlfcn.h - found
-- Looking for 14 include files sys/file.h, ..., netinet/in.h
-- Looking for 14 include files sys/file.h, ..., netinet/in.h - found
-- Looking for 15 include files sys/file.h, ..., netdb.h
-- Looking for 15 include files sys/file.h, ..., netdb.h - found
-- Looking for 16 include files sys/file.h, ..., arpa/inet.h
-- Looking for 16 include files sys/file.h, ..., arpa/inet.h - found
-- Looking for include file quadmath.h
-- Looking for include file quadmath.h - found
-- Looking for ceil in m;
-- Looking for ceil in m; - found
-- Looking for dlopen in dl;m
-- Looking for dlopen in dl;m - found
-- Looking for WSAStartup in ws2_32;m;dl
-- Looking for WSAStartup in ws2_32;m;dl - not found
-- Looking for gethostbyname in wsock32;m;dl
-- Looking for gethostbyname in wsock32;m;dl - not found
-- Looking for gethostname in ucb;m;dl
-- Looking for gethostname in ucb;m;dl - not found
-- Looking for sys/types.h
-- Looking for sys/types.h - found
-- Looking for stdint.h
-- Looking for stdint.h - found
-- Looking for stddef.h
-- Looking for stddef.h - found
-- Check size of char
-- Check size of char - done
-- Check size of short
-- Check size of short - done
-- Check size of int
-- Check size of int - done
-- Check size of unsigned
-- Check size of unsigned - done
-- Check size of long
-- Check size of long - done
-- Check size of long long
-- Check size of long long - done
-- Check size of float
-- Check size of float - done
-- Check size of double
-- Check size of double - done
-- Check size of long double
-- Check size of long double - done
-- Check size of int8_t
-- Check size of int8_t - done
-- Check size of uint8_t
-- Check size of uint8_t - done
-- Check size of int_least8_t
-- Check size of int_least8_t - done
-- Check size of uint_least8_t
-- Check size of uint_least8_t - done
-- Check size of int_fast8_t
-- Check size of int_fast8_t - done
-- Check size of uint_fast8_t
-- Check size of uint_fast8_t - done
-- Check size of int16_t
-- Check size of int16_t - done
-- Check size of uint16_t
-- Check size of uint16_t - done
-- Check size of int_least16_t
-- Check size of int_least16_t - done
-- Check size of uint_least16_t
-- Check size of uint_least16_t - done
-- Check size of int_fast16_t
-- Check size of int_fast16_t - done
-- Check size of uint_fast16_t
-- Check size of uint_fast16_t - done
-- Check size of int32_t
-- Check size of int32_t - done
-- Check size of uint32_t
-- Check size of uint32_t - done
-- Check size of int_least32_t
-- Check size of int_least32_t - done
-- Check size of uint_least32_t
-- Check size of uint_least32_t - done
-- Check size of int_fast32_t
-- Check size of int_fast32_t - done
-- Check size of uint_fast32_t
-- Check size of uint_fast32_t - done
-- Check size of int64_t
-- Check size of int64_t - done
-- Check size of uint64_t
-- Check size of uint64_t - done
-- Check size of int_least64_t
-- Check size of int_least64_t - done
-- Check size of uint_least64_t
-- Check size of uint_least64_t - done
-- Check size of int_fast64_t
-- Check size of int_fast64_t - done
-- Check size of uint_fast64_t
-- Check size of uint_fast64_t - done
-- Check size of size_t
-- Check size of size_t - done
-- Check size of ssize_t
-- Check size of ssize_t - done
-- Check size of ptrdiff_t
-- Check size of ptrdiff_t - done
-- Check size of off_t
-- Check size of off_t - done
-- Check size of time_t
-- Check size of time_t - done
-- Check size of _Bool
-- Check size of _Bool - done
-- Looking for CLOCK_MONOTONIC
-- Looking for CLOCK_MONOTONIC - not found
-- Performing Test H5_HAVE_TM_GMTOFF
-- Performing Test H5_HAVE_TM_GMTOFF - Success
-- Performing Test H5_HAVE___TM_GMTOFF
-- Performing Test H5_HAVE___TM_GMTOFF - Failed
-- Performing Test H5_HAVE_STRUCT_TIMEZONE
-- Performing Test H5_HAVE_STRUCT_TIMEZONE - Failed
-- Looking for gettimeofday
-- Looking for gettimeofday - found
-- Performing Test H5_HAVE_STAT_ST_BLOCKS
-- Performing Test H5_HAVE_STAT_ST_BLOCKS - Success
-- Looking for ioctl
-- Looking for ioctl - found
-- Performing Test H5_HAVE_STRUCT_VIDEOCONFIG
-- Performing Test H5_HAVE_STRUCT_VIDEOCONFIG - Failed
-- Performing Test H5_HAVE_STRUCT_TEXT_INFO
-- Performing Test H5_HAVE_STRUCT_TEXT_INFO - Failed
-- Looking for _getvideoconfig
-- Looking for _getvideoconfig - not found
-- Looking for gettextinfo
-- Looking for gettextinfo - not found
-- Looking for _scrsize
-- Looking for _scrsize - not found
-- Looking for GetConsoleScreenBufferInfo
-- Looking for GetConsoleScreenBufferInfo - not found
-- Looking for TIOCGWINSZ
-- Looking for TIOCGWINSZ - found
-- Looking for TIOCGETD
-- Looking for TIOCGETD - found
-- Looking for alarm
-- Looking for alarm - found
-- Looking for fcntl
-- Looking for fcntl - found
-- Looking for flock
-- Looking for flock - found
-- Looking for fork
-- Looking for fork - found
-- Looking for gethostname
-- Looking for gethostname - found
-- Looking for getrusage
-- Looking for getrusage - found
-- Looking for pread
-- Looking for pread - found
-- Looking for pwrite
-- Looking for pwrite - found
-- Looking for rand_r
-- Looking for rand_r - found
-- Looking for random
-- Looking for random - found
-- Looking for strcasestr
-- Looking for strcasestr - found
-- Looking for strdup
-- Looking for strdup - found
-- Looking for symlink
-- Looking for symlink - found
-- Looking for tmpfile
-- Looking for tmpfile - found
-- Looking for asprintf
-- Looking for asprintf - found
-- Looking for vasprintf
-- Looking for vasprintf - found
-- Looking for waitpid
-- Looking for waitpid - found
-- Looking for sigsetjmp
-- Looking for sigsetjmp - found
-- Looking for clock_gettime
-- Looking for clock_gettime - found
-- Looking for clock_gettime in rt
-- Looking for clock_gettime in rt - found
-- Looking for clock_gettime in posix4
-- Looking for clock_gettime in posix4 - not found
-- Check size of CLOCK_MONOTONIC_COARSE
-- Check size of CLOCK_MONOTONIC_COARSE - done
-- Found CURL: /usr/lib/x86_64-linux-gnu/libcurl.so (found version "8.5.0")  
-- Found OpenSSL: /usr/lib/x86_64-linux-gnu/libcrypto.so (found version "3.0.13")  
-- Checking if _Float16 support is available
-- Check size of _Float16
-- Check size of _Float16 - done
-- Looking for FLT16_EPSILON
-- Looking for FLT16_EPSILON - found
-- Looking for FLT16_MIN
-- Looking for FLT16_MIN - found
-- Looking for FLT16_MAX
-- Looking for FLT16_MAX - found
-- Looking for FLT16_MIN_10_EXP
-- Looking for FLT16_MIN_10_EXP - found
-- Looking for FLT16_MAX_10_EXP
-- Looking for FLT16_MAX_10_EXP - found
-- Looking for FLT16_MANT_DIG
-- Looking for FLT16_MANT_DIG - found
-- Looking for fabsf16
-- Looking for fabsf16 - not found
-- Found Perl: /usr/bin/perl (found version "5.38.2") 
-- ... disable color and URL extended diagnostic messages
-- ....All Warnings are enabled
-- Found ZLIB: /usr/lib/x86_64-linux-gnu/libz.so (found version "1.3")  
-- The CXX compiler identification is GNU 13.3.0
-- Detecting CXX compiler ABI info
-- Detecting CXX compiler ABI info - done
-- Check for working CXX compiler: /usr/bin/g++ - skipped
-- Detecting CXX compile features
-- Detecting CXX compile features - done
-- ... disable color and URL extended diagnostic messages
-- ....All Warnings are enabled
-- Configuring done (17.0s)
-- Generating done (0.1s)
CMake Warning:
  Manually-specified variables were not used by the project:

    HDF5_BUILD_EXAMPLES


-- Build files have been written to: /tmp/Rtmpf3x9se/R.INSTALL12ca35c88a5b/Rhdf5lib/_build_hdf5
[  0%] Building C object src/CMakeFiles/hdf5-static.dir/H5.c.o
[  0%] Building C object src/CMakeFiles/hdf5-static.dir/H5build_settings.c.o
[  0%] Building C object src/CMakeFiles/hdf5-static.dir/H5checksum.c.o
[  1%] Building C object src/CMakeFiles/hdf5-static.dir/H5dbg.c.o
[  1%] Building C object src/CMakeFiles/hdf5-static.dir/H5mpi.c.o
[  1%] Building C object src/CMakeFiles/hdf5-static.dir/H5system.c.o
[  1%] Building C object src/CMakeFiles/hdf5-static.dir/H5timer.c.o
[  2%] Building C object src/CMakeFiles/hdf5-static.dir/H5trace.c.o
[  2%] Building C object src/CMakeFiles/hdf5-static.dir/H5A.c.o
[  2%] Building C object src/CMakeFiles/hdf5-static.dir/H5Abtree2.c.o
[  2%] Building C object src/CMakeFiles/hdf5-static.dir/H5Adense.c.o
[  3%] Building C object src/CMakeFiles/hdf5-static.dir/H5Adeprec.c.o
[  3%] Building C object src/CMakeFiles/hdf5-static.dir/H5Aint.c.o
[  3%] Building C object src/CMakeFiles/hdf5-static.dir/H5Atest.c.o
[  3%] Building C object src/CMakeFiles/hdf5-static.dir/H5AC.c.o
[  4%] Building C object src/CMakeFiles/hdf5-static.dir/H5ACdbg.c.o
[  4%] Building C object src/CMakeFiles/hdf5-static.dir/H5ACmpio.c.o
[  4%] Building C object src/CMakeFiles/hdf5-static.dir/H5ACproxy_entry.c.o
[  4%] Building C object src/CMakeFiles/hdf5-static.dir/H5B.c.o
[  5%] Building C object src/CMakeFiles/hdf5-static.dir/H5Bcache.c.o
[  5%] Building C object src/CMakeFiles/hdf5-static.dir/H5Bdbg.c.o
[  5%] Building C object src/CMakeFiles/hdf5-static.dir/H5B2.c.o
[  5%] Building C object src/CMakeFiles/hdf5-static.dir/H5B2cache.c.o
[  6%] Building C object src/CMakeFiles/hdf5-static.dir/H5B2dbg.c.o
[  6%] Building C object src/CMakeFiles/hdf5-static.dir/H5B2hdr.c.o
[  6%] Building C object src/CMakeFiles/hdf5-static.dir/H5B2int.c.o
[  6%] Building C object src/CMakeFiles/hdf5-static.dir/H5B2internal.c.o
[  7%] Building C object src/CMakeFiles/hdf5-static.dir/H5B2leaf.c.o
[  7%] Building C object src/CMakeFiles/hdf5-static.dir/H5B2stat.c.o
[  7%] Building C object src/CMakeFiles/hdf5-static.dir/H5B2test.c.o
[  7%] Building C object src/CMakeFiles/hdf5-static.dir/H5C.c.o
[  8%] Building C object src/CMakeFiles/hdf5-static.dir/H5Cdbg.c.o
[  8%] Building C object src/CMakeFiles/hdf5-static.dir/H5Centry.c.o
[  8%] Building C object src/CMakeFiles/hdf5-static.dir/H5Cepoch.c.o
[  8%] Building C object src/CMakeFiles/hdf5-static.dir/H5Cimage.c.o
[  9%] Building C object src/CMakeFiles/hdf5-static.dir/H5Cint.c.o
[  9%] Building C object src/CMakeFiles/hdf5-static.dir/H5Clog.c.o
[  9%] Building C object src/CMakeFiles/hdf5-static.dir/H5Clog_json.c.o
[  9%] Building C object src/CMakeFiles/hdf5-static.dir/H5Clog_trace.c.o
[ 10%] Building C object src/CMakeFiles/hdf5-static.dir/H5Cmpio.c.o
[ 10%] Building C object src/CMakeFiles/hdf5-static.dir/H5Cprefetched.c.o
[ 10%] Building C object src/CMakeFiles/hdf5-static.dir/H5Cquery.c.o
[ 10%] Building C object src/CMakeFiles/hdf5-static.dir/H5Ctag.c.o
[ 11%] Building C object src/CMakeFiles/hdf5-static.dir/H5Ctest.c.o
[ 11%] Building C object src/CMakeFiles/hdf5-static.dir/H5CX.c.o
[ 11%] Building C object src/CMakeFiles/hdf5-static.dir/H5D.c.o
[ 11%] Building C object src/CMakeFiles/hdf5-static.dir/H5Dbtree.c.o
[ 12%] Building C object src/CMakeFiles/hdf5-static.dir/H5Dbtree2.c.o
[ 12%] Building C object src/CMakeFiles/hdf5-static.dir/H5Dchunk.c.o
[ 12%] Building C object src/CMakeFiles/hdf5-static.dir/H5Dcompact.c.o
[ 12%] Building C object src/CMakeFiles/hdf5-static.dir/H5Dcontig.c.o
[ 13%] Building C object src/CMakeFiles/hdf5-static.dir/H5Ddbg.c.o
[ 13%] Building C object src/CMakeFiles/hdf5-static.dir/H5Ddeprec.c.o
[ 13%] Building C object src/CMakeFiles/hdf5-static.dir/H5Dearray.c.o
[ 13%] Building C object src/CMakeFiles/hdf5-static.dir/H5Defl.c.o
[ 14%] Building C object src/CMakeFiles/hdf5-static.dir/H5Dfarray.c.o
[ 14%] Building C object src/CMakeFiles/hdf5-static.dir/H5Dfill.c.o
[ 14%] Building C object src/CMakeFiles/hdf5-static.dir/H5Dint.c.o
[ 14%] Building C object src/CMakeFiles/hdf5-static.dir/H5Dio.c.o
[ 15%] Building C object src/CMakeFiles/hdf5-static.dir/H5Dlayout.c.o
[ 15%] Building C object src/CMakeFiles/hdf5-static.dir/H5Dmpio.c.o
[ 15%] Building C object src/CMakeFiles/hdf5-static.dir/H5Dnone.c.o
[ 15%] Building C object src/CMakeFiles/hdf5-static.dir/H5Doh.c.o
[ 16%] Building C object src/CMakeFiles/hdf5-static.dir/H5Dscatgath.c.o
[ 16%] Building C object src/CMakeFiles/hdf5-static.dir/H5Dselect.c.o
[ 16%] Building C object src/CMakeFiles/hdf5-static.dir/H5Dsingle.c.o
[ 17%] Building C object src/CMakeFiles/hdf5-static.dir/H5Dtest.c.o
[ 17%] Building C object src/CMakeFiles/hdf5-static.dir/H5Dvirtual.c.o
[ 17%] Building C object src/CMakeFiles/hdf5-static.dir/H5E.c.o
[ 17%] Building C object src/CMakeFiles/hdf5-static.dir/H5Edeprec.c.o
[ 18%] Building C object src/CMakeFiles/hdf5-static.dir/H5Eint.c.o
[ 18%] Building C object src/CMakeFiles/hdf5-static.dir/H5EA.c.o
[ 18%] Building C object src/CMakeFiles/hdf5-static.dir/H5EAcache.c.o
[ 18%] Building C object src/CMakeFiles/hdf5-static.dir/H5EAdbg.c.o
[ 19%] Building C object src/CMakeFiles/hdf5-static.dir/H5EAdblkpage.c.o
[ 19%] Building C object src/CMakeFiles/hdf5-static.dir/H5EAdblock.c.o
[ 19%] Building C object src/CMakeFiles/hdf5-static.dir/H5EAhdr.c.o
[ 19%] Building C object src/CMakeFiles/hdf5-static.dir/H5EAiblock.c.o
[ 20%] Building C object src/CMakeFiles/hdf5-static.dir/H5EAint.c.o
[ 20%] Building C object src/CMakeFiles/hdf5-static.dir/H5EAsblock.c.o
[ 20%] Building C object src/CMakeFiles/hdf5-static.dir/H5EAstat.c.o
[ 20%] Building C object src/CMakeFiles/hdf5-static.dir/H5EAtest.c.o
[ 21%] Building C object src/CMakeFiles/hdf5-static.dir/H5ES.c.o
[ 21%] Building C object src/CMakeFiles/hdf5-static.dir/H5ESevent.c.o
[ 21%] Building C object src/CMakeFiles/hdf5-static.dir/H5ESint.c.o
[ 21%] Building C object src/CMakeFiles/hdf5-static.dir/H5ESlist.c.o
[ 22%] Building C object src/CMakeFiles/hdf5-static.dir/H5F.c.o
[ 22%] Building C object src/CMakeFiles/hdf5-static.dir/H5Faccum.c.o
[ 22%] Building C object src/CMakeFiles/hdf5-static.dir/H5Fcwfs.c.o
[ 22%] Building C object src/CMakeFiles/hdf5-static.dir/H5Fdbg.c.o
[ 23%] Building C object src/CMakeFiles/hdf5-static.dir/H5Fdeprec.c.o
[ 23%] Building C object src/CMakeFiles/hdf5-static.dir/H5Fefc.c.o
[ 23%] Building C object src/CMakeFiles/hdf5-static.dir/H5Ffake.c.o
[ 23%] Building C object src/CMakeFiles/hdf5-static.dir/H5Fint.c.o
[ 24%] Building C object src/CMakeFiles/hdf5-static.dir/H5Fio.c.o
[ 24%] Building C object src/CMakeFiles/hdf5-static.dir/H5Fmount.c.o
[ 24%] Building C object src/CMakeFiles/hdf5-static.dir/H5Fmpi.c.o
[ 24%] Building C object src/CMakeFiles/hdf5-static.dir/H5Fquery.c.o
[ 25%] Building C object src/CMakeFiles/hdf5-static.dir/H5Fsfile.c.o
[ 25%] Building C object src/CMakeFiles/hdf5-static.dir/H5Fspace.c.o
[ 25%] Building C object src/CMakeFiles/hdf5-static.dir/H5Fsuper.c.o
[ 25%] Building C object src/CMakeFiles/hdf5-static.dir/H5Fsuper_cache.c.o
[ 26%] Building C object src/CMakeFiles/hdf5-static.dir/H5Ftest.c.o
[ 26%] Building C object src/CMakeFiles/hdf5-static.dir/H5FA.c.o
[ 26%] Building C object src/CMakeFiles/hdf5-static.dir/H5FAcache.c.o
[ 26%] Building C object src/CMakeFiles/hdf5-static.dir/H5FAdbg.c.o
[ 27%] Building C object src/CMakeFiles/hdf5-static.dir/H5FAdblkpage.c.o
[ 27%] Building C object src/CMakeFiles/hdf5-static.dir/H5FAdblock.c.o
[ 27%] Building C object src/CMakeFiles/hdf5-static.dir/H5FAhdr.c.o
[ 27%] Building C object src/CMakeFiles/hdf5-static.dir/H5FAint.c.o
[ 28%] Building C object src/CMakeFiles/hdf5-static.dir/H5FAstat.c.o
[ 28%] Building C object src/CMakeFiles/hdf5-static.dir/H5FAtest.c.o
[ 28%] Building C object src/CMakeFiles/hdf5-static.dir/H5FD.c.o
[ 28%] Building C object src/CMakeFiles/hdf5-static.dir/H5FDcore.c.o
[ 29%] Building C object src/CMakeFiles/hdf5-static.dir/H5FDdirect.c.o
[ 29%] Building C object src/CMakeFiles/hdf5-static.dir/H5FDfamily.c.o
[ 29%] Building C object src/CMakeFiles/hdf5-static.dir/H5FDhdfs.c.o
[ 29%] Building C object src/CMakeFiles/hdf5-static.dir/H5FDint.c.o
[ 30%] Building C object src/CMakeFiles/hdf5-static.dir/H5FDlog.c.o
[ 30%] Building C object src/CMakeFiles/hdf5-static.dir/H5FDmirror.c.o
[ 30%] Building C object src/CMakeFiles/hdf5-static.dir/H5FDmpi.c.o
[ 30%] Building C object src/CMakeFiles/hdf5-static.dir/H5FDmpio.c.o
[ 31%] Building C object src/CMakeFiles/hdf5-static.dir/H5FDmulti.c.o
[ 31%] Building C object src/CMakeFiles/hdf5-static.dir/H5FDonion.c.o
[ 31%] Building C object src/CMakeFiles/hdf5-static.dir/H5FDonion_header.c.o
[ 31%] Building C object src/CMakeFiles/hdf5-static.dir/H5FDonion_history.c.o
[ 32%] Building C object src/CMakeFiles/hdf5-static.dir/H5FDonion_index.c.o
[ 32%] Building C object src/CMakeFiles/hdf5-static.dir/H5FDperform.c.o
[ 32%] Building C object src/CMakeFiles/hdf5-static.dir/H5FDros3.c.o
[ 32%] Building C object src/CMakeFiles/hdf5-static.dir/H5FDs3comms.c.o
/tmp/Rtmpf3x9se/R.INSTALL12ca35c88a5b/Rhdf5lib/vendor/hdf5/src/H5FDs3comms.c: In function ‘H5FD__s3comms_load_aws_creds_from_file’:
/tmp/Rtmpf3x9se/R.INSTALL12ca35c88a5b/Rhdf5lib/vendor/hdf5/src/H5FDs3comms.c:1825:17: warning: ‘__builtin_strncpy’ specified bound depends on the length of the source argument [-Wstringop-truncation]
 1825 |                 strncpy(setting_pointers[setting_i], (const char *)line_buffer, strlen(line_buffer));
      |                 ^
/tmp/Rtmpf3x9se/R.INSTALL12ca35c88a5b/Rhdf5lib/vendor/hdf5/src/H5FDs3comms.c:1825:17: note: length computed here
 1825 |                 strncpy(setting_pointers[setting_i], (const char *)line_buffer, strlen(line_buffer));
      |                 ^~~~~~~~~~~~~~~~~~~~~~~~~~~~~~~~~~~~~~~~~~~~~~~~~~~~~~~~~~~~~~~~~~~~~~~~~~~~~~~~~~~~
In file included from /usr/include/string.h:548,
                 from /tmp/Rtmpf3x9se/R.INSTALL12ca35c88a5b/Rhdf5lib/vendor/hdf5/src/H5private.h:34,
                 from /tmp/Rtmpf3x9se/R.INSTALL12ca35c88a5b/Rhdf5lib/vendor/hdf5/src/H5FDs3comms.c:38:
In function ‘strncpy’,
    inlined from ‘H5FD_s3comms_parse_url’ at /tmp/Rtmpf3x9se/R.INSTALL12ca35c88a5b/Rhdf5lib/vendor/hdf5/src/H5FDs3comms.c:2008:5:
/usr/include/x86_64-linux-gnu/bits/string_fortified.h:95:10: warning: ‘__builtin_strncpy’ destination unchanged after copying no bytes [-Wstringop-truncation]
   95 |   return __builtin___strncpy_chk (__dest, __src, __len,
      |          ^~~~~~~~~~~~~~~~~~~~~~~~~~~~~~~~~~~~~~~~~~~~~~
   96 |                                   __glibc_objsize (__dest));
      |                                   ~~~~~~~~~~~~~~~~~~~~~~~~~
[ 33%] Building C object src/CMakeFiles/hdf5-static.dir/H5FDsec2.c.o
[ 33%] Building C object src/CMakeFiles/hdf5-static.dir/H5FDspace.c.o
[ 33%] Building C object src/CMakeFiles/hdf5-static.dir/H5FDsplitter.c.o
[ 34%] Building C object src/CMakeFiles/hdf5-static.dir/H5FDstdio.c.o
[ 34%] Building C object src/CMakeFiles/hdf5-static.dir/H5FDtest.c.o
[ 34%] Building C object src/CMakeFiles/hdf5-static.dir/H5FDwindows.c.o
[ 34%] Building C object src/CMakeFiles/hdf5-static.dir/H5FL.c.o
[ 35%] Building C object src/CMakeFiles/hdf5-static.dir/H5FO.c.o
[ 35%] Building C object src/CMakeFiles/hdf5-static.dir/H5FS.c.o
[ 35%] Building C object src/CMakeFiles/hdf5-static.dir/H5FScache.c.o
[ 35%] Building C object src/CMakeFiles/hdf5-static.dir/H5FSdbg.c.o
[ 36%] Building C object src/CMakeFiles/hdf5-static.dir/H5FSint.c.o
[ 36%] Building C object src/CMakeFiles/hdf5-static.dir/H5FSsection.c.o
[ 36%] Building C object src/CMakeFiles/hdf5-static.dir/H5FSstat.c.o
[ 36%] Building C object src/CMakeFiles/hdf5-static.dir/H5FStest.c.o
[ 37%] Building C object src/CMakeFiles/hdf5-static.dir/H5G.c.o
[ 37%] Building C object src/CMakeFiles/hdf5-static.dir/H5Gbtree2.c.o
[ 37%] Building C object src/CMakeFiles/hdf5-static.dir/H5Gcache.c.o
[ 37%] Building C object src/CMakeFiles/hdf5-static.dir/H5Gcompact.c.o
[ 38%] Building C object src/CMakeFiles/hdf5-static.dir/H5Gdense.c.o
[ 38%] Building C object src/CMakeFiles/hdf5-static.dir/H5Gdeprec.c.o
[ 38%] Building C object src/CMakeFiles/hdf5-static.dir/H5Gent.c.o
[ 38%] Building C object src/CMakeFiles/hdf5-static.dir/H5Gint.c.o
[ 39%] Building C object src/CMakeFiles/hdf5-static.dir/H5Glink.c.o
[ 39%] Building C object src/CMakeFiles/hdf5-static.dir/H5Gloc.c.o
[ 39%] Building C object src/CMakeFiles/hdf5-static.dir/H5Gname.c.o
[ 39%] Building C object src/CMakeFiles/hdf5-static.dir/H5Gnode.c.o
[ 40%] Building C object src/CMakeFiles/hdf5-static.dir/H5Gobj.c.o
[ 40%] Building C object src/CMakeFiles/hdf5-static.dir/H5Goh.c.o
[ 40%] Building C object src/CMakeFiles/hdf5-static.dir/H5Groot.c.o
[ 40%] Building C object src/CMakeFiles/hdf5-static.dir/H5Gstab.c.o
[ 41%] Building C object src/CMakeFiles/hdf5-static.dir/H5Gtest.c.o
[ 41%] Building C object src/CMakeFiles/hdf5-static.dir/H5Gtraverse.c.o
[ 41%] Building C object src/CMakeFiles/hdf5-static.dir/H5HF.c.o
[ 41%] Building C object src/CMakeFiles/hdf5-static.dir/H5HFbtree2.c.o
[ 42%] Building C object src/CMakeFiles/hdf5-static.dir/H5HFcache.c.o
[ 42%] Building C object src/CMakeFiles/hdf5-static.dir/H5HFdbg.c.o
[ 42%] Building C object src/CMakeFiles/hdf5-static.dir/H5HFdblock.c.o
[ 42%] Building C object src/CMakeFiles/hdf5-static.dir/H5HFdtable.c.o
[ 43%] Building C object src/CMakeFiles/hdf5-static.dir/H5HFhdr.c.o
[ 43%] Building C object src/CMakeFiles/hdf5-static.dir/H5HFhuge.c.o
[ 43%] Building C object src/CMakeFiles/hdf5-static.dir/H5HFiblock.c.o
[ 43%] Building C object src/CMakeFiles/hdf5-static.dir/H5HFiter.c.o
[ 44%] Building C object src/CMakeFiles/hdf5-static.dir/H5HFman.c.o
[ 44%] Building C object src/CMakeFiles/hdf5-static.dir/H5HFsection.c.o
[ 44%] Building C object src/CMakeFiles/hdf5-static.dir/H5HFspace.c.o
[ 44%] Building C object src/CMakeFiles/hdf5-static.dir/H5HFstat.c.o
[ 45%] Building C object src/CMakeFiles/hdf5-static.dir/H5HFtest.c.o
[ 45%] Building C object src/CMakeFiles/hdf5-static.dir/H5HFtiny.c.o
[ 45%] Building C object src/CMakeFiles/hdf5-static.dir/H5HG.c.o
[ 45%] Building C object src/CMakeFiles/hdf5-static.dir/H5HGcache.c.o
[ 46%] Building C object src/CMakeFiles/hdf5-static.dir/H5HGdbg.c.o
[ 46%] Building C object src/CMakeFiles/hdf5-static.dir/H5HGquery.c.o
[ 46%] Building C object src/CMakeFiles/hdf5-static.dir/H5HL.c.o
[ 46%] Building C object src/CMakeFiles/hdf5-static.dir/H5HLcache.c.o
[ 47%] Building C object src/CMakeFiles/hdf5-static.dir/H5HLdbg.c.o
[ 47%] Building C object src/CMakeFiles/hdf5-static.dir/H5HLdblk.c.o
[ 47%] Building C object src/CMakeFiles/hdf5-static.dir/H5HLint.c.o
[ 47%] Building C object src/CMakeFiles/hdf5-static.dir/H5HLprfx.c.o
[ 48%] Building C object src/CMakeFiles/hdf5-static.dir/H5I.c.o
[ 48%] Building C object src/CMakeFiles/hdf5-static.dir/H5Idbg.c.o
[ 48%] Building C object src/CMakeFiles/hdf5-static.dir/H5Iint.c.o
[ 48%] Building C object src/CMakeFiles/hdf5-static.dir/H5Itest.c.o
[ 49%] Building C object src/CMakeFiles/hdf5-static.dir/H5L.c.o
[ 49%] Building C object src/CMakeFiles/hdf5-static.dir/H5Ldeprec.c.o
[ 49%] Building C object src/CMakeFiles/hdf5-static.dir/H5Lexternal.c.o
[ 50%] Building C object src/CMakeFiles/hdf5-static.dir/H5Lint.c.o
[ 50%] Building C object src/CMakeFiles/hdf5-static.dir/H5M.c.o
[ 50%] Building C object src/CMakeFiles/hdf5-static.dir/H5MF.c.o
[ 50%] Building C object src/CMakeFiles/hdf5-static.dir/H5MFaggr.c.o
[ 51%] Building C object src/CMakeFiles/hdf5-static.dir/H5MFdbg.c.o
[ 51%] Building C object src/CMakeFiles/hdf5-static.dir/H5MFsection.c.o
[ 51%] Building C object src/CMakeFiles/hdf5-static.dir/H5MM.c.o
[ 51%] Building C object src/CMakeFiles/hdf5-static.dir/H5O.c.o
[ 52%] Building C object src/CMakeFiles/hdf5-static.dir/H5Oainfo.c.o
[ 52%] Building C object src/CMakeFiles/hdf5-static.dir/H5Oalloc.c.o
[ 52%] Building C object src/CMakeFiles/hdf5-static.dir/H5Oattr.c.o
[ 52%] Building C object src/CMakeFiles/hdf5-static.dir/H5Oattribute.c.o
[ 53%] Building C object src/CMakeFiles/hdf5-static.dir/H5Obogus.c.o
[ 53%] Building C object src/CMakeFiles/hdf5-static.dir/H5Obtreek.c.o
[ 53%] Building C object src/CMakeFiles/hdf5-static.dir/H5Ocache.c.o
[ 53%] Building C object src/CMakeFiles/hdf5-static.dir/H5Ocache_image.c.o
[ 54%] Building C object src/CMakeFiles/hdf5-static.dir/H5Ochunk.c.o
[ 54%] Building C object src/CMakeFiles/hdf5-static.dir/H5Ocont.c.o
[ 54%] Building C object src/CMakeFiles/hdf5-static.dir/H5Ocopy.c.o
[ 54%] Building C object src/CMakeFiles/hdf5-static.dir/H5Ocopy_ref.c.o
[ 55%] Building C object src/CMakeFiles/hdf5-static.dir/H5Odbg.c.o
[ 55%] Building C object src/CMakeFiles/hdf5-static.dir/H5Odeprec.c.o
[ 55%] Building C object src/CMakeFiles/hdf5-static.dir/H5Odrvinfo.c.o
[ 55%] Building C object src/CMakeFiles/hdf5-static.dir/H5Odtype.c.o
[ 56%] Building C object src/CMakeFiles/hdf5-static.dir/H5Oefl.c.o
[ 56%] Building C object src/CMakeFiles/hdf5-static.dir/H5Ofill.c.o
[ 56%] Building C object src/CMakeFiles/hdf5-static.dir/H5Oflush.c.o
[ 56%] Building C object src/CMakeFiles/hdf5-static.dir/H5Ofsinfo.c.o
[ 57%] Building C object src/CMakeFiles/hdf5-static.dir/H5Oginfo.c.o
[ 57%] Building C object src/CMakeFiles/hdf5-static.dir/H5Oint.c.o
[ 57%] Building C object src/CMakeFiles/hdf5-static.dir/H5Olayout.c.o
[ 57%] Building C object src/CMakeFiles/hdf5-static.dir/H5Olinfo.c.o
[ 58%] Building C object src/CMakeFiles/hdf5-static.dir/H5Olink.c.o
[ 58%] Building C object src/CMakeFiles/hdf5-static.dir/H5Omessage.c.o
[ 58%] Building C object src/CMakeFiles/hdf5-static.dir/H5Omtime.c.o
[ 58%] Building C object src/CMakeFiles/hdf5-static.dir/H5Oname.c.o
[ 59%] Building C object src/CMakeFiles/hdf5-static.dir/H5Onull.c.o
[ 59%] Building C object src/CMakeFiles/hdf5-static.dir/H5Opline.c.o
[ 59%] Building C object src/CMakeFiles/hdf5-static.dir/H5Orefcount.c.o
[ 59%] Building C object src/CMakeFiles/hdf5-static.dir/H5Osdspace.c.o
[ 60%] Building C object src/CMakeFiles/hdf5-static.dir/H5Oshared.c.o
[ 60%] Building C object src/CMakeFiles/hdf5-static.dir/H5Oshmesg.c.o
[ 60%] Building C object src/CMakeFiles/hdf5-static.dir/H5Ostab.c.o
[ 60%] Building C object src/CMakeFiles/hdf5-static.dir/H5Otest.c.o
[ 61%] Building C object src/CMakeFiles/hdf5-static.dir/H5Ounknown.c.o
[ 61%] Building C object src/CMakeFiles/hdf5-static.dir/H5P.c.o
[ 61%] Building C object src/CMakeFiles/hdf5-static.dir/H5Pacpl.c.o
[ 61%] Building C object src/CMakeFiles/hdf5-static.dir/H5Pdapl.c.o
[ 62%] Building C object src/CMakeFiles/hdf5-static.dir/H5Pdcpl.c.o
[ 62%] Building C object src/CMakeFiles/hdf5-static.dir/H5Pdeprec.c.o
[ 62%] Building C object src/CMakeFiles/hdf5-static.dir/H5Pdxpl.c.o
[ 62%] Building C object src/CMakeFiles/hdf5-static.dir/H5Pencdec.c.o
[ 63%] Building C object src/CMakeFiles/hdf5-static.dir/H5Pfapl.c.o
[ 63%] Building C object src/CMakeFiles/hdf5-static.dir/H5Pfcpl.c.o
[ 63%] Building C object src/CMakeFiles/hdf5-static.dir/H5Pfmpl.c.o
[ 63%] Building C object src/CMakeFiles/hdf5-static.dir/H5Pgcpl.c.o
[ 64%] Building C object src/CMakeFiles/hdf5-static.dir/H5Pint.c.o
[ 64%] Building C object src/CMakeFiles/hdf5-static.dir/H5Plapl.c.o
[ 64%] Building C object src/CMakeFiles/hdf5-static.dir/H5Plcpl.c.o
[ 64%] Building C object src/CMakeFiles/hdf5-static.dir/H5Pmapl.c.o
[ 65%] Building C object src/CMakeFiles/hdf5-static.dir/H5Pmcpl.c.o
[ 65%] Building C object src/CMakeFiles/hdf5-static.dir/H5Pocpl.c.o
[ 65%] Building C object src/CMakeFiles/hdf5-static.dir/H5Pocpypl.c.o
[ 65%] Building C object src/CMakeFiles/hdf5-static.dir/H5Pstrcpl.c.o
[ 66%] Building C object src/CMakeFiles/hdf5-static.dir/H5Ptest.c.o
[ 66%] Building C object src/CMakeFiles/hdf5-static.dir/H5PB.c.o
[ 66%] Building C object src/CMakeFiles/hdf5-static.dir/H5PL.c.o
[ 67%] Building C object src/CMakeFiles/hdf5-static.dir/H5PLint.c.o
[ 67%] Building C object src/CMakeFiles/hdf5-static.dir/H5PLpath.c.o
[ 67%] Building C object src/CMakeFiles/hdf5-static.dir/H5PLplugin_cache.c.o
[ 67%] Building C object src/CMakeFiles/hdf5-static.dir/H5R.c.o
[ 68%] Building C object src/CMakeFiles/hdf5-static.dir/H5Rdeprec.c.o
[ 68%] Building C object src/CMakeFiles/hdf5-static.dir/H5Rint.c.o
[ 68%] Building C object src/CMakeFiles/hdf5-static.dir/H5UC.c.o
[ 68%] Building C object src/CMakeFiles/hdf5-static.dir/H5RS.c.o
[ 69%] Building C object src/CMakeFiles/hdf5-static.dir/H5S.c.o
[ 69%] Building C object src/CMakeFiles/hdf5-static.dir/H5Sall.c.o
[ 69%] Building C object src/CMakeFiles/hdf5-static.dir/H5Sdbg.c.o
[ 69%] Building C object src/CMakeFiles/hdf5-static.dir/H5Sdeprec.c.o
[ 70%] Building C object src/CMakeFiles/hdf5-static.dir/H5Shyper.c.o
[ 70%] Building C object src/CMakeFiles/hdf5-static.dir/H5Smpio.c.o
[ 70%] Building C object src/CMakeFiles/hdf5-static.dir/H5Snone.c.o
[ 70%] Building C object src/CMakeFiles/hdf5-static.dir/H5Spoint.c.o
[ 71%] Building C object src/CMakeFiles/hdf5-static.dir/H5Sselect.c.o
[ 71%] Building C object src/CMakeFiles/hdf5-static.dir/H5Stest.c.o
[ 71%] Building C object src/CMakeFiles/hdf5-static.dir/H5SL.c.o
[ 71%] Building C object src/CMakeFiles/hdf5-static.dir/H5SM.c.o
[ 72%] Building C object src/CMakeFiles/hdf5-static.dir/H5SMbtree2.c.o
[ 72%] Building C object src/CMakeFiles/hdf5-static.dir/H5SMcache.c.o
[ 72%] Building C object src/CMakeFiles/hdf5-static.dir/H5SMmessage.c.o
[ 72%] Building C object src/CMakeFiles/hdf5-static.dir/H5SMtest.c.o
[ 73%] Building C object src/CMakeFiles/hdf5-static.dir/H5T.c.o
[ 73%] Building C object src/CMakeFiles/hdf5-static.dir/H5Tarray.c.o
[ 73%] Building C object src/CMakeFiles/hdf5-static.dir/H5Tbit.c.o
[ 73%] Building C object src/CMakeFiles/hdf5-static.dir/H5Tcommit.c.o
[ 74%] Building C object src/CMakeFiles/hdf5-static.dir/H5Tcompound.c.o
[ 74%] Building C object src/CMakeFiles/hdf5-static.dir/H5Tconv.c.o
[ 74%] Building C object src/CMakeFiles/hdf5-static.dir/H5Tconv_integer.c.o
[ 74%] Building C object src/CMakeFiles/hdf5-static.dir/H5Tconv_float.c.o
[ 75%] Building C object src/CMakeFiles/hdf5-static.dir/H5Tconv_string.c.o
[ 75%] Building C object src/CMakeFiles/hdf5-static.dir/H5Tconv_bitfield.c.o
[ 75%] Building C object src/CMakeFiles/hdf5-static.dir/H5Tconv_compound.c.o
[ 75%] Building C object src/CMakeFiles/hdf5-static.dir/H5Tconv_reference.c.o
[ 76%] Building C object src/CMakeFiles/hdf5-static.dir/H5Tconv_enum.c.o
[ 76%] Building C object src/CMakeFiles/hdf5-static.dir/H5Tconv_vlen.c.o
[ 76%] Building C object src/CMakeFiles/hdf5-static.dir/H5Tconv_array.c.o
[ 76%] Building C object src/CMakeFiles/hdf5-static.dir/H5Tcset.c.o
[ 77%] Building C object src/CMakeFiles/hdf5-static.dir/H5Tdbg.c.o
[ 77%] Building C object src/CMakeFiles/hdf5-static.dir/H5Tdeprec.c.o
[ 77%] Building C object src/CMakeFiles/hdf5-static.dir/H5Tenum.c.o
[ 77%] Building C object src/CMakeFiles/hdf5-static.dir/H5Tfields.c.o
[ 78%] Building C object src/CMakeFiles/hdf5-static.dir/H5Tfixed.c.o
[ 78%] Building C object src/CMakeFiles/hdf5-static.dir/H5Tfloat.c.o
[ 78%] Building C object src/CMakeFiles/hdf5-static.dir/H5Tinit_float.c.o
[ 78%] Building C object src/CMakeFiles/hdf5-static.dir/H5Tnative.c.o
[ 79%] Building C object src/CMakeFiles/hdf5-static.dir/H5Toffset.c.o
[ 79%] Building C object src/CMakeFiles/hdf5-static.dir/H5Toh.c.o
[ 79%] Building C object src/CMakeFiles/hdf5-static.dir/H5Topaque.c.o
[ 79%] Building C object src/CMakeFiles/hdf5-static.dir/H5Torder.c.o
[ 80%] Building C object src/CMakeFiles/hdf5-static.dir/H5Tpad.c.o
[ 80%] Building C object src/CMakeFiles/hdf5-static.dir/H5Tprecis.c.o
[ 80%] Building C object src/CMakeFiles/hdf5-static.dir/H5Tref.c.o
[ 80%] Building C object src/CMakeFiles/hdf5-static.dir/H5Tstrpad.c.o
[ 81%] Building C object src/CMakeFiles/hdf5-static.dir/H5Tvisit.c.o
[ 81%] Building C object src/CMakeFiles/hdf5-static.dir/H5Tvlen.c.o
[ 81%] Building C object src/CMakeFiles/hdf5-static.dir/H5TS.c.o
[ 81%] Building C object src/CMakeFiles/hdf5-static.dir/H5VL.c.o
[ 82%] Building C object src/CMakeFiles/hdf5-static.dir/H5VLcallback.c.o
[ 82%] Building C object src/CMakeFiles/hdf5-static.dir/H5VLdyn_ops.c.o
[ 82%] Building C object src/CMakeFiles/hdf5-static.dir/H5VLint.c.o
[ 82%] Building C object src/CMakeFiles/hdf5-static.dir/H5VLnative.c.o
[ 83%] Building C object src/CMakeFiles/hdf5-static.dir/H5VLnative_attr.c.o
[ 83%] Building C object src/CMakeFiles/hdf5-static.dir/H5VLnative_blob.c.o
[ 83%] Building C object src/CMakeFiles/hdf5-static.dir/H5VLnative_dataset.c.o
[ 84%] Building C object src/CMakeFiles/hdf5-static.dir/H5VLnative_datatype.c.o
[ 84%] Building C object src/CMakeFiles/hdf5-static.dir/H5VLnative_file.c.o
[ 84%] Building C object src/CMakeFiles/hdf5-static.dir/H5VLnative_group.c.o
[ 84%] Building C object src/CMakeFiles/hdf5-static.dir/H5VLnative_link.c.o
[ 85%] Building C object src/CMakeFiles/hdf5-static.dir/H5VLnative_introspect.c.o
[ 85%] Building C object src/CMakeFiles/hdf5-static.dir/H5VLnative_object.c.o
[ 85%] Building C object src/CMakeFiles/hdf5-static.dir/H5VLnative_token.c.o
[ 85%] Building C object src/CMakeFiles/hdf5-static.dir/H5VLpassthru.c.o
[ 86%] Building C object src/CMakeFiles/hdf5-static.dir/H5VLtest.c.o
[ 86%] Building C object src/CMakeFiles/hdf5-static.dir/H5VM.c.o
[ 86%] Building C object src/CMakeFiles/hdf5-static.dir/H5WB.c.o
[ 86%] Building C object src/CMakeFiles/hdf5-static.dir/H5Z.c.o
[ 87%] Building C object src/CMakeFiles/hdf5-static.dir/H5Zdeflate.c.o
[ 87%] Building C object src/CMakeFiles/hdf5-static.dir/H5Zfletcher32.c.o
[ 87%] Building C object src/CMakeFiles/hdf5-static.dir/H5Znbit.c.o
[ 87%] Building C object src/CMakeFiles/hdf5-static.dir/H5Zscaleoffset.c.o
[ 88%] Building C object src/CMakeFiles/hdf5-static.dir/H5Zshuffle.c.o
[ 88%] Building C object src/CMakeFiles/hdf5-static.dir/H5Zszip.c.o
[ 88%] Building C object src/CMakeFiles/hdf5-static.dir/H5Ztrans.c.o
[ 88%] Linking C static library ../bin/libhdf5.a
[ 88%] Built target hdf5-static
[ 89%] Building C object hl/src/CMakeFiles/hdf5_hl-static.dir/H5DO.c.o
[ 89%] Building C object hl/src/CMakeFiles/hdf5_hl-static.dir/H5DS.c.o
[ 89%] Building C object hl/src/CMakeFiles/hdf5_hl-static.dir/H5IM.c.o
[ 89%] Building C object hl/src/CMakeFiles/hdf5_hl-static.dir/H5LT.c.o
[ 90%] Building C object hl/src/CMakeFiles/hdf5_hl-static.dir/H5LTanalyze.c.o
[ 90%] Building C object hl/src/CMakeFiles/hdf5_hl-static.dir/H5LTparse.c.o
[ 90%] Building C object hl/src/CMakeFiles/hdf5_hl-static.dir/H5PT.c.o
[ 90%] Building C object hl/src/CMakeFiles/hdf5_hl-static.dir/H5TB.c.o
[ 91%] Building C object hl/src/CMakeFiles/hdf5_hl-static.dir/H5LD.c.o
[ 91%] Linking C static library ../../bin/libhdf5_hl.a
[ 91%] Built target hdf5_hl-static
[ 92%] Building CXX object c++/src/CMakeFiles/hdf5_cpp-static.dir/H5AbstractDs.cpp.o
[ 92%] Building CXX object c++/src/CMakeFiles/hdf5_cpp-static.dir/H5ArrayType.cpp.o
[ 92%] Building CXX object c++/src/CMakeFiles/hdf5_cpp-static.dir/H5AtomType.cpp.o
[ 92%] Building CXX object c++/src/CMakeFiles/hdf5_cpp-static.dir/H5Attribute.cpp.o
[ 93%] Building CXX object c++/src/CMakeFiles/hdf5_cpp-static.dir/H5CommonFG.cpp.o
[ 93%] Building CXX object c++/src/CMakeFiles/hdf5_cpp-static.dir/H5CompType.cpp.o
[ 93%] Building CXX object c++/src/CMakeFiles/hdf5_cpp-static.dir/H5DataSet.cpp.o
[ 93%] Building CXX object c++/src/CMakeFiles/hdf5_cpp-static.dir/H5DataSpace.cpp.o
[ 94%] Building CXX object c++/src/CMakeFiles/hdf5_cpp-static.dir/H5DataType.cpp.o
[ 94%] Building CXX object c++/src/CMakeFiles/hdf5_cpp-static.dir/H5DaccProp.cpp.o
[ 94%] Building CXX object c++/src/CMakeFiles/hdf5_cpp-static.dir/H5DcreatProp.cpp.o
[ 94%] Building CXX object c++/src/CMakeFiles/hdf5_cpp-static.dir/H5DxferProp.cpp.o
[ 95%] Building CXX object c++/src/CMakeFiles/hdf5_cpp-static.dir/H5EnumType.cpp.o
[ 95%] Building CXX object c++/src/CMakeFiles/hdf5_cpp-static.dir/H5Exception.cpp.o
[ 95%] Building CXX object c++/src/CMakeFiles/hdf5_cpp-static.dir/H5FaccProp.cpp.o
[ 95%] Building CXX object c++/src/CMakeFiles/hdf5_cpp-static.dir/H5FcreatProp.cpp.o
[ 96%] Building CXX object c++/src/CMakeFiles/hdf5_cpp-static.dir/H5File.cpp.o
[ 96%] Building CXX object c++/src/CMakeFiles/hdf5_cpp-static.dir/H5FloatType.cpp.o
[ 96%] Building CXX object c++/src/CMakeFiles/hdf5_cpp-static.dir/H5Group.cpp.o
[ 96%] Building CXX object c++/src/CMakeFiles/hdf5_cpp-static.dir/H5IdComponent.cpp.o
[ 97%] Building CXX object c++/src/CMakeFiles/hdf5_cpp-static.dir/H5IntType.cpp.o
[ 97%] Building CXX object c++/src/CMakeFiles/hdf5_cpp-static.dir/H5LaccProp.cpp.o
[ 97%] Building CXX object c++/src/CMakeFiles/hdf5_cpp-static.dir/H5LcreatProp.cpp.o
[ 97%] Building CXX object c++/src/CMakeFiles/hdf5_cpp-static.dir/H5Library.cpp.o
[ 98%] Building CXX object c++/src/CMakeFiles/hdf5_cpp-static.dir/H5Location.cpp.o
/tmp/Rtmpf3x9se/R.INSTALL12ca35c88a5b/Rhdf5lib/vendor/hdf5/c++/src/H5Location.cpp: In member function ‘std::string H5::H5Location::getObjnameByIdx(hsize_t) const’:
/tmp/Rtmpf3x9se/R.INSTALL12ca35c88a5b/Rhdf5lib/vendor/hdf5/c++/src/H5Location.cpp:2001:46: warning: argument 1 range [9223372036854775809, 18446744073709551615] exceeds maximum object size 9223372036854775807 [-Walloc-size-larger-than=]
 2001 |     char *name_C = new char[actual_name_len]();
      |                                              ^
In file included from /usr/include/c++/13/bits/exception_ptr.h:38,
                 from /usr/include/c++/13/exception:164,
                 from /usr/include/c++/13/ios:41,
                 from /usr/include/c++/13/ostream:40,
                 from /usr/include/c++/13/iostream:41,
                 from /tmp/Rtmpf3x9se/R.INSTALL12ca35c88a5b/Rhdf5lib/vendor/hdf5/c++/src/H5Location.cpp:13:
/usr/include/c++/13/new:128:26: note: in a call to allocation function ‘void* operator new [](std::size_t)’ declared here
  128 | _GLIBCXX_NODISCARD void* operator new[](std::size_t) _GLIBCXX_THROW (std::bad_alloc)
      |                          ^~~~~~~~
[ 98%] Building CXX object c++/src/CMakeFiles/hdf5_cpp-static.dir/H5Object.cpp.o
[ 98%] Building CXX object c++/src/CMakeFiles/hdf5_cpp-static.dir/H5OcreatProp.cpp.o
[ 98%] Building CXX object c++/src/CMakeFiles/hdf5_cpp-static.dir/H5PredType.cpp.o
[ 99%] Building CXX object c++/src/CMakeFiles/hdf5_cpp-static.dir/H5PropList.cpp.o
[ 99%] Building CXX object c++/src/CMakeFiles/hdf5_cpp-static.dir/H5StrType.cpp.o
[ 99%] Building CXX object c++/src/CMakeFiles/hdf5_cpp-static.dir/H5VarLenType.cpp.o
[ 99%] Linking CXX static library ../../bin/libhdf5_cpp.a
[ 99%] Built target hdf5_cpp-static
[ 99%] Building CXX object hl/c++/src/CMakeFiles/hdf5_hl_cpp-static.dir/H5PacketTable.cpp.o
[100%] Linking CXX static library ../../../bin/libhdf5_hl_cpp.a
[100%] Built target hdf5_hl_cpp-static
-- Install configuration: "Release"
-- Installing: /tmp/Rtmpf3x9se/R.INSTALL12ca35c88a5b/Rhdf5lib/inst/include/hdf5.h
-- Installing: /tmp/Rtmpf3x9se/R.INSTALL12ca35c88a5b/Rhdf5lib/inst/include/H5api_adpt.h
-- Installing: /tmp/Rtmpf3x9se/R.INSTALL12ca35c88a5b/Rhdf5lib/inst/include/H5encode.h
-- Installing: /tmp/Rtmpf3x9se/R.INSTALL12ca35c88a5b/Rhdf5lib/inst/include/H5public.h
-- Installing: /tmp/Rtmpf3x9se/R.INSTALL12ca35c88a5b/Rhdf5lib/inst/include/H5Apublic.h
-- Installing: /tmp/Rtmpf3x9se/R.INSTALL12ca35c88a5b/Rhdf5lib/inst/include/H5ACpublic.h
-- Installing: /tmp/Rtmpf3x9se/R.INSTALL12ca35c88a5b/Rhdf5lib/inst/include/H5Cpublic.h
-- Installing: /tmp/Rtmpf3x9se/R.INSTALL12ca35c88a5b/Rhdf5lib/inst/include/H5Dpublic.h
-- Installing: /tmp/Rtmpf3x9se/R.INSTALL12ca35c88a5b/Rhdf5lib/inst/include/H5Epubgen.h
-- Installing: /tmp/Rtmpf3x9se/R.INSTALL12ca35c88a5b/Rhdf5lib/inst/include/H5Epublic.h
-- Installing: /tmp/Rtmpf3x9se/R.INSTALL12ca35c88a5b/Rhdf5lib/inst/include/H5ESdevelop.h
-- Installing: /tmp/Rtmpf3x9se/R.INSTALL12ca35c88a5b/Rhdf5lib/inst/include/H5ESpublic.h
-- Installing: /tmp/Rtmpf3x9se/R.INSTALL12ca35c88a5b/Rhdf5lib/inst/include/H5Fpublic.h
-- Installing: /tmp/Rtmpf3x9se/R.INSTALL12ca35c88a5b/Rhdf5lib/inst/include/H5FDcore.h
-- Installing: /tmp/Rtmpf3x9se/R.INSTALL12ca35c88a5b/Rhdf5lib/inst/include/H5FDdevelop.h
-- Installing: /tmp/Rtmpf3x9se/R.INSTALL12ca35c88a5b/Rhdf5lib/inst/include/H5FDdirect.h
-- Installing: /tmp/Rtmpf3x9se/R.INSTALL12ca35c88a5b/Rhdf5lib/inst/include/H5FDfamily.h
-- Installing: /tmp/Rtmpf3x9se/R.INSTALL12ca35c88a5b/Rhdf5lib/inst/include/H5FDhdfs.h
-- Installing: /tmp/Rtmpf3x9se/R.INSTALL12ca35c88a5b/Rhdf5lib/inst/include/H5FDlog.h
-- Installing: /tmp/Rtmpf3x9se/R.INSTALL12ca35c88a5b/Rhdf5lib/inst/include/H5FDmirror.h
-- Installing: /tmp/Rtmpf3x9se/R.INSTALL12ca35c88a5b/Rhdf5lib/inst/include/H5FDmpi.h
-- Installing: /tmp/Rtmpf3x9se/R.INSTALL12ca35c88a5b/Rhdf5lib/inst/include/H5FDmpio.h
-- Installing: /tmp/Rtmpf3x9se/R.INSTALL12ca35c88a5b/Rhdf5lib/inst/include/H5FDmulti.h
-- Installing: /tmp/Rtmpf3x9se/R.INSTALL12ca35c88a5b/Rhdf5lib/inst/include/H5FDonion.h
-- Installing: /tmp/Rtmpf3x9se/R.INSTALL12ca35c88a5b/Rhdf5lib/inst/include/H5FDpublic.h
-- Installing: /tmp/Rtmpf3x9se/R.INSTALL12ca35c88a5b/Rhdf5lib/inst/include/H5FDros3.h
-- Installing: /tmp/Rtmpf3x9se/R.INSTALL12ca35c88a5b/Rhdf5lib/inst/include/H5FDs3comms.h
-- Installing: /tmp/Rtmpf3x9se/R.INSTALL12ca35c88a5b/Rhdf5lib/inst/include/H5FDsec2.h
-- Installing: /tmp/Rtmpf3x9se/R.INSTALL12ca35c88a5b/Rhdf5lib/inst/include/H5FDsplitter.h
-- Installing: /tmp/Rtmpf3x9se/R.INSTALL12ca35c88a5b/Rhdf5lib/inst/include/H5FDstdio.h
-- Installing: /tmp/Rtmpf3x9se/R.INSTALL12ca35c88a5b/Rhdf5lib/inst/include/H5FDwindows.h
-- Installing: /tmp/Rtmpf3x9se/R.INSTALL12ca35c88a5b/Rhdf5lib/inst/include/H5FDsubfiling.h
-- Installing: /tmp/Rtmpf3x9se/R.INSTALL12ca35c88a5b/Rhdf5lib/inst/include/H5FDioc.h
-- Installing: /tmp/Rtmpf3x9se/R.INSTALL12ca35c88a5b/Rhdf5lib/inst/include/H5Gpublic.h
-- Installing: /tmp/Rtmpf3x9se/R.INSTALL12ca35c88a5b/Rhdf5lib/inst/include/H5Idevelop.h
-- Installing: /tmp/Rtmpf3x9se/R.INSTALL12ca35c88a5b/Rhdf5lib/inst/include/H5Ipublic.h
-- Installing: /tmp/Rtmpf3x9se/R.INSTALL12ca35c88a5b/Rhdf5lib/inst/include/H5Ldevelop.h
-- Installing: /tmp/Rtmpf3x9se/R.INSTALL12ca35c88a5b/Rhdf5lib/inst/include/H5Lpublic.h
-- Installing: /tmp/Rtmpf3x9se/R.INSTALL12ca35c88a5b/Rhdf5lib/inst/include/H5Mpublic.h
-- Installing: /tmp/Rtmpf3x9se/R.INSTALL12ca35c88a5b/Rhdf5lib/inst/include/H5MMpublic.h
-- Installing: /tmp/Rtmpf3x9se/R.INSTALL12ca35c88a5b/Rhdf5lib/inst/include/H5Opublic.h
-- Installing: /tmp/Rtmpf3x9se/R.INSTALL12ca35c88a5b/Rhdf5lib/inst/include/H5Ppublic.h
-- Installing: /tmp/Rtmpf3x9se/R.INSTALL12ca35c88a5b/Rhdf5lib/inst/include/H5PLextern.h
-- Installing: /tmp/Rtmpf3x9se/R.INSTALL12ca35c88a5b/Rhdf5lib/inst/include/H5PLpublic.h
-- Installing: /tmp/Rtmpf3x9se/R.INSTALL12ca35c88a5b/Rhdf5lib/inst/include/H5Rpublic.h
-- Installing: /tmp/Rtmpf3x9se/R.INSTALL12ca35c88a5b/Rhdf5lib/inst/include/H5Spublic.h
-- Installing: /tmp/Rtmpf3x9se/R.INSTALL12ca35c88a5b/Rhdf5lib/inst/include/H5Tdevelop.h
-- Installing: /tmp/Rtmpf3x9se/R.INSTALL12ca35c88a5b/Rhdf5lib/inst/include/H5Tpublic.h
-- Installing: /tmp/Rtmpf3x9se/R.INSTALL12ca35c88a5b/Rhdf5lib/inst/include/H5TSdevelop.h
-- Installing: /tmp/Rtmpf3x9se/R.INSTALL12ca35c88a5b/Rhdf5lib/inst/include/H5VLconnector.h
-- Installing: /tmp/Rtmpf3x9se/R.INSTALL12ca35c88a5b/Rhdf5lib/inst/include/H5VLconnector_passthru.h
-- Installing: /tmp/Rtmpf3x9se/R.INSTALL12ca35c88a5b/Rhdf5lib/inst/include/H5VLnative.h
-- Installing: /tmp/Rtmpf3x9se/R.INSTALL12ca35c88a5b/Rhdf5lib/inst/include/H5VLpassthru.h
-- Installing: /tmp/Rtmpf3x9se/R.INSTALL12ca35c88a5b/Rhdf5lib/inst/include/H5VLpublic.h
-- Installing: /tmp/Rtmpf3x9se/R.INSTALL12ca35c88a5b/Rhdf5lib/inst/include/H5Zdevelop.h
-- Installing: /tmp/Rtmpf3x9se/R.INSTALL12ca35c88a5b/Rhdf5lib/inst/include/H5Zpublic.h
-- Up-to-date: /tmp/Rtmpf3x9se/R.INSTALL12ca35c88a5b/Rhdf5lib/inst/include/H5Epubgen.h
-- Installing: /tmp/Rtmpf3x9se/R.INSTALL12ca35c88a5b/Rhdf5lib/inst/include/H5version.h
-- Installing: /tmp/Rtmpf3x9se/R.INSTALL12ca35c88a5b/Rhdf5lib/inst/include/H5overflow.h
-- Installing: /tmp/Rtmpf3x9se/R.INSTALL12ca35c88a5b/Rhdf5lib/inst/include/H5pubconf.h
-- Installing: /tmp/Rtmpf3x9se/R.INSTALL12ca35c88a5b/Rhdf5lib/inst/lib/libhdf5.a
-- Installing: /tmp/Rtmpf3x9se/R.INSTALL12ca35c88a5b/Rhdf5lib/inst/lib/pkgconfig/hdf5.pc
-- Installing: /tmp/Rtmpf3x9se/R.INSTALL12ca35c88a5b/Rhdf5lib/inst/bin/h5cc
-- Installing: /tmp/Rtmpf3x9se/R.INSTALL12ca35c88a5b/Rhdf5lib/inst/include/H5DOpublic.h
-- Installing: /tmp/Rtmpf3x9se/R.INSTALL12ca35c88a5b/Rhdf5lib/inst/include/H5DSpublic.h
-- Installing: /tmp/Rtmpf3x9se/R.INSTALL12ca35c88a5b/Rhdf5lib/inst/include/H5IMpublic.h
-- Installing: /tmp/Rtmpf3x9se/R.INSTALL12ca35c88a5b/Rhdf5lib/inst/include/H5LTpublic.h
-- Installing: /tmp/Rtmpf3x9se/R.INSTALL12ca35c88a5b/Rhdf5lib/inst/include/H5PTpublic.h
-- Installing: /tmp/Rtmpf3x9se/R.INSTALL12ca35c88a5b/Rhdf5lib/inst/include/H5TBpublic.h
-- Installing: /tmp/Rtmpf3x9se/R.INSTALL12ca35c88a5b/Rhdf5lib/inst/include/H5LDpublic.h
-- Installing: /tmp/Rtmpf3x9se/R.INSTALL12ca35c88a5b/Rhdf5lib/inst/include/hdf5_hl.h
-- Installing: /tmp/Rtmpf3x9se/R.INSTALL12ca35c88a5b/Rhdf5lib/inst/lib/libhdf5_hl.a
-- Installing: /tmp/Rtmpf3x9se/R.INSTALL12ca35c88a5b/Rhdf5lib/inst/lib/pkgconfig/hdf5_hl.pc
-- Installing: /tmp/Rtmpf3x9se/R.INSTALL12ca35c88a5b/Rhdf5lib/inst/bin/h5hlcc
-- Installing: /tmp/Rtmpf3x9se/R.INSTALL12ca35c88a5b/Rhdf5lib/inst/include/H5AbstractDs.h
-- Installing: /tmp/Rtmpf3x9se/R.INSTALL12ca35c88a5b/Rhdf5lib/inst/include/H5Alltypes.h
-- Installing: /tmp/Rtmpf3x9se/R.INSTALL12ca35c88a5b/Rhdf5lib/inst/include/H5ArrayType.h
-- Installing: /tmp/Rtmpf3x9se/R.INSTALL12ca35c88a5b/Rhdf5lib/inst/include/H5AtomType.h
-- Installing: /tmp/Rtmpf3x9se/R.INSTALL12ca35c88a5b/Rhdf5lib/inst/include/H5Attribute.h
-- Installing: /tmp/Rtmpf3x9se/R.INSTALL12ca35c88a5b/Rhdf5lib/inst/include/H5Classes.h
-- Installing: /tmp/Rtmpf3x9se/R.INSTALL12ca35c88a5b/Rhdf5lib/inst/include/H5CommonFG.h
-- Installing: /tmp/Rtmpf3x9se/R.INSTALL12ca35c88a5b/Rhdf5lib/inst/include/H5CompType.h
-- Installing: /tmp/Rtmpf3x9se/R.INSTALL12ca35c88a5b/Rhdf5lib/inst/include/H5Cpp.h
-- Installing: /tmp/Rtmpf3x9se/R.INSTALL12ca35c88a5b/Rhdf5lib/inst/include/H5CppDoc.h
-- Installing: /tmp/Rtmpf3x9se/R.INSTALL12ca35c88a5b/Rhdf5lib/inst/include/H5DataSet.h
-- Installing: /tmp/Rtmpf3x9se/R.INSTALL12ca35c88a5b/Rhdf5lib/inst/include/H5DataSpace.h
-- Installing: /tmp/Rtmpf3x9se/R.INSTALL12ca35c88a5b/Rhdf5lib/inst/include/H5DataType.h
-- Installing: /tmp/Rtmpf3x9se/R.INSTALL12ca35c88a5b/Rhdf5lib/inst/include/H5DaccProp.h
-- Installing: /tmp/Rtmpf3x9se/R.INSTALL12ca35c88a5b/Rhdf5lib/inst/include/H5DcreatProp.h
-- Installing: /tmp/Rtmpf3x9se/R.INSTALL12ca35c88a5b/Rhdf5lib/inst/include/H5DxferProp.h
-- Installing: /tmp/Rtmpf3x9se/R.INSTALL12ca35c88a5b/Rhdf5lib/inst/include/H5EnumType.h
-- Installing: /tmp/Rtmpf3x9se/R.INSTALL12ca35c88a5b/Rhdf5lib/inst/include/H5Exception.h
-- Installing: /tmp/Rtmpf3x9se/R.INSTALL12ca35c88a5b/Rhdf5lib/inst/include/H5FaccProp.h
-- Installing: /tmp/Rtmpf3x9se/R.INSTALL12ca35c88a5b/Rhdf5lib/inst/include/H5FcreatProp.h
-- Installing: /tmp/Rtmpf3x9se/R.INSTALL12ca35c88a5b/Rhdf5lib/inst/include/H5File.h
-- Installing: /tmp/Rtmpf3x9se/R.INSTALL12ca35c88a5b/Rhdf5lib/inst/include/H5FloatType.h
-- Installing: /tmp/Rtmpf3x9se/R.INSTALL12ca35c88a5b/Rhdf5lib/inst/include/H5Group.h
-- Installing: /tmp/Rtmpf3x9se/R.INSTALL12ca35c88a5b/Rhdf5lib/inst/include/H5IdComponent.h
-- Installing: /tmp/Rtmpf3x9se/R.INSTALL12ca35c88a5b/Rhdf5lib/inst/include/H5Include.h
-- Installing: /tmp/Rtmpf3x9se/R.INSTALL12ca35c88a5b/Rhdf5lib/inst/include/H5IntType.h
-- Installing: /tmp/Rtmpf3x9se/R.INSTALL12ca35c88a5b/Rhdf5lib/inst/include/H5LaccProp.h
-- Installing: /tmp/Rtmpf3x9se/R.INSTALL12ca35c88a5b/Rhdf5lib/inst/include/H5LcreatProp.h
-- Installing: /tmp/Rtmpf3x9se/R.INSTALL12ca35c88a5b/Rhdf5lib/inst/include/H5Library.h
-- Installing: /tmp/Rtmpf3x9se/R.INSTALL12ca35c88a5b/Rhdf5lib/inst/include/H5Location.h
-- Installing: /tmp/Rtmpf3x9se/R.INSTALL12ca35c88a5b/Rhdf5lib/inst/include/H5Object.h
-- Installing: /tmp/Rtmpf3x9se/R.INSTALL12ca35c88a5b/Rhdf5lib/inst/include/H5OcreatProp.h
-- Installing: /tmp/Rtmpf3x9se/R.INSTALL12ca35c88a5b/Rhdf5lib/inst/include/H5PredType.h
-- Installing: /tmp/Rtmpf3x9se/R.INSTALL12ca35c88a5b/Rhdf5lib/inst/include/H5PropList.h
-- Installing: /tmp/Rtmpf3x9se/R.INSTALL12ca35c88a5b/Rhdf5lib/inst/include/H5StrType.h
-- Installing: /tmp/Rtmpf3x9se/R.INSTALL12ca35c88a5b/Rhdf5lib/inst/include/H5VarLenType.h
-- Installing: /tmp/Rtmpf3x9se/R.INSTALL12ca35c88a5b/Rhdf5lib/inst/lib/libhdf5_cpp.a
-- Installing: /tmp/Rtmpf3x9se/R.INSTALL12ca35c88a5b/Rhdf5lib/inst/lib/pkgconfig/hdf5_cpp.pc
-- Installing: /tmp/Rtmpf3x9se/R.INSTALL12ca35c88a5b/Rhdf5lib/inst/bin/h5c++
-- Installing: /tmp/Rtmpf3x9se/R.INSTALL12ca35c88a5b/Rhdf5lib/inst/include/H5PacketTable.h
-- Installing: /tmp/Rtmpf3x9se/R.INSTALL12ca35c88a5b/Rhdf5lib/inst/lib/libhdf5_hl_cpp.a
-- Installing: /tmp/Rtmpf3x9se/R.INSTALL12ca35c88a5b/Rhdf5lib/inst/lib/pkgconfig/hdf5_hl_cpp.pc
-- Installing: /tmp/Rtmpf3x9se/R.INSTALL12ca35c88a5b/Rhdf5lib/inst/bin/h5hlc++
-- Installing: /tmp/Rtmpf3x9se/R.INSTALL12ca35c88a5b/Rhdf5lib/inst/cmake/hdf5-targets.cmake
-- Installing: /tmp/Rtmpf3x9se/R.INSTALL12ca35c88a5b/Rhdf5lib/inst/cmake/hdf5-targets-release.cmake
-- Installing: /tmp/Rtmpf3x9se/R.INSTALL12ca35c88a5b/Rhdf5lib/inst/cmake/hdf5-config.cmake
-- Installing: /tmp/Rtmpf3x9se/R.INSTALL12ca35c88a5b/Rhdf5lib/inst/cmake/hdf5-config-version.cmake
-- Installing: /tmp/Rtmpf3x9se/R.INSTALL12ca35c88a5b/Rhdf5lib/inst/lib/libhdf5.settings
-- Up-to-date: /tmp/Rtmpf3x9se/R.INSTALL12ca35c88a5b/Rhdf5lib/inst/share/COPYING
** R
** inst
** byte-compile and prepare package for lazy loading
** help
*** installing help indices
*** copying figures
** building package indices
** installing vignettes
** testing if installed package can be loaded from temporary location
** testing if installed package can be loaded from final location
** testing if installed package keeps a record of temporary installation path
* SHA256 sums
* creating tarball
packaged installation of ‘Rhdf5lib’ as ‘Rhdf5lib_2.1.0_R_x86_64-pc-linux-gnu.tar.gz’
* DONE (Rhdf5lib)
* installing *source* package ‘S4Arrays’ ...
** this is package ‘S4Arrays’ version ‘1.13.0’
** package ‘S4Arrays’ successfully unpacked and MD5 sums checked
** using staged installation
** libs
using C compiler: ‘gcc (Ubuntu 13.3.0-6ubuntu2~24.04.1) 13.3.0’
gcc -std=gnu2x -I"/usr/local/lib/R/include" -DNDEBUG  -I'/tmp/library/S4Vectors/include' -I/usr/local/include    -fpic  -g -O2 -fstack-protector-strong -Wformat -Werror=format-security -Wdate-time -D_FORTIFY_SOURCE=2 -g  -c R_init_S4Arrays.c -o R_init_S4Arrays.o
gcc -std=gnu2x -I"/usr/local/lib/R/include" -DNDEBUG  -I'/tmp/library/S4Vectors/include' -I/usr/local/include    -fpic  -g -O2 -fstack-protector-strong -Wformat -Werror=format-security -Wdate-time -D_FORTIFY_SOURCE=2 -g  -c S4Vectors_stubs.c -o S4Vectors_stubs.o
gcc -std=gnu2x -I"/usr/local/lib/R/include" -DNDEBUG  -I'/tmp/library/S4Vectors/include' -I/usr/local/include    -fpic  -g -O2 -fstack-protector-strong -Wformat -Werror=format-security -Wdate-time -D_FORTIFY_SOURCE=2 -g  -c abind.c -o abind.o
gcc -std=gnu2x -I"/usr/local/lib/R/include" -DNDEBUG  -I'/tmp/library/S4Vectors/include' -I/usr/local/include    -fpic  -g -O2 -fstack-protector-strong -Wformat -Werror=format-security -Wdate-time -D_FORTIFY_SOURCE=2 -g  -c array_selection.c -o array_selection.o
gcc -std=gnu2x -I"/usr/local/lib/R/include" -DNDEBUG  -I'/tmp/library/S4Vectors/include' -I/usr/local/include    -fpic  -g -O2 -fstack-protector-strong -Wformat -Werror=format-security -Wdate-time -D_FORTIFY_SOURCE=2 -g  -c dim_tuning_utils.c -o dim_tuning_utils.o
gcc -std=gnu2x -I"/usr/local/lib/R/include" -DNDEBUG  -I'/tmp/library/S4Vectors/include' -I/usr/local/include    -fpic  -g -O2 -fstack-protector-strong -Wformat -Werror=format-security -Wdate-time -D_FORTIFY_SOURCE=2 -g  -c rowsum.c -o rowsum.o
gcc -std=gnu2x -shared -L/usr/local/lib/R/lib -L/usr/local/lib -o S4Arrays.so R_init_S4Arrays.o S4Vectors_stubs.o abind.o array_selection.o dim_tuning_utils.o rowsum.o -L/usr/local/lib/R/lib -lR
installing to /tmp/library/00LOCK-S4Arrays/00new/S4Arrays/libs
** R
** inst
** byte-compile and prepare package for lazy loading
Creating a new generic function for ‘rowsum’ in package ‘S4Arrays’
Creating a new generic function for ‘abind’ in package ‘S4Arrays’
** help
*** installing help indices
** building package indices
** installing vignettes
** testing if installed package can be loaded from temporary location
** checking absolute paths in shared objects and dynamic libraries
** testing if installed package can be loaded from final location
** testing if installed package keeps a record of temporary installation path
* SHA256 sums
* creating tarball
packaged installation of ‘S4Arrays’ as ‘S4Arrays_1.13.0_R_x86_64-pc-linux-gnu.tar.gz’
* DONE (S4Arrays)
* installing *source* package ‘XVector’ ...
** this is package ‘XVector’ version ‘0.53.0’
** package ‘XVector’ successfully unpacked and MD5 sums checked
** using staged installation
** libs
using C compiler: ‘gcc (Ubuntu 13.3.0-6ubuntu2~24.04.1) 13.3.0’
gcc -std=gnu2x -I"/usr/local/lib/R/include" -DNDEBUG  -I'/tmp/library/S4Vectors/include' -I'/tmp/library/IRanges/include' -I/usr/local/include    -fpic  -g -O2 -fstack-protector-strong -Wformat -Werror=format-security -Wdate-time -D_FORTIFY_SOURCE=2 -g  -c IRanges_stubs.c -o IRanges_stubs.o
gcc -std=gnu2x -I"/usr/local/lib/R/include" -DNDEBUG  -I'/tmp/library/S4Vectors/include' -I'/tmp/library/IRanges/include' -I/usr/local/include    -fpic  -g -O2 -fstack-protector-strong -Wformat -Werror=format-security -Wdate-time -D_FORTIFY_SOURCE=2 -g  -c Ocopy_byteblocks.c -o Ocopy_byteblocks.o
gcc -std=gnu2x -I"/usr/local/lib/R/include" -DNDEBUG  -I'/tmp/library/S4Vectors/include' -I'/tmp/library/IRanges/include' -I/usr/local/include    -fpic  -g -O2 -fstack-protector-strong -Wformat -Werror=format-security -Wdate-time -D_FORTIFY_SOURCE=2 -g  -c RDS_random_access.c -o RDS_random_access.o
gcc -std=gnu2x -I"/usr/local/lib/R/include" -DNDEBUG  -I'/tmp/library/S4Vectors/include' -I'/tmp/library/IRanges/include' -I/usr/local/include    -fpic  -g -O2 -fstack-protector-strong -Wformat -Werror=format-security -Wdate-time -D_FORTIFY_SOURCE=2 -g  -c R_init_XVector.c -o R_init_XVector.o
gcc -std=gnu2x -I"/usr/local/lib/R/include" -DNDEBUG  -I'/tmp/library/S4Vectors/include' -I'/tmp/library/IRanges/include' -I/usr/local/include    -fpic  -g -O2 -fstack-protector-strong -Wformat -Werror=format-security -Wdate-time -D_FORTIFY_SOURCE=2 -g  -c S4Vectors_stubs.c -o S4Vectors_stubs.o
gcc -std=gnu2x -I"/usr/local/lib/R/include" -DNDEBUG  -I'/tmp/library/S4Vectors/include' -I'/tmp/library/IRanges/include' -I/usr/local/include    -fpic  -g -O2 -fstack-protector-strong -Wformat -Werror=format-security -Wdate-time -D_FORTIFY_SOURCE=2 -g  -c SharedDouble_class.c -o SharedDouble_class.o
gcc -std=gnu2x -I"/usr/local/lib/R/include" -DNDEBUG  -I'/tmp/library/S4Vectors/include' -I'/tmp/library/IRanges/include' -I/usr/local/include    -fpic  -g -O2 -fstack-protector-strong -Wformat -Werror=format-security -Wdate-time -D_FORTIFY_SOURCE=2 -g  -c SharedInteger_class.c -o SharedInteger_class.o
gcc -std=gnu2x -I"/usr/local/lib/R/include" -DNDEBUG  -I'/tmp/library/S4Vectors/include' -I'/tmp/library/IRanges/include' -I/usr/local/include    -fpic  -g -O2 -fstack-protector-strong -Wformat -Werror=format-security -Wdate-time -D_FORTIFY_SOURCE=2 -g  -c SharedRaw_class.c -o SharedRaw_class.o
gcc -std=gnu2x -I"/usr/local/lib/R/include" -DNDEBUG  -I'/tmp/library/S4Vectors/include' -I'/tmp/library/IRanges/include' -I/usr/local/include    -fpic  -g -O2 -fstack-protector-strong -Wformat -Werror=format-security -Wdate-time -D_FORTIFY_SOURCE=2 -g  -c SharedVector_class.c -o SharedVector_class.o
gcc -std=gnu2x -I"/usr/local/lib/R/include" -DNDEBUG  -I'/tmp/library/S4Vectors/include' -I'/tmp/library/IRanges/include' -I/usr/local/include    -fpic  -g -O2 -fstack-protector-strong -Wformat -Werror=format-security -Wdate-time -D_FORTIFY_SOURCE=2 -g  -c XDouble_class.c -o XDouble_class.o
gcc -std=gnu2x -I"/usr/local/lib/R/include" -DNDEBUG  -I'/tmp/library/S4Vectors/include' -I'/tmp/library/IRanges/include' -I/usr/local/include    -fpic  -g -O2 -fstack-protector-strong -Wformat -Werror=format-security -Wdate-time -D_FORTIFY_SOURCE=2 -g  -c XInteger_class.c -o XInteger_class.o
gcc -std=gnu2x -I"/usr/local/lib/R/include" -DNDEBUG  -I'/tmp/library/S4Vectors/include' -I'/tmp/library/IRanges/include' -I/usr/local/include    -fpic  -g -O2 -fstack-protector-strong -Wformat -Werror=format-security -Wdate-time -D_FORTIFY_SOURCE=2 -g  -c XRawList_comparison.c -o XRawList_comparison.o
gcc -std=gnu2x -I"/usr/local/lib/R/include" -DNDEBUG  -I'/tmp/library/S4Vectors/include' -I'/tmp/library/IRanges/include' -I/usr/local/include    -fpic  -g -O2 -fstack-protector-strong -Wformat -Werror=format-security -Wdate-time -D_FORTIFY_SOURCE=2 -g  -c XRaw_class.c -o XRaw_class.o
gcc -std=gnu2x -I"/usr/local/lib/R/include" -DNDEBUG  -I'/tmp/library/S4Vectors/include' -I'/tmp/library/IRanges/include' -I/usr/local/include    -fpic  -g -O2 -fstack-protector-strong -Wformat -Werror=format-security -Wdate-time -D_FORTIFY_SOURCE=2 -g  -c XVectorList_class.c -o XVectorList_class.o
gcc -std=gnu2x -I"/usr/local/lib/R/include" -DNDEBUG  -I'/tmp/library/S4Vectors/include' -I'/tmp/library/IRanges/include' -I/usr/local/include    -fpic  -g -O2 -fstack-protector-strong -Wformat -Werror=format-security -Wdate-time -D_FORTIFY_SOURCE=2 -g  -c XVector_class.c -o XVector_class.o
gcc -std=gnu2x -I"/usr/local/lib/R/include" -DNDEBUG  -I'/tmp/library/S4Vectors/include' -I'/tmp/library/IRanges/include' -I/usr/local/include    -fpic  -g -O2 -fstack-protector-strong -Wformat -Werror=format-security -Wdate-time -D_FORTIFY_SOURCE=2 -g  -c io_utils.c -o io_utils.o
gcc -std=gnu2x -I"/usr/local/lib/R/include" -DNDEBUG  -I'/tmp/library/S4Vectors/include' -I'/tmp/library/IRanges/include' -I/usr/local/include    -fpic  -g -O2 -fstack-protector-strong -Wformat -Werror=format-security -Wdate-time -D_FORTIFY_SOURCE=2 -g  -c slice_methods.c -o slice_methods.o
gcc -std=gnu2x -I"/usr/local/lib/R/include" -DNDEBUG  -I'/tmp/library/S4Vectors/include' -I'/tmp/library/IRanges/include' -I/usr/local/include    -fpic  -g -O2 -fstack-protector-strong -Wformat -Werror=format-security -Wdate-time -D_FORTIFY_SOURCE=2 -g  -c vector_copy.c -o vector_copy.o
gcc -std=gnu2x -I"/usr/local/lib/R/include" -DNDEBUG  -I'/tmp/library/S4Vectors/include' -I'/tmp/library/IRanges/include' -I/usr/local/include    -fpic  -g -O2 -fstack-protector-strong -Wformat -Werror=format-security -Wdate-time -D_FORTIFY_SOURCE=2 -g  -c view_summarization_methods.c -o view_summarization_methods.o
gcc -std=gnu2x -shared -L/usr/local/lib/R/lib -L/usr/local/lib -o XVector.so IRanges_stubs.o Ocopy_byteblocks.o RDS_random_access.o R_init_XVector.o S4Vectors_stubs.o SharedDouble_class.o SharedInteger_class.o SharedRaw_class.o SharedVector_class.o XDouble_class.o XInteger_class.o XRawList_comparison.o XRaw_class.o XVectorList_class.o XVector_class.o io_utils.o slice_methods.o vector_copy.o view_summarization_methods.o -lz -L/usr/local/lib/R/lib -lR
installing to /tmp/library/00LOCK-XVector/00new/XVector/libs
** R
** inst
** byte-compile and prepare package for lazy loading
** help
*** installing help indices
** building package indices
** testing if installed package can be loaded from temporary location
** checking absolute paths in shared objects and dynamic libraries
** testing if installed package can be loaded from final location
** testing if installed package keeps a record of temporary installation path
* SHA256 sums
* creating tarball
packaged installation of ‘XVector’ as ‘XVector_0.53.0_R_x86_64-pc-linux-gnu.tar.gz’
* DONE (XVector)
* installing *binary* package ‘R.utils’ ...
* package ‘R.utils’ successfully unpacked and SHA256 sums checked
* ‘R.utils’ was already a binary package and will not be rebuilt
* SHA256 sums
* creating tarball
packaged installation of ‘R.utils’ as ‘R.utils_2.13.0_R_x86_64-pc-linux-gnu.tar.gz’
* DONE (R.utils)
* installing *source* package ‘BiocFileCache’ ...
** this is package ‘BiocFileCache’ version ‘3.3.0’
** package ‘BiocFileCache’ successfully unpacked and MD5 sums checked
** using staged installation
** R
** inst
** byte-compile and prepare package for lazy loading
** help
*** installing help indices
** building package indices
** installing vignettes
** testing if installed package can be loaded from temporary location
** testing if installed package can be loaded from final location
** testing if installed package keeps a record of temporary installation path
* SHA256 sums
* creating tarball
packaged installation of ‘BiocFileCache’ as ‘BiocFileCache_3.3.0_R_x86_64-pc-linux-gnu.tar.gz’
* DONE (BiocFileCache)
* installing *source* package ‘vsn’ ...
** this is package ‘vsn’ version ‘3.81.0’
** package ‘vsn’ successfully unpacked and MD5 sums checked
** using staged installation
** libs
using C compiler: ‘gcc (Ubuntu 13.3.0-6ubuntu2~24.04.1) 13.3.0’
gcc -std=gnu2x -I"/usr/local/lib/R/include" -DNDEBUG   -I/usr/local/include    -fpic  -g -O2 -fstack-protector-strong -Wformat -Werror=format-security -Wdate-time -D_FORTIFY_SOURCE=2 -g  -c init.c -o init.o
gcc -std=gnu2x -I"/usr/local/lib/R/include" -DNDEBUG   -I/usr/local/include    -fpic  -g -O2 -fstack-protector-strong -Wformat -Werror=format-security -Wdate-time -D_FORTIFY_SOURCE=2 -g  -c vsn.c -o vsn.o
gcc -std=gnu2x -I"/usr/local/lib/R/include" -DNDEBUG   -I/usr/local/include    -fpic  -g -O2 -fstack-protector-strong -Wformat -Werror=format-security -Wdate-time -D_FORTIFY_SOURCE=2 -g  -c vsn2.c -o vsn2.o
gcc -std=gnu2x -shared -L/usr/local/lib/R/lib -L/usr/local/lib -o vsn.so init.o vsn.o vsn2.o -L/usr/local/lib/R/lib -lR
installing to /tmp/library/00LOCK-vsn/00new/vsn/libs
** R
** data
** inst
** byte-compile and prepare package for lazy loading
** help
*** installing help indices
*** copying figures
** building package indices
** installing vignettes
** testing if installed package can be loaded from temporary location
** checking absolute paths in shared objects and dynamic libraries
** testing if installed package can be loaded from final location
** testing if installed package keeps a record of temporary installation path
* SHA256 sums
* creating tarball
packaged installation of ‘vsn’ as ‘vsn_3.81.0_R_x86_64-pc-linux-gnu.tar.gz’
* DONE (vsn)
* installing *source* package ‘Seqinfo’ ...
** this is package ‘Seqinfo’ version ‘1.3.0’
** package ‘Seqinfo’ successfully unpacked and MD5 sums checked
** using staged installation
** R
** inst
** byte-compile and prepare package for lazy loading
** help
*** installing help indices
** building package indices
** installing vignettes
** testing if installed package can be loaded from temporary location
** testing if installed package can be loaded from final location
** testing if installed package keeps a record of temporary installation path
* SHA256 sums
* creating tarball
packaged installation of ‘Seqinfo’ as ‘Seqinfo_1.3.0_R_x86_64-pc-linux-gnu.tar.gz’
* DONE (Seqinfo)
* installing *binary* package ‘Ckmeans.1d.dp’ ...
* package ‘Ckmeans.1d.dp’ successfully unpacked and SHA256 sums checked
* ‘Ckmeans.1d.dp’ was already a binary package and will not be rebuilt
* SHA256 sums
* creating tarball
packaged installation of ‘Ckmeans.1d.dp’ as ‘Ckmeans.1d.dp_4.3.5_R_x86_64-pc-linux-gnu.tar.gz’
* DONE (Ckmeans.1d.dp)
* installing *source* package ‘affydata’ ...
** this is package ‘affydata’ version ‘1.61.0’
** using staged installation
** R
** data
** inst
** byte-compile and prepare package for lazy loading
** help
*** installing help indices
** building package indices
** installing vignettes
** testing if installed package can be loaded from temporary location
     Package    LibPath                              Item      
[1,] "affydata" "/tmp/library/00LOCK-affydata/00new" "Dilution"
     Title                        
[1,] "AffyBatch instance Dilution"
** testing if installed package can be loaded from final location
     Package    LibPath        Item       Title                        
[1,] "affydata" "/tmp/library" "Dilution" "AffyBatch instance Dilution"
** testing if installed package keeps a record of temporary installation path
* SHA256 sums
* creating tarball
packaged installation of ‘affydata’ as ‘affydata_1.61.0_R_x86_64-pc-linux-gnu.tar.gz’
* DONE (affydata)
* installing *source* package ‘rhdf5filters’ ...
** this is package ‘rhdf5filters’ version ‘1.25.0’
** package ‘rhdf5filters’ successfully unpacked and MD5 sums checked
** using staged installation
checking for gcc... gcc -std=gnu2x
checking whether the C compiler works... yes
checking for C compiler default output file name... a.out
checking for suffix of executables... 
checking whether we are cross compiling... no
checking for suffix of object files... o
checking whether the compiler supports GNU C... yes
checking whether gcc -std=gnu2x accepts -g... yes
checking for gcc -std=gnu2x option to enable C11 features... none needed
configure: is NOT Bioc build machine
configure: configuring the Zstd filter...
checking for stdio.h... yes
checking for stdlib.h... yes
checking for string.h... yes
checking for inttypes.h... yes
checking for stdint.h... yes
checking for strings.h... yes
checking for sys/stat.h... yes
checking for sys/types.h... yes
checking for unistd.h... yes
checking for zstd.h... yes
checking for ZSTD_decompress in -lzstd... yes
configure: Using system Zstd library
configure: configuring the BLOSC filter...
checking for blosc.h... yes
checking for blosc_compress in -lblosc... yes
configure: Using system BLOSC library
configure: configuring the VBZ filter
checking whether C compiler accepts -mavx... yes
checking for x86 avx instruction support... yes
configure: creating ./config.status
config.status: creating src/zstd/Makefile
config.status: creating src/blosc/lib/blosc-1.20.1/Makefile
config.status: creating src/blosc/Makefile
config.status: creating src/vbz/Makefile
config.status: creating src/vbz/vbz/Makefile
config.status: creating src/vbz/third_party/streamvbyte/Makefile
config.status: creating src/Makevars
** libs
using C compiler: ‘gcc (Ubuntu 13.3.0-6ubuntu2~24.04.1) 13.3.0’
make -C zstd
make[1]: Entering directory '/tmp/RtmpGPwEnO/R.INSTALL29b16f6066df/rhdf5filters/src/zstd'
gcc -std=gnu2x -g -O2 -fstack-protector-strong -Wformat -Werror=format-security -Wdate-time -D_FORTIFY_SOURCE=2 -g -fpic -shared H5Zzstd.c -I/usr/local/include -I"/tmp/library/Rhdf5lib/include" \
 -lzstd -L/usr/local/lib -o libH5Zzstd.so
make[1]: Leaving directory '/tmp/RtmpGPwEnO/R.INSTALL29b16f6066df/rhdf5filters/src/zstd'
make -C blosc
make[1]: Entering directory '/tmp/RtmpGPwEnO/R.INSTALL29b16f6066df/rhdf5filters/src/blosc'
g++ -std=gnu++20 -g -O2 -fstack-protector-strong -Wformat -Werror=format-security -Wdate-time -D_FORTIFY_SOURCE=2 -g -fpic -shared -I/usr/local/include -I"/tmp/library/Rhdf5lib/include" H5Zblosc.cpp \
-L/usr/local/lib  -lblosc -lzstd -lz -o libH5Zblosc.so 
make[1]: Leaving directory '/tmp/RtmpGPwEnO/R.INSTALL29b16f6066df/rhdf5filters/src/blosc'
make -C bzip2
make[1]: Entering directory '/tmp/RtmpGPwEnO/R.INSTALL29b16f6066df/rhdf5filters/src/bzip2'
gcc -std=gnu2x -g -O2 -fstack-protector-strong -Wformat -Werror=format-security -Wdate-time -D_FORTIFY_SOURCE=2 -g -fpic -shared H5Zbzip2.c -I/usr/local/include -I"/tmp/library/Rhdf5lib/include" \
-lbz2 -L/usr/local/lib -o libH5Zbz2.so
make[1]: Leaving directory '/tmp/RtmpGPwEnO/R.INSTALL29b16f6066df/rhdf5filters/src/bzip2'
make -C lzf
make[1]: Entering directory '/tmp/RtmpGPwEnO/R.INSTALL29b16f6066df/rhdf5filters/src/lzf'
make -C lzf
make[2]: Entering directory '/tmp/RtmpGPwEnO/R.INSTALL29b16f6066df/rhdf5filters/src/lzf/lzf'
gcc -std=gnu2x -g -O2 -fstack-protector-strong -Wformat -Werror=format-security -Wdate-time -D_FORTIFY_SOURCE=2 -g -fpic -I/usr/local/include -I"/tmp/library/Rhdf5lib/include" -c lzf_c.c
gcc -std=gnu2x -g -O2 -fstack-protector-strong -Wformat -Werror=format-security -Wdate-time -D_FORTIFY_SOURCE=2 -g -fpic -I/usr/local/include -I"/tmp/library/Rhdf5lib/include" -c lzf_d.c
rm -f liblzf.a
ar cq liblzf.a lzf_c.o lzf_d.o
ranlib liblzf.a
make[2]: Leaving directory '/tmp/RtmpGPwEnO/R.INSTALL29b16f6066df/rhdf5filters/src/lzf/lzf'
gcc -std=gnu2x -g -O2 -fstack-protector-strong -Wformat -Werror=format-security -Wdate-time -D_FORTIFY_SOURCE=2 -g -fpic -shared H5Zlzf.c -I/usr/local/include -I"/tmp/library/Rhdf5lib/include" \
-I./lzf/ ./lzf/liblzf.a -L/usr/local/lib -o libH5Zlzf.so
make[1]: Leaving directory '/tmp/RtmpGPwEnO/R.INSTALL29b16f6066df/rhdf5filters/src/lzf'
make -C vbz
make[1]: Entering directory '/tmp/RtmpGPwEnO/R.INSTALL29b16f6066df/rhdf5filters/src/vbz'
make -C third_party/streamvbyte
make[2]: Entering directory '/tmp/RtmpGPwEnO/R.INSTALL29b16f6066df/rhdf5filters/src/vbz/third_party/streamvbyte'
gcc -std=gnu99 -g -O2 -fstack-protector-strong -Wformat -Werror=format-security -Wdate-time -D_FORTIFY_SOURCE=2 -g -fpic -Iinclude -I/usr/local/include -I"/tmp/library/Rhdf5lib/include" -mavx  -c ./src/streamvbyte_decode.c
gcc -std=gnu99 -g -O2 -fstack-protector-strong -Wformat -Werror=format-security -Wdate-time -D_FORTIFY_SOURCE=2 -g -fpic -Iinclude -I/usr/local/include -I"/tmp/library/Rhdf5lib/include" -mavx  -c ./src/streamvbyte_encode.c
gcc -std=gnu99 -g -O2 -fstack-protector-strong -Wformat -Werror=format-security -Wdate-time -D_FORTIFY_SOURCE=2 -g -fpic -Iinclude -I/usr/local/include -I"/tmp/library/Rhdf5lib/include" -mavx  -c ./src/streamvbytedelta_decode.c
gcc -std=gnu99 -g -O2 -fstack-protector-strong -Wformat -Werror=format-security -Wdate-time -D_FORTIFY_SOURCE=2 -g -fpic -Iinclude -I/usr/local/include -I"/tmp/library/Rhdf5lib/include" -mavx  -c ./src/streamvbytedelta_encode.c
gcc -std=gnu99 -g -O2 -fstack-protector-strong -Wformat -Werror=format-security -Wdate-time -D_FORTIFY_SOURCE=2 -g -fpic -Iinclude -I/usr/local/include -I"/tmp/library/Rhdf5lib/include" -mavx  -c ./src/streamvbyte_0124_encode.c
gcc -std=gnu99 -g -O2 -fstack-protector-strong -Wformat -Werror=format-security -Wdate-time -D_FORTIFY_SOURCE=2 -g -fpic -Iinclude -I/usr/local/include -I"/tmp/library/Rhdf5lib/include" -mavx  -c ./src/streamvbyte_0124_decode.c
gcc -std=gnu99 -g -O2 -fstack-protector-strong -Wformat -Werror=format-security -Wdate-time -D_FORTIFY_SOURCE=2 -g -fpic -Iinclude -I/usr/local/include -I"/tmp/library/Rhdf5lib/include" -mavx  -c ./src/streamvbyte_zigzag.c
rm -f libstreamvbyte.a
ar cq libstreamvbyte.a streamvbyte_decode.o streamvbyte_encode.o streamvbytedelta_decode.o streamvbytedelta_encode.o streamvbyte_0124_encode.o streamvbyte_0124_decode.o streamvbyte_zigzag.o
ranlib libstreamvbyte.a 
make[2]: Leaving directory '/tmp/RtmpGPwEnO/R.INSTALL29b16f6066df/rhdf5filters/src/vbz/third_party/streamvbyte'
make -C vbz
make[2]: Entering directory '/tmp/RtmpGPwEnO/R.INSTALL29b16f6066df/rhdf5filters/src/vbz/vbz'
g++ -std=gnu++20 -g -O2 -fstack-protector-strong -Wformat -Werror=format-security -Wdate-time -D_FORTIFY_SOURCE=2 -g -fpic -I/usr/local/include -I"/tmp/library/Rhdf5lib/include" -I../third_party/streamvbyte/include/ -I../third_party/ -I../../zstd/ -mssse3 -c vbz.cpp -o vbz.o
g++ -std=gnu++20 -g -O2 -fstack-protector-strong -Wformat -Werror=format-security -Wdate-time -D_FORTIFY_SOURCE=2 -g -fpic -I/usr/local/include -I"/tmp/library/Rhdf5lib/include" -I../third_party/streamvbyte/include/ -I../third_party/ -I../../zstd/ -mssse3 -c v0/vbz_streamvbyte.cpp -o v0/vbz_streamvbyte.o
g++ -std=gnu++20 -g -O2 -fstack-protector-strong -Wformat -Werror=format-security -Wdate-time -D_FORTIFY_SOURCE=2 -g -fpic -I/usr/local/include -I"/tmp/library/Rhdf5lib/include" -I../third_party/streamvbyte/include/ -I../third_party/ -I../../zstd/ -mssse3 -c v1/vbz_streamvbyte.cpp -o v1/vbz_streamvbyte.o
make[2]: Leaving directory '/tmp/RtmpGPwEnO/R.INSTALL29b16f6066df/rhdf5filters/src/vbz/vbz'
rm -f libvbz.a
ar cq libvbz.a vbz/vbz.o vbz/v0/vbz_streamvbyte.o vbz/v1/vbz_streamvbyte.o
ranlib libvbz.a
g++ -std=gnu++20 -g -O2 -fstack-protector-strong -Wformat -Werror=format-security -Wdate-time -D_FORTIFY_SOURCE=2 -g -fpic -I/usr/local/include -I"/tmp/library/Rhdf5lib/include" -shared vbz_plugin.cpp \
libvbz.a -L/usr/local/lib -lzstd third_party/streamvbyte/libstreamvbyte.a -o libH5Zvbz.so
make[1]: Leaving directory '/tmp/RtmpGPwEnO/R.INSTALL29b16f6066df/rhdf5filters/src/vbz'
mkdir -p "/tmp/library/00LOCK-rhdf5filters/00new/rhdf5filters/lib/"
cp bzip2/libH5Zbz2.so blosc/libH5Zblosc.so lzf/libH5Zlzf.so zstd/libH5Zzstd.so vbz/libH5Zvbz.so "/tmp/library/00LOCK-rhdf5filters/00new/rhdf5filters/lib/"
gcc -std=gnu2x -I"/usr/local/lib/R/include" -DNDEBUG -I/usr/local/include -I"/tmp/library/Rhdf5lib/include" -I'/tmp/library/Rhdf5lib/include' -I/usr/local/include   -g -O2 -fstack-protector-strong -Wformat -Werror=format-security -Wdate-time -D_FORTIFY_SOURCE=2 -g -fpic  -g -O2 -fstack-protector-strong -Wformat -Werror=format-security -Wdate-time -D_FORTIFY_SOURCE=2 -g  -c rhdf5filters.c -o rhdf5filters.o
gcc -std=gnu2x -shared -L/usr/local/lib/R/lib -L/usr/local/lib -o rhdf5filters.so rhdf5filters.o -L/usr/local/lib/R/lib -lR
installing to /tmp/library/00LOCK-rhdf5filters/00new/rhdf5filters/libs
** R
** inst
** byte-compile and prepare package for lazy loading
** help
*** installing help indices
*** copying figures
** building package indices
** installing vignettes
** testing if installed package can be loaded from temporary location
** checking absolute paths in shared objects and dynamic libraries
** testing if installed package can be loaded from final location
** testing if installed package keeps a record of temporary installation path
* SHA256 sums
* creating tarball
packaged installation of ‘rhdf5filters’ as ‘rhdf5filters_1.25.0_R_x86_64-pc-linux-gnu.tar.gz’
* DONE (rhdf5filters)
* installing *source* package ‘Spectra’ ...
** this is package ‘Spectra’ version ‘1.23.3’
** package ‘Spectra’ successfully unpacked and MD5 sums checked
** using staged installation
** R
** data
** inst
** byte-compile and prepare package for lazy loading
Creating a new generic function for ‘entropy’ in package ‘Spectra’
** help
*** installing help indices
** building package indices
** installing vignettes
** testing if installed package can be loaded from temporary location
** testing if installed package can be loaded from final location
** testing if installed package keeps a record of temporary installation path
* SHA256 sums
* creating tarball
packaged installation of ‘Spectra’ as ‘Spectra_1.23.3_R_x86_64-pc-linux-gnu.tar.gz’
* DONE (Spectra)
* installing *source* package ‘SparseArray’ ...
** this is package ‘SparseArray’ version ‘1.13.2’
** package ‘SparseArray’ successfully unpacked and MD5 sums checked
** using staged installation
** libs
using C compiler: ‘gcc (Ubuntu 13.3.0-6ubuntu2~24.04.1) 13.3.0’
gcc -std=gnu2x -I"/usr/local/lib/R/include" -DNDEBUG  -I'/tmp/library/S4Vectors/include' -I'/tmp/library/IRanges/include' -I'/tmp/library/XVector/include' -I/usr/local/include   -fopenmp -fpic  -g -O2 -fstack-protector-strong -Wformat -Werror=format-security -Wdate-time -D_FORTIFY_SOURCE=2 -g  -c ExtendableJaggedArray.c -o ExtendableJaggedArray.o
gcc -std=gnu2x -I"/usr/local/lib/R/include" -DNDEBUG  -I'/tmp/library/S4Vectors/include' -I'/tmp/library/IRanges/include' -I'/tmp/library/XVector/include' -I/usr/local/include   -fopenmp -fpic  -g -O2 -fstack-protector-strong -Wformat -Werror=format-security -Wdate-time -D_FORTIFY_SOURCE=2 -g  -c IRanges_stubs.c -o IRanges_stubs.o
gcc -std=gnu2x -I"/usr/local/lib/R/include" -DNDEBUG  -I'/tmp/library/S4Vectors/include' -I'/tmp/library/IRanges/include' -I'/tmp/library/XVector/include' -I/usr/local/include   -fopenmp -fpic  -g -O2 -fstack-protector-strong -Wformat -Werror=format-security -Wdate-time -D_FORTIFY_SOURCE=2 -g  -c OPBufTree.c -o OPBufTree.o
gcc -std=gnu2x -I"/usr/local/lib/R/include" -DNDEBUG  -I'/tmp/library/S4Vectors/include' -I'/tmp/library/IRanges/include' -I'/tmp/library/XVector/include' -I/usr/local/include   -fopenmp -fpic  -g -O2 -fstack-protector-strong -Wformat -Werror=format-security -Wdate-time -D_FORTIFY_SOURCE=2 -g  -c R_init_SparseArray.c -o R_init_SparseArray.o
gcc -std=gnu2x -I"/usr/local/lib/R/include" -DNDEBUG  -I'/tmp/library/S4Vectors/include' -I'/tmp/library/IRanges/include' -I'/tmp/library/XVector/include' -I/usr/local/include   -fopenmp -fpic  -g -O2 -fstack-protector-strong -Wformat -Werror=format-security -Wdate-time -D_FORTIFY_SOURCE=2 -g  -c Rvector_summarization.c -o Rvector_summarization.o
gcc -std=gnu2x -I"/usr/local/lib/R/include" -DNDEBUG  -I'/tmp/library/S4Vectors/include' -I'/tmp/library/IRanges/include' -I'/tmp/library/XVector/include' -I/usr/local/include   -fopenmp -fpic  -g -O2 -fstack-protector-strong -Wformat -Werror=format-security -Wdate-time -D_FORTIFY_SOURCE=2 -g  -c Rvector_utils.c -o Rvector_utils.o
gcc -std=gnu2x -I"/usr/local/lib/R/include" -DNDEBUG  -I'/tmp/library/S4Vectors/include' -I'/tmp/library/IRanges/include' -I'/tmp/library/XVector/include' -I/usr/local/include   -fopenmp -fpic  -g -O2 -fstack-protector-strong -Wformat -Werror=format-security -Wdate-time -D_FORTIFY_SOURCE=2 -g  -c S4Vectors_stubs.c -o S4Vectors_stubs.o
gcc -std=gnu2x -I"/usr/local/lib/R/include" -DNDEBUG  -I'/tmp/library/S4Vectors/include' -I'/tmp/library/IRanges/include' -I'/tmp/library/XVector/include' -I/usr/local/include   -fopenmp -fpic  -g -O2 -fstack-protector-strong -Wformat -Werror=format-security -Wdate-time -D_FORTIFY_SOURCE=2 -g  -c SBT_utils.c -o SBT_utils.o
gcc -std=gnu2x -I"/usr/local/lib/R/include" -DNDEBUG  -I'/tmp/library/S4Vectors/include' -I'/tmp/library/IRanges/include' -I'/tmp/library/XVector/include' -I/usr/local/include   -fopenmp -fpic  -g -O2 -fstack-protector-strong -Wformat -Werror=format-security -Wdate-time -D_FORTIFY_SOURCE=2 -g  -c SVT_SparseArray_class.c -o SVT_SparseArray_class.o
gcc -std=gnu2x -I"/usr/local/lib/R/include" -DNDEBUG  -I'/tmp/library/S4Vectors/include' -I'/tmp/library/IRanges/include' -I'/tmp/library/XVector/include' -I/usr/local/include   -fopenmp -fpic  -g -O2 -fstack-protector-strong -Wformat -Werror=format-security -Wdate-time -D_FORTIFY_SOURCE=2 -g  -c SparseArray_Arith_methods.c -o SparseArray_Arith_methods.o
gcc -std=gnu2x -I"/usr/local/lib/R/include" -DNDEBUG  -I'/tmp/library/S4Vectors/include' -I'/tmp/library/IRanges/include' -I'/tmp/library/XVector/include' -I/usr/local/include   -fopenmp -fpic  -g -O2 -fstack-protector-strong -Wformat -Werror=format-security -Wdate-time -D_FORTIFY_SOURCE=2 -g  -c SparseArray_Compare_methods.c -o SparseArray_Compare_methods.o
gcc -std=gnu2x -I"/usr/local/lib/R/include" -DNDEBUG  -I'/tmp/library/S4Vectors/include' -I'/tmp/library/IRanges/include' -I'/tmp/library/XVector/include' -I/usr/local/include   -fopenmp -fpic  -g -O2 -fstack-protector-strong -Wformat -Werror=format-security -Wdate-time -D_FORTIFY_SOURCE=2 -g  -c SparseArray_Complex_methods.c -o SparseArray_Complex_methods.o
gcc -std=gnu2x -I"/usr/local/lib/R/include" -DNDEBUG  -I'/tmp/library/S4Vectors/include' -I'/tmp/library/IRanges/include' -I'/tmp/library/XVector/include' -I/usr/local/include   -fopenmp -fpic  -g -O2 -fstack-protector-strong -Wformat -Werror=format-security -Wdate-time -D_FORTIFY_SOURCE=2 -g  -c SparseArray_Logic_methods.c -o SparseArray_Logic_methods.o
gcc -std=gnu2x -I"/usr/local/lib/R/include" -DNDEBUG  -I'/tmp/library/S4Vectors/include' -I'/tmp/library/IRanges/include' -I'/tmp/library/XVector/include' -I/usr/local/include   -fopenmp -fpic  -g -O2 -fstack-protector-strong -Wformat -Werror=format-security -Wdate-time -D_FORTIFY_SOURCE=2 -g  -c SparseArray_Math_methods.c -o SparseArray_Math_methods.o
gcc -std=gnu2x -I"/usr/local/lib/R/include" -DNDEBUG  -I'/tmp/library/S4Vectors/include' -I'/tmp/library/IRanges/include' -I'/tmp/library/XVector/include' -I/usr/local/include   -fopenmp -fpic  -g -O2 -fstack-protector-strong -Wformat -Werror=format-security -Wdate-time -D_FORTIFY_SOURCE=2 -g  -c SparseArray_abind.c -o SparseArray_abind.o
gcc -std=gnu2x -I"/usr/local/lib/R/include" -DNDEBUG  -I'/tmp/library/S4Vectors/include' -I'/tmp/library/IRanges/include' -I'/tmp/library/XVector/include' -I/usr/local/include   -fopenmp -fpic  -g -O2 -fstack-protector-strong -Wformat -Werror=format-security -Wdate-time -D_FORTIFY_SOURCE=2 -g  -c SparseArray_aperm.c -o SparseArray_aperm.o
gcc -std=gnu2x -I"/usr/local/lib/R/include" -DNDEBUG  -I'/tmp/library/S4Vectors/include' -I'/tmp/library/IRanges/include' -I'/tmp/library/XVector/include' -I/usr/local/include   -fopenmp -fpic  -g -O2 -fstack-protector-strong -Wformat -Werror=format-security -Wdate-time -D_FORTIFY_SOURCE=2 -g  -c SparseArray_dim_tuning.c -o SparseArray_dim_tuning.o
gcc -std=gnu2x -I"/usr/local/lib/R/include" -DNDEBUG  -I'/tmp/library/S4Vectors/include' -I'/tmp/library/IRanges/include' -I'/tmp/library/XVector/include' -I/usr/local/include   -fopenmp -fpic  -g -O2 -fstack-protector-strong -Wformat -Werror=format-security -Wdate-time -D_FORTIFY_SOURCE=2 -g  -c SparseArray_matrixStats.c -o SparseArray_matrixStats.o
gcc -std=gnu2x -I"/usr/local/lib/R/include" -DNDEBUG  -I'/tmp/library/S4Vectors/include' -I'/tmp/library/IRanges/include' -I'/tmp/library/XVector/include' -I/usr/local/include   -fopenmp -fpic  -g -O2 -fstack-protector-strong -Wformat -Werror=format-security -Wdate-time -D_FORTIFY_SOURCE=2 -g  -c SparseArray_misc_methods.c -o SparseArray_misc_methods.o
gcc -std=gnu2x -I"/usr/local/lib/R/include" -DNDEBUG  -I'/tmp/library/S4Vectors/include' -I'/tmp/library/IRanges/include' -I'/tmp/library/XVector/include' -I/usr/local/include   -fopenmp -fpic  -g -O2 -fstack-protector-strong -Wformat -Werror=format-security -Wdate-time -D_FORTIFY_SOURCE=2 -g  -c SparseArray_subassignment.c -o SparseArray_subassignment.o
gcc -std=gnu2x -I"/usr/local/lib/R/include" -DNDEBUG  -I'/tmp/library/S4Vectors/include' -I'/tmp/library/IRanges/include' -I'/tmp/library/XVector/include' -I/usr/local/include   -fopenmp -fpic  -g -O2 -fstack-protector-strong -Wformat -Werror=format-security -Wdate-time -D_FORTIFY_SOURCE=2 -g  -c SparseArray_subsetting.c -o SparseArray_subsetting.o
SparseArray_subsetting.c: In function ‘REC_subset_SVT_as_SVT’:
SparseArray_subsetting.c:843:26: warning: comparison between pointer and integer
  843 |                 if (offs != i2 || ans_elt != subSVT)
      |                          ^~
gcc -std=gnu2x -I"/usr/local/lib/R/include" -DNDEBUG  -I'/tmp/library/S4Vectors/include' -I'/tmp/library/IRanges/include' -I'/tmp/library/XVector/include' -I/usr/local/include   -fopenmp -fpic  -g -O2 -fstack-protector-strong -Wformat -Werror=format-security -Wdate-time -D_FORTIFY_SOURCE=2 -g  -c SparseArray_summarization.c -o SparseArray_summarization.o
gcc -std=gnu2x -I"/usr/local/lib/R/include" -DNDEBUG  -I'/tmp/library/S4Vectors/include' -I'/tmp/library/IRanges/include' -I'/tmp/library/XVector/include' -I/usr/local/include   -fopenmp -fpic  -g -O2 -fstack-protector-strong -Wformat -Werror=format-security -Wdate-time -D_FORTIFY_SOURCE=2 -g  -c SparseMatrix_mult.c -o SparseMatrix_mult.o
gcc -std=gnu2x -I"/usr/local/lib/R/include" -DNDEBUG  -I'/tmp/library/S4Vectors/include' -I'/tmp/library/IRanges/include' -I'/tmp/library/XVector/include' -I/usr/local/include   -fopenmp -fpic  -g -O2 -fstack-protector-strong -Wformat -Werror=format-security -Wdate-time -D_FORTIFY_SOURCE=2 -g  -c SparseVec.c -o SparseVec.o
gcc -std=gnu2x -I"/usr/local/lib/R/include" -DNDEBUG  -I'/tmp/library/S4Vectors/include' -I'/tmp/library/IRanges/include' -I'/tmp/library/XVector/include' -I/usr/local/include   -fopenmp -fpic  -g -O2 -fstack-protector-strong -Wformat -Werror=format-security -Wdate-time -D_FORTIFY_SOURCE=2 -g  -c SparseVec_Arith.c -o SparseVec_Arith.o
gcc -std=gnu2x -I"/usr/local/lib/R/include" -DNDEBUG  -I'/tmp/library/S4Vectors/include' -I'/tmp/library/IRanges/include' -I'/tmp/library/XVector/include' -I/usr/local/include   -fopenmp -fpic  -g -O2 -fstack-protector-strong -Wformat -Werror=format-security -Wdate-time -D_FORTIFY_SOURCE=2 -g  -c SparseVec_Compare.c -o SparseVec_Compare.o
gcc -std=gnu2x -I"/usr/local/lib/R/include" -DNDEBUG  -I'/tmp/library/S4Vectors/include' -I'/tmp/library/IRanges/include' -I'/tmp/library/XVector/include' -I/usr/local/include   -fopenmp -fpic  -g -O2 -fstack-protector-strong -Wformat -Werror=format-security -Wdate-time -D_FORTIFY_SOURCE=2 -g  -c SparseVec_Logic.c -o SparseVec_Logic.o
gcc -std=gnu2x -I"/usr/local/lib/R/include" -DNDEBUG  -I'/tmp/library/S4Vectors/include' -I'/tmp/library/IRanges/include' -I'/tmp/library/XVector/include' -I/usr/local/include   -fopenmp -fpic  -g -O2 -fstack-protector-strong -Wformat -Werror=format-security -Wdate-time -D_FORTIFY_SOURCE=2 -g  -c SparseVec_Math.c -o SparseVec_Math.o
gcc -std=gnu2x -I"/usr/local/lib/R/include" -DNDEBUG  -I'/tmp/library/S4Vectors/include' -I'/tmp/library/IRanges/include' -I'/tmp/library/XVector/include' -I/usr/local/include   -fopenmp -fpic  -g -O2 -fstack-protector-strong -Wformat -Werror=format-security -Wdate-time -D_FORTIFY_SOURCE=2 -g  -c SparseVec_dotprod.c -o SparseVec_dotprod.o
gcc -std=gnu2x -I"/usr/local/lib/R/include" -DNDEBUG  -I'/tmp/library/S4Vectors/include' -I'/tmp/library/IRanges/include' -I'/tmp/library/XVector/include' -I/usr/local/include   -fopenmp -fpic  -g -O2 -fstack-protector-strong -Wformat -Werror=format-security -Wdate-time -D_FORTIFY_SOURCE=2 -g  -c SparseVec_subassignment.c -o SparseVec_subassignment.o
gcc -std=gnu2x -I"/usr/local/lib/R/include" -DNDEBUG  -I'/tmp/library/S4Vectors/include' -I'/tmp/library/IRanges/include' -I'/tmp/library/XVector/include' -I/usr/local/include   -fopenmp -fpic  -g -O2 -fstack-protector-strong -Wformat -Werror=format-security -Wdate-time -D_FORTIFY_SOURCE=2 -g  -c SparseVec_subsetting.c -o SparseVec_subsetting.o
gcc -std=gnu2x -I"/usr/local/lib/R/include" -DNDEBUG  -I'/tmp/library/S4Vectors/include' -I'/tmp/library/IRanges/include' -I'/tmp/library/XVector/include' -I/usr/local/include   -fopenmp -fpic  -g -O2 -fstack-protector-strong -Wformat -Werror=format-security -Wdate-time -D_FORTIFY_SOURCE=2 -g  -c XVector_stubs.c -o XVector_stubs.o
gcc -std=gnu2x -I"/usr/local/lib/R/include" -DNDEBUG  -I'/tmp/library/S4Vectors/include' -I'/tmp/library/IRanges/include' -I'/tmp/library/XVector/include' -I/usr/local/include   -fopenmp -fpic  -g -O2 -fstack-protector-strong -Wformat -Werror=format-security -Wdate-time -D_FORTIFY_SOURCE=2 -g  -c argcheck_utils.c -o argcheck_utils.o
gcc -std=gnu2x -I"/usr/local/lib/R/include" -DNDEBUG  -I'/tmp/library/S4Vectors/include' -I'/tmp/library/IRanges/include' -I'/tmp/library/XVector/include' -I/usr/local/include   -fopenmp -fpic  -g -O2 -fstack-protector-strong -Wformat -Werror=format-security -Wdate-time -D_FORTIFY_SOURCE=2 -g  -c coerceVector2.c -o coerceVector2.o
gcc -std=gnu2x -I"/usr/local/lib/R/include" -DNDEBUG  -I'/tmp/library/S4Vectors/include' -I'/tmp/library/IRanges/include' -I'/tmp/library/XVector/include' -I/usr/local/include   -fopenmp -fpic  -g -O2 -fstack-protector-strong -Wformat -Werror=format-security -Wdate-time -D_FORTIFY_SOURCE=2 -g  -c leaf_utils.c -o leaf_utils.o
gcc -std=gnu2x -I"/usr/local/lib/R/include" -DNDEBUG  -I'/tmp/library/S4Vectors/include' -I'/tmp/library/IRanges/include' -I'/tmp/library/XVector/include' -I/usr/local/include   -fopenmp -fpic  -g -O2 -fstack-protector-strong -Wformat -Werror=format-security -Wdate-time -D_FORTIFY_SOURCE=2 -g  -c misc_utils.c -o misc_utils.o
gcc -std=gnu2x -I"/usr/local/lib/R/include" -DNDEBUG  -I'/tmp/library/S4Vectors/include' -I'/tmp/library/IRanges/include' -I'/tmp/library/XVector/include' -I/usr/local/include   -fopenmp -fpic  -g -O2 -fstack-protector-strong -Wformat -Werror=format-security -Wdate-time -D_FORTIFY_SOURCE=2 -g  -c randomSparseArray.c -o randomSparseArray.o
gcc -std=gnu2x -I"/usr/local/lib/R/include" -DNDEBUG  -I'/tmp/library/S4Vectors/include' -I'/tmp/library/IRanges/include' -I'/tmp/library/XVector/include' -I/usr/local/include   -fopenmp -fpic  -g -O2 -fstack-protector-strong -Wformat -Werror=format-security -Wdate-time -D_FORTIFY_SOURCE=2 -g  -c readSparseCSV.c -o readSparseCSV.o
gcc -std=gnu2x -I"/usr/local/lib/R/include" -DNDEBUG  -I'/tmp/library/S4Vectors/include' -I'/tmp/library/IRanges/include' -I'/tmp/library/XVector/include' -I/usr/local/include   -fopenmp -fpic  -g -O2 -fstack-protector-strong -Wformat -Werror=format-security -Wdate-time -D_FORTIFY_SOURCE=2 -g  -c rowsum_methods.c -o rowsum_methods.o
gcc -std=gnu2x -I"/usr/local/lib/R/include" -DNDEBUG  -I'/tmp/library/S4Vectors/include' -I'/tmp/library/IRanges/include' -I'/tmp/library/XVector/include' -I/usr/local/include   -fopenmp -fpic  -g -O2 -fstack-protector-strong -Wformat -Werror=format-security -Wdate-time -D_FORTIFY_SOURCE=2 -g  -c sparseMatrix_utils.c -o sparseMatrix_utils.o
gcc -std=gnu2x -I"/usr/local/lib/R/include" -DNDEBUG  -I'/tmp/library/S4Vectors/include' -I'/tmp/library/IRanges/include' -I'/tmp/library/XVector/include' -I/usr/local/include   -fopenmp -fpic  -g -O2 -fstack-protector-strong -Wformat -Werror=format-security -Wdate-time -D_FORTIFY_SOURCE=2 -g  -c test.c -o test.o
gcc -std=gnu2x -I"/usr/local/lib/R/include" -DNDEBUG  -I'/tmp/library/S4Vectors/include' -I'/tmp/library/IRanges/include' -I'/tmp/library/XVector/include' -I/usr/local/include   -fopenmp -fpic  -g -O2 -fstack-protector-strong -Wformat -Werror=format-security -Wdate-time -D_FORTIFY_SOURCE=2 -g  -c thread_control.c -o thread_control.o
gcc -std=gnu2x -shared -L/usr/local/lib/R/lib -L/usr/local/lib -o SparseArray.so ExtendableJaggedArray.o IRanges_stubs.o OPBufTree.o R_init_SparseArray.o Rvector_summarization.o Rvector_utils.o S4Vectors_stubs.o SBT_utils.o SVT_SparseArray_class.o SparseArray_Arith_methods.o SparseArray_Compare_methods.o SparseArray_Complex_methods.o SparseArray_Logic_methods.o SparseArray_Math_methods.o SparseArray_abind.o SparseArray_aperm.o SparseArray_dim_tuning.o SparseArray_matrixStats.o SparseArray_misc_methods.o SparseArray_subassignment.o SparseArray_subsetting.o SparseArray_summarization.o SparseMatrix_mult.o SparseVec.o SparseVec_Arith.o SparseVec_Compare.o SparseVec_Logic.o SparseVec_Math.o SparseVec_dotprod.o SparseVec_subassignment.o SparseVec_subsetting.o XVector_stubs.o argcheck_utils.o coerceVector2.o leaf_utils.o misc_utils.o randomSparseArray.o readSparseCSV.o rowsum_methods.o sparseMatrix_utils.o test.o thread_control.o -fopenmp -L/usr/local/lib/R/lib -lR
installing to /tmp/library/00LOCK-SparseArray/00new/SparseArray/libs
** R
** inst
** byte-compile and prepare package for lazy loading
** help
*** installing help indices
** building package indices
** installing vignettes
** testing if installed package can be loaded from temporary location
** checking absolute paths in shared objects and dynamic libraries
** testing if installed package can be loaded from final location
** testing if installed package keeps a record of temporary installation path
* SHA256 sums
* creating tarball
packaged installation of ‘SparseArray’ as ‘SparseArray_1.13.2_R_x86_64-pc-linux-gnu.tar.gz’
* DONE (SparseArray)
* installing *source* package ‘GenomeInfoDb’ ...
** this is package ‘GenomeInfoDb’ version ‘1.49.1’
** package ‘GenomeInfoDb’ successfully unpacked and MD5 sums checked
** using staged installation
** R
** inst
** byte-compile and prepare package for lazy loading
** help
*** installing help indices
** building package indices
** installing vignettes
** testing if installed package can be loaded from temporary location
** testing if installed package can be loaded from final location
** testing if installed package keeps a record of temporary installation path
* SHA256 sums
* creating tarball
packaged installation of ‘GenomeInfoDb’ as ‘GenomeInfoDb_1.49.1_R_x86_64-pc-linux-gnu.tar.gz’
* DONE (GenomeInfoDb)
Warning: SystemRequirements specified C++11: support has been removed
* installing *source* package ‘mzR’ ...
** this is package ‘mzR’ version ‘2.47.0’
** package ‘mzR’ successfully unpacked and MD5 sums checked
** using staged installation
** libs
specified C++11
using C++ compiler: ‘g++ (Ubuntu 13.3.0-6ubuntu2~24.04.1) 13.3.0’
rm -f RcppPwiz.o RcppPwizModule.o RcppIdent.o RcppIdentModule.o ./boost/libs/system/src/error_code.o ./boost/libs/regex/src/posix_api.o ./boost/libs/regex/src/regex_debug.o ./boost/libs/regex/src/regex.o ./boost/libs/regex/src/wide_posix_api.o ./boost/libs/regex/src/static_mutex.o ./boost/libs/iostreams/src/zlib.o ./boost/libs/iostreams/src/file_descriptor.o ./boost/libs/filesystem/src/operations.o ./boost/libs/filesystem/src/directory.o ./boost/libs/filesystem/src/exception.o ./boost/libs/filesystem/src/path.o ./boost/libs/filesystem/src/unique_path.o ./boost/libs/filesystem/src/utf8_codecvt_facet.o ./boost/libs/chrono/src/chrono.o ./boost/libs/chrono/src/process_cpu_clocks.o ./boost/libs/chrono/src/thread_clock.o ./pwiz/data/msdata/Version.o ./pwiz/data/identdata/Version.o ./pwiz/data/common/MemoryIndex.o ./pwiz/data/common/CVTranslator.o ./pwiz/data/common/cv.o ./pwiz/data/common/ParamTypes.o ./pwiz/data/common/BinaryIndexStream.o ./pwiz/data/common/diff_std.o ./pwiz/data/common/Unimod.o ./pwiz/data/msdata/mz5/Configuration_mz5.o ./pwiz/data/msdata/mz5/Connection_mz5.o ./pwiz/data/msdata/mz5/Datastructures_mz5.o ./pwiz/data/msdata/mz5/ReferenceRead_mz5.o ./pwiz/data/msdata/mz5/ReferenceWrite_mz5.o ./pwiz/data/msdata/mz5/Translator_mz5.o ./pwiz/data/msdata/DefaultReaderList.o ./pwiz/data/msdata/ChromatogramList_mzML.o ./pwiz/data/msdata/ChromatogramList_mz5.o ./pwiz/data/msdata/examples.o ./pwiz/data/msdata/Serializer_mzML.o ./pwiz/data/msdata/Serializer_MSn.o ./pwiz/data/msdata/Reader.o ./pwiz/data/msdata/Serializer_mz5.o ./pwiz/data/msdata/Serializer_MGF.o ./pwiz/data/msdata/Serializer_mzXML.o ./pwiz/data/msdata/SpectrumListBase.o ./pwiz/data/msdata/SpectrumList_MGF.o ./pwiz/data/msdata/SpectrumList_mzML.o ./pwiz/data/msdata/SpectrumList_MSn.o ./pwiz/data/msdata/SpectrumList_mz5.o ./pwiz/data/msdata/BinaryDataEncoder.o ./pwiz/data/msdata/Diff.o ./pwiz/data/msdata/MSData.o ./pwiz/data/msdata/References.o ./pwiz/data/msdata/SpectrumList_mzXML.o ./pwiz/data/msdata/IO.o ./pwiz/data/msdata/SpectrumList_BTDX.o ./pwiz/data/msdata/SpectrumInfo.o ./pwiz/data/msdata/LegacyAdapter.o ./pwiz/data/msdata/SpectrumIterator.o ./pwiz/data/msdata/MSDataFile.o ./pwiz/data/msdata/MSNumpress.o ./pwiz/data/msdata/SpectrumListCache.o ./pwiz/data/msdata/Index_mzML.o ./pwiz/data/msdata/SpectrumWorkerThreads.o ./pwiz/data/identdata/IdentDataFile.o ./pwiz/data/identdata/IdentData.o ./pwiz/data/identdata/DefaultReaderList.o ./pwiz/data/identdata/Reader.o ./pwiz/data/identdata/Serializer_protXML.o ./pwiz/data/identdata/Serializer_pepXML.o ./pwiz/data/identdata/Serializer_mzid.o ./pwiz/data/identdata/IO.o ./pwiz/data/identdata/References.o ./pwiz/data/identdata/MascotReader.o ./pwiz/data/proteome/Modification.o ./pwiz/data/proteome/Digestion.o ./pwiz/data/proteome/Peptide.o ./pwiz/data/proteome/AminoAcid.o ./pwiz/utility/minimxml/XMLWriter.o ./pwiz/utility/minimxml/SAXParser.o ./pwiz/utility/chemistry/Chemistry.o ./pwiz/utility/chemistry/ChemistryData.o ./pwiz/utility/chemistry/MZTolerance.o ./pwiz/utility/misc/IntegerSet.o ./pwiz/utility/misc/Base64.o ./pwiz/utility/misc/BinaryData.o ./pwiz/utility/misc/IterationListener.o ./pwiz/utility/misc/MSIHandler.o ./pwiz/utility/misc/Filesystem.o ./pwiz/utility/misc/TabReader.o ./pwiz/utility/misc/random_access_compressed_ifstream.o ./pwiz/utility/misc/SHA1.o ./pwiz/utility/misc/SHA1Calculator.o ./pwiz/utility/misc/sha1calc.o ./pwiz/utility/misc/String.o ./RcppExports.o ./boost/libs/thread/src/pthread/once.o ./boost/libs/thread/src/pthread/thread.o
g++ -std=gnu++20 -I"/usr/local/lib/R/include" -DNDEBUG -I./boost_aux/ -I./boost/ -I. -D_LARGEFILE_SOURCE -DHAVE_PWIZ_MZML_LIB -D_NODEBUG    -I'/usr/local/lib/R/site-library/Rcpp/include' -I'/tmp/library/Rhdf5lib/include' -I/usr/local/include    -fpic  -g -O2 -fstack-protector-strong -Wformat -Werror=format-security -Wdate-time -D_FORTIFY_SOURCE=2 -g   -c RcppPwiz.cpp -o RcppPwiz.o
In file included from pwiz/data/msdata/MSData.hpp:29,
                 from pwiz/data/msdata/MSDataFile.hpp:29,
                 from RcppPwiz.h:12,
                 from RcppPwiz.cpp:1:
./pwiz/utility/misc/BinaryData.hpp:54:54: warning: ‘template<class _Category, class _Tp, class _Distance, class _Pointer, class _Reference> struct std::iterator’ is deprecated [-Wdeprecated-declarations]
   54 |     class PWIZ_API_DECL const_iterator : public std::iterator<std::random_access_iterator_tag, const T>
      |                                                      ^~~~~~~~
In file included from /usr/include/c++/13/bits/stl_algobase.h:65,
                 from /usr/include/c++/13/bits/specfun.h:43,
                 from /usr/include/c++/13/cmath:3699,
                 from /usr/local/lib/R/site-library/Rcpp/include/Rcpp/platform/compiler.h:37,
                 from /usr/local/lib/R/site-library/Rcpp/include/Rcpp/r/headers.h:67,
                 from /usr/local/lib/R/site-library/Rcpp/include/RcppCommon.h:30,
                 from /usr/local/lib/R/site-library/Rcpp/include/Rcpp.h:27,
                 from RcppPwiz.h:4:
/usr/include/c++/13/bits/stl_iterator_base_types.h:127:34: note: declared here
  127 |     struct _GLIBCXX17_DEPRECATED iterator
      |                                  ^~~~~~~~
./pwiz/utility/misc/BinaryData.hpp:88:48: warning: ‘template<class _Category, class _Tp, class _Distance, class _Pointer, class _Reference> struct std::iterator’ is deprecated [-Wdeprecated-declarations]
   88 |     class PWIZ_API_DECL iterator : public std::iterator<std::random_access_iterator_tag, T>
      |                                                ^~~~~~~~
/usr/include/c++/13/bits/stl_iterator_base_types.h:127:34: note: declared here
  127 |     struct _GLIBCXX17_DEPRECATED iterator
      |                                  ^~~~~~~~
RcppPwiz.cpp: In member function ‘Rcpp::List RcppPwiz::getPeakList(Rcpp::IntegerVector)’:
RcppPwiz.cpp:420:56: warning: format ‘%d’ expects argument of type ‘int’, but argument 2 has type ‘size_t’ {aka ‘long unsigned int’} [-Wformat=]
  420 |         Rprintf("Index whichScan out of bounds [1 ... %d].\n", n_scans);
      |                                                       ~^       ~~~~~~~
      |                                                        |       |
      |                                                        int     size_t {aka long unsigned int}
      |                                                       %ld
RcppPwiz.cpp: In member function ‘Rcpp::DataFrame RcppPwiz::getChromatogramsInfo(int)’:
RcppPwiz.cpp:891:55: warning: format ‘%d’ expects argument of type ‘int’, but argument 2 has type ‘size_t’ {aka ‘long unsigned int’} [-Wformat=]
  891 |       Rprintf("Index whichChrom out of bounds [1 ... %d].\n", (clp->size()));
      |                                                      ~^       ~~~~~~~~~~~~~
      |                                                       |                 |
      |                                                       int               size_t {aka long unsigned int}
      |                                                      %ld
g++ -std=gnu++20 -I"/usr/local/lib/R/include" -DNDEBUG -I./boost_aux/ -I./boost/ -I. -D_LARGEFILE_SOURCE -DHAVE_PWIZ_MZML_LIB -D_NODEBUG    -I'/usr/local/lib/R/site-library/Rcpp/include' -I'/tmp/library/Rhdf5lib/include' -I/usr/local/include    -fpic  -g -O2 -fstack-protector-strong -Wformat -Werror=format-security -Wdate-time -D_FORTIFY_SOURCE=2 -g   -c RcppPwizModule.cpp -o RcppPwizModule.o
In file included from pwiz/data/msdata/MSData.hpp:29,
                 from pwiz/data/msdata/MSDataFile.hpp:29,
                 from RcppPwiz.h:12,
                 from RcppPwizModule.cpp:2:
./pwiz/utility/misc/BinaryData.hpp:54:54: warning: ‘template<class _Category, class _Tp, class _Distance, class _Pointer, class _Reference> struct std::iterator’ is deprecated [-Wdeprecated-declarations]
   54 |     class PWIZ_API_DECL const_iterator : public std::iterator<std::random_access_iterator_tag, const T>
      |                                                      ^~~~~~~~
In file included from /usr/include/c++/13/bits/stl_algobase.h:65,
                 from /usr/include/c++/13/bits/specfun.h:43,
                 from /usr/include/c++/13/cmath:3699,
                 from /usr/local/lib/R/site-library/Rcpp/include/Rcpp/platform/compiler.h:37,
                 from /usr/local/lib/R/site-library/Rcpp/include/Rcpp/r/headers.h:67,
                 from /usr/local/lib/R/site-library/Rcpp/include/RcppCommon.h:30,
                 from /usr/local/lib/R/site-library/Rcpp/include/Rcpp.h:27,
                 from RcppPwizModule.cpp:1:
/usr/include/c++/13/bits/stl_iterator_base_types.h:127:34: note: declared here
  127 |     struct _GLIBCXX17_DEPRECATED iterator
      |                                  ^~~~~~~~
./pwiz/utility/misc/BinaryData.hpp:88:48: warning: ‘template<class _Category, class _Tp, class _Distance, class _Pointer, class _Reference> struct std::iterator’ is deprecated [-Wdeprecated-declarations]
   88 |     class PWIZ_API_DECL iterator : public std::iterator<std::random_access_iterator_tag, T>
      |                                                ^~~~~~~~
/usr/include/c++/13/bits/stl_iterator_base_types.h:127:34: note: declared here
  127 |     struct _GLIBCXX17_DEPRECATED iterator
      |                                  ^~~~~~~~
g++ -std=gnu++20 -I"/usr/local/lib/R/include" -DNDEBUG -I./boost_aux/ -I./boost/ -I. -D_LARGEFILE_SOURCE -DHAVE_PWIZ_MZML_LIB -D_NODEBUG    -I'/usr/local/lib/R/site-library/Rcpp/include' -I'/tmp/library/Rhdf5lib/include' -I/usr/local/include    -fpic  -g -O2 -fstack-protector-strong -Wformat -Werror=format-security -Wdate-time -D_FORTIFY_SOURCE=2 -g   -c RcppIdent.cpp -o RcppIdent.o
g++ -std=gnu++20 -I"/usr/local/lib/R/include" -DNDEBUG -I./boost_aux/ -I./boost/ -I. -D_LARGEFILE_SOURCE -DHAVE_PWIZ_MZML_LIB -D_NODEBUG    -I'/usr/local/lib/R/site-library/Rcpp/include' -I'/tmp/library/Rhdf5lib/include' -I/usr/local/include    -fpic  -g -O2 -fstack-protector-strong -Wformat -Werror=format-security -Wdate-time -D_FORTIFY_SOURCE=2 -g   -c RcppIdentModule.cpp -o RcppIdentModule.o
g++ -std=gnu++20 -I"/usr/local/lib/R/include" -DNDEBUG -I./boost_aux/ -I./boost/ -I. -D_LARGEFILE_SOURCE -DHAVE_PWIZ_MZML_LIB -D_NODEBUG    -I'/usr/local/lib/R/site-library/Rcpp/include' -I'/tmp/library/Rhdf5lib/include' -I/usr/local/include    -fpic  -g -O2 -fstack-protector-strong -Wformat -Werror=format-security -Wdate-time -D_FORTIFY_SOURCE=2 -g   -c boost/libs/system/src/error_code.cpp -o boost/libs/system/src/error_code.o
g++ -std=gnu++20 -I"/usr/local/lib/R/include" -DNDEBUG -I./boost_aux/ -I./boost/ -I. -D_LARGEFILE_SOURCE -DHAVE_PWIZ_MZML_LIB -D_NODEBUG    -I'/usr/local/lib/R/site-library/Rcpp/include' -I'/tmp/library/Rhdf5lib/include' -I/usr/local/include    -fpic  -g -O2 -fstack-protector-strong -Wformat -Werror=format-security -Wdate-time -D_FORTIFY_SOURCE=2 -g   -c boost/libs/regex/src/posix_api.cpp -o boost/libs/regex/src/posix_api.o
g++ -std=gnu++20 -I"/usr/local/lib/R/include" -DNDEBUG -I./boost_aux/ -I./boost/ -I. -D_LARGEFILE_SOURCE -DHAVE_PWIZ_MZML_LIB -D_NODEBUG    -I'/usr/local/lib/R/site-library/Rcpp/include' -I'/tmp/library/Rhdf5lib/include' -I/usr/local/include    -fpic  -g -O2 -fstack-protector-strong -Wformat -Werror=format-security -Wdate-time -D_FORTIFY_SOURCE=2 -g   -c boost/libs/regex/src/regex_debug.cpp -o boost/libs/regex/src/regex_debug.o
g++ -std=gnu++20 -I"/usr/local/lib/R/include" -DNDEBUG -I./boost_aux/ -I./boost/ -I. -D_LARGEFILE_SOURCE -DHAVE_PWIZ_MZML_LIB -D_NODEBUG    -I'/usr/local/lib/R/site-library/Rcpp/include' -I'/tmp/library/Rhdf5lib/include' -I/usr/local/include    -fpic  -g -O2 -fstack-protector-strong -Wformat -Werror=format-security -Wdate-time -D_FORTIFY_SOURCE=2 -g   -c boost/libs/regex/src/regex.cpp -o boost/libs/regex/src/regex.o
g++ -std=gnu++20 -I"/usr/local/lib/R/include" -DNDEBUG -I./boost_aux/ -I./boost/ -I. -D_LARGEFILE_SOURCE -DHAVE_PWIZ_MZML_LIB -D_NODEBUG    -I'/usr/local/lib/R/site-library/Rcpp/include' -I'/tmp/library/Rhdf5lib/include' -I/usr/local/include    -fpic  -g -O2 -fstack-protector-strong -Wformat -Werror=format-security -Wdate-time -D_FORTIFY_SOURCE=2 -g   -c boost/libs/regex/src/wide_posix_api.cpp -o boost/libs/regex/src/wide_posix_api.o
g++ -std=gnu++20 -I"/usr/local/lib/R/include" -DNDEBUG -I./boost_aux/ -I./boost/ -I. -D_LARGEFILE_SOURCE -DHAVE_PWIZ_MZML_LIB -D_NODEBUG    -I'/usr/local/lib/R/site-library/Rcpp/include' -I'/tmp/library/Rhdf5lib/include' -I/usr/local/include    -fpic  -g -O2 -fstack-protector-strong -Wformat -Werror=format-security -Wdate-time -D_FORTIFY_SOURCE=2 -g   -c boost/libs/regex/src/static_mutex.cpp -o boost/libs/regex/src/static_mutex.o
g++ -std=gnu++20 -I"/usr/local/lib/R/include" -DNDEBUG -I./boost_aux/ -I./boost/ -I. -D_LARGEFILE_SOURCE -DHAVE_PWIZ_MZML_LIB -D_NODEBUG    -I'/usr/local/lib/R/site-library/Rcpp/include' -I'/tmp/library/Rhdf5lib/include' -I/usr/local/include    -fpic  -g -O2 -fstack-protector-strong -Wformat -Werror=format-security -Wdate-time -D_FORTIFY_SOURCE=2 -g   -c boost/libs/iostreams/src/zlib.cpp -o boost/libs/iostreams/src/zlib.o
g++ -std=gnu++20 -I"/usr/local/lib/R/include" -DNDEBUG -I./boost_aux/ -I./boost/ -I. -D_LARGEFILE_SOURCE -DHAVE_PWIZ_MZML_LIB -D_NODEBUG    -I'/usr/local/lib/R/site-library/Rcpp/include' -I'/tmp/library/Rhdf5lib/include' -I/usr/local/include    -fpic  -g -O2 -fstack-protector-strong -Wformat -Werror=format-security -Wdate-time -D_FORTIFY_SOURCE=2 -g   -c boost/libs/iostreams/src/file_descriptor.cpp -o boost/libs/iostreams/src/file_descriptor.o
g++ -std=gnu++20 -I"/usr/local/lib/R/include" -DNDEBUG -I./boost_aux/ -I./boost/ -I. -D_LARGEFILE_SOURCE -DHAVE_PWIZ_MZML_LIB -D_NODEBUG    -I'/usr/local/lib/R/site-library/Rcpp/include' -I'/tmp/library/Rhdf5lib/include' -I/usr/local/include    -fpic  -g -O2 -fstack-protector-strong -Wformat -Werror=format-security -Wdate-time -D_FORTIFY_SOURCE=2 -g   -c boost/libs/filesystem/src/operations.cpp -o boost/libs/filesystem/src/operations.o
g++ -std=gnu++20 -I"/usr/local/lib/R/include" -DNDEBUG -I./boost_aux/ -I./boost/ -I. -D_LARGEFILE_SOURCE -DHAVE_PWIZ_MZML_LIB -D_NODEBUG    -I'/usr/local/lib/R/site-library/Rcpp/include' -I'/tmp/library/Rhdf5lib/include' -I/usr/local/include    -fpic  -g -O2 -fstack-protector-strong -Wformat -Werror=format-security -Wdate-time -D_FORTIFY_SOURCE=2 -g   -c boost/libs/filesystem/src/directory.cpp -o boost/libs/filesystem/src/directory.o
g++ -std=gnu++20 -I"/usr/local/lib/R/include" -DNDEBUG -I./boost_aux/ -I./boost/ -I. -D_LARGEFILE_SOURCE -DHAVE_PWIZ_MZML_LIB -D_NODEBUG    -I'/usr/local/lib/R/site-library/Rcpp/include' -I'/tmp/library/Rhdf5lib/include' -I/usr/local/include    -fpic  -g -O2 -fstack-protector-strong -Wformat -Werror=format-security -Wdate-time -D_FORTIFY_SOURCE=2 -g   -c boost/libs/filesystem/src/exception.cpp -o boost/libs/filesystem/src/exception.o
g++ -std=gnu++20 -I"/usr/local/lib/R/include" -DNDEBUG -I./boost_aux/ -I./boost/ -I. -D_LARGEFILE_SOURCE -DHAVE_PWIZ_MZML_LIB -D_NODEBUG    -I'/usr/local/lib/R/site-library/Rcpp/include' -I'/tmp/library/Rhdf5lib/include' -I/usr/local/include    -fpic  -g -O2 -fstack-protector-strong -Wformat -Werror=format-security -Wdate-time -D_FORTIFY_SOURCE=2 -g   -c boost/libs/filesystem/src/path.cpp -o boost/libs/filesystem/src/path.o
g++ -std=gnu++20 -I"/usr/local/lib/R/include" -DNDEBUG -I./boost_aux/ -I./boost/ -I. -D_LARGEFILE_SOURCE -DHAVE_PWIZ_MZML_LIB -D_NODEBUG    -I'/usr/local/lib/R/site-library/Rcpp/include' -I'/tmp/library/Rhdf5lib/include' -I/usr/local/include    -fpic  -g -O2 -fstack-protector-strong -Wformat -Werror=format-security -Wdate-time -D_FORTIFY_SOURCE=2 -g   -c boost/libs/filesystem/src/unique_path.cpp -o boost/libs/filesystem/src/unique_path.o
g++ -std=gnu++20 -I"/usr/local/lib/R/include" -DNDEBUG -I./boost_aux/ -I./boost/ -I. -D_LARGEFILE_SOURCE -DHAVE_PWIZ_MZML_LIB -D_NODEBUG    -I'/usr/local/lib/R/site-library/Rcpp/include' -I'/tmp/library/Rhdf5lib/include' -I/usr/local/include    -fpic  -g -O2 -fstack-protector-strong -Wformat -Werror=format-security -Wdate-time -D_FORTIFY_SOURCE=2 -g   -c boost/libs/filesystem/src/utf8_codecvt_facet.cpp -o boost/libs/filesystem/src/utf8_codecvt_facet.o
g++ -std=gnu++20 -I"/usr/local/lib/R/include" -DNDEBUG -I./boost_aux/ -I./boost/ -I. -D_LARGEFILE_SOURCE -DHAVE_PWIZ_MZML_LIB -D_NODEBUG    -I'/usr/local/lib/R/site-library/Rcpp/include' -I'/tmp/library/Rhdf5lib/include' -I/usr/local/include    -fpic  -g -O2 -fstack-protector-strong -Wformat -Werror=format-security -Wdate-time -D_FORTIFY_SOURCE=2 -g   -c boost/libs/chrono/src/chrono.cpp -o boost/libs/chrono/src/chrono.o
g++ -std=gnu++20 -I"/usr/local/lib/R/include" -DNDEBUG -I./boost_aux/ -I./boost/ -I. -D_LARGEFILE_SOURCE -DHAVE_PWIZ_MZML_LIB -D_NODEBUG    -I'/usr/local/lib/R/site-library/Rcpp/include' -I'/tmp/library/Rhdf5lib/include' -I/usr/local/include    -fpic  -g -O2 -fstack-protector-strong -Wformat -Werror=format-security -Wdate-time -D_FORTIFY_SOURCE=2 -g   -c boost/libs/chrono/src/process_cpu_clocks.cpp -o boost/libs/chrono/src/process_cpu_clocks.o
g++ -std=gnu++20 -I"/usr/local/lib/R/include" -DNDEBUG -I./boost_aux/ -I./boost/ -I. -D_LARGEFILE_SOURCE -DHAVE_PWIZ_MZML_LIB -D_NODEBUG    -I'/usr/local/lib/R/site-library/Rcpp/include' -I'/tmp/library/Rhdf5lib/include' -I/usr/local/include    -fpic  -g -O2 -fstack-protector-strong -Wformat -Werror=format-security -Wdate-time -D_FORTIFY_SOURCE=2 -g   -c boost/libs/chrono/src/thread_clock.cpp -o boost/libs/chrono/src/thread_clock.o
g++ -std=gnu++20 -I"/usr/local/lib/R/include" -DNDEBUG -I./boost_aux/ -I./boost/ -I. -D_LARGEFILE_SOURCE -DHAVE_PWIZ_MZML_LIB -D_NODEBUG    -I'/usr/local/lib/R/site-library/Rcpp/include' -I'/tmp/library/Rhdf5lib/include' -I/usr/local/include    -fpic  -g -O2 -fstack-protector-strong -Wformat -Werror=format-security -Wdate-time -D_FORTIFY_SOURCE=2 -g   -c pwiz/data/msdata/Version.cpp -o pwiz/data/msdata/Version.o
g++ -std=gnu++20 -I"/usr/local/lib/R/include" -DNDEBUG -I./boost_aux/ -I./boost/ -I. -D_LARGEFILE_SOURCE -DHAVE_PWIZ_MZML_LIB -D_NODEBUG    -I'/usr/local/lib/R/site-library/Rcpp/include' -I'/tmp/library/Rhdf5lib/include' -I/usr/local/include    -fpic  -g -O2 -fstack-protector-strong -Wformat -Werror=format-security -Wdate-time -D_FORTIFY_SOURCE=2 -g   -c pwiz/data/identdata/Version.cpp -o pwiz/data/identdata/Version.o
g++ -std=gnu++20 -I"/usr/local/lib/R/include" -DNDEBUG -I./boost_aux/ -I./boost/ -I. -D_LARGEFILE_SOURCE -DHAVE_PWIZ_MZML_LIB -D_NODEBUG    -I'/usr/local/lib/R/site-library/Rcpp/include' -I'/tmp/library/Rhdf5lib/include' -I/usr/local/include    -fpic  -g -O2 -fstack-protector-strong -Wformat -Werror=format-security -Wdate-time -D_FORTIFY_SOURCE=2 -g   -c pwiz/data/common/MemoryIndex.cpp -o pwiz/data/common/MemoryIndex.o
g++ -std=gnu++20 -I"/usr/local/lib/R/include" -DNDEBUG -I./boost_aux/ -I./boost/ -I. -D_LARGEFILE_SOURCE -DHAVE_PWIZ_MZML_LIB -D_NODEBUG    -I'/usr/local/lib/R/site-library/Rcpp/include' -I'/tmp/library/Rhdf5lib/include' -I/usr/local/include    -fpic  -g -O2 -fstack-protector-strong -Wformat -Werror=format-security -Wdate-time -D_FORTIFY_SOURCE=2 -g   -c pwiz/data/common/CVTranslator.cpp -o pwiz/data/common/CVTranslator.o
g++ -std=gnu++20 -I"/usr/local/lib/R/include" -DNDEBUG -I./boost_aux/ -I./boost/ -I. -D_LARGEFILE_SOURCE -DHAVE_PWIZ_MZML_LIB -D_NODEBUG    -I'/usr/local/lib/R/site-library/Rcpp/include' -I'/tmp/library/Rhdf5lib/include' -I/usr/local/include    -fpic  -g -O2 -fstack-protector-strong -Wformat -Werror=format-security -Wdate-time -D_FORTIFY_SOURCE=2 -g   -c pwiz/data/common/cv.cpp -o pwiz/data/common/cv.o
g++ -std=gnu++20 -I"/usr/local/lib/R/include" -DNDEBUG -I./boost_aux/ -I./boost/ -I. -D_LARGEFILE_SOURCE -DHAVE_PWIZ_MZML_LIB -D_NODEBUG    -I'/usr/local/lib/R/site-library/Rcpp/include' -I'/tmp/library/Rhdf5lib/include' -I/usr/local/include    -fpic  -g -O2 -fstack-protector-strong -Wformat -Werror=format-security -Wdate-time -D_FORTIFY_SOURCE=2 -g   -c pwiz/data/common/ParamTypes.cpp -o pwiz/data/common/ParamTypes.o
g++ -std=gnu++20 -I"/usr/local/lib/R/include" -DNDEBUG -I./boost_aux/ -I./boost/ -I. -D_LARGEFILE_SOURCE -DHAVE_PWIZ_MZML_LIB -D_NODEBUG    -I'/usr/local/lib/R/site-library/Rcpp/include' -I'/tmp/library/Rhdf5lib/include' -I/usr/local/include    -fpic  -g -O2 -fstack-protector-strong -Wformat -Werror=format-security -Wdate-time -D_FORTIFY_SOURCE=2 -g   -c pwiz/data/common/BinaryIndexStream.cpp -o pwiz/data/common/BinaryIndexStream.o
g++ -std=gnu++20 -I"/usr/local/lib/R/include" -DNDEBUG -I./boost_aux/ -I./boost/ -I. -D_LARGEFILE_SOURCE -DHAVE_PWIZ_MZML_LIB -D_NODEBUG    -I'/usr/local/lib/R/site-library/Rcpp/include' -I'/tmp/library/Rhdf5lib/include' -I/usr/local/include    -fpic  -g -O2 -fstack-protector-strong -Wformat -Werror=format-security -Wdate-time -D_FORTIFY_SOURCE=2 -g   -c pwiz/data/common/diff_std.cpp -o pwiz/data/common/diff_std.o
g++ -std=gnu++20 -I"/usr/local/lib/R/include" -DNDEBUG -I./boost_aux/ -I./boost/ -I. -D_LARGEFILE_SOURCE -DHAVE_PWIZ_MZML_LIB -D_NODEBUG    -I'/usr/local/lib/R/site-library/Rcpp/include' -I'/tmp/library/Rhdf5lib/include' -I/usr/local/include    -fpic  -g -O2 -fstack-protector-strong -Wformat -Werror=format-security -Wdate-time -D_FORTIFY_SOURCE=2 -g   -c pwiz/data/common/Unimod.cpp -o pwiz/data/common/Unimod.o
In file included from ./boost_aux/boost/enum.hpp:21,
                 from pwiz/data/common/Unimod.hpp:31,
                 from pwiz/data/common/Unimod.cpp:25:
pwiz/data/common/Unimod.hpp: In function ‘bool pwiz::data::unimod::operator==(const Site::domain&, const Site&)’:
./boost_aux/boost/enum/macros.hpp:226:85: warning: in C++20 this comparison calls the current function recursively with reversed arguments
  226 |     inline bool operator== (const _name::domain& lhs, const _name& rhs) {return rhs == lhs;} \
      |                                                                                 ~~~~^~~~~~
./boost_aux/boost/enum/macros.hpp:234:5: note: in expansion of macro ‘BOOST_ENUM_DOMAIN_OPERATORS’
  234 |     BOOST_ENUM_DOMAIN_OPERATORS(_name) \
      |     ^~~~~~~~~~~~~~~~~~~~~~~~~~~
pwiz/data/common/Unimod.hpp:69:1: note: in expansion of macro ‘BOOST_BITFIELD_DOMAIN_OPERATORS’
   69 | BOOST_BITFIELD_DOMAIN_OPERATORS(Site)
      | ^~~~~~~~~~~~~~~~~~~~~~~~~~~~~~~
pwiz/data/common/Unimod.hpp: In function ‘bool pwiz::data::unimod::operator==(const Position::domain&, const Position&)’:
./boost_aux/boost/enum/macros.hpp:226:85: warning: in C++20 this comparison calls the current function recursively with reversed arguments
  226 |     inline bool operator== (const _name::domain& lhs, const _name& rhs) {return rhs == lhs;} \
      |                                                                                 ~~~~^~~~~~
pwiz/data/common/Unimod.hpp:78:1: note: in expansion of macro ‘BOOST_ENUM_DOMAIN_OPERATORS’
   78 | BOOST_ENUM_DOMAIN_OPERATORS(Position)
      | ^~~~~~~~~~~~~~~~~~~~~~~~~~~
pwiz/data/common/Unimod.hpp: In function ‘bool pwiz::data::unimod::operator==(const Classification::domain&, const Classification&)’:
./boost_aux/boost/enum/macros.hpp:226:85: warning: in C++20 this comparison calls the current function recursively with reversed arguments
  226 |     inline bool operator== (const _name::domain& lhs, const _name& rhs) {return rhs == lhs;} \
      |                                                                                 ~~~~^~~~~~
./boost_aux/boost/enum/macros.hpp:234:5: note: in expansion of macro ‘BOOST_ENUM_DOMAIN_OPERATORS’
  234 |     BOOST_ENUM_DOMAIN_OPERATORS(_name) \
      |     ^~~~~~~~~~~~~~~~~~~~~~~~~~~
pwiz/data/common/Unimod.hpp:97:1: note: in expansion of macro ‘BOOST_BITFIELD_DOMAIN_OPERATORS’
   97 | BOOST_BITFIELD_DOMAIN_OPERATORS(Classification)
      | ^~~~~~~~~~~~~~~~~~~~~~~~~~~~~~~
g++ -std=gnu++20 -I"/usr/local/lib/R/include" -DNDEBUG -I./boost_aux/ -I./boost/ -I. -D_LARGEFILE_SOURCE -DHAVE_PWIZ_MZML_LIB -D_NODEBUG    -I'/usr/local/lib/R/site-library/Rcpp/include' -I'/tmp/library/Rhdf5lib/include' -I/usr/local/include    -fpic  -g -O2 -fstack-protector-strong -Wformat -Werror=format-security -Wdate-time -D_FORTIFY_SOURCE=2 -g   -c pwiz/data/msdata/mz5/Configuration_mz5.cpp -o pwiz/data/msdata/mz5/Configuration_mz5.o
In file included from pwiz/data/msdata/mz5/../MSData.hpp:29,
                 from pwiz/data/msdata/mz5/Datastructures_mz5.hpp:29,
                 from pwiz/data/msdata/mz5/Configuration_mz5.hpp:27,
                 from pwiz/data/msdata/mz5/Configuration_mz5.cpp:24:
./pwiz/utility/misc/BinaryData.hpp:54:54: warning: ‘template<class _Category, class _Tp, class _Distance, class _Pointer, class _Reference> struct std::iterator’ is deprecated [-Wdeprecated-declarations]
   54 |     class PWIZ_API_DECL const_iterator : public std::iterator<std::random_access_iterator_tag, const T>
      |                                                      ^~~~~~~~
In file included from /usr/include/c++/13/bits/stl_construct.h:61,
                 from /usr/include/c++/13/bits/char_traits.h:57,
                 from /usr/include/c++/13/string:42,
                 from pwiz/data/msdata/mz5/../../common/cv.hpp:35,
                 from pwiz/data/msdata/mz5/Datastructures_mz5.hpp:27:
/usr/include/c++/13/bits/stl_iterator_base_types.h:127:34: note: declared here
  127 |     struct _GLIBCXX17_DEPRECATED iterator
      |                                  ^~~~~~~~
./pwiz/utility/misc/BinaryData.hpp:88:48: warning: ‘template<class _Category, class _Tp, class _Distance, class _Pointer, class _Reference> struct std::iterator’ is deprecated [-Wdeprecated-declarations]
   88 |     class PWIZ_API_DECL iterator : public std::iterator<std::random_access_iterator_tag, T>
      |                                                ^~~~~~~~
/usr/include/c++/13/bits/stl_iterator_base_types.h:127:34: note: declared here
  127 |     struct _GLIBCXX17_DEPRECATED iterator
      |                                  ^~~~~~~~
g++ -std=gnu++20 -I"/usr/local/lib/R/include" -DNDEBUG -I./boost_aux/ -I./boost/ -I. -D_LARGEFILE_SOURCE -DHAVE_PWIZ_MZML_LIB -D_NODEBUG    -I'/usr/local/lib/R/site-library/Rcpp/include' -I'/tmp/library/Rhdf5lib/include' -I/usr/local/include    -fpic  -g -O2 -fstack-protector-strong -Wformat -Werror=format-security -Wdate-time -D_FORTIFY_SOURCE=2 -g   -c pwiz/data/msdata/mz5/Connection_mz5.cpp -o pwiz/data/msdata/mz5/Connection_mz5.o
In file included from pwiz/data/msdata/mz5/../MSData.hpp:29,
                 from pwiz/data/msdata/mz5/Connection_mz5.hpp:27,
                 from pwiz/data/msdata/mz5/Connection_mz5.cpp:24:
./pwiz/utility/misc/BinaryData.hpp:54:54: warning: ‘template<class _Category, class _Tp, class _Distance, class _Pointer, class _Reference> struct std::iterator’ is deprecated [-Wdeprecated-declarations]
   54 |     class PWIZ_API_DECL const_iterator : public std::iterator<std::random_access_iterator_tag, const T>
      |                                                      ^~~~~~~~
In file included from /usr/include/c++/13/bits/stl_algobase.h:65,
                 from /usr/include/c++/13/algorithm:60,
                 from ./pwiz/utility/misc/BinaryData.hpp:29:
/usr/include/c++/13/bits/stl_iterator_base_types.h:127:34: note: declared here
  127 |     struct _GLIBCXX17_DEPRECATED iterator
      |                                  ^~~~~~~~
./pwiz/utility/misc/BinaryData.hpp:88:48: warning: ‘template<class _Category, class _Tp, class _Distance, class _Pointer, class _Reference> struct std::iterator’ is deprecated [-Wdeprecated-declarations]
   88 |     class PWIZ_API_DECL iterator : public std::iterator<std::random_access_iterator_tag, T>
      |                                                ^~~~~~~~
/usr/include/c++/13/bits/stl_iterator_base_types.h:127:34: note: declared here
  127 |     struct _GLIBCXX17_DEPRECATED iterator
      |                                  ^~~~~~~~
g++ -std=gnu++20 -I"/usr/local/lib/R/include" -DNDEBUG -I./boost_aux/ -I./boost/ -I. -D_LARGEFILE_SOURCE -DHAVE_PWIZ_MZML_LIB -D_NODEBUG    -I'/usr/local/lib/R/site-library/Rcpp/include' -I'/tmp/library/Rhdf5lib/include' -I/usr/local/include    -fpic  -g -O2 -fstack-protector-strong -Wformat -Werror=format-security -Wdate-time -D_FORTIFY_SOURCE=2 -g   -c pwiz/data/msdata/mz5/Datastructures_mz5.cpp -o pwiz/data/msdata/mz5/Datastructures_mz5.o
In file included from pwiz/data/msdata/mz5/../MSData.hpp:29,
                 from pwiz/data/msdata/mz5/Datastructures_mz5.hpp:29,
                 from pwiz/data/msdata/mz5/Datastructures_mz5.cpp:24:
./pwiz/utility/misc/BinaryData.hpp:54:54: warning: ‘template<class _Category, class _Tp, class _Distance, class _Pointer, class _Reference> struct std::iterator’ is deprecated [-Wdeprecated-declarations]
   54 |     class PWIZ_API_DECL const_iterator : public std::iterator<std::random_access_iterator_tag, const T>
      |                                                      ^~~~~~~~
In file included from /usr/include/c++/13/bits/stl_construct.h:61,
                 from /usr/include/c++/13/bits/char_traits.h:57,
                 from /usr/include/c++/13/string:42,
                 from pwiz/data/msdata/mz5/../../common/cv.hpp:35,
                 from pwiz/data/msdata/mz5/Datastructures_mz5.hpp:27:
/usr/include/c++/13/bits/stl_iterator_base_types.h:127:34: note: declared here
  127 |     struct _GLIBCXX17_DEPRECATED iterator
      |                                  ^~~~~~~~
./pwiz/utility/misc/BinaryData.hpp:88:48: warning: ‘template<class _Category, class _Tp, class _Distance, class _Pointer, class _Reference> struct std::iterator’ is deprecated [-Wdeprecated-declarations]
   88 |     class PWIZ_API_DECL iterator : public std::iterator<std::random_access_iterator_tag, T>
      |                                                ^~~~~~~~
/usr/include/c++/13/bits/stl_iterator_base_types.h:127:34: note: declared here
  127 |     struct _GLIBCXX17_DEPRECATED iterator
      |                                  ^~~~~~~~
g++ -std=gnu++20 -I"/usr/local/lib/R/include" -DNDEBUG -I./boost_aux/ -I./boost/ -I. -D_LARGEFILE_SOURCE -DHAVE_PWIZ_MZML_LIB -D_NODEBUG    -I'/usr/local/lib/R/site-library/Rcpp/include' -I'/tmp/library/Rhdf5lib/include' -I/usr/local/include    -fpic  -g -O2 -fstack-protector-strong -Wformat -Werror=format-security -Wdate-time -D_FORTIFY_SOURCE=2 -g   -c pwiz/data/msdata/mz5/ReferenceRead_mz5.cpp -o pwiz/data/msdata/mz5/ReferenceRead_mz5.o
In file included from pwiz/data/msdata/mz5/../MSData.hpp:29,
                 from pwiz/data/msdata/mz5/ReferenceRead_mz5.hpp:29,
                 from pwiz/data/msdata/mz5/ReferenceRead_mz5.cpp:24:
./pwiz/utility/misc/BinaryData.hpp:54:54: warning: ‘template<class _Category, class _Tp, class _Distance, class _Pointer, class _Reference> struct std::iterator’ is deprecated [-Wdeprecated-declarations]
   54 |     class PWIZ_API_DECL const_iterator : public std::iterator<std::random_access_iterator_tag, const T>
      |                                                      ^~~~~~~~
In file included from /usr/include/c++/13/bits/stl_construct.h:61,
                 from /usr/include/c++/13/bits/char_traits.h:57,
                 from /usr/include/c++/13/string:42,
                 from pwiz/data/msdata/mz5/../../common/cv.hpp:35,
                 from pwiz/data/msdata/mz5/ReferenceRead_mz5.hpp:27:
/usr/include/c++/13/bits/stl_iterator_base_types.h:127:34: note: declared here
  127 |     struct _GLIBCXX17_DEPRECATED iterator
      |                                  ^~~~~~~~
./pwiz/utility/misc/BinaryData.hpp:88:48: warning: ‘template<class _Category, class _Tp, class _Distance, class _Pointer, class _Reference> struct std::iterator’ is deprecated [-Wdeprecated-declarations]
   88 |     class PWIZ_API_DECL iterator : public std::iterator<std::random_access_iterator_tag, T>
      |                                                ^~~~~~~~
/usr/include/c++/13/bits/stl_iterator_base_types.h:127:34: note: declared here
  127 |     struct _GLIBCXX17_DEPRECATED iterator
      |                                  ^~~~~~~~
g++ -std=gnu++20 -I"/usr/local/lib/R/include" -DNDEBUG -I./boost_aux/ -I./boost/ -I. -D_LARGEFILE_SOURCE -DHAVE_PWIZ_MZML_LIB -D_NODEBUG    -I'/usr/local/lib/R/site-library/Rcpp/include' -I'/tmp/library/Rhdf5lib/include' -I/usr/local/include    -fpic  -g -O2 -fstack-protector-strong -Wformat -Werror=format-security -Wdate-time -D_FORTIFY_SOURCE=2 -g   -c pwiz/data/msdata/mz5/ReferenceWrite_mz5.cpp -o pwiz/data/msdata/mz5/ReferenceWrite_mz5.o
In file included from pwiz/data/msdata/mz5/../MSData.hpp:29,
                 from pwiz/data/msdata/mz5/ReferenceWrite_mz5.hpp:29,
                 from pwiz/data/msdata/mz5/ReferenceWrite_mz5.cpp:24:
./pwiz/utility/misc/BinaryData.hpp:54:54: warning: ‘template<class _Category, class _Tp, class _Distance, class _Pointer, class _Reference> struct std::iterator’ is deprecated [-Wdeprecated-declarations]
   54 |     class PWIZ_API_DECL const_iterator : public std::iterator<std::random_access_iterator_tag, const T>
      |                                                      ^~~~~~~~
In file included from /usr/include/c++/13/bits/stl_construct.h:61,
                 from /usr/include/c++/13/bits/char_traits.h:57,
                 from /usr/include/c++/13/string:42,
                 from pwiz/data/msdata/mz5/../../common/cv.hpp:35,
                 from pwiz/data/msdata/mz5/ReferenceWrite_mz5.hpp:27:
/usr/include/c++/13/bits/stl_iterator_base_types.h:127:34: note: declared here
  127 |     struct _GLIBCXX17_DEPRECATED iterator
      |                                  ^~~~~~~~
./pwiz/utility/misc/BinaryData.hpp:88:48: warning: ‘template<class _Category, class _Tp, class _Distance, class _Pointer, class _Reference> struct std::iterator’ is deprecated [-Wdeprecated-declarations]
   88 |     class PWIZ_API_DECL iterator : public std::iterator<std::random_access_iterator_tag, T>
      |                                                ^~~~~~~~
/usr/include/c++/13/bits/stl_iterator_base_types.h:127:34: note: declared here
  127 |     struct _GLIBCXX17_DEPRECATED iterator
      |                                  ^~~~~~~~
g++ -std=gnu++20 -I"/usr/local/lib/R/include" -DNDEBUG -I./boost_aux/ -I./boost/ -I. -D_LARGEFILE_SOURCE -DHAVE_PWIZ_MZML_LIB -D_NODEBUG    -I'/usr/local/lib/R/site-library/Rcpp/include' -I'/tmp/library/Rhdf5lib/include' -I/usr/local/include    -fpic  -g -O2 -fstack-protector-strong -Wformat -Werror=format-security -Wdate-time -D_FORTIFY_SOURCE=2 -g   -c pwiz/data/msdata/mz5/Translator_mz5.cpp -o pwiz/data/msdata/mz5/Translator_mz5.o
g++ -std=gnu++20 -I"/usr/local/lib/R/include" -DNDEBUG -I./boost_aux/ -I./boost/ -I. -D_LARGEFILE_SOURCE -DHAVE_PWIZ_MZML_LIB -D_NODEBUG    -I'/usr/local/lib/R/site-library/Rcpp/include' -I'/tmp/library/Rhdf5lib/include' -I/usr/local/include    -fpic  -g -O2 -fstack-protector-strong -Wformat -Werror=format-security -Wdate-time -D_FORTIFY_SOURCE=2 -g   -c pwiz/data/msdata/DefaultReaderList.cpp -o pwiz/data/msdata/DefaultReaderList.o
In file included from pwiz/data/msdata/MSData.hpp:29,
                 from pwiz/data/msdata/Reader.hpp:30,
                 from pwiz/data/msdata/DefaultReaderList.hpp:29,
                 from pwiz/data/msdata/DefaultReaderList.cpp:29:
./pwiz/utility/misc/BinaryData.hpp:54:54: warning: ‘template<class _Category, class _Tp, class _Distance, class _Pointer, class _Reference> struct std::iterator’ is deprecated [-Wdeprecated-declarations]
   54 |     class PWIZ_API_DECL const_iterator : public std::iterator<std::random_access_iterator_tag, const T>
      |                                                      ^~~~~~~~
In file included from /usr/include/c++/13/bits/stl_construct.h:61,
                 from /usr/include/c++/13/bits/char_traits.h:57,
                 from /usr/include/c++/13/string:42,
                 from /usr/include/c++/13/stdexcept:39,
                 from ./pwiz/utility/misc/Exception.hpp:28,
                 from ./pwiz/utility/misc/Std.hpp:28,
                 from pwiz/data/msdata/DefaultReaderList.cpp:26:
/usr/include/c++/13/bits/stl_iterator_base_types.h:127:34: note: declared here
  127 |     struct _GLIBCXX17_DEPRECATED iterator
      |                                  ^~~~~~~~
./pwiz/utility/misc/BinaryData.hpp:88:48: warning: ‘template<class _Category, class _Tp, class _Distance, class _Pointer, class _Reference> struct std::iterator’ is deprecated [-Wdeprecated-declarations]
   88 |     class PWIZ_API_DECL iterator : public std::iterator<std::random_access_iterator_tag, T>
      |                                                ^~~~~~~~
/usr/include/c++/13/bits/stl_iterator_base_types.h:127:34: note: declared here
  127 |     struct _GLIBCXX17_DEPRECATED iterator
      |                                  ^~~~~~~~
g++ -std=gnu++20 -I"/usr/local/lib/R/include" -DNDEBUG -I./boost_aux/ -I./boost/ -I. -D_LARGEFILE_SOURCE -DHAVE_PWIZ_MZML_LIB -D_NODEBUG    -I'/usr/local/lib/R/site-library/Rcpp/include' -I'/tmp/library/Rhdf5lib/include' -I/usr/local/include    -fpic  -g -O2 -fstack-protector-strong -Wformat -Werror=format-security -Wdate-time -D_FORTIFY_SOURCE=2 -g   -c pwiz/data/msdata/ChromatogramList_mzML.cpp -o pwiz/data/msdata/ChromatogramList_mzML.o
In file included from ./pwiz/data/msdata/MSData.hpp:29,
                 from pwiz/data/msdata/ChromatogramListBase.hpp:28,
                 from pwiz/data/msdata/ChromatogramList_mzML.hpp:29,
                 from pwiz/data/msdata/ChromatogramList_mzML.cpp:26:
./pwiz/utility/misc/BinaryData.hpp:54:54: warning: ‘template<class _Category, class _Tp, class _Distance, class _Pointer, class _Reference> struct std::iterator’ is deprecated [-Wdeprecated-declarations]
   54 |     class PWIZ_API_DECL const_iterator : public std::iterator<std::random_access_iterator_tag, const T>
      |                                                      ^~~~~~~~
In file included from /usr/include/c++/13/bits/stl_algobase.h:65,
                 from /usr/include/c++/13/algorithm:60,
                 from ./pwiz/utility/misc/BinaryData.hpp:29:
/usr/include/c++/13/bits/stl_iterator_base_types.h:127:34: note: declared here
  127 |     struct _GLIBCXX17_DEPRECATED iterator
      |                                  ^~~~~~~~
./pwiz/utility/misc/BinaryData.hpp:88:48: warning: ‘template<class _Category, class _Tp, class _Distance, class _Pointer, class _Reference> struct std::iterator’ is deprecated [-Wdeprecated-declarations]
   88 |     class PWIZ_API_DECL iterator : public std::iterator<std::random_access_iterator_tag, T>
      |                                                ^~~~~~~~
/usr/include/c++/13/bits/stl_iterator_base_types.h:127:34: note: declared here
  127 |     struct _GLIBCXX17_DEPRECATED iterator
      |                                  ^~~~~~~~
g++ -std=gnu++20 -I"/usr/local/lib/R/include" -DNDEBUG -I./boost_aux/ -I./boost/ -I. -D_LARGEFILE_SOURCE -DHAVE_PWIZ_MZML_LIB -D_NODEBUG    -I'/usr/local/lib/R/site-library/Rcpp/include' -I'/tmp/library/Rhdf5lib/include' -I/usr/local/include    -fpic  -g -O2 -fstack-protector-strong -Wformat -Werror=format-security -Wdate-time -D_FORTIFY_SOURCE=2 -g   -c pwiz/data/msdata/ChromatogramList_mz5.cpp -o pwiz/data/msdata/ChromatogramList_mz5.o
In file included from pwiz/data/msdata/MSData.hpp:29,
                 from pwiz/data/msdata/References.hpp:29,
                 from pwiz/data/msdata/ChromatogramList_mz5.cpp:27:
./pwiz/utility/misc/BinaryData.hpp:54:54: warning: ‘template<class _Category, class _Tp, class _Distance, class _Pointer, class _Reference> struct std::iterator’ is deprecated [-Wdeprecated-declarations]
   54 |     class PWIZ_API_DECL const_iterator : public std::iterator<std::random_access_iterator_tag, const T>
      |                                                      ^~~~~~~~
In file included from /usr/include/c++/13/bits/stl_construct.h:61,
                 from /usr/include/c++/13/bits/char_traits.h:57,
                 from /usr/include/c++/13/string:42,
                 from /usr/include/c++/13/stdexcept:39,
                 from ./pwiz/utility/misc/Exception.hpp:28,
                 from ./pwiz/utility/misc/Std.hpp:28,
                 from pwiz/data/msdata/ChromatogramList_mz5.cpp:26:
/usr/include/c++/13/bits/stl_iterator_base_types.h:127:34: note: declared here
  127 |     struct _GLIBCXX17_DEPRECATED iterator
      |                                  ^~~~~~~~
./pwiz/utility/misc/BinaryData.hpp:88:48: warning: ‘template<class _Category, class _Tp, class _Distance, class _Pointer, class _Reference> struct std::iterator’ is deprecated [-Wdeprecated-declarations]
   88 |     class PWIZ_API_DECL iterator : public std::iterator<std::random_access_iterator_tag, T>
      |                                                ^~~~~~~~
/usr/include/c++/13/bits/stl_iterator_base_types.h:127:34: note: declared here
  127 |     struct _GLIBCXX17_DEPRECATED iterator
      |                                  ^~~~~~~~
g++ -std=gnu++20 -I"/usr/local/lib/R/include" -DNDEBUG -I./boost_aux/ -I./boost/ -I. -D_LARGEFILE_SOURCE -DHAVE_PWIZ_MZML_LIB -D_NODEBUG    -I'/usr/local/lib/R/site-library/Rcpp/include' -I'/tmp/library/Rhdf5lib/include' -I/usr/local/include    -fpic  -g -O2 -fstack-protector-strong -Wformat -Werror=format-security -Wdate-time -D_FORTIFY_SOURCE=2 -g   -c pwiz/data/msdata/examples.cpp -o pwiz/data/msdata/examples.o
In file included from pwiz/data/msdata/MSData.hpp:29,
                 from pwiz/data/msdata/examples.hpp:29,
                 from pwiz/data/msdata/examples.cpp:25:
./pwiz/utility/misc/BinaryData.hpp:54:54: warning: ‘template<class _Category, class _Tp, class _Distance, class _Pointer, class _Reference> struct std::iterator’ is deprecated [-Wdeprecated-declarations]
   54 |     class PWIZ_API_DECL const_iterator : public std::iterator<std::random_access_iterator_tag, const T>
      |                                                      ^~~~~~~~
In file included from /usr/include/c++/13/bits/stl_algobase.h:65,
                 from /usr/include/c++/13/algorithm:60,
                 from ./pwiz/utility/misc/BinaryData.hpp:29:
/usr/include/c++/13/bits/stl_iterator_base_types.h:127:34: note: declared here
  127 |     struct _GLIBCXX17_DEPRECATED iterator
      |                                  ^~~~~~~~
./pwiz/utility/misc/BinaryData.hpp:88:48: warning: ‘template<class _Category, class _Tp, class _Distance, class _Pointer, class _Reference> struct std::iterator’ is deprecated [-Wdeprecated-declarations]
   88 |     class PWIZ_API_DECL iterator : public std::iterator<std::random_access_iterator_tag, T>
      |                                                ^~~~~~~~
/usr/include/c++/13/bits/stl_iterator_base_types.h:127:34: note: declared here
  127 |     struct _GLIBCXX17_DEPRECATED iterator
      |                                  ^~~~~~~~
g++ -std=gnu++20 -I"/usr/local/lib/R/include" -DNDEBUG -I./boost_aux/ -I./boost/ -I. -D_LARGEFILE_SOURCE -DHAVE_PWIZ_MZML_LIB -D_NODEBUG    -I'/usr/local/lib/R/site-library/Rcpp/include' -I'/tmp/library/Rhdf5lib/include' -I/usr/local/include    -fpic  -g -O2 -fstack-protector-strong -Wformat -Werror=format-security -Wdate-time -D_FORTIFY_SOURCE=2 -g   -c pwiz/data/msdata/Serializer_mzML.cpp -o pwiz/data/msdata/Serializer_mzML.o
In file included from pwiz/data/msdata/MSData.hpp:29,
                 from pwiz/data/msdata/Serializer_mzML.hpp:29,
                 from pwiz/data/msdata/Serializer_mzML.cpp:26:
./pwiz/utility/misc/BinaryData.hpp:54:54: warning: ‘template<class _Category, class _Tp, class _Distance, class _Pointer, class _Reference> struct std::iterator’ is deprecated [-Wdeprecated-declarations]
   54 |     class PWIZ_API_DECL const_iterator : public std::iterator<std::random_access_iterator_tag, const T>
      |                                                      ^~~~~~~~
In file included from /usr/include/c++/13/bits/stl_algobase.h:65,
                 from /usr/include/c++/13/algorithm:60,
                 from ./pwiz/utility/misc/BinaryData.hpp:29:
/usr/include/c++/13/bits/stl_iterator_base_types.h:127:34: note: declared here
  127 |     struct _GLIBCXX17_DEPRECATED iterator
      |                                  ^~~~~~~~
./pwiz/utility/misc/BinaryData.hpp:88:48: warning: ‘template<class _Category, class _Tp, class _Distance, class _Pointer, class _Reference> struct std::iterator’ is deprecated [-Wdeprecated-declarations]
   88 |     class PWIZ_API_DECL iterator : public std::iterator<std::random_access_iterator_tag, T>
      |                                                ^~~~~~~~
/usr/include/c++/13/bits/stl_iterator_base_types.h:127:34: note: declared here
  127 |     struct _GLIBCXX17_DEPRECATED iterator
      |                                  ^~~~~~~~
g++ -std=gnu++20 -I"/usr/local/lib/R/include" -DNDEBUG -I./boost_aux/ -I./boost/ -I. -D_LARGEFILE_SOURCE -DHAVE_PWIZ_MZML_LIB -D_NODEBUG    -I'/usr/local/lib/R/site-library/Rcpp/include' -I'/tmp/library/Rhdf5lib/include' -I/usr/local/include    -fpic  -g -O2 -fstack-protector-strong -Wformat -Werror=format-security -Wdate-time -D_FORTIFY_SOURCE=2 -g   -c pwiz/data/msdata/Serializer_MSn.cpp -o pwiz/data/msdata/Serializer_MSn.o
In file included from pwiz/data/msdata/MSData.hpp:29,
                 from pwiz/data/msdata/Serializer_MSn.hpp:26,
                 from pwiz/data/msdata/Serializer_MSn.cpp:25:
./pwiz/utility/misc/BinaryData.hpp:54:54: warning: ‘template<class _Category, class _Tp, class _Distance, class _Pointer, class _Reference> struct std::iterator’ is deprecated [-Wdeprecated-declarations]
   54 |     class PWIZ_API_DECL const_iterator : public std::iterator<std::random_access_iterator_tag, const T>
      |                                                      ^~~~~~~~
In file included from /usr/include/c++/13/bits/stl_algobase.h:65,
                 from /usr/include/c++/13/algorithm:60,
                 from ./pwiz/utility/misc/BinaryData.hpp:29:
/usr/include/c++/13/bits/stl_iterator_base_types.h:127:34: note: declared here
  127 |     struct _GLIBCXX17_DEPRECATED iterator
      |                                  ^~~~~~~~
./pwiz/utility/misc/BinaryData.hpp:88:48: warning: ‘template<class _Category, class _Tp, class _Distance, class _Pointer, class _Reference> struct std::iterator’ is deprecated [-Wdeprecated-declarations]
   88 |     class PWIZ_API_DECL iterator : public std::iterator<std::random_access_iterator_tag, T>
      |                                                ^~~~~~~~
/usr/include/c++/13/bits/stl_iterator_base_types.h:127:34: note: declared here
  127 |     struct _GLIBCXX17_DEPRECATED iterator
      |                                  ^~~~~~~~
g++ -std=gnu++20 -I"/usr/local/lib/R/include" -DNDEBUG -I./boost_aux/ -I./boost/ -I. -D_LARGEFILE_SOURCE -DHAVE_PWIZ_MZML_LIB -D_NODEBUG    -I'/usr/local/lib/R/site-library/Rcpp/include' -I'/tmp/library/Rhdf5lib/include' -I/usr/local/include    -fpic  -g -O2 -fstack-protector-strong -Wformat -Werror=format-security -Wdate-time -D_FORTIFY_SOURCE=2 -g   -c pwiz/data/msdata/Reader.cpp -o pwiz/data/msdata/Reader.o
In file included from pwiz/data/msdata/MSData.hpp:29,
                 from pwiz/data/msdata/Reader.hpp:30,
                 from pwiz/data/msdata/Reader.cpp:26:
./pwiz/utility/misc/BinaryData.hpp:54:54: warning: ‘template<class _Category, class _Tp, class _Distance, class _Pointer, class _Reference> struct std::iterator’ is deprecated [-Wdeprecated-declarations]
   54 |     class PWIZ_API_DECL const_iterator : public std::iterator<std::random_access_iterator_tag, const T>
      |                                                      ^~~~~~~~
In file included from /usr/include/c++/13/bits/stl_construct.h:61,
                 from /usr/include/c++/13/bits/stl_tempbuf.h:61,
                 from /usr/include/c++/13/memory:66,
                 from ./boost/smart_ptr/detail/sp_counted_impl.hpp:35,
                 from ./boost/smart_ptr/detail/shared_count.hpp:27,
                 from ./boost/smart_ptr/shared_ptr.hpp:17,
                 from ./boost/shared_ptr.hpp:17,
                 from ./pwiz/utility/misc/IterationListener.hpp:29,
                 from pwiz/data/msdata/Reader.hpp:28:
/usr/include/c++/13/bits/stl_iterator_base_types.h:127:34: note: declared here
  127 |     struct _GLIBCXX17_DEPRECATED iterator
      |                                  ^~~~~~~~
./pwiz/utility/misc/BinaryData.hpp:88:48: warning: ‘template<class _Category, class _Tp, class _Distance, class _Pointer, class _Reference> struct std::iterator’ is deprecated [-Wdeprecated-declarations]
   88 |     class PWIZ_API_DECL iterator : public std::iterator<std::random_access_iterator_tag, T>
      |                                                ^~~~~~~~
/usr/include/c++/13/bits/stl_iterator_base_types.h:127:34: note: declared here
  127 |     struct _GLIBCXX17_DEPRECATED iterator
      |                                  ^~~~~~~~
g++ -std=gnu++20 -I"/usr/local/lib/R/include" -DNDEBUG -I./boost_aux/ -I./boost/ -I. -D_LARGEFILE_SOURCE -DHAVE_PWIZ_MZML_LIB -D_NODEBUG    -I'/usr/local/lib/R/site-library/Rcpp/include' -I'/tmp/library/Rhdf5lib/include' -I/usr/local/include    -fpic  -g -O2 -fstack-protector-strong -Wformat -Werror=format-security -Wdate-time -D_FORTIFY_SOURCE=2 -g   -c pwiz/data/msdata/Serializer_mz5.cpp -o pwiz/data/msdata/Serializer_mz5.o
In file included from pwiz/data/msdata/MSData.hpp:29,
                 from pwiz/data/msdata/References.hpp:29,
                 from pwiz/data/msdata/Serializer_mz5.cpp:27:
./pwiz/utility/misc/BinaryData.hpp:54:54: warning: ‘template<class _Category, class _Tp, class _Distance, class _Pointer, class _Reference> struct std::iterator’ is deprecated [-Wdeprecated-declarations]
   54 |     class PWIZ_API_DECL const_iterator : public std::iterator<std::random_access_iterator_tag, const T>
      |                                                      ^~~~~~~~
In file included from /usr/include/c++/13/bits/stl_construct.h:61,
                 from /usr/include/c++/13/bits/char_traits.h:57,
                 from /usr/include/c++/13/string:42,
                 from /usr/include/c++/13/stdexcept:39,
                 from ./pwiz/utility/misc/Exception.hpp:28,
                 from ./pwiz/utility/misc/Std.hpp:28,
                 from pwiz/data/msdata/Serializer_mz5.cpp:26:
/usr/include/c++/13/bits/stl_iterator_base_types.h:127:34: note: declared here
  127 |     struct _GLIBCXX17_DEPRECATED iterator
      |                                  ^~~~~~~~
./pwiz/utility/misc/BinaryData.hpp:88:48: warning: ‘template<class _Category, class _Tp, class _Distance, class _Pointer, class _Reference> struct std::iterator’ is deprecated [-Wdeprecated-declarations]
   88 |     class PWIZ_API_DECL iterator : public std::iterator<std::random_access_iterator_tag, T>
      |                                                ^~~~~~~~
/usr/include/c++/13/bits/stl_iterator_base_types.h:127:34: note: declared here
  127 |     struct _GLIBCXX17_DEPRECATED iterator
      |                                  ^~~~~~~~
g++ -std=gnu++20 -I"/usr/local/lib/R/include" -DNDEBUG -I./boost_aux/ -I./boost/ -I. -D_LARGEFILE_SOURCE -DHAVE_PWIZ_MZML_LIB -D_NODEBUG    -I'/usr/local/lib/R/site-library/Rcpp/include' -I'/tmp/library/Rhdf5lib/include' -I/usr/local/include    -fpic  -g -O2 -fstack-protector-strong -Wformat -Werror=format-security -Wdate-time -D_FORTIFY_SOURCE=2 -g   -c pwiz/data/msdata/Serializer_MGF.cpp -o pwiz/data/msdata/Serializer_MGF.o
In file included from pwiz/data/msdata/MSData.hpp:29,
                 from pwiz/data/msdata/Serializer_MGF.hpp:27,
                 from pwiz/data/msdata/Serializer_MGF.cpp:25:
./pwiz/utility/misc/BinaryData.hpp:54:54: warning: ‘template<class _Category, class _Tp, class _Distance, class _Pointer, class _Reference> struct std::iterator’ is deprecated [-Wdeprecated-declarations]
   54 |     class PWIZ_API_DECL const_iterator : public std::iterator<std::random_access_iterator_tag, const T>
      |                                                      ^~~~~~~~
In file included from /usr/include/c++/13/bits/stl_algobase.h:65,
                 from /usr/include/c++/13/algorithm:60,
                 from ./pwiz/utility/misc/BinaryData.hpp:29:
/usr/include/c++/13/bits/stl_iterator_base_types.h:127:34: note: declared here
  127 |     struct _GLIBCXX17_DEPRECATED iterator
      |                                  ^~~~~~~~
./pwiz/utility/misc/BinaryData.hpp:88:48: warning: ‘template<class _Category, class _Tp, class _Distance, class _Pointer, class _Reference> struct std::iterator’ is deprecated [-Wdeprecated-declarations]
   88 |     class PWIZ_API_DECL iterator : public std::iterator<std::random_access_iterator_tag, T>
      |                                                ^~~~~~~~
/usr/include/c++/13/bits/stl_iterator_base_types.h:127:34: note: declared here
  127 |     struct _GLIBCXX17_DEPRECATED iterator
      |                                  ^~~~~~~~
g++ -std=gnu++20 -I"/usr/local/lib/R/include" -DNDEBUG -I./boost_aux/ -I./boost/ -I. -D_LARGEFILE_SOURCE -DHAVE_PWIZ_MZML_LIB -D_NODEBUG    -I'/usr/local/lib/R/site-library/Rcpp/include' -I'/tmp/library/Rhdf5lib/include' -I/usr/local/include    -fpic  -g -O2 -fstack-protector-strong -Wformat -Werror=format-security -Wdate-time -D_FORTIFY_SOURCE=2 -g   -c pwiz/data/msdata/Serializer_mzXML.cpp -o pwiz/data/msdata/Serializer_mzXML.o
In file included from pwiz/data/msdata/MSData.hpp:29,
                 from pwiz/data/msdata/Serializer_mzXML.hpp:29,
                 from pwiz/data/msdata/Serializer_mzXML.cpp:25:
./pwiz/utility/misc/BinaryData.hpp:54:54: warning: ‘template<class _Category, class _Tp, class _Distance, class _Pointer, class _Reference> struct std::iterator’ is deprecated [-Wdeprecated-declarations]
   54 |     class PWIZ_API_DECL const_iterator : public std::iterator<std::random_access_iterator_tag, const T>
      |                                                      ^~~~~~~~
In file included from /usr/include/c++/13/bits/stl_algobase.h:65,
                 from /usr/include/c++/13/algorithm:60,
                 from ./pwiz/utility/misc/BinaryData.hpp:29:
/usr/include/c++/13/bits/stl_iterator_base_types.h:127:34: note: declared here
  127 |     struct _GLIBCXX17_DEPRECATED iterator
      |                                  ^~~~~~~~
./pwiz/utility/misc/BinaryData.hpp:88:48: warning: ‘template<class _Category, class _Tp, class _Distance, class _Pointer, class _Reference> struct std::iterator’ is deprecated [-Wdeprecated-declarations]
   88 |     class PWIZ_API_DECL iterator : public std::iterator<std::random_access_iterator_tag, T>
      |                                                ^~~~~~~~
/usr/include/c++/13/bits/stl_iterator_base_types.h:127:34: note: declared here
  127 |     struct _GLIBCXX17_DEPRECATED iterator
      |                                  ^~~~~~~~
g++ -std=gnu++20 -I"/usr/local/lib/R/include" -DNDEBUG -I./boost_aux/ -I./boost/ -I. -D_LARGEFILE_SOURCE -DHAVE_PWIZ_MZML_LIB -D_NODEBUG    -I'/usr/local/lib/R/site-library/Rcpp/include' -I'/tmp/library/Rhdf5lib/include' -I/usr/local/include    -fpic  -g -O2 -fstack-protector-strong -Wformat -Werror=format-security -Wdate-time -D_FORTIFY_SOURCE=2 -g   -c pwiz/data/msdata/SpectrumListBase.cpp -o pwiz/data/msdata/SpectrumListBase.o
In file included from ./pwiz/data/msdata/MSData.hpp:29,
                 from pwiz/data/msdata/SpectrumListBase.hpp:28,
                 from pwiz/data/msdata/SpectrumListBase.cpp:25:
./pwiz/utility/misc/BinaryData.hpp:54:54: warning: ‘template<class _Category, class _Tp, class _Distance, class _Pointer, class _Reference> struct std::iterator’ is deprecated [-Wdeprecated-declarations]
   54 |     class PWIZ_API_DECL const_iterator : public std::iterator<std::random_access_iterator_tag, const T>
      |                                                      ^~~~~~~~
In file included from /usr/include/c++/13/bits/stl_algobase.h:65,
                 from /usr/include/c++/13/algorithm:60,
                 from ./pwiz/utility/misc/BinaryData.hpp:29:
/usr/include/c++/13/bits/stl_iterator_base_types.h:127:34: note: declared here
  127 |     struct _GLIBCXX17_DEPRECATED iterator
      |                                  ^~~~~~~~
./pwiz/utility/misc/BinaryData.hpp:88:48: warning: ‘template<class _Category, class _Tp, class _Distance, class _Pointer, class _Reference> struct std::iterator’ is deprecated [-Wdeprecated-declarations]
   88 |     class PWIZ_API_DECL iterator : public std::iterator<std::random_access_iterator_tag, T>
      |                                                ^~~~~~~~
/usr/include/c++/13/bits/stl_iterator_base_types.h:127:34: note: declared here
  127 |     struct _GLIBCXX17_DEPRECATED iterator
      |                                  ^~~~~~~~
g++ -std=gnu++20 -I"/usr/local/lib/R/include" -DNDEBUG -I./boost_aux/ -I./boost/ -I. -D_LARGEFILE_SOURCE -DHAVE_PWIZ_MZML_LIB -D_NODEBUG    -I'/usr/local/lib/R/site-library/Rcpp/include' -I'/tmp/library/Rhdf5lib/include' -I/usr/local/include    -fpic  -g -O2 -fstack-protector-strong -Wformat -Werror=format-security -Wdate-time -D_FORTIFY_SOURCE=2 -g   -c pwiz/data/msdata/SpectrumList_MGF.cpp -o pwiz/data/msdata/SpectrumList_MGF.o
In file included from ./pwiz/data/msdata/MSData.hpp:29,
                 from pwiz/data/msdata/SpectrumListBase.hpp:28,
                 from pwiz/data/msdata/SpectrumList_MGF.hpp:30,
                 from pwiz/data/msdata/SpectrumList_MGF.cpp:26:
./pwiz/utility/misc/BinaryData.hpp:54:54: warning: ‘template<class _Category, class _Tp, class _Distance, class _Pointer, class _Reference> struct std::iterator’ is deprecated [-Wdeprecated-declarations]
   54 |     class PWIZ_API_DECL const_iterator : public std::iterator<std::random_access_iterator_tag, const T>
      |                                                      ^~~~~~~~
In file included from /usr/include/c++/13/bits/stl_algobase.h:65,
                 from /usr/include/c++/13/algorithm:60,
                 from ./pwiz/utility/misc/BinaryData.hpp:29:
/usr/include/c++/13/bits/stl_iterator_base_types.h:127:34: note: declared here
  127 |     struct _GLIBCXX17_DEPRECATED iterator
      |                                  ^~~~~~~~
./pwiz/utility/misc/BinaryData.hpp:88:48: warning: ‘template<class _Category, class _Tp, class _Distance, class _Pointer, class _Reference> struct std::iterator’ is deprecated [-Wdeprecated-declarations]
   88 |     class PWIZ_API_DECL iterator : public std::iterator<std::random_access_iterator_tag, T>
      |                                                ^~~~~~~~
/usr/include/c++/13/bits/stl_iterator_base_types.h:127:34: note: declared here
  127 |     struct _GLIBCXX17_DEPRECATED iterator
      |                                  ^~~~~~~~
g++ -std=gnu++20 -I"/usr/local/lib/R/include" -DNDEBUG -I./boost_aux/ -I./boost/ -I. -D_LARGEFILE_SOURCE -DHAVE_PWIZ_MZML_LIB -D_NODEBUG    -I'/usr/local/lib/R/site-library/Rcpp/include' -I'/tmp/library/Rhdf5lib/include' -I/usr/local/include    -fpic  -g -O2 -fstack-protector-strong -Wformat -Werror=format-security -Wdate-time -D_FORTIFY_SOURCE=2 -g   -c pwiz/data/msdata/SpectrumList_mzML.cpp -o pwiz/data/msdata/SpectrumList_mzML.o
In file included from ./pwiz/data/msdata/MSData.hpp:29,
                 from pwiz/data/msdata/SpectrumListBase.hpp:28,
                 from pwiz/data/msdata/SpectrumList_mzML.hpp:29,
                 from pwiz/data/msdata/SpectrumList_mzML.cpp:26:
./pwiz/utility/misc/BinaryData.hpp:54:54: warning: ‘template<class _Category, class _Tp, class _Distance, class _Pointer, class _Reference> struct std::iterator’ is deprecated [-Wdeprecated-declarations]
   54 |     class PWIZ_API_DECL const_iterator : public std::iterator<std::random_access_iterator_tag, const T>
      |                                                      ^~~~~~~~
In file included from /usr/include/c++/13/bits/stl_algobase.h:65,
                 from /usr/include/c++/13/algorithm:60,
                 from ./pwiz/utility/misc/BinaryData.hpp:29:
/usr/include/c++/13/bits/stl_iterator_base_types.h:127:34: note: declared here
  127 |     struct _GLIBCXX17_DEPRECATED iterator
      |                                  ^~~~~~~~
./pwiz/utility/misc/BinaryData.hpp:88:48: warning: ‘template<class _Category, class _Tp, class _Distance, class _Pointer, class _Reference> struct std::iterator’ is deprecated [-Wdeprecated-declarations]
   88 |     class PWIZ_API_DECL iterator : public std::iterator<std::random_access_iterator_tag, T>
      |                                                ^~~~~~~~
/usr/include/c++/13/bits/stl_iterator_base_types.h:127:34: note: declared here
  127 |     struct _GLIBCXX17_DEPRECATED iterator
      |                                  ^~~~~~~~
In file included from ./boost/smart_ptr/detail/sp_thread_sleep.hpp:22,
                 from ./boost/smart_ptr/detail/yield_k.hpp:23,
                 from ./boost/smart_ptr/detail/spinlock_gcc_atomic.hpp:14,
                 from ./boost/smart_ptr/detail/spinlock.hpp:42,
                 from ./boost/smart_ptr/detail/spinlock_pool.hpp:25,
                 from ./boost/smart_ptr/shared_ptr.hpp:29,
                 from ./boost/shared_ptr.hpp:17,
                 from ./pwiz/data/common/ParamTypes.hpp:33,
                 from ./pwiz/data/msdata/MSData.hpp:30:
./boost/config/pragma_message.hpp:24:34: note: ‘#pragma message: The practice of declaring the Bind placeholders (_1, _2, ...) in the global namespace is deprecated. Please use <boost/bind/bind.hpp> + using namespace boost::placeholders, or define BOOST_BIND_GLOBAL_PLACEHOLDERS to retain the current behavior.’
   24 | # define BOOST_PRAGMA_MESSAGE(x) _Pragma(BOOST_STRINGIZE(message(x)))
      |                                  ^~~~~~~
./boost/bind.hpp:36:1: note: in expansion of macro ‘BOOST_PRAGMA_MESSAGE’
   36 | BOOST_PRAGMA_MESSAGE(
      | ^~~~~~~~~~~~~~~~~~~~
g++ -std=gnu++20 -I"/usr/local/lib/R/include" -DNDEBUG -I./boost_aux/ -I./boost/ -I. -D_LARGEFILE_SOURCE -DHAVE_PWIZ_MZML_LIB -D_NODEBUG    -I'/usr/local/lib/R/site-library/Rcpp/include' -I'/tmp/library/Rhdf5lib/include' -I/usr/local/include    -fpic  -g -O2 -fstack-protector-strong -Wformat -Werror=format-security -Wdate-time -D_FORTIFY_SOURCE=2 -g   -c pwiz/data/msdata/SpectrumList_MSn.cpp -o pwiz/data/msdata/SpectrumList_MSn.o
In file included from ./pwiz/data/msdata/MSData.hpp:29,
                 from pwiz/data/msdata/SpectrumListBase.hpp:28,
                 from pwiz/data/msdata/SpectrumList_MSn.hpp:29,
                 from pwiz/data/msdata/SpectrumList_MSn.cpp:26:
./pwiz/utility/misc/BinaryData.hpp:54:54: warning: ‘template<class _Category, class _Tp, class _Distance, class _Pointer, class _Reference> struct std::iterator’ is deprecated [-Wdeprecated-declarations]
   54 |     class PWIZ_API_DECL const_iterator : public std::iterator<std::random_access_iterator_tag, const T>
      |                                                      ^~~~~~~~
In file included from /usr/include/c++/13/bits/stl_algobase.h:65,
                 from /usr/include/c++/13/algorithm:60,
                 from ./pwiz/utility/misc/BinaryData.hpp:29:
/usr/include/c++/13/bits/stl_iterator_base_types.h:127:34: note: declared here
  127 |     struct _GLIBCXX17_DEPRECATED iterator
      |                                  ^~~~~~~~
./pwiz/utility/misc/BinaryData.hpp:88:48: warning: ‘template<class _Category, class _Tp, class _Distance, class _Pointer, class _Reference> struct std::iterator’ is deprecated [-Wdeprecated-declarations]
   88 |     class PWIZ_API_DECL iterator : public std::iterator<std::random_access_iterator_tag, T>
      |                                                ^~~~~~~~
/usr/include/c++/13/bits/stl_iterator_base_types.h:127:34: note: declared here
  127 |     struct _GLIBCXX17_DEPRECATED iterator
      |                                  ^~~~~~~~
g++ -std=gnu++20 -I"/usr/local/lib/R/include" -DNDEBUG -I./boost_aux/ -I./boost/ -I. -D_LARGEFILE_SOURCE -DHAVE_PWIZ_MZML_LIB -D_NODEBUG    -I'/usr/local/lib/R/site-library/Rcpp/include' -I'/tmp/library/Rhdf5lib/include' -I/usr/local/include    -fpic  -g -O2 -fstack-protector-strong -Wformat -Werror=format-security -Wdate-time -D_FORTIFY_SOURCE=2 -g   -c pwiz/data/msdata/SpectrumList_mz5.cpp -o pwiz/data/msdata/SpectrumList_mz5.o
In file included from pwiz/data/msdata/MSData.hpp:29,
                 from pwiz/data/msdata/References.hpp:29,
                 from pwiz/data/msdata/SpectrumList_mz5.cpp:27:
./pwiz/utility/misc/BinaryData.hpp:54:54: warning: ‘template<class _Category, class _Tp, class _Distance, class _Pointer, class _Reference> struct std::iterator’ is deprecated [-Wdeprecated-declarations]
   54 |     class PWIZ_API_DECL const_iterator : public std::iterator<std::random_access_iterator_tag, const T>
      |                                                      ^~~~~~~~
In file included from /usr/include/c++/13/bits/stl_construct.h:61,
                 from /usr/include/c++/13/bits/char_traits.h:57,
                 from /usr/include/c++/13/string:42,
                 from /usr/include/c++/13/stdexcept:39,
                 from ./pwiz/utility/misc/Exception.hpp:28,
                 from ./pwiz/utility/misc/Std.hpp:28,
                 from pwiz/data/msdata/SpectrumList_mz5.cpp:26:
/usr/include/c++/13/bits/stl_iterator_base_types.h:127:34: note: declared here
  127 |     struct _GLIBCXX17_DEPRECATED iterator
      |                                  ^~~~~~~~
./pwiz/utility/misc/BinaryData.hpp:88:48: warning: ‘template<class _Category, class _Tp, class _Distance, class _Pointer, class _Reference> struct std::iterator’ is deprecated [-Wdeprecated-declarations]
   88 |     class PWIZ_API_DECL iterator : public std::iterator<std::random_access_iterator_tag, T>
      |                                                ^~~~~~~~
/usr/include/c++/13/bits/stl_iterator_base_types.h:127:34: note: declared here
  127 |     struct _GLIBCXX17_DEPRECATED iterator
      |                                  ^~~~~~~~
g++ -std=gnu++20 -I"/usr/local/lib/R/include" -DNDEBUG -I./boost_aux/ -I./boost/ -I. -D_LARGEFILE_SOURCE -DHAVE_PWIZ_MZML_LIB -D_NODEBUG    -I'/usr/local/lib/R/site-library/Rcpp/include' -I'/tmp/library/Rhdf5lib/include' -I/usr/local/include    -fpic  -g -O2 -fstack-protector-strong -Wformat -Werror=format-security -Wdate-time -D_FORTIFY_SOURCE=2 -g   -c pwiz/data/msdata/BinaryDataEncoder.cpp -o pwiz/data/msdata/BinaryDataEncoder.o
In file included from pwiz/data/msdata/BinaryDataEncoder.hpp:29,
                 from pwiz/data/msdata/BinaryDataEncoder.cpp:26:
./pwiz/utility/misc/BinaryData.hpp:54:54: warning: ‘template<class _Category, class _Tp, class _Distance, class _Pointer, class _Reference> struct std::iterator’ is deprecated [-Wdeprecated-declarations]
   54 |     class PWIZ_API_DECL const_iterator : public std::iterator<std::random_access_iterator_tag, const T>
      |                                                      ^~~~~~~~
In file included from /usr/include/c++/13/bits/stl_algobase.h:65,
                 from /usr/include/c++/13/algorithm:60,
                 from ./pwiz/utility/misc/BinaryData.hpp:29:
/usr/include/c++/13/bits/stl_iterator_base_types.h:127:34: note: declared here
  127 |     struct _GLIBCXX17_DEPRECATED iterator
      |                                  ^~~~~~~~
./pwiz/utility/misc/BinaryData.hpp:88:48: warning: ‘template<class _Category, class _Tp, class _Distance, class _Pointer, class _Reference> struct std::iterator’ is deprecated [-Wdeprecated-declarations]
   88 |     class PWIZ_API_DECL iterator : public std::iterator<std::random_access_iterator_tag, T>
      |                                                ^~~~~~~~
/usr/include/c++/13/bits/stl_iterator_base_types.h:127:34: note: declared here
  127 |     struct _GLIBCXX17_DEPRECATED iterator
      |                                  ^~~~~~~~
g++ -std=gnu++20 -I"/usr/local/lib/R/include" -DNDEBUG -I./boost_aux/ -I./boost/ -I. -D_LARGEFILE_SOURCE -DHAVE_PWIZ_MZML_LIB -D_NODEBUG    -I'/usr/local/lib/R/site-library/Rcpp/include' -I'/tmp/library/Rhdf5lib/include' -I/usr/local/include    -fpic  -g -O2 -fstack-protector-strong -Wformat -Werror=format-security -Wdate-time -D_FORTIFY_SOURCE=2 -g   -c pwiz/data/msdata/Diff.cpp -o pwiz/data/msdata/Diff.o
In file included from pwiz/data/msdata/MSData.hpp:29,
                 from pwiz/data/msdata/Diff.hpp:29,
                 from pwiz/data/msdata/Diff.cpp:26:
./pwiz/utility/misc/BinaryData.hpp:54:54: warning: ‘template<class _Category, class _Tp, class _Distance, class _Pointer, class _Reference> struct std::iterator’ is deprecated [-Wdeprecated-declarations]
   54 |     class PWIZ_API_DECL const_iterator : public std::iterator<std::random_access_iterator_tag, const T>
      |                                                      ^~~~~~~~
In file included from /usr/include/c++/13/bits/stl_algobase.h:65,
                 from /usr/include/c++/13/algorithm:60,
                 from ./pwiz/utility/misc/BinaryData.hpp:29:
/usr/include/c++/13/bits/stl_iterator_base_types.h:127:34: note: declared here
  127 |     struct _GLIBCXX17_DEPRECATED iterator
      |                                  ^~~~~~~~
./pwiz/utility/misc/BinaryData.hpp:88:48: warning: ‘template<class _Category, class _Tp, class _Distance, class _Pointer, class _Reference> struct std::iterator’ is deprecated [-Wdeprecated-declarations]
   88 |     class PWIZ_API_DECL iterator : public std::iterator<std::random_access_iterator_tag, T>
      |                                                ^~~~~~~~
/usr/include/c++/13/bits/stl_iterator_base_types.h:127:34: note: declared here
  127 |     struct _GLIBCXX17_DEPRECATED iterator
      |                                  ^~~~~~~~
g++ -std=gnu++20 -I"/usr/local/lib/R/include" -DNDEBUG -I./boost_aux/ -I./boost/ -I. -D_LARGEFILE_SOURCE -DHAVE_PWIZ_MZML_LIB -D_NODEBUG    -I'/usr/local/lib/R/site-library/Rcpp/include' -I'/tmp/library/Rhdf5lib/include' -I/usr/local/include    -fpic  -g -O2 -fstack-protector-strong -Wformat -Werror=format-security -Wdate-time -D_FORTIFY_SOURCE=2 -g   -c pwiz/data/msdata/MSData.cpp -o pwiz/data/msdata/MSData.o
In file included from pwiz/data/msdata/MSData.hpp:29,
                 from pwiz/data/msdata/MSData.cpp:25:
./pwiz/utility/misc/BinaryData.hpp:54:54: warning: ‘template<class _Category, class _Tp, class _Distance, class _Pointer, class _Reference> struct std::iterator’ is deprecated [-Wdeprecated-declarations]
   54 |     class PWIZ_API_DECL const_iterator : public std::iterator<std::random_access_iterator_tag, const T>
      |                                                      ^~~~~~~~
In file included from /usr/include/c++/13/bits/stl_algobase.h:65,
                 from /usr/include/c++/13/algorithm:60,
                 from ./pwiz/utility/misc/BinaryData.hpp:29:
/usr/include/c++/13/bits/stl_iterator_base_types.h:127:34: note: declared here
  127 |     struct _GLIBCXX17_DEPRECATED iterator
      |                                  ^~~~~~~~
./pwiz/utility/misc/BinaryData.hpp:88:48: warning: ‘template<class _Category, class _Tp, class _Distance, class _Pointer, class _Reference> struct std::iterator’ is deprecated [-Wdeprecated-declarations]
   88 |     class PWIZ_API_DECL iterator : public std::iterator<std::random_access_iterator_tag, T>
      |                                                ^~~~~~~~
/usr/include/c++/13/bits/stl_iterator_base_types.h:127:34: note: declared here
  127 |     struct _GLIBCXX17_DEPRECATED iterator
      |                                  ^~~~~~~~
g++ -std=gnu++20 -I"/usr/local/lib/R/include" -DNDEBUG -I./boost_aux/ -I./boost/ -I. -D_LARGEFILE_SOURCE -DHAVE_PWIZ_MZML_LIB -D_NODEBUG    -I'/usr/local/lib/R/site-library/Rcpp/include' -I'/tmp/library/Rhdf5lib/include' -I/usr/local/include    -fpic  -g -O2 -fstack-protector-strong -Wformat -Werror=format-security -Wdate-time -D_FORTIFY_SOURCE=2 -g   -c pwiz/data/msdata/References.cpp -o pwiz/data/msdata/References.o
In file included from pwiz/data/msdata/MSData.hpp:29,
                 from pwiz/data/msdata/References.hpp:29,
                 from pwiz/data/msdata/References.cpp:25:
./pwiz/utility/misc/BinaryData.hpp:54:54: warning: ‘template<class _Category, class _Tp, class _Distance, class _Pointer, class _Reference> struct std::iterator’ is deprecated [-Wdeprecated-declarations]
   54 |     class PWIZ_API_DECL const_iterator : public std::iterator<std::random_access_iterator_tag, const T>
      |                                                      ^~~~~~~~
In file included from /usr/include/c++/13/bits/stl_algobase.h:65,
                 from /usr/include/c++/13/algorithm:60,
                 from ./pwiz/utility/misc/BinaryData.hpp:29:
/usr/include/c++/13/bits/stl_iterator_base_types.h:127:34: note: declared here
  127 |     struct _GLIBCXX17_DEPRECATED iterator
      |                                  ^~~~~~~~
./pwiz/utility/misc/BinaryData.hpp:88:48: warning: ‘template<class _Category, class _Tp, class _Distance, class _Pointer, class _Reference> struct std::iterator’ is deprecated [-Wdeprecated-declarations]
   88 |     class PWIZ_API_DECL iterator : public std::iterator<std::random_access_iterator_tag, T>
      |                                                ^~~~~~~~
/usr/include/c++/13/bits/stl_iterator_base_types.h:127:34: note: declared here
  127 |     struct _GLIBCXX17_DEPRECATED iterator
      |                                  ^~~~~~~~
g++ -std=gnu++20 -I"/usr/local/lib/R/include" -DNDEBUG -I./boost_aux/ -I./boost/ -I. -D_LARGEFILE_SOURCE -DHAVE_PWIZ_MZML_LIB -D_NODEBUG    -I'/usr/local/lib/R/site-library/Rcpp/include' -I'/tmp/library/Rhdf5lib/include' -I/usr/local/include    -fpic  -g -O2 -fstack-protector-strong -Wformat -Werror=format-security -Wdate-time -D_FORTIFY_SOURCE=2 -g   -c pwiz/data/msdata/SpectrumList_mzXML.cpp -o pwiz/data/msdata/SpectrumList_mzXML.o
In file included from ./pwiz/data/msdata/MSData.hpp:29,
                 from pwiz/data/msdata/SpectrumListBase.hpp:28,
                 from pwiz/data/msdata/SpectrumList_mzXML.hpp:29,
                 from pwiz/data/msdata/SpectrumList_mzXML.cpp:25:
./pwiz/utility/misc/BinaryData.hpp:54:54: warning: ‘template<class _Category, class _Tp, class _Distance, class _Pointer, class _Reference> struct std::iterator’ is deprecated [-Wdeprecated-declarations]
   54 |     class PWIZ_API_DECL const_iterator : public std::iterator<std::random_access_iterator_tag, const T>
      |                                                      ^~~~~~~~
In file included from /usr/include/c++/13/bits/stl_algobase.h:65,
                 from /usr/include/c++/13/algorithm:60,
                 from ./pwiz/utility/misc/BinaryData.hpp:29:
/usr/include/c++/13/bits/stl_iterator_base_types.h:127:34: note: declared here
  127 |     struct _GLIBCXX17_DEPRECATED iterator
      |                                  ^~~~~~~~
./pwiz/utility/misc/BinaryData.hpp:88:48: warning: ‘template<class _Category, class _Tp, class _Distance, class _Pointer, class _Reference> struct std::iterator’ is deprecated [-Wdeprecated-declarations]
   88 |     class PWIZ_API_DECL iterator : public std::iterator<std::random_access_iterator_tag, T>
      |                                                ^~~~~~~~
/usr/include/c++/13/bits/stl_iterator_base_types.h:127:34: note: declared here
  127 |     struct _GLIBCXX17_DEPRECATED iterator
      |                                  ^~~~~~~~
g++ -std=gnu++20 -I"/usr/local/lib/R/include" -DNDEBUG -I./boost_aux/ -I./boost/ -I. -D_LARGEFILE_SOURCE -DHAVE_PWIZ_MZML_LIB -D_NODEBUG    -I'/usr/local/lib/R/site-library/Rcpp/include' -I'/tmp/library/Rhdf5lib/include' -I/usr/local/include    -fpic  -g -O2 -fstack-protector-strong -Wformat -Werror=format-security -Wdate-time -D_FORTIFY_SOURCE=2 -g   -c pwiz/data/msdata/IO.cpp -o pwiz/data/msdata/IO.o
In file included from pwiz/data/msdata/MSData.hpp:29,
                 from pwiz/data/msdata/IO.hpp:29,
                 from pwiz/data/msdata/IO.cpp:26:
./pwiz/utility/misc/BinaryData.hpp:54:54: warning: ‘template<class _Category, class _Tp, class _Distance, class _Pointer, class _Reference> struct std::iterator’ is deprecated [-Wdeprecated-declarations]
   54 |     class PWIZ_API_DECL const_iterator : public std::iterator<std::random_access_iterator_tag, const T>
      |                                                      ^~~~~~~~
In file included from /usr/include/c++/13/bits/stl_algobase.h:65,
                 from /usr/include/c++/13/algorithm:60,
                 from ./pwiz/utility/misc/BinaryData.hpp:29:
/usr/include/c++/13/bits/stl_iterator_base_types.h:127:34: note: declared here
  127 |     struct _GLIBCXX17_DEPRECATED iterator
      |                                  ^~~~~~~~
./pwiz/utility/misc/BinaryData.hpp:88:48: warning: ‘template<class _Category, class _Tp, class _Distance, class _Pointer, class _Reference> struct std::iterator’ is deprecated [-Wdeprecated-declarations]
   88 |     class PWIZ_API_DECL iterator : public std::iterator<std::random_access_iterator_tag, T>
      |                                                ^~~~~~~~
/usr/include/c++/13/bits/stl_iterator_base_types.h:127:34: note: declared here
  127 |     struct _GLIBCXX17_DEPRECATED iterator
      |                                  ^~~~~~~~
g++ -std=gnu++20 -I"/usr/local/lib/R/include" -DNDEBUG -I./boost_aux/ -I./boost/ -I. -D_LARGEFILE_SOURCE -DHAVE_PWIZ_MZML_LIB -D_NODEBUG    -I'/usr/local/lib/R/site-library/Rcpp/include' -I'/tmp/library/Rhdf5lib/include' -I/usr/local/include    -fpic  -g -O2 -fstack-protector-strong -Wformat -Werror=format-security -Wdate-time -D_FORTIFY_SOURCE=2 -g   -c pwiz/data/msdata/SpectrumList_BTDX.cpp -o pwiz/data/msdata/SpectrumList_BTDX.o
In file included from ./pwiz/data/msdata/MSData.hpp:29,
                 from pwiz/data/msdata/SpectrumListBase.hpp:28,
                 from pwiz/data/msdata/SpectrumList_BTDX.hpp:30,
                 from pwiz/data/msdata/SpectrumList_BTDX.cpp:26:
./pwiz/utility/misc/BinaryData.hpp:54:54: warning: ‘template<class _Category, class _Tp, class _Distance, class _Pointer, class _Reference> struct std::iterator’ is deprecated [-Wdeprecated-declarations]
   54 |     class PWIZ_API_DECL const_iterator : public std::iterator<std::random_access_iterator_tag, const T>
      |                                                      ^~~~~~~~
In file included from /usr/include/c++/13/bits/stl_algobase.h:65,
                 from /usr/include/c++/13/algorithm:60,
                 from ./pwiz/utility/misc/BinaryData.hpp:29:
/usr/include/c++/13/bits/stl_iterator_base_types.h:127:34: note: declared here
  127 |     struct _GLIBCXX17_DEPRECATED iterator
      |                                  ^~~~~~~~
./pwiz/utility/misc/BinaryData.hpp:88:48: warning: ‘template<class _Category, class _Tp, class _Distance, class _Pointer, class _Reference> struct std::iterator’ is deprecated [-Wdeprecated-declarations]
   88 |     class PWIZ_API_DECL iterator : public std::iterator<std::random_access_iterator_tag, T>
      |                                                ^~~~~~~~
/usr/include/c++/13/bits/stl_iterator_base_types.h:127:34: note: declared here
  127 |     struct _GLIBCXX17_DEPRECATED iterator
      |                                  ^~~~~~~~
g++ -std=gnu++20 -I"/usr/local/lib/R/include" -DNDEBUG -I./boost_aux/ -I./boost/ -I. -D_LARGEFILE_SOURCE -DHAVE_PWIZ_MZML_LIB -D_NODEBUG    -I'/usr/local/lib/R/site-library/Rcpp/include' -I'/tmp/library/Rhdf5lib/include' -I/usr/local/include    -fpic  -g -O2 -fstack-protector-strong -Wformat -Werror=format-security -Wdate-time -D_FORTIFY_SOURCE=2 -g   -c pwiz/data/msdata/SpectrumInfo.cpp -o pwiz/data/msdata/SpectrumInfo.o
In file included from pwiz/data/msdata/MSData.hpp:29,
                 from pwiz/data/msdata/SpectrumInfo.hpp:29,
                 from pwiz/data/msdata/SpectrumInfo.cpp:27:
./pwiz/utility/misc/BinaryData.hpp:54:54: warning: ‘template<class _Category, class _Tp, class _Distance, class _Pointer, class _Reference> struct std::iterator’ is deprecated [-Wdeprecated-declarations]
   54 |     class PWIZ_API_DECL const_iterator : public std::iterator<std::random_access_iterator_tag, const T>
      |                                                      ^~~~~~~~
In file included from /usr/include/c++/13/bits/stl_algobase.h:65,
                 from /usr/include/c++/13/algorithm:60,
                 from ./pwiz/utility/misc/BinaryData.hpp:29:
/usr/include/c++/13/bits/stl_iterator_base_types.h:127:34: note: declared here
  127 |     struct _GLIBCXX17_DEPRECATED iterator
      |                                  ^~~~~~~~
./pwiz/utility/misc/BinaryData.hpp:88:48: warning: ‘template<class _Category, class _Tp, class _Distance, class _Pointer, class _Reference> struct std::iterator’ is deprecated [-Wdeprecated-declarations]
   88 |     class PWIZ_API_DECL iterator : public std::iterator<std::random_access_iterator_tag, T>
      |                                                ^~~~~~~~
/usr/include/c++/13/bits/stl_iterator_base_types.h:127:34: note: declared here
  127 |     struct _GLIBCXX17_DEPRECATED iterator
      |                                  ^~~~~~~~
g++ -std=gnu++20 -I"/usr/local/lib/R/include" -DNDEBUG -I./boost_aux/ -I./boost/ -I. -D_LARGEFILE_SOURCE -DHAVE_PWIZ_MZML_LIB -D_NODEBUG    -I'/usr/local/lib/R/site-library/Rcpp/include' -I'/tmp/library/Rhdf5lib/include' -I/usr/local/include    -fpic  -g -O2 -fstack-protector-strong -Wformat -Werror=format-security -Wdate-time -D_FORTIFY_SOURCE=2 -g   -c pwiz/data/msdata/LegacyAdapter.cpp -o pwiz/data/msdata/LegacyAdapter.o
In file included from pwiz/data/msdata/MSData.hpp:29,
                 from pwiz/data/msdata/LegacyAdapter.hpp:30,
                 from pwiz/data/msdata/LegacyAdapter.cpp:27:
./pwiz/utility/misc/BinaryData.hpp:54:54: warning: ‘template<class _Category, class _Tp, class _Distance, class _Pointer, class _Reference> struct std::iterator’ is deprecated [-Wdeprecated-declarations]
   54 |     class PWIZ_API_DECL const_iterator : public std::iterator<std::random_access_iterator_tag, const T>
      |                                                      ^~~~~~~~
In file included from /usr/include/c++/13/bits/stl_algobase.h:65,
                 from /usr/include/c++/13/algorithm:60,
                 from ./pwiz/utility/misc/BinaryData.hpp:29:
/usr/include/c++/13/bits/stl_iterator_base_types.h:127:34: note: declared here
  127 |     struct _GLIBCXX17_DEPRECATED iterator
      |                                  ^~~~~~~~
./pwiz/utility/misc/BinaryData.hpp:88:48: warning: ‘template<class _Category, class _Tp, class _Distance, class _Pointer, class _Reference> struct std::iterator’ is deprecated [-Wdeprecated-declarations]
   88 |     class PWIZ_API_DECL iterator : public std::iterator<std::random_access_iterator_tag, T>
      |                                                ^~~~~~~~
/usr/include/c++/13/bits/stl_iterator_base_types.h:127:34: note: declared here
  127 |     struct _GLIBCXX17_DEPRECATED iterator
      |                                  ^~~~~~~~
g++ -std=gnu++20 -I"/usr/local/lib/R/include" -DNDEBUG -I./boost_aux/ -I./boost/ -I. -D_LARGEFILE_SOURCE -DHAVE_PWIZ_MZML_LIB -D_NODEBUG    -I'/usr/local/lib/R/site-library/Rcpp/include' -I'/tmp/library/Rhdf5lib/include' -I/usr/local/include    -fpic  -g -O2 -fstack-protector-strong -Wformat -Werror=format-security -Wdate-time -D_FORTIFY_SOURCE=2 -g   -c pwiz/data/msdata/SpectrumIterator.cpp -o pwiz/data/msdata/SpectrumIterator.o
In file included from pwiz/data/msdata/MSData.hpp:29,
                 from pwiz/data/msdata/SpectrumIterator.hpp:29,
                 from pwiz/data/msdata/SpectrumIterator.cpp:26:
./pwiz/utility/misc/BinaryData.hpp:54:54: warning: ‘template<class _Category, class _Tp, class _Distance, class _Pointer, class _Reference> struct std::iterator’ is deprecated [-Wdeprecated-declarations]
   54 |     class PWIZ_API_DECL const_iterator : public std::iterator<std::random_access_iterator_tag, const T>
      |                                                      ^~~~~~~~
In file included from /usr/include/c++/13/bits/stl_algobase.h:65,
                 from /usr/include/c++/13/algorithm:60,
                 from ./pwiz/utility/misc/BinaryData.hpp:29:
/usr/include/c++/13/bits/stl_iterator_base_types.h:127:34: note: declared here
  127 |     struct _GLIBCXX17_DEPRECATED iterator
      |                                  ^~~~~~~~
./pwiz/utility/misc/BinaryData.hpp:88:48: warning: ‘template<class _Category, class _Tp, class _Distance, class _Pointer, class _Reference> struct std::iterator’ is deprecated [-Wdeprecated-declarations]
   88 |     class PWIZ_API_DECL iterator : public std::iterator<std::random_access_iterator_tag, T>
      |                                                ^~~~~~~~
/usr/include/c++/13/bits/stl_iterator_base_types.h:127:34: note: declared here
  127 |     struct _GLIBCXX17_DEPRECATED iterator
      |                                  ^~~~~~~~
g++ -std=gnu++20 -I"/usr/local/lib/R/include" -DNDEBUG -I./boost_aux/ -I./boost/ -I. -D_LARGEFILE_SOURCE -DHAVE_PWIZ_MZML_LIB -D_NODEBUG    -I'/usr/local/lib/R/site-library/Rcpp/include' -I'/tmp/library/Rhdf5lib/include' -I/usr/local/include    -fpic  -g -O2 -fstack-protector-strong -Wformat -Werror=format-security -Wdate-time -D_FORTIFY_SOURCE=2 -g   -c pwiz/data/msdata/MSDataFile.cpp -o pwiz/data/msdata/MSDataFile.o
In file included from pwiz/data/msdata/MSData.hpp:29,
                 from pwiz/data/msdata/MSDataFile.hpp:29,
                 from pwiz/data/msdata/MSDataFile.cpp:26:
./pwiz/utility/misc/BinaryData.hpp:54:54: warning: ‘template<class _Category, class _Tp, class _Distance, class _Pointer, class _Reference> struct std::iterator’ is deprecated [-Wdeprecated-declarations]
   54 |     class PWIZ_API_DECL const_iterator : public std::iterator<std::random_access_iterator_tag, const T>
      |                                                      ^~~~~~~~
In file included from /usr/include/c++/13/bits/stl_algobase.h:65,
                 from /usr/include/c++/13/algorithm:60,
                 from ./pwiz/utility/misc/BinaryData.hpp:29:
/usr/include/c++/13/bits/stl_iterator_base_types.h:127:34: note: declared here
  127 |     struct _GLIBCXX17_DEPRECATED iterator
      |                                  ^~~~~~~~
./pwiz/utility/misc/BinaryData.hpp:88:48: warning: ‘template<class _Category, class _Tp, class _Distance, class _Pointer, class _Reference> struct std::iterator’ is deprecated [-Wdeprecated-declarations]
   88 |     class PWIZ_API_DECL iterator : public std::iterator<std::random_access_iterator_tag, T>
      |                                                ^~~~~~~~
/usr/include/c++/13/bits/stl_iterator_base_types.h:127:34: note: declared here
  127 |     struct _GLIBCXX17_DEPRECATED iterator
      |                                  ^~~~~~~~
g++ -std=gnu++20 -I"/usr/local/lib/R/include" -DNDEBUG -I./boost_aux/ -I./boost/ -I. -D_LARGEFILE_SOURCE -DHAVE_PWIZ_MZML_LIB -D_NODEBUG    -I'/usr/local/lib/R/site-library/Rcpp/include' -I'/tmp/library/Rhdf5lib/include' -I/usr/local/include    -fpic  -g -O2 -fstack-protector-strong -Wformat -Werror=format-security -Wdate-time -D_FORTIFY_SOURCE=2 -g   -c pwiz/data/msdata/MSNumpress.cpp -o pwiz/data/msdata/MSNumpress.o
g++ -std=gnu++20 -I"/usr/local/lib/R/include" -DNDEBUG -I./boost_aux/ -I./boost/ -I. -D_LARGEFILE_SOURCE -DHAVE_PWIZ_MZML_LIB -D_NODEBUG    -I'/usr/local/lib/R/site-library/Rcpp/include' -I'/tmp/library/Rhdf5lib/include' -I/usr/local/include    -fpic  -g -O2 -fstack-protector-strong -Wformat -Werror=format-security -Wdate-time -D_FORTIFY_SOURCE=2 -g   -c pwiz/data/msdata/SpectrumListCache.cpp -o pwiz/data/msdata/SpectrumListCache.o
In file included from pwiz/data/msdata/MSData.hpp:29,
                 from pwiz/data/msdata/SpectrumListCache.hpp:27,
                 from pwiz/data/msdata/SpectrumListCache.cpp:25:
./pwiz/utility/misc/BinaryData.hpp:54:54: warning: ‘template<class _Category, class _Tp, class _Distance, class _Pointer, class _Reference> struct std::iterator’ is deprecated [-Wdeprecated-declarations]
   54 |     class PWIZ_API_DECL const_iterator : public std::iterator<std::random_access_iterator_tag, const T>
      |                                                      ^~~~~~~~
In file included from /usr/include/c++/13/bits/stl_algobase.h:65,
                 from /usr/include/c++/13/algorithm:60,
                 from ./pwiz/utility/misc/BinaryData.hpp:29:
/usr/include/c++/13/bits/stl_iterator_base_types.h:127:34: note: declared here
  127 |     struct _GLIBCXX17_DEPRECATED iterator
      |                                  ^~~~~~~~
./pwiz/utility/misc/BinaryData.hpp:88:48: warning: ‘template<class _Category, class _Tp, class _Distance, class _Pointer, class _Reference> struct std::iterator’ is deprecated [-Wdeprecated-declarations]
   88 |     class PWIZ_API_DECL iterator : public std::iterator<std::random_access_iterator_tag, T>
      |                                                ^~~~~~~~
/usr/include/c++/13/bits/stl_iterator_base_types.h:127:34: note: declared here
  127 |     struct _GLIBCXX17_DEPRECATED iterator
      |                                  ^~~~~~~~
g++ -std=gnu++20 -I"/usr/local/lib/R/include" -DNDEBUG -I./boost_aux/ -I./boost/ -I. -D_LARGEFILE_SOURCE -DHAVE_PWIZ_MZML_LIB -D_NODEBUG    -I'/usr/local/lib/R/site-library/Rcpp/include' -I'/tmp/library/Rhdf5lib/include' -I/usr/local/include    -fpic  -g -O2 -fstack-protector-strong -Wformat -Werror=format-security -Wdate-time -D_FORTIFY_SOURCE=2 -g   -c pwiz/data/msdata/Index_mzML.cpp -o pwiz/data/msdata/Index_mzML.o
In file included from pwiz/data/msdata/MSData.hpp:29,
                 from pwiz/data/msdata/Index_mzML.hpp:28,
                 from pwiz/data/msdata/Index_mzML.cpp:24:
./pwiz/utility/misc/BinaryData.hpp:54:54: warning: ‘template<class _Category, class _Tp, class _Distance, class _Pointer, class _Reference> struct std::iterator’ is deprecated [-Wdeprecated-declarations]
   54 |     class PWIZ_API_DECL const_iterator : public std::iterator<std::random_access_iterator_tag, const T>
      |                                                      ^~~~~~~~
In file included from /usr/include/c++/13/bits/stl_algobase.h:65,
                 from /usr/include/c++/13/algorithm:60,
                 from ./pwiz/utility/misc/BinaryData.hpp:29:
/usr/include/c++/13/bits/stl_iterator_base_types.h:127:34: note: declared here
  127 |     struct _GLIBCXX17_DEPRECATED iterator
      |                                  ^~~~~~~~
./pwiz/utility/misc/BinaryData.hpp:88:48: warning: ‘template<class _Category, class _Tp, class _Distance, class _Pointer, class _Reference> struct std::iterator’ is deprecated [-Wdeprecated-declarations]
   88 |     class PWIZ_API_DECL iterator : public std::iterator<std::random_access_iterator_tag, T>
      |                                                ^~~~~~~~
/usr/include/c++/13/bits/stl_iterator_base_types.h:127:34: note: declared here
  127 |     struct _GLIBCXX17_DEPRECATED iterator
      |                                  ^~~~~~~~
g++ -std=gnu++20 -I"/usr/local/lib/R/include" -DNDEBUG -I./boost_aux/ -I./boost/ -I. -D_LARGEFILE_SOURCE -DHAVE_PWIZ_MZML_LIB -D_NODEBUG    -I'/usr/local/lib/R/site-library/Rcpp/include' -I'/tmp/library/Rhdf5lib/include' -I/usr/local/include    -fpic  -g -O2 -fstack-protector-strong -Wformat -Werror=format-security -Wdate-time -D_FORTIFY_SOURCE=2 -g   -c pwiz/data/msdata/SpectrumWorkerThreads.cpp -o pwiz/data/msdata/SpectrumWorkerThreads.o
In file included from ./pwiz/data/msdata/MSData.hpp:29,
                 from ./pwiz/data/msdata/SpectrumWorkerThreads.hpp:26,
                 from pwiz/data/msdata/SpectrumWorkerThreads.cpp:26:
./pwiz/utility/misc/BinaryData.hpp:54:54: warning: ‘template<class _Category, class _Tp, class _Distance, class _Pointer, class _Reference> struct std::iterator’ is deprecated [-Wdeprecated-declarations]
   54 |     class PWIZ_API_DECL const_iterator : public std::iterator<std::random_access_iterator_tag, const T>
      |                                                      ^~~~~~~~
In file included from /usr/include/c++/13/bits/stl_construct.h:61,
                 from /usr/include/c++/13/bits/char_traits.h:57,
                 from /usr/include/c++/13/string:42,
                 from /usr/include/c++/13/stdexcept:39,
                 from ./pwiz/utility/misc/Exception.hpp:28,
                 from ./pwiz/utility/misc/Std.hpp:28,
                 from pwiz/data/msdata/SpectrumWorkerThreads.cpp:24:
/usr/include/c++/13/bits/stl_iterator_base_types.h:127:34: note: declared here
  127 |     struct _GLIBCXX17_DEPRECATED iterator
      |                                  ^~~~~~~~
./pwiz/utility/misc/BinaryData.hpp:88:48: warning: ‘template<class _Category, class _Tp, class _Distance, class _Pointer, class _Reference> struct std::iterator’ is deprecated [-Wdeprecated-declarations]
   88 |     class PWIZ_API_DECL iterator : public std::iterator<std::random_access_iterator_tag, T>
      |                                                ^~~~~~~~
/usr/include/c++/13/bits/stl_iterator_base_types.h:127:34: note: declared here
  127 |     struct _GLIBCXX17_DEPRECATED iterator
      |                                  ^~~~~~~~
g++ -std=gnu++20 -I"/usr/local/lib/R/include" -DNDEBUG -I./boost_aux/ -I./boost/ -I. -D_LARGEFILE_SOURCE -DHAVE_PWIZ_MZML_LIB -D_NODEBUG    -I'/usr/local/lib/R/site-library/Rcpp/include' -I'/tmp/library/Rhdf5lib/include' -I/usr/local/include    -fpic  -g -O2 -fstack-protector-strong -Wformat -Werror=format-security -Wdate-time -D_FORTIFY_SOURCE=2 -g   -c pwiz/data/identdata/IdentDataFile.cpp -o pwiz/data/identdata/IdentDataFile.o
In file included from pwiz/data/identdata/IdentDataFile.cpp:26:
pwiz/data/identdata/TextWriter.hpp: In member function ‘pwiz::identdata::TextWriter& pwiz::identdata::TextWriter::operator()(const pwiz::identdata::IdentData&)’:
pwiz/data/identdata/TextWriter.hpp:887:46: warning: ignoring return value of ‘constexpr std::__cxx11::basic_string<_CharT, _Traits, _Allocator> std::operator+(const _CharT*, const __cxx11::basic_string<_CharT, _Traits, _Allocator>&) [with _CharT = char; _Traits = char_traits<char>; _Alloc = allocator<char>]’, declared with attribute ‘nodiscard’ [-Wunused-result]
  887 |                ("version: " + mzid.version());
      |                                              ^
In file included from /usr/include/c++/13/string:54,
                 from /usr/include/c++/13/stdexcept:39,
                 from ./pwiz/utility/misc/Exception.hpp:28,
                 from pwiz/data/identdata/IdentData.hpp:29,
                 from pwiz/data/identdata/IdentDataFile.hpp:29,
                 from pwiz/data/identdata/IdentDataFile.cpp:25:
/usr/include/c++/13/bits/basic_string.h:3571:5: note: declared here
 3571 |     operator+(const _CharT* __lhs,
      |     ^~~~~~~~
g++ -std=gnu++20 -I"/usr/local/lib/R/include" -DNDEBUG -I./boost_aux/ -I./boost/ -I. -D_LARGEFILE_SOURCE -DHAVE_PWIZ_MZML_LIB -D_NODEBUG    -I'/usr/local/lib/R/site-library/Rcpp/include' -I'/tmp/library/Rhdf5lib/include' -I/usr/local/include    -fpic  -g -O2 -fstack-protector-strong -Wformat -Werror=format-security -Wdate-time -D_FORTIFY_SOURCE=2 -g   -c pwiz/data/identdata/IdentData.cpp -o pwiz/data/identdata/IdentData.o
In file included from ./boost_aux/boost/enum.hpp:21,
                 from ./pwiz/data/common/Unimod.hpp:31,
                 from pwiz/data/identdata/IdentData.cpp:30:
./pwiz/data/common/Unimod.hpp: In function ‘bool pwiz::data::unimod::operator==(const Site::domain&, const Site&)’:
./boost_aux/boost/enum/macros.hpp:226:85: warning: in C++20 this comparison calls the current function recursively with reversed arguments
  226 |     inline bool operator== (const _name::domain& lhs, const _name& rhs) {return rhs == lhs;} \
      |                                                                                 ~~~~^~~~~~
./boost_aux/boost/enum/macros.hpp:234:5: note: in expansion of macro ‘BOOST_ENUM_DOMAIN_OPERATORS’
  234 |     BOOST_ENUM_DOMAIN_OPERATORS(_name) \
      |     ^~~~~~~~~~~~~~~~~~~~~~~~~~~
./pwiz/data/common/Unimod.hpp:69:1: note: in expansion of macro ‘BOOST_BITFIELD_DOMAIN_OPERATORS’
   69 | BOOST_BITFIELD_DOMAIN_OPERATORS(Site)
      | ^~~~~~~~~~~~~~~~~~~~~~~~~~~~~~~
./pwiz/data/common/Unimod.hpp: In function ‘bool pwiz::data::unimod::operator==(const Position::domain&, const Position&)’:
./boost_aux/boost/enum/macros.hpp:226:85: warning: in C++20 this comparison calls the current function recursively with reversed arguments
  226 |     inline bool operator== (const _name::domain& lhs, const _name& rhs) {return rhs == lhs;} \
      |                                                                                 ~~~~^~~~~~
./pwiz/data/common/Unimod.hpp:78:1: note: in expansion of macro ‘BOOST_ENUM_DOMAIN_OPERATORS’
   78 | BOOST_ENUM_DOMAIN_OPERATORS(Position)
      | ^~~~~~~~~~~~~~~~~~~~~~~~~~~
./pwiz/data/common/Unimod.hpp: In function ‘bool pwiz::data::unimod::operator==(const Classification::domain&, const Classification&)’:
./boost_aux/boost/enum/macros.hpp:226:85: warning: in C++20 this comparison calls the current function recursively with reversed arguments
  226 |     inline bool operator== (const _name::domain& lhs, const _name& rhs) {return rhs == lhs;} \
      |                                                                                 ~~~~^~~~~~
./boost_aux/boost/enum/macros.hpp:234:5: note: in expansion of macro ‘BOOST_ENUM_DOMAIN_OPERATORS’
  234 |     BOOST_ENUM_DOMAIN_OPERATORS(_name) \
      |     ^~~~~~~~~~~~~~~~~~~~~~~~~~~
./pwiz/data/common/Unimod.hpp:97:1: note: in expansion of macro ‘BOOST_BITFIELD_DOMAIN_OPERATORS’
   97 | BOOST_BITFIELD_DOMAIN_OPERATORS(Classification)
      | ^~~~~~~~~~~~~~~~~~~~~~~~~~~~~~~
g++ -std=gnu++20 -I"/usr/local/lib/R/include" -DNDEBUG -I./boost_aux/ -I./boost/ -I. -D_LARGEFILE_SOURCE -DHAVE_PWIZ_MZML_LIB -D_NODEBUG    -I'/usr/local/lib/R/site-library/Rcpp/include' -I'/tmp/library/Rhdf5lib/include' -I/usr/local/include    -fpic  -g -O2 -fstack-protector-strong -Wformat -Werror=format-security -Wdate-time -D_FORTIFY_SOURCE=2 -g   -c pwiz/data/identdata/DefaultReaderList.cpp -o pwiz/data/identdata/DefaultReaderList.o
g++ -std=gnu++20 -I"/usr/local/lib/R/include" -DNDEBUG -I./boost_aux/ -I./boost/ -I. -D_LARGEFILE_SOURCE -DHAVE_PWIZ_MZML_LIB -D_NODEBUG    -I'/usr/local/lib/R/site-library/Rcpp/include' -I'/tmp/library/Rhdf5lib/include' -I/usr/local/include    -fpic  -g -O2 -fstack-protector-strong -Wformat -Werror=format-security -Wdate-time -D_FORTIFY_SOURCE=2 -g   -c pwiz/data/identdata/Reader.cpp -o pwiz/data/identdata/Reader.o
g++ -std=gnu++20 -I"/usr/local/lib/R/include" -DNDEBUG -I./boost_aux/ -I./boost/ -I. -D_LARGEFILE_SOURCE -DHAVE_PWIZ_MZML_LIB -D_NODEBUG    -I'/usr/local/lib/R/site-library/Rcpp/include' -I'/tmp/library/Rhdf5lib/include' -I/usr/local/include    -fpic  -g -O2 -fstack-protector-strong -Wformat -Werror=format-security -Wdate-time -D_FORTIFY_SOURCE=2 -g   -c pwiz/data/identdata/Serializer_protXML.cpp -o pwiz/data/identdata/Serializer_protXML.o
In file included from ./pwiz/data/msdata/MSData.hpp:29,
                 from pwiz/data/identdata/Serializer_protXML.cpp:36:
./pwiz/utility/misc/BinaryData.hpp:54:54: warning: ‘template<class _Category, class _Tp, class _Distance, class _Pointer, class _Reference> struct std::iterator’ is deprecated [-Wdeprecated-declarations]
   54 |     class PWIZ_API_DECL const_iterator : public std::iterator<std::random_access_iterator_tag, const T>
      |                                                      ^~~~~~~~
In file included from /usr/include/c++/13/bits/stl_construct.h:61,
                 from /usr/include/c++/13/bits/char_traits.h:57,
                 from /usr/include/c++/13/string:42,
                 from /usr/include/c++/13/stdexcept:39,
                 from ./pwiz/utility/misc/Exception.hpp:28,
                 from pwiz/data/identdata/IdentData.hpp:29,
                 from pwiz/data/identdata/Serializer_protXML.hpp:29,
                 from pwiz/data/identdata/Serializer_protXML.cpp:28:
/usr/include/c++/13/bits/stl_iterator_base_types.h:127:34: note: declared here
  127 |     struct _GLIBCXX17_DEPRECATED iterator
      |                                  ^~~~~~~~
./pwiz/utility/misc/BinaryData.hpp:88:48: warning: ‘template<class _Category, class _Tp, class _Distance, class _Pointer, class _Reference> struct std::iterator’ is deprecated [-Wdeprecated-declarations]
   88 |     class PWIZ_API_DECL iterator : public std::iterator<std::random_access_iterator_tag, T>
      |                                                ^~~~~~~~
/usr/include/c++/13/bits/stl_iterator_base_types.h:127:34: note: declared here
  127 |     struct _GLIBCXX17_DEPRECATED iterator
      |                                  ^~~~~~~~
g++ -std=gnu++20 -I"/usr/local/lib/R/include" -DNDEBUG -I./boost_aux/ -I./boost/ -I. -D_LARGEFILE_SOURCE -DHAVE_PWIZ_MZML_LIB -D_NODEBUG    -I'/usr/local/lib/R/site-library/Rcpp/include' -I'/tmp/library/Rhdf5lib/include' -I/usr/local/include    -fpic  -g -O2 -fstack-protector-strong -Wformat -Werror=format-security -Wdate-time -D_FORTIFY_SOURCE=2 -g   -c pwiz/data/identdata/Serializer_pepXML.cpp -o pwiz/data/identdata/Serializer_pepXML.o
In file included from ./pwiz/data/msdata/MSData.hpp:29,
                 from pwiz/data/identdata/Serializer_pepXML.cpp:33:
./pwiz/utility/misc/BinaryData.hpp:54:54: warning: ‘template<class _Category, class _Tp, class _Distance, class _Pointer, class _Reference> struct std::iterator’ is deprecated [-Wdeprecated-declarations]
   54 |     class PWIZ_API_DECL const_iterator : public std::iterator<std::random_access_iterator_tag, const T>
      |                                                      ^~~~~~~~
In file included from /usr/include/c++/13/bits/stl_construct.h:61,
                 from /usr/include/c++/13/bits/char_traits.h:57,
                 from /usr/include/c++/13/string:42,
                 from /usr/include/c++/13/stdexcept:39,
                 from ./pwiz/utility/misc/Exception.hpp:28,
                 from pwiz/data/identdata/IdentData.hpp:29,
                 from pwiz/data/identdata/Serializer_pepXML.hpp:27,
                 from pwiz/data/identdata/Serializer_pepXML.cpp:25:
/usr/include/c++/13/bits/stl_iterator_base_types.h:127:34: note: declared here
  127 |     struct _GLIBCXX17_DEPRECATED iterator
      |                                  ^~~~~~~~
./pwiz/utility/misc/BinaryData.hpp:88:48: warning: ‘template<class _Category, class _Tp, class _Distance, class _Pointer, class _Reference> struct std::iterator’ is deprecated [-Wdeprecated-declarations]
   88 |     class PWIZ_API_DECL iterator : public std::iterator<std::random_access_iterator_tag, T>
      |                                                ^~~~~~~~
/usr/include/c++/13/bits/stl_iterator_base_types.h:127:34: note: declared here
  127 |     struct _GLIBCXX17_DEPRECATED iterator
      |                                  ^~~~~~~~
g++ -std=gnu++20 -I"/usr/local/lib/R/include" -DNDEBUG -I./boost_aux/ -I./boost/ -I. -D_LARGEFILE_SOURCE -DHAVE_PWIZ_MZML_LIB -D_NODEBUG    -I'/usr/local/lib/R/site-library/Rcpp/include' -I'/tmp/library/Rhdf5lib/include' -I/usr/local/include    -fpic  -g -O2 -fstack-protector-strong -Wformat -Werror=format-security -Wdate-time -D_FORTIFY_SOURCE=2 -g   -c pwiz/data/identdata/Serializer_mzid.cpp -o pwiz/data/identdata/Serializer_mzid.o
g++ -std=gnu++20 -I"/usr/local/lib/R/include" -DNDEBUG -I./boost_aux/ -I./boost/ -I. -D_LARGEFILE_SOURCE -DHAVE_PWIZ_MZML_LIB -D_NODEBUG    -I'/usr/local/lib/R/site-library/Rcpp/include' -I'/tmp/library/Rhdf5lib/include' -I/usr/local/include    -fpic  -g -O2 -fstack-protector-strong -Wformat -Werror=format-security -Wdate-time -D_FORTIFY_SOURCE=2 -g   -c pwiz/data/identdata/IO.cpp -o pwiz/data/identdata/IO.o
In file included from pwiz/data/identdata/IO.cpp:28:
pwiz/data/identdata/TextWriter.hpp: In member function ‘pwiz::identdata::TextWriter& pwiz::identdata::TextWriter::operator()(const pwiz::identdata::IdentData&)’:
pwiz/data/identdata/TextWriter.hpp:887:46: warning: ignoring return value of ‘constexpr std::__cxx11::basic_string<_CharT, _Traits, _Allocator> std::operator+(const _CharT*, const __cxx11::basic_string<_CharT, _Traits, _Allocator>&) [with _CharT = char; _Traits = char_traits<char>; _Alloc = allocator<char>]’, declared with attribute ‘nodiscard’ [-Wunused-result]
  887 |                ("version: " + mzid.version());
      |                                              ^
In file included from /usr/include/c++/13/string:54,
                 from /usr/include/c++/13/stdexcept:39,
                 from ./pwiz/utility/misc/Exception.hpp:28,
                 from pwiz/data/identdata/IdentData.hpp:29,
                 from pwiz/data/identdata/IO.hpp:27,
                 from pwiz/data/identdata/IO.cpp:26:
/usr/include/c++/13/bits/basic_string.h:3571:5: note: declared here
 3571 |     operator+(const _CharT* __lhs,
      |     ^~~~~~~~
g++ -std=gnu++20 -I"/usr/local/lib/R/include" -DNDEBUG -I./boost_aux/ -I./boost/ -I. -D_LARGEFILE_SOURCE -DHAVE_PWIZ_MZML_LIB -D_NODEBUG    -I'/usr/local/lib/R/site-library/Rcpp/include' -I'/tmp/library/Rhdf5lib/include' -I/usr/local/include    -fpic  -g -O2 -fstack-protector-strong -Wformat -Werror=format-security -Wdate-time -D_FORTIFY_SOURCE=2 -g   -c pwiz/data/identdata/References.cpp -o pwiz/data/identdata/References.o
In file included from pwiz/data/identdata/References.cpp:26:
pwiz/data/identdata/TextWriter.hpp: In member function ‘pwiz::identdata::TextWriter& pwiz::identdata::TextWriter::operator()(const pwiz::identdata::IdentData&)’:
pwiz/data/identdata/TextWriter.hpp:887:46: warning: ignoring return value of ‘constexpr std::__cxx11::basic_string<_CharT, _Traits, _Allocator> std::operator+(const _CharT*, const __cxx11::basic_string<_CharT, _Traits, _Allocator>&) [with _CharT = char; _Traits = char_traits<char>; _Alloc = allocator<char>]’, declared with attribute ‘nodiscard’ [-Wunused-result]
  887 |                ("version: " + mzid.version());
      |                                              ^
In file included from /usr/include/c++/13/string:54,
                 from /usr/include/c++/13/stdexcept:39,
                 from ./pwiz/utility/misc/Exception.hpp:28,
                 from pwiz/data/identdata/IdentData.hpp:29,
                 from pwiz/data/identdata/References.hpp:29,
                 from pwiz/data/identdata/References.cpp:25:
/usr/include/c++/13/bits/basic_string.h:3571:5: note: declared here
 3571 |     operator+(const _CharT* __lhs,
      |     ^~~~~~~~
g++ -std=gnu++20 -I"/usr/local/lib/R/include" -DNDEBUG -I./boost_aux/ -I./boost/ -I. -D_LARGEFILE_SOURCE -DHAVE_PWIZ_MZML_LIB -D_NODEBUG    -I'/usr/local/lib/R/site-library/Rcpp/include' -I'/tmp/library/Rhdf5lib/include' -I/usr/local/include    -fpic  -g -O2 -fstack-protector-strong -Wformat -Werror=format-security -Wdate-time -D_FORTIFY_SOURCE=2 -g   -c pwiz/data/identdata/MascotReader.cpp -o pwiz/data/identdata/MascotReader.o
g++ -std=gnu++20 -I"/usr/local/lib/R/include" -DNDEBUG -I./boost_aux/ -I./boost/ -I. -D_LARGEFILE_SOURCE -DHAVE_PWIZ_MZML_LIB -D_NODEBUG    -I'/usr/local/lib/R/site-library/Rcpp/include' -I'/tmp/library/Rhdf5lib/include' -I/usr/local/include    -fpic  -g -O2 -fstack-protector-strong -Wformat -Werror=format-security -Wdate-time -D_FORTIFY_SOURCE=2 -g   -c pwiz/data/proteome/Modification.cpp -o pwiz/data/proteome/Modification.o
g++ -std=gnu++20 -I"/usr/local/lib/R/include" -DNDEBUG -I./boost_aux/ -I./boost/ -I. -D_LARGEFILE_SOURCE -DHAVE_PWIZ_MZML_LIB -D_NODEBUG    -I'/usr/local/lib/R/site-library/Rcpp/include' -I'/tmp/library/Rhdf5lib/include' -I/usr/local/include    -fpic  -g -O2 -fstack-protector-strong -Wformat -Werror=format-security -Wdate-time -D_FORTIFY_SOURCE=2 -g   -c pwiz/data/proteome/Digestion.cpp -o pwiz/data/proteome/Digestion.o
g++ -std=gnu++20 -I"/usr/local/lib/R/include" -DNDEBUG -I./boost_aux/ -I./boost/ -I. -D_LARGEFILE_SOURCE -DHAVE_PWIZ_MZML_LIB -D_NODEBUG    -I'/usr/local/lib/R/site-library/Rcpp/include' -I'/tmp/library/Rhdf5lib/include' -I/usr/local/include    -fpic  -g -O2 -fstack-protector-strong -Wformat -Werror=format-security -Wdate-time -D_FORTIFY_SOURCE=2 -g   -c pwiz/data/proteome/Peptide.cpp -o pwiz/data/proteome/Peptide.o
g++ -std=gnu++20 -I"/usr/local/lib/R/include" -DNDEBUG -I./boost_aux/ -I./boost/ -I. -D_LARGEFILE_SOURCE -DHAVE_PWIZ_MZML_LIB -D_NODEBUG    -I'/usr/local/lib/R/site-library/Rcpp/include' -I'/tmp/library/Rhdf5lib/include' -I/usr/local/include    -fpic  -g -O2 -fstack-protector-strong -Wformat -Werror=format-security -Wdate-time -D_FORTIFY_SOURCE=2 -g   -c pwiz/data/proteome/AminoAcid.cpp -o pwiz/data/proteome/AminoAcid.o
g++ -std=gnu++20 -I"/usr/local/lib/R/include" -DNDEBUG -I./boost_aux/ -I./boost/ -I. -D_LARGEFILE_SOURCE -DHAVE_PWIZ_MZML_LIB -D_NODEBUG    -I'/usr/local/lib/R/site-library/Rcpp/include' -I'/tmp/library/Rhdf5lib/include' -I/usr/local/include    -fpic  -g -O2 -fstack-protector-strong -Wformat -Werror=format-security -Wdate-time -D_FORTIFY_SOURCE=2 -g   -c pwiz/utility/minimxml/XMLWriter.cpp -o pwiz/utility/minimxml/XMLWriter.o
g++ -std=gnu++20 -I"/usr/local/lib/R/include" -DNDEBUG -I./boost_aux/ -I./boost/ -I. -D_LARGEFILE_SOURCE -DHAVE_PWIZ_MZML_LIB -D_NODEBUG    -I'/usr/local/lib/R/site-library/Rcpp/include' -I'/tmp/library/Rhdf5lib/include' -I/usr/local/include    -fpic  -g -O2 -fstack-protector-strong -Wformat -Werror=format-security -Wdate-time -D_FORTIFY_SOURCE=2 -g   -c pwiz/utility/minimxml/SAXParser.cpp -o pwiz/utility/minimxml/SAXParser.o
g++ -std=gnu++20 -I"/usr/local/lib/R/include" -DNDEBUG -I./boost_aux/ -I./boost/ -I. -D_LARGEFILE_SOURCE -DHAVE_PWIZ_MZML_LIB -D_NODEBUG    -I'/usr/local/lib/R/site-library/Rcpp/include' -I'/tmp/library/Rhdf5lib/include' -I/usr/local/include    -fpic  -g -O2 -fstack-protector-strong -Wformat -Werror=format-security -Wdate-time -D_FORTIFY_SOURCE=2 -g   -c pwiz/utility/chemistry/Chemistry.cpp -o pwiz/utility/chemistry/Chemistry.o
g++ -std=gnu++20 -I"/usr/local/lib/R/include" -DNDEBUG -I./boost_aux/ -I./boost/ -I. -D_LARGEFILE_SOURCE -DHAVE_PWIZ_MZML_LIB -D_NODEBUG    -I'/usr/local/lib/R/site-library/Rcpp/include' -I'/tmp/library/Rhdf5lib/include' -I/usr/local/include    -fpic  -g -O2 -fstack-protector-strong -Wformat -Werror=format-security -Wdate-time -D_FORTIFY_SOURCE=2 -g   -c pwiz/utility/chemistry/ChemistryData.cpp -o pwiz/utility/chemistry/ChemistryData.o
g++ -std=gnu++20 -I"/usr/local/lib/R/include" -DNDEBUG -I./boost_aux/ -I./boost/ -I. -D_LARGEFILE_SOURCE -DHAVE_PWIZ_MZML_LIB -D_NODEBUG    -I'/usr/local/lib/R/site-library/Rcpp/include' -I'/tmp/library/Rhdf5lib/include' -I/usr/local/include    -fpic  -g -O2 -fstack-protector-strong -Wformat -Werror=format-security -Wdate-time -D_FORTIFY_SOURCE=2 -g   -c pwiz/utility/chemistry/MZTolerance.cpp -o pwiz/utility/chemistry/MZTolerance.o
g++ -std=gnu++20 -I"/usr/local/lib/R/include" -DNDEBUG -I./boost_aux/ -I./boost/ -I. -D_LARGEFILE_SOURCE -DHAVE_PWIZ_MZML_LIB -D_NODEBUG    -I'/usr/local/lib/R/site-library/Rcpp/include' -I'/tmp/library/Rhdf5lib/include' -I/usr/local/include    -fpic  -g -O2 -fstack-protector-strong -Wformat -Werror=format-security -Wdate-time -D_FORTIFY_SOURCE=2 -g   -c pwiz/utility/misc/IntegerSet.cpp -o pwiz/utility/misc/IntegerSet.o
g++ -std=gnu++20 -I"/usr/local/lib/R/include" -DNDEBUG -I./boost_aux/ -I./boost/ -I. -D_LARGEFILE_SOURCE -DHAVE_PWIZ_MZML_LIB -D_NODEBUG    -I'/usr/local/lib/R/site-library/Rcpp/include' -I'/tmp/library/Rhdf5lib/include' -I/usr/local/include    -fpic  -g -O2 -fstack-protector-strong -Wformat -Werror=format-security -Wdate-time -D_FORTIFY_SOURCE=2 -g   -c pwiz/utility/misc/Base64.cpp -o pwiz/utility/misc/Base64.o
g++ -std=gnu++20 -I"/usr/local/lib/R/include" -DNDEBUG -I./boost_aux/ -I./boost/ -I. -D_LARGEFILE_SOURCE -DHAVE_PWIZ_MZML_LIB -D_NODEBUG    -I'/usr/local/lib/R/site-library/Rcpp/include' -I'/tmp/library/Rhdf5lib/include' -I/usr/local/include    -fpic  -g -O2 -fstack-protector-strong -Wformat -Werror=format-security -Wdate-time -D_FORTIFY_SOURCE=2 -g   -c pwiz/utility/misc/BinaryData.cpp -o pwiz/utility/misc/BinaryData.o
In file included from pwiz/utility/misc/BinaryData.cpp:24:
pwiz/utility/misc/BinaryData.hpp:54:54: warning: ‘template<class _Category, class _Tp, class _Distance, class _Pointer, class _Reference> struct std::iterator’ is deprecated [-Wdeprecated-declarations]
   54 |     class PWIZ_API_DECL const_iterator : public std::iterator<std::random_access_iterator_tag, const T>
      |                                                      ^~~~~~~~
In file included from /usr/include/c++/13/bits/stl_algobase.h:65,
                 from /usr/include/c++/13/algorithm:60,
                 from pwiz/utility/misc/BinaryData.hpp:29:
/usr/include/c++/13/bits/stl_iterator_base_types.h:127:34: note: declared here
  127 |     struct _GLIBCXX17_DEPRECATED iterator
      |                                  ^~~~~~~~
pwiz/utility/misc/BinaryData.hpp:88:48: warning: ‘template<class _Category, class _Tp, class _Distance, class _Pointer, class _Reference> struct std::iterator’ is deprecated [-Wdeprecated-declarations]
   88 |     class PWIZ_API_DECL iterator : public std::iterator<std::random_access_iterator_tag, T>
      |                                                ^~~~~~~~
/usr/include/c++/13/bits/stl_iterator_base_types.h:127:34: note: declared here
  127 |     struct _GLIBCXX17_DEPRECATED iterator
      |                                  ^~~~~~~~
g++ -std=gnu++20 -I"/usr/local/lib/R/include" -DNDEBUG -I./boost_aux/ -I./boost/ -I. -D_LARGEFILE_SOURCE -DHAVE_PWIZ_MZML_LIB -D_NODEBUG    -I'/usr/local/lib/R/site-library/Rcpp/include' -I'/tmp/library/Rhdf5lib/include' -I/usr/local/include    -fpic  -g -O2 -fstack-protector-strong -Wformat -Werror=format-security -Wdate-time -D_FORTIFY_SOURCE=2 -g   -c pwiz/utility/misc/IterationListener.cpp -o pwiz/utility/misc/IterationListener.o
g++ -std=gnu++20 -I"/usr/local/lib/R/include" -DNDEBUG -I./boost_aux/ -I./boost/ -I. -D_LARGEFILE_SOURCE -DHAVE_PWIZ_MZML_LIB -D_NODEBUG    -I'/usr/local/lib/R/site-library/Rcpp/include' -I'/tmp/library/Rhdf5lib/include' -I/usr/local/include    -fpic  -g -O2 -fstack-protector-strong -Wformat -Werror=format-security -Wdate-time -D_FORTIFY_SOURCE=2 -g   -c pwiz/utility/misc/MSIHandler.cpp -o pwiz/utility/misc/MSIHandler.o
g++ -std=gnu++20 -I"/usr/local/lib/R/include" -DNDEBUG -I./boost_aux/ -I./boost/ -I. -D_LARGEFILE_SOURCE -DHAVE_PWIZ_MZML_LIB -D_NODEBUG    -I'/usr/local/lib/R/site-library/Rcpp/include' -I'/tmp/library/Rhdf5lib/include' -I/usr/local/include    -fpic  -g -O2 -fstack-protector-strong -Wformat -Werror=format-security -Wdate-time -D_FORTIFY_SOURCE=2 -g   -c pwiz/utility/misc/Filesystem.cpp -o pwiz/utility/misc/Filesystem.o
g++ -std=gnu++20 -I"/usr/local/lib/R/include" -DNDEBUG -I./boost_aux/ -I./boost/ -I. -D_LARGEFILE_SOURCE -DHAVE_PWIZ_MZML_LIB -D_NODEBUG    -I'/usr/local/lib/R/site-library/Rcpp/include' -I'/tmp/library/Rhdf5lib/include' -I/usr/local/include    -fpic  -g -O2 -fstack-protector-strong -Wformat -Werror=format-security -Wdate-time -D_FORTIFY_SOURCE=2 -g   -c pwiz/utility/misc/TabReader.cpp -o pwiz/utility/misc/TabReader.o
g++ -std=gnu++20 -I"/usr/local/lib/R/include" -DNDEBUG -I./boost_aux/ -I./boost/ -I. -D_LARGEFILE_SOURCE -DHAVE_PWIZ_MZML_LIB -D_NODEBUG    -I'/usr/local/lib/R/site-library/Rcpp/include' -I'/tmp/library/Rhdf5lib/include' -I/usr/local/include    -fpic  -g -O2 -fstack-protector-strong -Wformat -Werror=format-security -Wdate-time -D_FORTIFY_SOURCE=2 -g   -c pwiz/utility/misc/random_access_compressed_ifstream.cpp -o pwiz/utility/misc/random_access_compressed_ifstream.o
g++ -std=gnu++20 -I"/usr/local/lib/R/include" -DNDEBUG -I./boost_aux/ -I./boost/ -I. -D_LARGEFILE_SOURCE -DHAVE_PWIZ_MZML_LIB -D_NODEBUG    -I'/usr/local/lib/R/site-library/Rcpp/include' -I'/tmp/library/Rhdf5lib/include' -I/usr/local/include    -fpic  -g -O2 -fstack-protector-strong -Wformat -Werror=format-security -Wdate-time -D_FORTIFY_SOURCE=2 -g   -c pwiz/utility/misc/SHA1.cpp -o pwiz/utility/misc/SHA1.o
g++ -std=gnu++20 -I"/usr/local/lib/R/include" -DNDEBUG -I./boost_aux/ -I./boost/ -I. -D_LARGEFILE_SOURCE -DHAVE_PWIZ_MZML_LIB -D_NODEBUG    -I'/usr/local/lib/R/site-library/Rcpp/include' -I'/tmp/library/Rhdf5lib/include' -I/usr/local/include    -fpic  -g -O2 -fstack-protector-strong -Wformat -Werror=format-security -Wdate-time -D_FORTIFY_SOURCE=2 -g   -c pwiz/utility/misc/SHA1Calculator.cpp -o pwiz/utility/misc/SHA1Calculator.o
g++ -std=gnu++20 -I"/usr/local/lib/R/include" -DNDEBUG -I./boost_aux/ -I./boost/ -I. -D_LARGEFILE_SOURCE -DHAVE_PWIZ_MZML_LIB -D_NODEBUG    -I'/usr/local/lib/R/site-library/Rcpp/include' -I'/tmp/library/Rhdf5lib/include' -I/usr/local/include    -fpic  -g -O2 -fstack-protector-strong -Wformat -Werror=format-security -Wdate-time -D_FORTIFY_SOURCE=2 -g   -c pwiz/utility/misc/sha1calc.cpp -o pwiz/utility/misc/sha1calc.o
g++ -std=gnu++20 -I"/usr/local/lib/R/include" -DNDEBUG -I./boost_aux/ -I./boost/ -I. -D_LARGEFILE_SOURCE -DHAVE_PWIZ_MZML_LIB -D_NODEBUG    -I'/usr/local/lib/R/site-library/Rcpp/include' -I'/tmp/library/Rhdf5lib/include' -I/usr/local/include    -fpic  -g -O2 -fstack-protector-strong -Wformat -Werror=format-security -Wdate-time -D_FORTIFY_SOURCE=2 -g   -c pwiz/utility/misc/String.cpp -o pwiz/utility/misc/String.o
g++ -std=gnu++20 -I"/usr/local/lib/R/include" -DNDEBUG -I./boost_aux/ -I./boost/ -I. -D_LARGEFILE_SOURCE -DHAVE_PWIZ_MZML_LIB -D_NODEBUG    -I'/usr/local/lib/R/site-library/Rcpp/include' -I'/tmp/library/Rhdf5lib/include' -I/usr/local/include    -fpic  -g -O2 -fstack-protector-strong -Wformat -Werror=format-security -Wdate-time -D_FORTIFY_SOURCE=2 -g   -c RcppExports.cpp -o RcppExports.o
g++ -std=gnu++20 -I"/usr/local/lib/R/include" -DNDEBUG -I./boost_aux/ -I./boost/ -I. -D_LARGEFILE_SOURCE -DHAVE_PWIZ_MZML_LIB -D_NODEBUG    -I'/usr/local/lib/R/site-library/Rcpp/include' -I'/tmp/library/Rhdf5lib/include' -I/usr/local/include    -fpic  -g -O2 -fstack-protector-strong -Wformat -Werror=format-security -Wdate-time -D_FORTIFY_SOURCE=2 -g   -c boost/libs/thread/src/pthread/once.cpp -o boost/libs/thread/src/pthread/once.o
g++ -std=gnu++20 -I"/usr/local/lib/R/include" -DNDEBUG -I./boost_aux/ -I./boost/ -I. -D_LARGEFILE_SOURCE -DHAVE_PWIZ_MZML_LIB -D_NODEBUG    -I'/usr/local/lib/R/site-library/Rcpp/include' -I'/tmp/library/Rhdf5lib/include' -I/usr/local/include    -fpic  -g -O2 -fstack-protector-strong -Wformat -Werror=format-security -Wdate-time -D_FORTIFY_SOURCE=2 -g   -c boost/libs/thread/src/pthread/thread.cpp -o boost/libs/thread/src/pthread/thread.o
g++ -std=gnu++20 -shared -L/usr/local/lib/R/lib -L/usr/local/lib -o mzR.so RcppPwiz.o RcppPwizModule.o RcppIdent.o RcppIdentModule.o ./boost/libs/system/src/error_code.o ./boost/libs/regex/src/posix_api.o ./boost/libs/regex/src/regex_debug.o ./boost/libs/regex/src/regex.o ./boost/libs/regex/src/wide_posix_api.o ./boost/libs/regex/src/static_mutex.o ./boost/libs/iostreams/src/zlib.o ./boost/libs/iostreams/src/file_descriptor.o ./boost/libs/filesystem/src/operations.o ./boost/libs/filesystem/src/directory.o ./boost/libs/filesystem/src/exception.o ./boost/libs/filesystem/src/path.o ./boost/libs/filesystem/src/unique_path.o ./boost/libs/filesystem/src/utf8_codecvt_facet.o ./boost/libs/chrono/src/chrono.o ./boost/libs/chrono/src/process_cpu_clocks.o ./boost/libs/chrono/src/thread_clock.o ./pwiz/data/msdata/Version.o ./pwiz/data/identdata/Version.o ./pwiz/data/common/MemoryIndex.o ./pwiz/data/common/CVTranslator.o ./pwiz/data/common/cv.o ./pwiz/data/common/ParamTypes.o ./pwiz/data/common/BinaryIndexStream.o ./pwiz/data/common/diff_std.o ./pwiz/data/common/Unimod.o ./pwiz/data/msdata/mz5/Configuration_mz5.o ./pwiz/data/msdata/mz5/Connection_mz5.o ./pwiz/data/msdata/mz5/Datastructures_mz5.o ./pwiz/data/msdata/mz5/ReferenceRead_mz5.o ./pwiz/data/msdata/mz5/ReferenceWrite_mz5.o ./pwiz/data/msdata/mz5/Translator_mz5.o ./pwiz/data/msdata/DefaultReaderList.o ./pwiz/data/msdata/ChromatogramList_mzML.o ./pwiz/data/msdata/ChromatogramList_mz5.o ./pwiz/data/msdata/examples.o ./pwiz/data/msdata/Serializer_mzML.o ./pwiz/data/msdata/Serializer_MSn.o ./pwiz/data/msdata/Reader.o ./pwiz/data/msdata/Serializer_mz5.o ./pwiz/data/msdata/Serializer_MGF.o ./pwiz/data/msdata/Serializer_mzXML.o ./pwiz/data/msdata/SpectrumListBase.o ./pwiz/data/msdata/SpectrumList_MGF.o ./pwiz/data/msdata/SpectrumList_mzML.o ./pwiz/data/msdata/SpectrumList_MSn.o ./pwiz/data/msdata/SpectrumList_mz5.o ./pwiz/data/msdata/BinaryDataEncoder.o ./pwiz/data/msdata/Diff.o ./pwiz/data/msdata/MSData.o ./pwiz/data/msdata/References.o ./pwiz/data/msdata/SpectrumList_mzXML.o ./pwiz/data/msdata/IO.o ./pwiz/data/msdata/SpectrumList_BTDX.o ./pwiz/data/msdata/SpectrumInfo.o ./pwiz/data/msdata/LegacyAdapter.o ./pwiz/data/msdata/SpectrumIterator.o ./pwiz/data/msdata/MSDataFile.o ./pwiz/data/msdata/MSNumpress.o ./pwiz/data/msdata/SpectrumListCache.o ./pwiz/data/msdata/Index_mzML.o ./pwiz/data/msdata/SpectrumWorkerThreads.o ./pwiz/data/identdata/IdentDataFile.o ./pwiz/data/identdata/IdentData.o ./pwiz/data/identdata/DefaultReaderList.o ./pwiz/data/identdata/Reader.o ./pwiz/data/identdata/Serializer_protXML.o ./pwiz/data/identdata/Serializer_pepXML.o ./pwiz/data/identdata/Serializer_mzid.o ./pwiz/data/identdata/IO.o ./pwiz/data/identdata/References.o ./pwiz/data/identdata/MascotReader.o ./pwiz/data/proteome/Modification.o ./pwiz/data/proteome/Digestion.o ./pwiz/data/proteome/Peptide.o ./pwiz/data/proteome/AminoAcid.o ./pwiz/utility/minimxml/XMLWriter.o ./pwiz/utility/minimxml/SAXParser.o ./pwiz/utility/chemistry/Chemistry.o ./pwiz/utility/chemistry/ChemistryData.o ./pwiz/utility/chemistry/MZTolerance.o ./pwiz/utility/misc/IntegerSet.o ./pwiz/utility/misc/Base64.o ./pwiz/utility/misc/BinaryData.o ./pwiz/utility/misc/IterationListener.o ./pwiz/utility/misc/MSIHandler.o ./pwiz/utility/misc/Filesystem.o ./pwiz/utility/misc/TabReader.o ./pwiz/utility/misc/random_access_compressed_ifstream.o ./pwiz/utility/misc/SHA1.o ./pwiz/utility/misc/SHA1Calculator.o ./pwiz/utility/misc/sha1calc.o ./pwiz/utility/misc/String.o ./RcppExports.o ./boost/libs/thread/src/pthread/once.o ./boost/libs/thread/src/pthread/thread.o -lpthread /tmp/library/Rhdf5lib/lib/libhdf5_cpp.a /tmp/library/Rhdf5lib/lib/libhdf5.a -L/tmp/library/Rhdf5lib/lib -lsz -lm -ldl -lcurl -lssl -lcrypto -L/usr/local/lib/R/lib -lR
installing to /tmp/library/00LOCK-mzR/00new/mzR/libs
** R
** inst
** byte-compile and prepare package for lazy loading
** help
*** installing help indices
** building package indices
** installing vignettes
** testing if installed package can be loaded from temporary location
** checking absolute paths in shared objects and dynamic libraries
** testing if installed package can be loaded from final location
** testing if installed package keeps a record of temporary installation path
* SHA256 sums
* creating tarball
packaged installation of ‘mzR’ as ‘mzR_2.47.0_R_x86_64-pc-linux-gnu.tar.gz’
* DONE (mzR)
* installing *source* package ‘GenomicRanges’ ...
** this is package ‘GenomicRanges’ version ‘1.65.1’
** package ‘GenomicRanges’ successfully unpacked and MD5 sums checked
** using staged installation
** R
** inst
** byte-compile and prepare package for lazy loading
** help
*** installing help indices
** building package indices
** installing vignettes
** testing if installed package can be loaded from temporary location
** testing if installed package can be loaded from final location
** testing if installed package keeps a record of temporary installation path
* SHA256 sums
* creating tarball
packaged installation of ‘GenomicRanges’ as ‘GenomicRanges_1.65.1_R_x86_64-pc-linux-gnu.tar.gz’
* DONE (GenomicRanges)
* installing *source* package ‘Biostrings’ ...
** this is package ‘Biostrings’ version ‘2.81.5’
** package ‘Biostrings’ successfully unpacked and MD5 sums checked
** using staged installation
** libs
using C compiler: ‘gcc (Ubuntu 13.3.0-6ubuntu2~24.04.1) 13.3.0’
gcc -std=gnu2x -I"/usr/local/lib/R/include" -DNDEBUG  -I'/tmp/library/S4Vectors/include' -I'/tmp/library/IRanges/include' -I'/tmp/library/XVector/include' -I/usr/local/include    -fpic  -g -O2 -fstack-protector-strong -Wformat -Werror=format-security -Wdate-time -D_FORTIFY_SOURCE=2 -g  -c BAB_class.c -o BAB_class.o
gcc -std=gnu2x -I"/usr/local/lib/R/include" -DNDEBUG  -I'/tmp/library/S4Vectors/include' -I'/tmp/library/IRanges/include' -I'/tmp/library/XVector/include' -I/usr/local/include    -fpic  -g -O2 -fstack-protector-strong -Wformat -Werror=format-security -Wdate-time -D_FORTIFY_SOURCE=2 -g  -c BitMatrix.c -o BitMatrix.o
gcc -std=gnu2x -I"/usr/local/lib/R/include" -DNDEBUG  -I'/tmp/library/S4Vectors/include' -I'/tmp/library/IRanges/include' -I'/tmp/library/XVector/include' -I/usr/local/include    -fpic  -g -O2 -fstack-protector-strong -Wformat -Werror=format-security -Wdate-time -D_FORTIFY_SOURCE=2 -g  -c IRanges_stubs.c -o IRanges_stubs.o
gcc -std=gnu2x -I"/usr/local/lib/R/include" -DNDEBUG  -I'/tmp/library/S4Vectors/include' -I'/tmp/library/IRanges/include' -I'/tmp/library/XVector/include' -I/usr/local/include    -fpic  -g -O2 -fstack-protector-strong -Wformat -Werror=format-security -Wdate-time -D_FORTIFY_SOURCE=2 -g  -c MIndex_class.c -o MIndex_class.o
gcc -std=gnu2x -I"/usr/local/lib/R/include" -DNDEBUG  -I'/tmp/library/S4Vectors/include' -I'/tmp/library/IRanges/include' -I'/tmp/library/XVector/include' -I/usr/local/include    -fpic  -g -O2 -fstack-protector-strong -Wformat -Werror=format-security -Wdate-time -D_FORTIFY_SOURCE=2 -g  -c PreprocessedTB_class.c -o PreprocessedTB_class.o
gcc -std=gnu2x -I"/usr/local/lib/R/include" -DNDEBUG  -I'/tmp/library/S4Vectors/include' -I'/tmp/library/IRanges/include' -I'/tmp/library/XVector/include' -I/usr/local/include    -fpic  -g -O2 -fstack-protector-strong -Wformat -Werror=format-security -Wdate-time -D_FORTIFY_SOURCE=2 -g  -c R_init_Biostrings.c -o R_init_Biostrings.o
gcc -std=gnu2x -I"/usr/local/lib/R/include" -DNDEBUG  -I'/tmp/library/S4Vectors/include' -I'/tmp/library/IRanges/include' -I'/tmp/library/XVector/include' -I/usr/local/include    -fpic  -g -O2 -fstack-protector-strong -Wformat -Werror=format-security -Wdate-time -D_FORTIFY_SOURCE=2 -g  -c RoSeqs_utils.c -o RoSeqs_utils.o
gcc -std=gnu2x -I"/usr/local/lib/R/include" -DNDEBUG  -I'/tmp/library/S4Vectors/include' -I'/tmp/library/IRanges/include' -I'/tmp/library/XVector/include' -I/usr/local/include    -fpic  -g -O2 -fstack-protector-strong -Wformat -Werror=format-security -Wdate-time -D_FORTIFY_SOURCE=2 -g  -c S4Vectors_stubs.c -o S4Vectors_stubs.o
gcc -std=gnu2x -I"/usr/local/lib/R/include" -DNDEBUG  -I'/tmp/library/S4Vectors/include' -I'/tmp/library/IRanges/include' -I'/tmp/library/XVector/include' -I/usr/local/include    -fpic  -g -O2 -fstack-protector-strong -Wformat -Werror=format-security -Wdate-time -D_FORTIFY_SOURCE=2 -g  -c XStringSetList_class.c -o XStringSetList_class.o
gcc -std=gnu2x -I"/usr/local/lib/R/include" -DNDEBUG  -I'/tmp/library/S4Vectors/include' -I'/tmp/library/IRanges/include' -I'/tmp/library/XVector/include' -I/usr/local/include    -fpic  -g -O2 -fstack-protector-strong -Wformat -Werror=format-security -Wdate-time -D_FORTIFY_SOURCE=2 -g  -c XStringSet_class.c -o XStringSet_class.o
gcc -std=gnu2x -I"/usr/local/lib/R/include" -DNDEBUG  -I'/tmp/library/S4Vectors/include' -I'/tmp/library/IRanges/include' -I'/tmp/library/XVector/include' -I/usr/local/include    -fpic  -g -O2 -fstack-protector-strong -Wformat -Werror=format-security -Wdate-time -D_FORTIFY_SOURCE=2 -g  -c XString_class.c -o XString_class.o
gcc -std=gnu2x -I"/usr/local/lib/R/include" -DNDEBUG  -I'/tmp/library/S4Vectors/include' -I'/tmp/library/IRanges/include' -I'/tmp/library/XVector/include' -I/usr/local/include    -fpic  -g -O2 -fstack-protector-strong -Wformat -Werror=format-security -Wdate-time -D_FORTIFY_SOURCE=2 -g  -c XVector_stubs.c -o XVector_stubs.o
gcc -std=gnu2x -I"/usr/local/lib/R/include" -DNDEBUG  -I'/tmp/library/S4Vectors/include' -I'/tmp/library/IRanges/include' -I'/tmp/library/XVector/include' -I/usr/local/include    -fpic  -g -O2 -fstack-protector-strong -Wformat -Werror=format-security -Wdate-time -D_FORTIFY_SOURCE=2 -g  -c find_palindromes.c -o find_palindromes.o
gcc -std=gnu2x -I"/usr/local/lib/R/include" -DNDEBUG  -I'/tmp/library/S4Vectors/include' -I'/tmp/library/IRanges/include' -I'/tmp/library/XVector/include' -I/usr/local/include    -fpic  -g -O2 -fstack-protector-strong -Wformat -Werror=format-security -Wdate-time -D_FORTIFY_SOURCE=2 -g  -c gtestsim.c -o gtestsim.o
gcc -std=gnu2x -I"/usr/local/lib/R/include" -DNDEBUG  -I'/tmp/library/S4Vectors/include' -I'/tmp/library/IRanges/include' -I'/tmp/library/XVector/include' -I/usr/local/include    -fpic  -g -O2 -fstack-protector-strong -Wformat -Werror=format-security -Wdate-time -D_FORTIFY_SOURCE=2 -g  -c inject_code.c -o inject_code.o
gcc -std=gnu2x -I"/usr/local/lib/R/include" -DNDEBUG  -I'/tmp/library/S4Vectors/include' -I'/tmp/library/IRanges/include' -I'/tmp/library/XVector/include' -I/usr/local/include    -fpic  -g -O2 -fstack-protector-strong -Wformat -Werror=format-security -Wdate-time -D_FORTIFY_SOURCE=2 -g  -c lcsuffix.c -o lcsuffix.o
gcc -std=gnu2x -I"/usr/local/lib/R/include" -DNDEBUG  -I'/tmp/library/S4Vectors/include' -I'/tmp/library/IRanges/include' -I'/tmp/library/XVector/include' -I/usr/local/include    -fpic  -g -O2 -fstack-protector-strong -Wformat -Werror=format-security -Wdate-time -D_FORTIFY_SOURCE=2 -g  -c letter_frequency.c -o letter_frequency.o
gcc -std=gnu2x -I"/usr/local/lib/R/include" -DNDEBUG  -I'/tmp/library/S4Vectors/include' -I'/tmp/library/IRanges/include' -I'/tmp/library/XVector/include' -I/usr/local/include    -fpic  -g -O2 -fstack-protector-strong -Wformat -Werror=format-security -Wdate-time -D_FORTIFY_SOURCE=2 -g  -c lowlevel_matching.c -o lowlevel_matching.o
gcc -std=gnu2x -I"/usr/local/lib/R/include" -DNDEBUG  -I'/tmp/library/S4Vectors/include' -I'/tmp/library/IRanges/include' -I'/tmp/library/XVector/include' -I/usr/local/include    -fpic  -g -O2 -fstack-protector-strong -Wformat -Werror=format-security -Wdate-time -D_FORTIFY_SOURCE=2 -g  -c match_PWM.c -o match_PWM.o
gcc -std=gnu2x -I"/usr/local/lib/R/include" -DNDEBUG  -I'/tmp/library/S4Vectors/include' -I'/tmp/library/IRanges/include' -I'/tmp/library/XVector/include' -I/usr/local/include    -fpic  -g -O2 -fstack-protector-strong -Wformat -Werror=format-security -Wdate-time -D_FORTIFY_SOURCE=2 -g  -c match_pattern.c -o match_pattern.o
gcc -std=gnu2x -I"/usr/local/lib/R/include" -DNDEBUG  -I'/tmp/library/S4Vectors/include' -I'/tmp/library/IRanges/include' -I'/tmp/library/XVector/include' -I/usr/local/include    -fpic  -g -O2 -fstack-protector-strong -Wformat -Werror=format-security -Wdate-time -D_FORTIFY_SOURCE=2 -g  -c match_pattern_boyermoore.c -o match_pattern_boyermoore.o
gcc -std=gnu2x -I"/usr/local/lib/R/include" -DNDEBUG  -I'/tmp/library/S4Vectors/include' -I'/tmp/library/IRanges/include' -I'/tmp/library/XVector/include' -I/usr/local/include    -fpic  -g -O2 -fstack-protector-strong -Wformat -Werror=format-security -Wdate-time -D_FORTIFY_SOURCE=2 -g  -c match_pattern_indels.c -o match_pattern_indels.o
gcc -std=gnu2x -I"/usr/local/lib/R/include" -DNDEBUG  -I'/tmp/library/S4Vectors/include' -I'/tmp/library/IRanges/include' -I'/tmp/library/XVector/include' -I/usr/local/include    -fpic  -g -O2 -fstack-protector-strong -Wformat -Werror=format-security -Wdate-time -D_FORTIFY_SOURCE=2 -g  -c match_pattern_shiftor.c -o match_pattern_shiftor.o
gcc -std=gnu2x -I"/usr/local/lib/R/include" -DNDEBUG  -I'/tmp/library/S4Vectors/include' -I'/tmp/library/IRanges/include' -I'/tmp/library/XVector/include' -I/usr/local/include    -fpic  -g -O2 -fstack-protector-strong -Wformat -Werror=format-security -Wdate-time -D_FORTIFY_SOURCE=2 -g  -c match_pdict.c -o match_pdict.o
gcc -std=gnu2x -I"/usr/local/lib/R/include" -DNDEBUG  -I'/tmp/library/S4Vectors/include' -I'/tmp/library/IRanges/include' -I'/tmp/library/XVector/include' -I/usr/local/include    -fpic  -g -O2 -fstack-protector-strong -Wformat -Werror=format-security -Wdate-time -D_FORTIFY_SOURCE=2 -g  -c match_pdict_ACtree2.c -o match_pdict_ACtree2.o
gcc -std=gnu2x -I"/usr/local/lib/R/include" -DNDEBUG  -I'/tmp/library/S4Vectors/include' -I'/tmp/library/IRanges/include' -I'/tmp/library/XVector/include' -I/usr/local/include    -fpic  -g -O2 -fstack-protector-strong -Wformat -Werror=format-security -Wdate-time -D_FORTIFY_SOURCE=2 -g  -c match_pdict_Twobit.c -o match_pdict_Twobit.o
gcc -std=gnu2x -I"/usr/local/lib/R/include" -DNDEBUG  -I'/tmp/library/S4Vectors/include' -I'/tmp/library/IRanges/include' -I'/tmp/library/XVector/include' -I/usr/local/include    -fpic  -g -O2 -fstack-protector-strong -Wformat -Werror=format-security -Wdate-time -D_FORTIFY_SOURCE=2 -g  -c match_pdict_utils.c -o match_pdict_utils.o
gcc -std=gnu2x -I"/usr/local/lib/R/include" -DNDEBUG  -I'/tmp/library/S4Vectors/include' -I'/tmp/library/IRanges/include' -I'/tmp/library/XVector/include' -I/usr/local/include    -fpic  -g -O2 -fstack-protector-strong -Wformat -Werror=format-security -Wdate-time -D_FORTIFY_SOURCE=2 -g  -c match_reporting.c -o match_reporting.o
gcc -std=gnu2x -I"/usr/local/lib/R/include" -DNDEBUG  -I'/tmp/library/S4Vectors/include' -I'/tmp/library/IRanges/include' -I'/tmp/library/XVector/include' -I/usr/local/include    -fpic  -g -O2 -fstack-protector-strong -Wformat -Werror=format-security -Wdate-time -D_FORTIFY_SOURCE=2 -g  -c read_fasta_files.c -o read_fasta_files.o
gcc -std=gnu2x -I"/usr/local/lib/R/include" -DNDEBUG  -I'/tmp/library/S4Vectors/include' -I'/tmp/library/IRanges/include' -I'/tmp/library/XVector/include' -I/usr/local/include    -fpic  -g -O2 -fstack-protector-strong -Wformat -Werror=format-security -Wdate-time -D_FORTIFY_SOURCE=2 -g  -c read_fastq_files.c -o read_fastq_files.o
gcc -std=gnu2x -I"/usr/local/lib/R/include" -DNDEBUG  -I'/tmp/library/S4Vectors/include' -I'/tmp/library/IRanges/include' -I'/tmp/library/XVector/include' -I/usr/local/include    -fpic  -g -O2 -fstack-protector-strong -Wformat -Werror=format-security -Wdate-time -D_FORTIFY_SOURCE=2 -g  -c replaceAt.c -o replaceAt.o
gcc -std=gnu2x -I"/usr/local/lib/R/include" -DNDEBUG  -I'/tmp/library/S4Vectors/include' -I'/tmp/library/IRanges/include' -I'/tmp/library/XVector/include' -I/usr/local/include    -fpic  -g -O2 -fstack-protector-strong -Wformat -Werror=format-security -Wdate-time -D_FORTIFY_SOURCE=2 -g  -c replace_letter_at.c -o replace_letter_at.o
gcc -std=gnu2x -I"/usr/local/lib/R/include" -DNDEBUG  -I'/tmp/library/S4Vectors/include' -I'/tmp/library/IRanges/include' -I'/tmp/library/XVector/include' -I/usr/local/include    -fpic  -g -O2 -fstack-protector-strong -Wformat -Werror=format-security -Wdate-time -D_FORTIFY_SOURCE=2 -g  -c strutils.c -o strutils.o
gcc -std=gnu2x -I"/usr/local/lib/R/include" -DNDEBUG  -I'/tmp/library/S4Vectors/include' -I'/tmp/library/IRanges/include' -I'/tmp/library/XVector/include' -I/usr/local/include    -fpic  -g -O2 -fstack-protector-strong -Wformat -Werror=format-security -Wdate-time -D_FORTIFY_SOURCE=2 -g  -c translate.c -o translate.o
gcc -std=gnu2x -I"/usr/local/lib/R/include" -DNDEBUG  -I'/tmp/library/S4Vectors/include' -I'/tmp/library/IRanges/include' -I'/tmp/library/XVector/include' -I/usr/local/include    -fpic  -g -O2 -fstack-protector-strong -Wformat -Werror=format-security -Wdate-time -D_FORTIFY_SOURCE=2 -g  -c unstrsplit_methods.c -o unstrsplit_methods.o
gcc -std=gnu2x -I"/usr/local/lib/R/include" -DNDEBUG  -I'/tmp/library/S4Vectors/include' -I'/tmp/library/IRanges/include' -I'/tmp/library/XVector/include' -I/usr/local/include    -fpic  -g -O2 -fstack-protector-strong -Wformat -Werror=format-security -Wdate-time -D_FORTIFY_SOURCE=2 -g  -c utils.c -o utils.o
gcc -std=gnu2x -I"/usr/local/lib/R/include" -DNDEBUG  -I'/tmp/library/S4Vectors/include' -I'/tmp/library/IRanges/include' -I'/tmp/library/XVector/include' -I/usr/local/include    -fpic  -g -O2 -fstack-protector-strong -Wformat -Werror=format-security -Wdate-time -D_FORTIFY_SOURCE=2 -g  -c xscat.c -o xscat.o
gcc -std=gnu2x -shared -L/usr/local/lib/R/lib -L/usr/local/lib -o Biostrings.so BAB_class.o BitMatrix.o IRanges_stubs.o MIndex_class.o PreprocessedTB_class.o R_init_Biostrings.o RoSeqs_utils.o S4Vectors_stubs.o XStringSetList_class.o XStringSet_class.o XString_class.o XVector_stubs.o find_palindromes.o gtestsim.o inject_code.o lcsuffix.o letter_frequency.o lowlevel_matching.o match_PWM.o match_pattern.o match_pattern_boyermoore.o match_pattern_indels.o match_pattern_shiftor.o match_pdict.o match_pdict_ACtree2.o match_pdict_Twobit.o match_pdict_utils.o match_reporting.o read_fasta_files.o read_fastq_files.o replaceAt.o replace_letter_at.o strutils.o translate.o unstrsplit_methods.o utils.o xscat.o -L/usr/local/lib/R/lib -lR
installing to /tmp/library/00LOCK-Biostrings/00new/Biostrings/libs
** R
** data
** inst
** byte-compile and prepare package for lazy loading
in method for ‘twoWayAlphabetFrequencyByQuality’ with signature ‘"QualityScaledXStringSet"’: no definition for class “QualityScaledXStringSet”
Creating a new generic function for ‘strsplit’ in package ‘Biostrings’
Creating a new generic function for ‘offset’ in package ‘Biostrings’
** help
*** installing help indices
** building package indices
** installing vignettes
** testing if installed package can be loaded from temporary location
** checking absolute paths in shared objects and dynamic libraries
** testing if installed package can be loaded from final location
** testing if installed package keeps a record of temporary installation path
* SHA256 sums
* creating tarball
packaged installation of ‘Biostrings’ as ‘Biostrings_2.81.5_R_x86_64-pc-linux-gnu.tar.gz’
* DONE (Biostrings)
* installing *source* package ‘Harman’ ...
** this is package ‘Harman’ version ‘1.41.0’
** package ‘Harman’ successfully unpacked and MD5 sums checked
** using staged installation
** libs
specified C++17
using C++ compiler: ‘g++ (Ubuntu 13.3.0-6ubuntu2~24.04.1) 13.3.0’
using C++17
g++ -std=gnu++17 -I"/usr/local/lib/R/include" -DNDEBUG  -I'/usr/local/lib/R/site-library/Rcpp/include' -I/usr/local/include    -fpic  -g -O2 -fstack-protector-strong -Wformat -Werror=format-security -Wdate-time -D_FORTIFY_SOURCE=2 -g   -c Harman.cpp -o Harman.o
g++ -std=gnu++17 -shared -L/usr/local/lib/R/lib -L/usr/local/lib -o Harman.so Harman.o -L/usr/local/lib/R/lib -lR
installing to /tmp/library/00LOCK-Harman/00new/Harman/libs
** R
** inst
** byte-compile and prepare package for lazy loading
** help
*** installing help indices
** building package indices
** installing vignettes
** testing if installed package can be loaded from temporary location
** checking absolute paths in shared objects and dynamic libraries
** testing if installed package can be loaded from final location
** testing if installed package keeps a record of temporary installation path
* SHA256 sums
* creating tarball
packaged installation of ‘Harman’ as ‘Harman_1.41.0_R_x86_64-pc-linux-gnu.tar.gz’
* DONE (Harman)
* installing *source* package ‘cigarillo’ ...
** this is package ‘cigarillo’ version ‘1.3.1’
** package ‘cigarillo’ successfully unpacked and MD5 sums checked
** using staged installation
** libs
using C compiler: ‘gcc (Ubuntu 13.3.0-6ubuntu2~24.04.1) 13.3.0’
gcc -std=gnu2x -I"/usr/local/lib/R/include" -DNDEBUG  -I'/tmp/library/S4Vectors/include' -I'/tmp/library/IRanges/include' -I/usr/local/include    -fpic  -g -O2 -fstack-protector-strong -Wformat -Werror=format-security -Wdate-time -D_FORTIFY_SOURCE=2 -g  -c IRanges_stubs.c -o IRanges_stubs.o
gcc -std=gnu2x -I"/usr/local/lib/R/include" -DNDEBUG  -I'/tmp/library/S4Vectors/include' -I'/tmp/library/IRanges/include' -I/usr/local/include    -fpic  -g -O2 -fstack-protector-strong -Wformat -Werror=format-security -Wdate-time -D_FORTIFY_SOURCE=2 -g  -c R_init_cigarillo.c -o R_init_cigarillo.o
gcc -std=gnu2x -I"/usr/local/lib/R/include" -DNDEBUG  -I'/tmp/library/S4Vectors/include' -I'/tmp/library/IRanges/include' -I/usr/local/include    -fpic  -g -O2 -fstack-protector-strong -Wformat -Werror=format-security -Wdate-time -D_FORTIFY_SOURCE=2 -g  -c S4Vectors_stubs.c -o S4Vectors_stubs.o
gcc -std=gnu2x -I"/usr/local/lib/R/include" -DNDEBUG  -I'/tmp/library/S4Vectors/include' -I'/tmp/library/IRanges/include' -I/usr/local/include    -fpic  -g -O2 -fstack-protector-strong -Wformat -Werror=format-security -Wdate-time -D_FORTIFY_SOURCE=2 -g  -c cigar_extent.c -o cigar_extent.o
gcc -std=gnu2x -I"/usr/local/lib/R/include" -DNDEBUG  -I'/tmp/library/S4Vectors/include' -I'/tmp/library/IRanges/include' -I/usr/local/include    -fpic  -g -O2 -fstack-protector-strong -Wformat -Werror=format-security -Wdate-time -D_FORTIFY_SOURCE=2 -g  -c cigar_ops_visibility.c -o cigar_ops_visibility.o
gcc -std=gnu2x -I"/usr/local/lib/R/include" -DNDEBUG  -I'/tmp/library/S4Vectors/include' -I'/tmp/library/IRanges/include' -I/usr/local/include    -fpic  -g -O2 -fstack-protector-strong -Wformat -Werror=format-security -Wdate-time -D_FORTIFY_SOURCE=2 -g  -c cigars_as_ranges.c -o cigars_as_ranges.o
gcc -std=gnu2x -I"/usr/local/lib/R/include" -DNDEBUG  -I'/tmp/library/S4Vectors/include' -I'/tmp/library/IRanges/include' -I/usr/local/include    -fpic  -g -O2 -fstack-protector-strong -Wformat -Werror=format-security -Wdate-time -D_FORTIFY_SOURCE=2 -g  -c explode_cigars.c -o explode_cigars.o
gcc -std=gnu2x -I"/usr/local/lib/R/include" -DNDEBUG  -I'/tmp/library/S4Vectors/include' -I'/tmp/library/IRanges/include' -I/usr/local/include    -fpic  -g -O2 -fstack-protector-strong -Wformat -Werror=format-security -Wdate-time -D_FORTIFY_SOURCE=2 -g  -c map_ref_ranges_to_query.c -o map_ref_ranges_to_query.o
gcc -std=gnu2x -I"/usr/local/lib/R/include" -DNDEBUG  -I'/tmp/library/S4Vectors/include' -I'/tmp/library/IRanges/include' -I/usr/local/include    -fpic  -g -O2 -fstack-protector-strong -Wformat -Werror=format-security -Wdate-time -D_FORTIFY_SOURCE=2 -g  -c project_positions.c -o project_positions.o
gcc -std=gnu2x -I"/usr/local/lib/R/include" -DNDEBUG  -I'/tmp/library/S4Vectors/include' -I'/tmp/library/IRanges/include' -I/usr/local/include    -fpic  -g -O2 -fstack-protector-strong -Wformat -Werror=format-security -Wdate-time -D_FORTIFY_SOURCE=2 -g  -c tabulate_cigar_ops.c -o tabulate_cigar_ops.o
gcc -std=gnu2x -I"/usr/local/lib/R/include" -DNDEBUG  -I'/tmp/library/S4Vectors/include' -I'/tmp/library/IRanges/include' -I/usr/local/include    -fpic  -g -O2 -fstack-protector-strong -Wformat -Werror=format-security -Wdate-time -D_FORTIFY_SOURCE=2 -g  -c trim_cigars.c -o trim_cigars.o
gcc -std=gnu2x -shared -L/usr/local/lib/R/lib -L/usr/local/lib -o cigarillo.so IRanges_stubs.o R_init_cigarillo.o S4Vectors_stubs.o cigar_extent.o cigar_ops_visibility.o cigars_as_ranges.o explode_cigars.o map_ref_ranges_to_query.o project_positions.o tabulate_cigar_ops.o trim_cigars.o -L/usr/local/lib/R/lib -lR
installing to /tmp/library/00LOCK-cigarillo/00new/cigarillo/libs
** R
** inst
** byte-compile and prepare package for lazy loading
** help
*** installing help indices
** building package indices
** installing vignettes
** testing if installed package can be loaded from temporary location
** checking absolute paths in shared objects and dynamic libraries
** testing if installed package can be loaded from final location
** testing if installed package keeps a record of temporary installation path
* SHA256 sums
* creating tarball
packaged installation of ‘cigarillo’ as ‘cigarillo_1.3.1_R_x86_64-pc-linux-gnu.tar.gz’
* DONE (cigarillo)
* installing *source* package ‘AnnotationFilter’ ...
** this is package ‘AnnotationFilter’ version ‘1.37.0’
** package ‘AnnotationFilter’ successfully unpacked and MD5 sums checked
** using staged installation
** R
** inst
** byte-compile and prepare package for lazy loading
** help
*** installing help indices
** building package indices
** installing vignettes
** testing if installed package can be loaded from temporary location
** testing if installed package can be loaded from final location
** testing if installed package keeps a record of temporary installation path
* SHA256 sums
* creating tarball
packaged installation of ‘AnnotationFilter’ as ‘AnnotationFilter_1.37.0_R_x86_64-pc-linux-gnu.tar.gz’
* DONE (AnnotationFilter)
* installing *source* package ‘Rsamtools’ ...
** this is package ‘Rsamtools’ version ‘2.29.0’
** package ‘Rsamtools’ successfully unpacked and MD5 sums checked
** using staged installation
** libs
using C compiler: ‘gcc (Ubuntu 13.3.0-6ubuntu2~24.04.1) 13.3.0’
using C++ compiler: ‘g++ (Ubuntu 13.3.0-6ubuntu2~24.04.1) 13.3.0’
gcc -std=gnu2x -I"/usr/local/lib/R/include" -DNDEBUG -D_FILE_OFFSET_BITS=64 -I'/tmp/library/Rhtslib/include' -I'/tmp/library/S4Vectors/include' -I'/tmp/library/IRanges/include' -I'/tmp/library/XVector/include' -I'/tmp/library/Biostrings/include' -I/usr/local/include    -fpic  -g -O2 -fstack-protector-strong -Wformat -Werror=format-security -Wdate-time -D_FORTIFY_SOURCE=2 -g  -c Biostrings_stubs.c -o Biostrings_stubs.o
gcc -std=gnu2x -I"/usr/local/lib/R/include" -DNDEBUG -D_FILE_OFFSET_BITS=64 -I'/tmp/library/Rhtslib/include' -I'/tmp/library/S4Vectors/include' -I'/tmp/library/IRanges/include' -I'/tmp/library/XVector/include' -I'/tmp/library/Biostrings/include' -I/usr/local/include    -fpic  -g -O2 -fstack-protector-strong -Wformat -Werror=format-security -Wdate-time -D_FORTIFY_SOURCE=2 -g  -c COMPAT_bcf_hdr_read.c -o COMPAT_bcf_hdr_read.o
gcc -std=gnu2x -I"/usr/local/lib/R/include" -DNDEBUG -D_FILE_OFFSET_BITS=64 -I'/tmp/library/Rhtslib/include' -I'/tmp/library/S4Vectors/include' -I'/tmp/library/IRanges/include' -I'/tmp/library/XVector/include' -I'/tmp/library/Biostrings/include' -I/usr/local/include    -fpic  -g -O2 -fstack-protector-strong -Wformat -Werror=format-security -Wdate-time -D_FORTIFY_SOURCE=2 -g  -c IRanges_stubs.c -o IRanges_stubs.o
g++ -std=gnu++20 -I"/usr/local/lib/R/include" -DNDEBUG -D_FILE_OFFSET_BITS=64 -I'/tmp/library/Rhtslib/include' -I'/tmp/library/S4Vectors/include' -I'/tmp/library/IRanges/include' -I'/tmp/library/XVector/include' -I'/tmp/library/Biostrings/include' -I/usr/local/include    -fpic  -g -O2 -fstack-protector-strong -Wformat -Werror=format-security -Wdate-time -D_FORTIFY_SOURCE=2 -g   -c PileupBuffer.cpp -o PileupBuffer.o
g++ -std=gnu++20 -I"/usr/local/lib/R/include" -DNDEBUG -D_FILE_OFFSET_BITS=64 -I'/tmp/library/Rhtslib/include' -I'/tmp/library/S4Vectors/include' -I'/tmp/library/IRanges/include' -I'/tmp/library/XVector/include' -I'/tmp/library/Biostrings/include' -I/usr/local/include    -fpic  -g -O2 -fstack-protector-strong -Wformat -Werror=format-security -Wdate-time -D_FORTIFY_SOURCE=2 -g   -c PosCacheColl.cpp -o PosCacheColl.o
gcc -std=gnu2x -I"/usr/local/lib/R/include" -DNDEBUG -D_FILE_OFFSET_BITS=64 -I'/tmp/library/Rhtslib/include' -I'/tmp/library/S4Vectors/include' -I'/tmp/library/IRanges/include' -I'/tmp/library/XVector/include' -I'/tmp/library/Biostrings/include' -I/usr/local/include    -fpic  -g -O2 -fstack-protector-strong -Wformat -Werror=format-security -Wdate-time -D_FORTIFY_SOURCE=2 -g  -c R_init_Rsamtools.c -o R_init_Rsamtools.o
g++ -std=gnu++20 -I"/usr/local/lib/R/include" -DNDEBUG -D_FILE_OFFSET_BITS=64 -I'/tmp/library/Rhtslib/include' -I'/tmp/library/S4Vectors/include' -I'/tmp/library/IRanges/include' -I'/tmp/library/XVector/include' -I'/tmp/library/Biostrings/include' -I/usr/local/include    -fpic  -g -O2 -fstack-protector-strong -Wformat -Werror=format-security -Wdate-time -D_FORTIFY_SOURCE=2 -g   -c ResultManager.cpp -o ResultManager.o
gcc -std=gnu2x -I"/usr/local/lib/R/include" -DNDEBUG -D_FILE_OFFSET_BITS=64 -I'/tmp/library/Rhtslib/include' -I'/tmp/library/S4Vectors/include' -I'/tmp/library/IRanges/include' -I'/tmp/library/XVector/include' -I'/tmp/library/Biostrings/include' -I/usr/local/include    -fpic  -g -O2 -fstack-protector-strong -Wformat -Werror=format-security -Wdate-time -D_FORTIFY_SOURCE=2 -g  -c S4Vectors_stubs.c -o S4Vectors_stubs.o
gcc -std=gnu2x -I"/usr/local/lib/R/include" -DNDEBUG -D_FILE_OFFSET_BITS=64 -I'/tmp/library/Rhtslib/include' -I'/tmp/library/S4Vectors/include' -I'/tmp/library/IRanges/include' -I'/tmp/library/XVector/include' -I'/tmp/library/Biostrings/include' -I/usr/local/include    -fpic  -g -O2 -fstack-protector-strong -Wformat -Werror=format-security -Wdate-time -D_FORTIFY_SOURCE=2 -g  -c XVector_stubs.c -o XVector_stubs.o
gcc -std=gnu2x -I"/usr/local/lib/R/include" -DNDEBUG -D_FILE_OFFSET_BITS=64 -I'/tmp/library/Rhtslib/include' -I'/tmp/library/S4Vectors/include' -I'/tmp/library/IRanges/include' -I'/tmp/library/XVector/include' -I'/tmp/library/Biostrings/include' -I/usr/local/include    -fpic  -g -O2 -fstack-protector-strong -Wformat -Werror=format-security -Wdate-time -D_FORTIFY_SOURCE=2 -g  -c as_bam.c -o as_bam.o
gcc -std=gnu2x -I"/usr/local/lib/R/include" -DNDEBUG -D_FILE_OFFSET_BITS=64 -I'/tmp/library/Rhtslib/include' -I'/tmp/library/S4Vectors/include' -I'/tmp/library/IRanges/include' -I'/tmp/library/XVector/include' -I'/tmp/library/Biostrings/include' -I/usr/local/include    -fpic  -g -O2 -fstack-protector-strong -Wformat -Werror=format-security -Wdate-time -D_FORTIFY_SOURCE=2 -g  -c bam.c -o bam.o
gcc -std=gnu2x -I"/usr/local/lib/R/include" -DNDEBUG -D_FILE_OFFSET_BITS=64 -I'/tmp/library/Rhtslib/include' -I'/tmp/library/S4Vectors/include' -I'/tmp/library/IRanges/include' -I'/tmp/library/XVector/include' -I'/tmp/library/Biostrings/include' -I/usr/local/include    -fpic  -g -O2 -fstack-protector-strong -Wformat -Werror=format-security -Wdate-time -D_FORTIFY_SOURCE=2 -g  -c bam_data.c -o bam_data.o
g++ -std=gnu++20 -I"/usr/local/lib/R/include" -DNDEBUG -D_FILE_OFFSET_BITS=64 -I'/tmp/library/Rhtslib/include' -I'/tmp/library/S4Vectors/include' -I'/tmp/library/IRanges/include' -I'/tmp/library/XVector/include' -I'/tmp/library/Biostrings/include' -I/usr/local/include    -fpic  -g -O2 -fstack-protector-strong -Wformat -Werror=format-security -Wdate-time -D_FORTIFY_SOURCE=2 -g   -c bam_mate_iter.cpp -o bam_mate_iter.o
In file included from Template.h:9,
                 from BamIterator.h:10,
                 from BamRangeIterator.h:7,
                 from bam_mate_iter.cpp:1:
BamRangeIterator.h: In member function ‘virtual void BamRangeIterator::finalize_inprogress(bamFile)’:
/tmp/library/Rhtslib/include/samtools-1.7-compat.h:14:41: warning: ignoring return value of ‘int64_t bgzf_seek(BGZF*, int64_t, int)’ declared with attribute ‘warn_unused_result’ [-Wunused-result]
   14 | #define bam_seek(fp, pos, dir) bgzf_seek(fp, pos, dir)
      |                                ~~~~~~~~~^~~~~~~~~~~~~~
BamRangeIterator.h:138:16: note: in expansion of macro ‘bam_seek’
  138 |         (void) bam_seek(bfile, pos, SEEK_SET);
      |                ^~~~~~~~
BamIterator.h: In constructor ‘BamIterator::BamIterator(bamFile, const bam_index_t*)’:
/tmp/library/Rhtslib/include/samtools-1.7-compat.h:14:41: warning: ignoring return value of ‘int64_t bgzf_seek(BGZF*, int64_t, int)’ declared with attribute ‘warn_unused_result’ [-Wunused-result]
   14 | #define bam_seek(fp, pos, dir) bgzf_seek(fp, pos, dir)
      |                                ~~~~~~~~~^~~~~~~~~~~~~~
BamIterator.h:87:16: note: in expansion of macro ‘bam_seek’
   87 |         (void) bam_seek(bfile, 0, 0);
      |                ^~~~~~~~
gcc -std=gnu2x -I"/usr/local/lib/R/include" -DNDEBUG -D_FILE_OFFSET_BITS=64 -I'/tmp/library/Rhtslib/include' -I'/tmp/library/S4Vectors/include' -I'/tmp/library/IRanges/include' -I'/tmp/library/XVector/include' -I'/tmp/library/Biostrings/include' -I/usr/local/include    -fpic  -g -O2 -fstack-protector-strong -Wformat -Werror=format-security -Wdate-time -D_FORTIFY_SOURCE=2 -g  -c bam_plbuf.c -o bam_plbuf.o
gcc -std=gnu2x -I"/usr/local/lib/R/include" -DNDEBUG -D_FILE_OFFSET_BITS=64 -I'/tmp/library/Rhtslib/include' -I'/tmp/library/S4Vectors/include' -I'/tmp/library/IRanges/include' -I'/tmp/library/XVector/include' -I'/tmp/library/Biostrings/include' -I/usr/local/include    -fpic  -g -O2 -fstack-protector-strong -Wformat -Werror=format-security -Wdate-time -D_FORTIFY_SOURCE=2 -g  -c bam_sort.c -o bam_sort.o
gcc -std=gnu2x -I"/usr/local/lib/R/include" -DNDEBUG -D_FILE_OFFSET_BITS=64 -I'/tmp/library/Rhtslib/include' -I'/tmp/library/S4Vectors/include' -I'/tmp/library/IRanges/include' -I'/tmp/library/XVector/include' -I'/tmp/library/Biostrings/include' -I/usr/local/include    -fpic  -g -O2 -fstack-protector-strong -Wformat -Werror=format-security -Wdate-time -D_FORTIFY_SOURCE=2 -g  -c bambuffer.c -o bambuffer.o
gcc -std=gnu2x -I"/usr/local/lib/R/include" -DNDEBUG -D_FILE_OFFSET_BITS=64 -I'/tmp/library/Rhtslib/include' -I'/tmp/library/S4Vectors/include' -I'/tmp/library/IRanges/include' -I'/tmp/library/XVector/include' -I'/tmp/library/Biostrings/include' -I/usr/local/include    -fpic  -g -O2 -fstack-protector-strong -Wformat -Werror=format-security -Wdate-time -D_FORTIFY_SOURCE=2 -g  -c bamfile.c -o bamfile.o
bamfile.c: In function ‘bamfile_isincomplete’:
bamfile.c:168:20: warning: ignoring return value of ‘bgzf_seek’ declared with attribute ‘warn_unused_result’ [-Wunused-result]
  168 |             (void) bgzf_seek(bfile->file->x.bam, offset, SEEK_SET);
      |                    ^~~~~~~~~~~~~~~~~~~~~~~~~~~~~~~~~~~~~~~~~~~~~~~
gcc -std=gnu2x -I"/usr/local/lib/R/include" -DNDEBUG -D_FILE_OFFSET_BITS=64 -I'/tmp/library/Rhtslib/include' -I'/tmp/library/S4Vectors/include' -I'/tmp/library/IRanges/include' -I'/tmp/library/XVector/include' -I'/tmp/library/Biostrings/include' -I/usr/local/include    -fpic  -g -O2 -fstack-protector-strong -Wformat -Werror=format-security -Wdate-time -D_FORTIFY_SOURCE=2 -g  -c bcffile.c -o bcffile.o
gcc -std=gnu2x -I"/usr/local/lib/R/include" -DNDEBUG -D_FILE_OFFSET_BITS=64 -I'/tmp/library/Rhtslib/include' -I'/tmp/library/S4Vectors/include' -I'/tmp/library/IRanges/include' -I'/tmp/library/XVector/include' -I'/tmp/library/Biostrings/include' -I/usr/local/include    -fpic  -g -O2 -fstack-protector-strong -Wformat -Werror=format-security -Wdate-time -D_FORTIFY_SOURCE=2 -g  -c bedidx.c -o bedidx.o
gcc -std=gnu2x -I"/usr/local/lib/R/include" -DNDEBUG -D_FILE_OFFSET_BITS=64 -I'/tmp/library/Rhtslib/include' -I'/tmp/library/S4Vectors/include' -I'/tmp/library/IRanges/include' -I'/tmp/library/XVector/include' -I'/tmp/library/Biostrings/include' -I/usr/local/include    -fpic  -g -O2 -fstack-protector-strong -Wformat -Werror=format-security -Wdate-time -D_FORTIFY_SOURCE=2 -g  -c encode.c -o encode.o
gcc -std=gnu2x -I"/usr/local/lib/R/include" -DNDEBUG -D_FILE_OFFSET_BITS=64 -I'/tmp/library/Rhtslib/include' -I'/tmp/library/S4Vectors/include' -I'/tmp/library/IRanges/include' -I'/tmp/library/XVector/include' -I'/tmp/library/Biostrings/include' -I/usr/local/include    -fpic  -g -O2 -fstack-protector-strong -Wformat -Werror=format-security -Wdate-time -D_FORTIFY_SOURCE=2 -g  -c fafile.c -o fafile.o
gcc -std=gnu2x -I"/usr/local/lib/R/include" -DNDEBUG -D_FILE_OFFSET_BITS=64 -I'/tmp/library/Rhtslib/include' -I'/tmp/library/S4Vectors/include' -I'/tmp/library/IRanges/include' -I'/tmp/library/XVector/include' -I'/tmp/library/Biostrings/include' -I/usr/local/include    -fpic  -g -O2 -fstack-protector-strong -Wformat -Werror=format-security -Wdate-time -D_FORTIFY_SOURCE=2 -g  -c idxstats.c -o idxstats.o
In file included from bamfile.h:5,
                 from idxstats.c:1:
idxstats.c: In function ‘idxstats_bamfile’:
/tmp/library/Rhtslib/include/samtools-1.7-compat.h:14:32: warning: ignoring return value of ‘bgzf_seek’ declared with attribute ‘warn_unused_result’ [-Wunused-result]
   14 | #define bam_seek(fp, pos, dir) bgzf_seek(fp, pos, dir)
      |                                ^~~~~~~~~~~~~~~~~~~~~~~
idxstats.c:20:12: note: in expansion of macro ‘bam_seek’
   20 |     (void) bam_seek(fp, 0, 0);
      |            ^~~~~~~~
gcc -std=gnu2x -I"/usr/local/lib/R/include" -DNDEBUG -D_FILE_OFFSET_BITS=64 -I'/tmp/library/Rhtslib/include' -I'/tmp/library/S4Vectors/include' -I'/tmp/library/IRanges/include' -I'/tmp/library/XVector/include' -I'/tmp/library/Biostrings/include' -I/usr/local/include    -fpic  -g -O2 -fstack-protector-strong -Wformat -Werror=format-security -Wdate-time -D_FORTIFY_SOURCE=2 -g  -c io_sam.c -o io_sam.o
In file included from io_sam.c:3:
io_sam.c: In function ‘_scan_bam_all’:
/tmp/library/Rhtslib/include/samtools-1.7-compat.h:14:32: warning: ignoring return value of ‘bgzf_seek’ declared with attribute ‘warn_unused_result’ [-Wunused-result]
   14 | #define bam_seek(fp, pos, dir) bgzf_seek(fp, pos, dir)
      |                                ^~~~~~~~~~~~~~~~~~~~~~~
io_sam.c:302:12: note: in expansion of macro ‘bam_seek’
  302 |     (void) bam_seek(bfile->file->x.bam, bfile->pos0, SEEK_SET);
      |            ^~~~~~~~
g++ -std=gnu++20 -I"/usr/local/lib/R/include" -DNDEBUG -D_FILE_OFFSET_BITS=64 -I'/tmp/library/Rhtslib/include' -I'/tmp/library/S4Vectors/include' -I'/tmp/library/IRanges/include' -I'/tmp/library/XVector/include' -I'/tmp/library/Biostrings/include' -I/usr/local/include    -fpic  -g -O2 -fstack-protector-strong -Wformat -Werror=format-security -Wdate-time -D_FORTIFY_SOURCE=2 -g   -c pbuffer_wrapper.cpp -o pbuffer_wrapper.o
g++ -std=gnu++20 -I"/usr/local/lib/R/include" -DNDEBUG -D_FILE_OFFSET_BITS=64 -I'/tmp/library/Rhtslib/include' -I'/tmp/library/S4Vectors/include' -I'/tmp/library/IRanges/include' -I'/tmp/library/XVector/include' -I'/tmp/library/Biostrings/include' -I/usr/local/include    -fpic  -g -O2 -fstack-protector-strong -Wformat -Werror=format-security -Wdate-time -D_FORTIFY_SOURCE=2 -g   -c pileup.cpp -o pileup.o
gcc -std=gnu2x -I"/usr/local/lib/R/include" -DNDEBUG -D_FILE_OFFSET_BITS=64 -I'/tmp/library/Rhtslib/include' -I'/tmp/library/S4Vectors/include' -I'/tmp/library/IRanges/include' -I'/tmp/library/XVector/include' -I'/tmp/library/Biostrings/include' -I/usr/local/include    -fpic  -g -O2 -fstack-protector-strong -Wformat -Werror=format-security -Wdate-time -D_FORTIFY_SOURCE=2 -g  -c pileupbam.c -o pileupbam.o
gcc -std=gnu2x -I"/usr/local/lib/R/include" -DNDEBUG -D_FILE_OFFSET_BITS=64 -I'/tmp/library/Rhtslib/include' -I'/tmp/library/S4Vectors/include' -I'/tmp/library/IRanges/include' -I'/tmp/library/XVector/include' -I'/tmp/library/Biostrings/include' -I/usr/local/include    -fpic  -g -O2 -fstack-protector-strong -Wformat -Werror=format-security -Wdate-time -D_FORTIFY_SOURCE=2 -g  -c sam_opts.c -o sam_opts.o
gcc -std=gnu2x -I"/usr/local/lib/R/include" -DNDEBUG -D_FILE_OFFSET_BITS=64 -I'/tmp/library/Rhtslib/include' -I'/tmp/library/S4Vectors/include' -I'/tmp/library/IRanges/include' -I'/tmp/library/XVector/include' -I'/tmp/library/Biostrings/include' -I/usr/local/include    -fpic  -g -O2 -fstack-protector-strong -Wformat -Werror=format-security -Wdate-time -D_FORTIFY_SOURCE=2 -g  -c sam_utils.c -o sam_utils.o
gcc -std=gnu2x -I"/usr/local/lib/R/include" -DNDEBUG -D_FILE_OFFSET_BITS=64 -I'/tmp/library/Rhtslib/include' -I'/tmp/library/S4Vectors/include' -I'/tmp/library/IRanges/include' -I'/tmp/library/XVector/include' -I'/tmp/library/Biostrings/include' -I/usr/local/include    -fpic  -g -O2 -fstack-protector-strong -Wformat -Werror=format-security -Wdate-time -D_FORTIFY_SOURCE=2 -g  -c samtools_patch.c -o samtools_patch.o
gcc -std=gnu2x -I"/usr/local/lib/R/include" -DNDEBUG -D_FILE_OFFSET_BITS=64 -I'/tmp/library/Rhtslib/include' -I'/tmp/library/S4Vectors/include' -I'/tmp/library/IRanges/include' -I'/tmp/library/XVector/include' -I'/tmp/library/Biostrings/include' -I/usr/local/include    -fpic  -g -O2 -fstack-protector-strong -Wformat -Werror=format-security -Wdate-time -D_FORTIFY_SOURCE=2 -g  -c scan_bam_data.c -o scan_bam_data.o
gcc -std=gnu2x -I"/usr/local/lib/R/include" -DNDEBUG -D_FILE_OFFSET_BITS=64 -I'/tmp/library/Rhtslib/include' -I'/tmp/library/S4Vectors/include' -I'/tmp/library/IRanges/include' -I'/tmp/library/XVector/include' -I'/tmp/library/Biostrings/include' -I/usr/local/include    -fpic  -g -O2 -fstack-protector-strong -Wformat -Werror=format-security -Wdate-time -D_FORTIFY_SOURCE=2 -g  -c tabixfile.c -o tabixfile.o
gcc -std=gnu2x -I"/usr/local/lib/R/include" -DNDEBUG -D_FILE_OFFSET_BITS=64 -I'/tmp/library/Rhtslib/include' -I'/tmp/library/S4Vectors/include' -I'/tmp/library/IRanges/include' -I'/tmp/library/XVector/include' -I'/tmp/library/Biostrings/include' -I/usr/local/include    -fpic  -g -O2 -fstack-protector-strong -Wformat -Werror=format-security -Wdate-time -D_FORTIFY_SOURCE=2 -g  -c tagfilter.c -o tagfilter.o
gcc -std=gnu2x -I"/usr/local/lib/R/include" -DNDEBUG -D_FILE_OFFSET_BITS=64 -I'/tmp/library/Rhtslib/include' -I'/tmp/library/S4Vectors/include' -I'/tmp/library/IRanges/include' -I'/tmp/library/XVector/include' -I'/tmp/library/Biostrings/include' -I/usr/local/include    -fpic  -g -O2 -fstack-protector-strong -Wformat -Werror=format-security -Wdate-time -D_FORTIFY_SOURCE=2 -g  -c utilities.c -o utilities.o
gcc -std=gnu2x -I"/usr/local/lib/R/include" -DNDEBUG -D_FILE_OFFSET_BITS=64 -I'/tmp/library/Rhtslib/include' -I'/tmp/library/S4Vectors/include' -I'/tmp/library/IRanges/include' -I'/tmp/library/XVector/include' -I'/tmp/library/Biostrings/include' -I/usr/local/include    -fpic  -g -O2 -fstack-protector-strong -Wformat -Werror=format-security -Wdate-time -D_FORTIFY_SOURCE=2 -g  -c zip_compression.c -o zip_compression.o
g++ -std=gnu++20 -shared -L/usr/local/lib/R/lib -L/usr/local/lib -o Rsamtools.so Biostrings_stubs.o COMPAT_bcf_hdr_read.o IRanges_stubs.o PileupBuffer.o PosCacheColl.o R_init_Rsamtools.o ResultManager.o S4Vectors_stubs.o XVector_stubs.o as_bam.o bam.o bam_data.o bam_mate_iter.o bam_plbuf.o bam_sort.o bambuffer.o bamfile.o bcffile.o bedidx.o encode.o fafile.o idxstats.o io_sam.o pbuffer_wrapper.o pileup.o pileupbam.o sam_opts.o sam_utils.o samtools_patch.o scan_bam_data.o tabixfile.o tagfilter.o utilities.o zip_compression.o /tmp/library/Rhtslib/usrlib/libhts.a -lcurl -lbz2 -llzma -lz -L/usr/local/lib/R/lib -lR
installing to /tmp/library/00LOCK-Rsamtools/00new/Rsamtools/libs
** R
** inst
** byte-compile and prepare package for lazy loading
** help
*** installing help indices
** building package indices
** installing vignettes
** testing if installed package can be loaded from temporary location
** checking absolute paths in shared objects and dynamic libraries
** testing if installed package can be loaded from final location
** testing if installed package keeps a record of temporary installation path
* SHA256 sums
* creating tarball
packaged installation of ‘Rsamtools’ as ‘Rsamtools_2.29.0_R_x86_64-pc-linux-gnu.tar.gz’
* DONE (Rsamtools)
* installing *source* package ‘rhdf5’ ...
** this is package ‘rhdf5’ version ‘2.57.1’
** package ‘rhdf5’ successfully unpacked and MD5 sums checked
** using staged installation
configure: creating ./config.status
config.status: creating src/external_filters.h
** libs
using C compiler: ‘gcc (Ubuntu 13.3.0-6ubuntu2~24.04.1) 13.3.0’
using C++ compiler: ‘g++ (Ubuntu 13.3.0-6ubuntu2~24.04.1) 13.3.0’
gcc -std=gnu2x -I"/usr/local/lib/R/include" -DNDEBUG  -I'/tmp/library/Rhdf5lib/include' -I/usr/local/include    -fpic  -g -O2 -fstack-protector-strong -Wformat -Werror=format-security -Wdate-time -D_FORTIFY_SOURCE=2 -g  -c H5.c -o H5.o
gcc -std=gnu2x -I"/usr/local/lib/R/include" -DNDEBUG  -I'/tmp/library/Rhdf5lib/include' -I/usr/local/include    -fpic  -g -O2 -fstack-protector-strong -Wformat -Werror=format-security -Wdate-time -D_FORTIFY_SOURCE=2 -g  -c H5A.c -o H5A.o
gcc -std=gnu2x -I"/usr/local/lib/R/include" -DNDEBUG  -I'/tmp/library/Rhdf5lib/include' -I/usr/local/include    -fpic  -g -O2 -fstack-protector-strong -Wformat -Werror=format-security -Wdate-time -D_FORTIFY_SOURCE=2 -g  -c H5D.c -o H5D.o
gcc -std=gnu2x -I"/usr/local/lib/R/include" -DNDEBUG  -I'/tmp/library/Rhdf5lib/include' -I/usr/local/include    -fpic  -g -O2 -fstack-protector-strong -Wformat -Werror=format-security -Wdate-time -D_FORTIFY_SOURCE=2 -g  -c H5E.c -o H5E.o
gcc -std=gnu2x -I"/usr/local/lib/R/include" -DNDEBUG  -I'/tmp/library/Rhdf5lib/include' -I/usr/local/include    -fpic  -g -O2 -fstack-protector-strong -Wformat -Werror=format-security -Wdate-time -D_FORTIFY_SOURCE=2 -g  -c H5F.c -o H5F.o
gcc -std=gnu2x -I"/usr/local/lib/R/include" -DNDEBUG  -I'/tmp/library/Rhdf5lib/include' -I/usr/local/include    -fpic  -g -O2 -fstack-protector-strong -Wformat -Werror=format-security -Wdate-time -D_FORTIFY_SOURCE=2 -g  -c H5G.c -o H5G.o
gcc -std=gnu2x -I"/usr/local/lib/R/include" -DNDEBUG  -I'/tmp/library/Rhdf5lib/include' -I/usr/local/include    -fpic  -g -O2 -fstack-protector-strong -Wformat -Werror=format-security -Wdate-time -D_FORTIFY_SOURCE=2 -g  -c H5I.c -o H5I.o
gcc -std=gnu2x -I"/usr/local/lib/R/include" -DNDEBUG  -I'/tmp/library/Rhdf5lib/include' -I/usr/local/include    -fpic  -g -O2 -fstack-protector-strong -Wformat -Werror=format-security -Wdate-time -D_FORTIFY_SOURCE=2 -g  -c H5L.c -o H5L.o
gcc -std=gnu2x -I"/usr/local/lib/R/include" -DNDEBUG  -I'/tmp/library/Rhdf5lib/include' -I/usr/local/include    -fpic  -g -O2 -fstack-protector-strong -Wformat -Werror=format-security -Wdate-time -D_FORTIFY_SOURCE=2 -g  -c H5O.c -o H5O.o
gcc -std=gnu2x -I"/usr/local/lib/R/include" -DNDEBUG  -I'/tmp/library/Rhdf5lib/include' -I/usr/local/include    -fpic  -g -O2 -fstack-protector-strong -Wformat -Werror=format-security -Wdate-time -D_FORTIFY_SOURCE=2 -g  -c H5P.c -o H5P.o
gcc -std=gnu2x -I"/usr/local/lib/R/include" -DNDEBUG  -I'/tmp/library/Rhdf5lib/include' -I/usr/local/include    -fpic  -g -O2 -fstack-protector-strong -Wformat -Werror=format-security -Wdate-time -D_FORTIFY_SOURCE=2 -g  -c H5PL.c -o H5PL.o
gcc -std=gnu2x -I"/usr/local/lib/R/include" -DNDEBUG  -I'/tmp/library/Rhdf5lib/include' -I/usr/local/include    -fpic  -g -O2 -fstack-protector-strong -Wformat -Werror=format-security -Wdate-time -D_FORTIFY_SOURCE=2 -g  -c H5R.c -o H5R.o
gcc -std=gnu2x -I"/usr/local/lib/R/include" -DNDEBUG  -I'/tmp/library/Rhdf5lib/include' -I/usr/local/include    -fpic  -g -O2 -fstack-protector-strong -Wformat -Werror=format-security -Wdate-time -D_FORTIFY_SOURCE=2 -g  -c H5S.c -o H5S.o
gcc -std=gnu2x -I"/usr/local/lib/R/include" -DNDEBUG  -I'/tmp/library/Rhdf5lib/include' -I/usr/local/include    -fpic  -g -O2 -fstack-protector-strong -Wformat -Werror=format-security -Wdate-time -D_FORTIFY_SOURCE=2 -g  -c H5S_extras.c -o H5S_extras.o
gcc -std=gnu2x -I"/usr/local/lib/R/include" -DNDEBUG  -I'/tmp/library/Rhdf5lib/include' -I/usr/local/include    -fpic  -g -O2 -fstack-protector-strong -Wformat -Werror=format-security -Wdate-time -D_FORTIFY_SOURCE=2 -g  -c H5T.c -o H5T.o
gcc -std=gnu2x -I"/usr/local/lib/R/include" -DNDEBUG  -I'/tmp/library/Rhdf5lib/include' -I/usr/local/include    -fpic  -g -O2 -fstack-protector-strong -Wformat -Werror=format-security -Wdate-time -D_FORTIFY_SOURCE=2 -g  -c H5T_extras.c -o H5T_extras.o
gcc -std=gnu2x -I"/usr/local/lib/R/include" -DNDEBUG  -I'/tmp/library/Rhdf5lib/include' -I/usr/local/include    -fpic  -g -O2 -fstack-protector-strong -Wformat -Werror=format-security -Wdate-time -D_FORTIFY_SOURCE=2 -g  -c H5Z.c -o H5Z.o
gcc -std=gnu2x -I"/usr/local/lib/R/include" -DNDEBUG  -I'/tmp/library/Rhdf5lib/include' -I/usr/local/include    -fpic  -g -O2 -fstack-protector-strong -Wformat -Werror=format-security -Wdate-time -D_FORTIFY_SOURCE=2 -g  -c H5constants.c -o H5constants.o
g++ -std=gnu++20 -I"/usr/local/lib/R/include" -DNDEBUG  -I'/tmp/library/Rhdf5lib/include' -I/usr/local/include    -fpic  -g -O2 -fstack-protector-strong -Wformat -Werror=format-security -Wdate-time -D_FORTIFY_SOURCE=2 -g   -c HandleList.cpp -o HandleList.o
gcc -std=gnu2x -I"/usr/local/lib/R/include" -DNDEBUG  -I'/tmp/library/Rhdf5lib/include' -I/usr/local/include    -fpic  -g -O2 -fstack-protector-strong -Wformat -Werror=format-security -Wdate-time -D_FORTIFY_SOURCE=2 -g  -c HandleListWrap.c -o HandleListWrap.o
gcc -std=gnu2x -I"/usr/local/lib/R/include" -DNDEBUG  -I'/tmp/library/Rhdf5lib/include' -I/usr/local/include    -fpic  -g -O2 -fstack-protector-strong -Wformat -Werror=format-security -Wdate-time -D_FORTIFY_SOURCE=2 -g  -c bit64conversion.c -o bit64conversion.o
gcc -std=gnu2x -I"/usr/local/lib/R/include" -DNDEBUG  -I'/tmp/library/Rhdf5lib/include' -I/usr/local/include    -fpic  -g -O2 -fstack-protector-strong -Wformat -Werror=format-security -Wdate-time -D_FORTIFY_SOURCE=2 -g  -c external_filters.c -o external_filters.o
gcc -std=gnu2x -I"/usr/local/lib/R/include" -DNDEBUG  -I'/tmp/library/Rhdf5lib/include' -I/usr/local/include    -fpic  -g -O2 -fstack-protector-strong -Wformat -Werror=format-security -Wdate-time -D_FORTIFY_SOURCE=2 -g  -c h5dump.c -o h5dump.o
gcc -std=gnu2x -I"/usr/local/lib/R/include" -DNDEBUG  -I'/tmp/library/Rhdf5lib/include' -I/usr/local/include    -fpic  -g -O2 -fstack-protector-strong -Wformat -Werror=format-security -Wdate-time -D_FORTIFY_SOURCE=2 -g  -c h5ls.c -o h5ls.o
gcc -std=gnu2x -I"/usr/local/lib/R/include" -DNDEBUG  -I'/tmp/library/Rhdf5lib/include' -I/usr/local/include    -fpic  -g -O2 -fstack-protector-strong -Wformat -Werror=format-security -Wdate-time -D_FORTIFY_SOURCE=2 -g  -c h5testLock.c -o h5testLock.o
gcc -std=gnu2x -I"/usr/local/lib/R/include" -DNDEBUG  -I'/tmp/library/Rhdf5lib/include' -I/usr/local/include    -fpic  -g -O2 -fstack-protector-strong -Wformat -Werror=format-security -Wdate-time -D_FORTIFY_SOURCE=2 -g  -c h5writeDataFrame.c -o h5writeDataFrame.o
gcc -std=gnu2x -I"/usr/local/lib/R/include" -DNDEBUG  -I'/tmp/library/Rhdf5lib/include' -I/usr/local/include    -fpic  -g -O2 -fstack-protector-strong -Wformat -Werror=format-security -Wdate-time -D_FORTIFY_SOURCE=2 -g  -c printdatatype.c -o printdatatype.o
gcc -std=gnu2x -I"/usr/local/lib/R/include" -DNDEBUG  -I'/tmp/library/Rhdf5lib/include' -I/usr/local/include    -fpic  -g -O2 -fstack-protector-strong -Wformat -Werror=format-security -Wdate-time -D_FORTIFY_SOURCE=2 -g  -c utils.c -o utils.o
gcc -std=gnu2x -I"/usr/local/lib/R/include" -DNDEBUG  -I'/tmp/library/Rhdf5lib/include' -I/usr/local/include    -fpic  -g -O2 -fstack-protector-strong -Wformat -Werror=format-security -Wdate-time -D_FORTIFY_SOURCE=2 -g  -c wrap.c -o wrap.o
g++ -std=gnu++20 -shared -L/usr/local/lib/R/lib -L/usr/local/lib -o rhdf5.so H5.o H5A.o H5D.o H5E.o H5F.o H5G.o H5I.o H5L.o H5O.o H5P.o H5PL.o H5R.o H5S.o H5S_extras.o H5T.o H5T_extras.o H5Z.o H5constants.o HandleList.o HandleListWrap.o bit64conversion.o external_filters.o h5dump.o h5ls.o h5testLock.o h5writeDataFrame.o printdatatype.o utils.o wrap.o /tmp/library/Rhdf5lib/lib/libhdf5.a -L/tmp/library/Rhdf5lib/lib -lsz -lm -ldl -lcurl -lssl -lcrypto -L/usr/local/lib/R/lib -lR
installing to /tmp/library/00LOCK-rhdf5/00new/rhdf5/libs
** R
** inst
** byte-compile and prepare package for lazy loading
** help
*** installing help indices
*** copying figures
** building package indices
** installing vignettes
** testing if installed package can be loaded from temporary location
** checking absolute paths in shared objects and dynamic libraries
** testing if installed package can be loaded from final location
** testing if installed package keeps a record of temporary installation path
* SHA256 sums
* creating tarball
packaged installation of ‘rhdf5’ as ‘rhdf5_2.57.1_R_x86_64-pc-linux-gnu.tar.gz’
* DONE (rhdf5)
* installing *source* package ‘KEGGREST’ ...
** this is package ‘KEGGREST’ version ‘1.53.1’
** package ‘KEGGREST’ successfully unpacked and MD5 sums checked
** using staged installation
** R
** inst
** byte-compile and prepare package for lazy loading
** help
*** installing help indices
** building package indices
** installing vignettes
** testing if installed package can be loaded from temporary location
** testing if installed package can be loaded from final location
** testing if installed package keeps a record of temporary installation path
* SHA256 sums
* creating tarball
packaged installation of ‘KEGGREST’ as ‘KEGGREST_1.53.1_R_x86_64-pc-linux-gnu.tar.gz’
* DONE (KEGGREST)
* installing *source* package ‘DelayedArray’ ...
** this is package ‘DelayedArray’ version ‘0.39.3’
** package ‘DelayedArray’ successfully unpacked and MD5 sums checked
** using staged installation
** R
** inst
** byte-compile and prepare package for lazy loading
Creating a new generic function for ‘apply’ in package ‘DelayedArray’
Creating a new generic function for ‘sweep’ in package ‘DelayedArray’
Creating a generic function for ‘dnorm’ from package ‘stats’ in package ‘DelayedArray’
Creating a generic function for ‘pnorm’ from package ‘stats’ in package ‘DelayedArray’
Creating a generic function for ‘qnorm’ from package ‘stats’ in package ‘DelayedArray’
Creating a generic function for ‘dbinom’ from package ‘stats’ in package ‘DelayedArray’
Creating a generic function for ‘pbinom’ from package ‘stats’ in package ‘DelayedArray’
Creating a generic function for ‘qbinom’ from package ‘stats’ in package ‘DelayedArray’
Creating a generic function for ‘dpois’ from package ‘stats’ in package ‘DelayedArray’
Creating a generic function for ‘ppois’ from package ‘stats’ in package ‘DelayedArray’
Creating a generic function for ‘qpois’ from package ‘stats’ in package ‘DelayedArray’
Creating a generic function for ‘dlogis’ from package ‘stats’ in package ‘DelayedArray’
Creating a generic function for ‘plogis’ from package ‘stats’ in package ‘DelayedArray’
Creating a generic function for ‘qlogis’ from package ‘stats’ in package ‘DelayedArray’
** help
*** installing help indices
** building package indices
** installing vignettes
** testing if installed package can be loaded from temporary location
** testing if installed package can be loaded from final location
** testing if installed package keeps a record of temporary installation path
* SHA256 sums
* creating tarball
packaged installation of ‘DelayedArray’ as ‘DelayedArray_0.39.3_R_x86_64-pc-linux-gnu.tar.gz’
* DONE (DelayedArray)
* installing *source* package ‘h5mread’ ...
** this is package ‘h5mread’ version ‘1.5.0’
** package ‘h5mread’ successfully unpacked and MD5 sums checked
** using staged installation
** libs
using C compiler: ‘gcc (Ubuntu 13.3.0-6ubuntu2~24.04.1) 13.3.0’
gcc -std=gnu2x -I"/usr/local/lib/R/include" -DNDEBUG  -I'/tmp/library/Rhdf5lib/include' -I'/tmp/library/S4Vectors/include' -I/usr/local/include    -fpic  -g -O2 -fstack-protector-strong -Wformat -Werror=format-security -Wdate-time -D_FORTIFY_SOURCE=2 -g  -c S4Vectors_stubs.c -o S4Vectors_stubs.o
gcc -std=gnu2x -I"/usr/local/lib/R/include" -DNDEBUG  -I'/tmp/library/Rhdf5lib/include' -I'/tmp/library/S4Vectors/include' -I/usr/local/include    -fpic  -g -O2 -fstack-protector-strong -Wformat -Werror=format-security -Wdate-time -D_FORTIFY_SOURCE=2 -g  -c H5File.c -o H5File.o
gcc -std=gnu2x -I"/usr/local/lib/R/include" -DNDEBUG  -I'/tmp/library/Rhdf5lib/include' -I'/tmp/library/S4Vectors/include' -I/usr/local/include    -fpic  -g -O2 -fstack-protector-strong -Wformat -Werror=format-security -Wdate-time -D_FORTIFY_SOURCE=2 -g  -c global_errmsg_buf.c -o global_errmsg_buf.o
gcc -std=gnu2x -I"/usr/local/lib/R/include" -DNDEBUG  -I'/tmp/library/Rhdf5lib/include' -I'/tmp/library/S4Vectors/include' -I/usr/local/include    -fpic  -g -O2 -fstack-protector-strong -Wformat -Werror=format-security -Wdate-time -D_FORTIFY_SOURCE=2 -g  -c H5DSetDescriptor.c -o H5DSetDescriptor.o
gcc -std=gnu2x -I"/usr/local/lib/R/include" -DNDEBUG  -I'/tmp/library/Rhdf5lib/include' -I'/tmp/library/S4Vectors/include' -I/usr/local/include    -fpic  -g -O2 -fstack-protector-strong -Wformat -Werror=format-security -Wdate-time -D_FORTIFY_SOURCE=2 -g  -c h5dimscales.c -o h5dimscales.o
gcc -std=gnu2x -I"/usr/local/lib/R/include" -DNDEBUG  -I'/tmp/library/Rhdf5lib/include' -I'/tmp/library/S4Vectors/include' -I/usr/local/include    -fpic  -g -O2 -fstack-protector-strong -Wformat -Werror=format-security -Wdate-time -D_FORTIFY_SOURCE=2 -g  -c uaselection.c -o uaselection.o
gcc -std=gnu2x -I"/usr/local/lib/R/include" -DNDEBUG  -I'/tmp/library/Rhdf5lib/include' -I'/tmp/library/S4Vectors/include' -I/usr/local/include    -fpic  -g -O2 -fstack-protector-strong -Wformat -Werror=format-security -Wdate-time -D_FORTIFY_SOURCE=2 -g  -c h5mread_helpers.c -o h5mread_helpers.o
gcc -std=gnu2x -I"/usr/local/lib/R/include" -DNDEBUG  -I'/tmp/library/Rhdf5lib/include' -I'/tmp/library/S4Vectors/include' -I/usr/local/include    -fpic  -g -O2 -fstack-protector-strong -Wformat -Werror=format-security -Wdate-time -D_FORTIFY_SOURCE=2 -g  -c h5mread_startscounts.c -o h5mread_startscounts.o
gcc -std=gnu2x -I"/usr/local/lib/R/include" -DNDEBUG  -I'/tmp/library/Rhdf5lib/include' -I'/tmp/library/S4Vectors/include' -I/usr/local/include    -fpic  -g -O2 -fstack-protector-strong -Wformat -Werror=format-security -Wdate-time -D_FORTIFY_SOURCE=2 -g  -c TouchedChunks.c -o TouchedChunks.o
gcc -std=gnu2x -I"/usr/local/lib/R/include" -DNDEBUG  -I'/tmp/library/Rhdf5lib/include' -I'/tmp/library/S4Vectors/include' -I/usr/local/include    -fpic  -g -O2 -fstack-protector-strong -Wformat -Werror=format-security -Wdate-time -D_FORTIFY_SOURCE=2 -g  -c h5mread_index.c -o h5mread_index.o
gcc -std=gnu2x -I"/usr/local/lib/R/include" -DNDEBUG  -I'/tmp/library/Rhdf5lib/include' -I'/tmp/library/S4Vectors/include' -I/usr/local/include    -fpic  -g -O2 -fstack-protector-strong -Wformat -Werror=format-security -Wdate-time -D_FORTIFY_SOURCE=2 -g  -c h5mread_sparse.c -o h5mread_sparse.o
gcc -std=gnu2x -I"/usr/local/lib/R/include" -DNDEBUG  -I'/tmp/library/Rhdf5lib/include' -I'/tmp/library/S4Vectors/include' -I/usr/local/include    -fpic  -g -O2 -fstack-protector-strong -Wformat -Werror=format-security -Wdate-time -D_FORTIFY_SOURCE=2 -g  -c h5mread.c -o h5mread.o
gcc -std=gnu2x -I"/usr/local/lib/R/include" -DNDEBUG  -I'/tmp/library/Rhdf5lib/include' -I'/tmp/library/S4Vectors/include' -I/usr/local/include    -fpic  -g -O2 -fstack-protector-strong -Wformat -Werror=format-security -Wdate-time -D_FORTIFY_SOURCE=2 -g  -c h5summarize.c -o h5summarize.o
gcc -std=gnu2x -I"/usr/local/lib/R/include" -DNDEBUG  -I'/tmp/library/Rhdf5lib/include' -I'/tmp/library/S4Vectors/include' -I/usr/local/include    -fpic  -g -O2 -fstack-protector-strong -Wformat -Werror=format-security -Wdate-time -D_FORTIFY_SOURCE=2 -g  -c R_init_h5mread.c -o R_init_h5mread.o
gcc -std=gnu2x -shared -L/usr/local/lib/R/lib -L/usr/local/lib -o h5mread.so S4Vectors_stubs.o H5File.o global_errmsg_buf.o H5DSetDescriptor.o h5dimscales.o uaselection.o h5mread_helpers.o h5mread_startscounts.o TouchedChunks.o h5mread_index.o h5mread_sparse.o h5mread.o h5summarize.o R_init_h5mread.o /tmp/library/Rhdf5lib/lib/libhdf5_hl.a /tmp/library/Rhdf5lib/lib/libhdf5.a -L/tmp/library/Rhdf5lib/lib -lsz -lm -ldl -lcurl -lssl -lcrypto -L/usr/local/lib/R/lib -lR
installing to /tmp/library/00LOCK-h5mread/00new/h5mread/libs
** R
** inst
** byte-compile and prepare package for lazy loading
** help
*** installing help indices
** building package indices
** installing vignettes
** testing if installed package can be loaded from temporary location
** checking absolute paths in shared objects and dynamic libraries
** testing if installed package can be loaded from final location
** testing if installed package keeps a record of temporary installation path
* SHA256 sums
* creating tarball
packaged installation of ‘h5mread’ as ‘h5mread_1.5.0_R_x86_64-pc-linux-gnu.tar.gz’
* DONE (h5mread)
* installing *source* package ‘SummarizedExperiment’ ...
** this is package ‘SummarizedExperiment’ version ‘1.43.0’
** package ‘SummarizedExperiment’ successfully unpacked and MD5 sums checked
** using staged installation
** R
** inst
** byte-compile and prepare package for lazy loading
** help
*** installing help indices
** building package indices
** installing vignettes
** testing if installed package can be loaded from temporary location
** testing if installed package can be loaded from final location
** testing if installed package keeps a record of temporary installation path
* SHA256 sums
* creating tarball
packaged installation of ‘SummarizedExperiment’ as ‘SummarizedExperiment_1.43.0_R_x86_64-pc-linux-gnu.tar.gz’
* DONE (SummarizedExperiment)
* installing *source* package ‘DelayedMatrixStats’ ...
** this is package ‘DelayedMatrixStats’ version ‘1.35.0’
** package ‘DelayedMatrixStats’ successfully unpacked and MD5 sums checked
** using staged installation
** R
** inst
** byte-compile and prepare package for lazy loading
** help
*** installing help indices
** building package indices
** installing vignettes
** testing if installed package can be loaded from temporary location
** testing if installed package can be loaded from final location
** testing if installed package keeps a record of temporary installation path
* SHA256 sums
* creating tarball
packaged installation of ‘DelayedMatrixStats’ as ‘DelayedMatrixStats_1.35.0_R_x86_64-pc-linux-gnu.tar.gz’
* DONE (DelayedMatrixStats)
* installing *source* package ‘AnnotationDbi’ ...
** this is package ‘AnnotationDbi’ version ‘1.75.0’
** package ‘AnnotationDbi’ successfully unpacked and MD5 sums checked
** using staged installation
** R
** inst
** byte-compile and prepare package for lazy loading
Creating a new generic function for ‘packageName’ in package ‘AnnotationDbi’
Creating a generic function for ‘ls’ from package ‘base’ in package ‘AnnotationDbi’
Creating a generic function for ‘eapply’ from package ‘base’ in package ‘AnnotationDbi’
Creating a generic function for ‘exists’ from package ‘base’ in package ‘AnnotationDbi’
Creating a generic function for ‘sample’ from package ‘base’ in package ‘AnnotationDbi’
** help
*** installing help indices
** building package indices
** installing vignettes
** testing if installed package can be loaded from temporary location
** testing if installed package can be loaded from final location
** testing if installed package keeps a record of temporary installation path
* SHA256 sums
* creating tarball
packaged installation of ‘AnnotationDbi’ as ‘AnnotationDbi_1.75.0_R_x86_64-pc-linux-gnu.tar.gz’
* DONE (AnnotationDbi)
* installing *source* package ‘MultiAssayExperiment’ ...
** this is package ‘MultiAssayExperiment’ version ‘1.39.0’
** package ‘MultiAssayExperiment’ successfully unpacked and MD5 sums checked
** using staged installation
** R
** data
** inst
** byte-compile and prepare package for lazy loading
** help
*** installing help indices
** building package indices
** installing vignettes
** testing if installed package can be loaded from temporary location
** testing if installed package can be loaded from final location
** testing if installed package keeps a record of temporary installation path
* SHA256 sums
* creating tarball
packaged installation of ‘MultiAssayExperiment’ as ‘MultiAssayExperiment_1.39.0_R_x86_64-pc-linux-gnu.tar.gz’
* DONE (MultiAssayExperiment)
* installing *source* package ‘org.Hs.eg.db’ ...
** this is package ‘org.Hs.eg.db’ version ‘3.23.1’
** using staged installation
** R
** inst
** byte-compile and prepare package for lazy loading
** help
*** installing help indices
** building package indices
** testing if installed package can be loaded from temporary location
** testing if installed package can be loaded from final location
** testing if installed package keeps a record of temporary installation path
* SHA256 sums
* creating tarball
packaged installation of ‘org.Hs.eg.db’ as ‘org.Hs.eg.db_3.23.1_R_x86_64-pc-linux-gnu.tar.gz’
* DONE (org.Hs.eg.db)
* installing *source* package ‘GenomicAlignments’ ...
** this is package ‘GenomicAlignments’ version ‘1.49.1’
** package ‘GenomicAlignments’ successfully unpacked and MD5 sums checked
** using staged installation
** libs
using C compiler: ‘gcc (Ubuntu 13.3.0-6ubuntu2~24.04.1) 13.3.0’
gcc -std=gnu2x -I"/usr/local/lib/R/include" -DNDEBUG  -I'/tmp/library/S4Vectors/include' -I'/tmp/library/IRanges/include' -I/usr/local/include    -fpic  -g -O2 -fstack-protector-strong -Wformat -Werror=format-security -Wdate-time -D_FORTIFY_SOURCE=2 -g  -c IRanges_stubs.c -o IRanges_stubs.o
gcc -std=gnu2x -I"/usr/local/lib/R/include" -DNDEBUG  -I'/tmp/library/S4Vectors/include' -I'/tmp/library/IRanges/include' -I/usr/local/include    -fpic  -g -O2 -fstack-protector-strong -Wformat -Werror=format-security -Wdate-time -D_FORTIFY_SOURCE=2 -g  -c R_init_GenomicAlignments.c -o R_init_GenomicAlignments.o
gcc -std=gnu2x -I"/usr/local/lib/R/include" -DNDEBUG  -I'/tmp/library/S4Vectors/include' -I'/tmp/library/IRanges/include' -I/usr/local/include    -fpic  -g -O2 -fstack-protector-strong -Wformat -Werror=format-security -Wdate-time -D_FORTIFY_SOURCE=2 -g  -c S4Vectors_stubs.c -o S4Vectors_stubs.o
gcc -std=gnu2x -I"/usr/local/lib/R/include" -DNDEBUG  -I'/tmp/library/S4Vectors/include' -I'/tmp/library/IRanges/include' -I/usr/local/include    -fpic  -g -O2 -fstack-protector-strong -Wformat -Werror=format-security -Wdate-time -D_FORTIFY_SOURCE=2 -g  -c encodeOverlaps_methods.c -o encodeOverlaps_methods.o
gcc -std=gnu2x -shared -L/usr/local/lib/R/lib -L/usr/local/lib -o GenomicAlignments.so IRanges_stubs.o R_init_GenomicAlignments.o S4Vectors_stubs.o encodeOverlaps_methods.o -L/usr/local/lib/R/lib -lR
installing to /tmp/library/00LOCK-GenomicAlignments/00new/GenomicAlignments/libs
** R
** inst
** byte-compile and prepare package for lazy loading
** help
*** installing help indices
** building package indices
** installing vignettes
** testing if installed package can be loaded from temporary location
** checking absolute paths in shared objects and dynamic libraries
** testing if installed package can be loaded from final location
** testing if installed package keeps a record of temporary installation path
* SHA256 sums
* creating tarball
packaged installation of ‘GenomicAlignments’ as ‘GenomicAlignments_1.49.1_R_x86_64-pc-linux-gnu.tar.gz’
* DONE (GenomicAlignments)
* installing *source* package ‘GEOquery’ ...
** this is package ‘GEOquery’ version ‘2.81.21’
** package ‘GEOquery’ successfully unpacked and MD5 sums checked
** using staged installation
** R
** inst
** byte-compile and prepare package for lazy loading
** help
*** installing help indices
** building package indices
** installing vignettes
** testing if installed package can be loaded from temporary location
** testing if installed package can be loaded from final location
** testing if installed package keeps a record of temporary installation path
* SHA256 sums
* creating tarball
packaged installation of ‘GEOquery’ as ‘GEOquery_2.81.21_R_x86_64-pc-linux-gnu.tar.gz’
* DONE (GEOquery)
* installing *source* package ‘HDF5Array’ ...
** this is package ‘HDF5Array’ version ‘1.41.0’
** package ‘HDF5Array’ successfully unpacked and MD5 sums checked
** using staged installation
** R
** inst
** byte-compile and prepare package for lazy loading
** help
*** installing help indices
** building package indices
** installing vignettes
** testing if installed package can be loaded from temporary location
** testing if installed package can be loaded from final location
** testing if installed package keeps a record of temporary installation path
* SHA256 sums
* creating tarball
packaged installation of ‘HDF5Array’ as ‘HDF5Array_1.41.0_R_x86_64-pc-linux-gnu.tar.gz’
* DONE (HDF5Array)
* installing *source* package ‘annotate’ ...
** this is package ‘annotate’ version ‘1.91.0’
** package ‘annotate’ successfully unpacked and MD5 sums checked
** using staged installation
** R
** data
** inst
** byte-compile and prepare package for lazy loading
** help
*** installing help indices
** building package indices
** installing vignettes
** testing if installed package can be loaded from temporary location
** testing if installed package can be loaded from final location
** testing if installed package keeps a record of temporary installation path
* SHA256 sums
* creating tarball
packaged installation of ‘annotate’ as ‘annotate_1.91.0_R_x86_64-pc-linux-gnu.tar.gz’
* DONE (annotate)
* installing *source* package ‘QFeatures’ ...
** this is package ‘QFeatures’ version ‘1.23.1’
** package ‘QFeatures’ successfully unpacked and MD5 sums checked
** using staged installation
** R
** data
** inst
** byte-compile and prepare package for lazy loading
Creating a new generic function for ‘sweep’ in package ‘QFeatures’
** help
*** installing help indices
*** copying figures
** building package indices
** installing vignettes
** testing if installed package can be loaded from temporary location
Error in readRDS(mapfile) : error reading from connection
Error: package or namespace load failed for ‘QFeatures’:
 unable to load R code in package ‘stringr’
Error: loading failed
Execution halted
ERROR: loading failed
* removing ‘/tmp/library/QFeatures’
* installing *source* package ‘rtracklayer’ ...
** this is package ‘rtracklayer’ version ‘1.73.0’
** package ‘rtracklayer’ successfully unpacked and MD5 sums checked
** using staged installation
checking for pkg-config... /usr/bin/pkg-config
checking pkg-config is at least version 0.9.0... yes
checking for OPENSSL... yes
configure: creating ./config.status
config.status: creating src/Makevars
** libs
using C compiler: ‘gcc (Ubuntu 13.3.0-6ubuntu2~24.04.1) 13.3.0’
gcc -std=gnu2x -I"/usr/local/lib/R/include" -DNDEBUG -DUSE_SSL -D_FILE_OFFSET_BITS=64 -I'/tmp/library/S4Vectors/include' -I'/tmp/library/IRanges/include' -I'/tmp/library/XVector/include' -I/usr/local/include    -fpic  -g -O2 -fstack-protector-strong -Wformat -Werror=format-security -Wdate-time -D_FORTIFY_SOURCE=2 -g  -c S4Vectors_stubs.c -o S4Vectors_stubs.o
gcc -std=gnu2x -I"/usr/local/lib/R/include" -DNDEBUG -DUSE_SSL -D_FILE_OFFSET_BITS=64 -I'/tmp/library/S4Vectors/include' -I'/tmp/library/IRanges/include' -I'/tmp/library/XVector/include' -I/usr/local/include    -fpic  -g -O2 -fstack-protector-strong -Wformat -Werror=format-security -Wdate-time -D_FORTIFY_SOURCE=2 -g  -c IRanges_stubs.c -o IRanges_stubs.o
gcc -std=gnu2x -I"/usr/local/lib/R/include" -DNDEBUG -DUSE_SSL -D_FILE_OFFSET_BITS=64 -I'/tmp/library/S4Vectors/include' -I'/tmp/library/IRanges/include' -I'/tmp/library/XVector/include' -I/usr/local/include    -fpic  -g -O2 -fstack-protector-strong -Wformat -Werror=format-security -Wdate-time -D_FORTIFY_SOURCE=2 -g  -c XVector_stubs.c -o XVector_stubs.o
gcc -std=gnu2x -I"/usr/local/lib/R/include" -DNDEBUG -DUSE_SSL -D_FILE_OFFSET_BITS=64 -I'/tmp/library/S4Vectors/include' -I'/tmp/library/IRanges/include' -I'/tmp/library/XVector/include' -I/usr/local/include    -fpic  -g -O2 -fstack-protector-strong -Wformat -Werror=format-security -Wdate-time -D_FORTIFY_SOURCE=2 -g  -c R_init_rtracklayer.c -o R_init_rtracklayer.o
gcc -std=gnu2x -I"/usr/local/lib/R/include" -DNDEBUG -DUSE_SSL -D_FILE_OFFSET_BITS=64 -I'/tmp/library/S4Vectors/include' -I'/tmp/library/IRanges/include' -I'/tmp/library/XVector/include' -I/usr/local/include    -fpic  -g -O2 -fstack-protector-strong -Wformat -Werror=format-security -Wdate-time -D_FORTIFY_SOURCE=2 -g  -c readGFF.c -o readGFF.o
gcc -std=gnu2x -I"/usr/local/lib/R/include" -DNDEBUG -DUSE_SSL -D_FILE_OFFSET_BITS=64 -I'/tmp/library/S4Vectors/include' -I'/tmp/library/IRanges/include' -I'/tmp/library/XVector/include' -I/usr/local/include    -fpic  -g -O2 -fstack-protector-strong -Wformat -Werror=format-security -Wdate-time -D_FORTIFY_SOURCE=2 -g  -c bbiHelper.c -o bbiHelper.o
gcc -std=gnu2x -I"/usr/local/lib/R/include" -DNDEBUG -DUSE_SSL -D_FILE_OFFSET_BITS=64 -I'/tmp/library/S4Vectors/include' -I'/tmp/library/IRanges/include' -I'/tmp/library/XVector/include' -I/usr/local/include    -fpic  -g -O2 -fstack-protector-strong -Wformat -Werror=format-security -Wdate-time -D_FORTIFY_SOURCE=2 -g  -c bigWig.c -o bigWig.o
gcc -std=gnu2x -I"/usr/local/lib/R/include" -DNDEBUG -DUSE_SSL -D_FILE_OFFSET_BITS=64 -I'/tmp/library/S4Vectors/include' -I'/tmp/library/IRanges/include' -I'/tmp/library/XVector/include' -I/usr/local/include    -fpic  -g -O2 -fstack-protector-strong -Wformat -Werror=format-security -Wdate-time -D_FORTIFY_SOURCE=2 -g  -c bigBedHelper.c -o bigBedHelper.o
gcc -std=gnu2x -I"/usr/local/lib/R/include" -DNDEBUG -DUSE_SSL -D_FILE_OFFSET_BITS=64 -I'/tmp/library/S4Vectors/include' -I'/tmp/library/IRanges/include' -I'/tmp/library/XVector/include' -I/usr/local/include    -fpic  -g -O2 -fstack-protector-strong -Wformat -Werror=format-security -Wdate-time -D_FORTIFY_SOURCE=2 -g  -c bigBed.c -o bigBed.o
gcc -std=gnu2x -I"/usr/local/lib/R/include" -DNDEBUG -DUSE_SSL -D_FILE_OFFSET_BITS=64 -I'/tmp/library/S4Vectors/include' -I'/tmp/library/IRanges/include' -I'/tmp/library/XVector/include' -I/usr/local/include    -fpic  -g -O2 -fstack-protector-strong -Wformat -Werror=format-security -Wdate-time -D_FORTIFY_SOURCE=2 -g  -c chain_io.c -o chain_io.o
gcc -std=gnu2x -I"/usr/local/lib/R/include" -DNDEBUG -DUSE_SSL -D_FILE_OFFSET_BITS=64 -I'/tmp/library/S4Vectors/include' -I'/tmp/library/IRanges/include' -I'/tmp/library/XVector/include' -I/usr/local/include    -fpic  -g -O2 -fstack-protector-strong -Wformat -Werror=format-security -Wdate-time -D_FORTIFY_SOURCE=2 -g  -c twoBit.c -o twoBit.o
gcc -std=gnu2x -I"/usr/local/lib/R/include" -DNDEBUG -DUSE_SSL -D_FILE_OFFSET_BITS=64 -I'/tmp/library/S4Vectors/include' -I'/tmp/library/IRanges/include' -I'/tmp/library/XVector/include' -I/usr/local/include    -fpic  -g -O2 -fstack-protector-strong -Wformat -Werror=format-security -Wdate-time -D_FORTIFY_SOURCE=2 -g  -c handlers.c -o handlers.o
gcc -std=gnu2x -I"/usr/local/lib/R/include" -DNDEBUG -DUSE_SSL -D_FILE_OFFSET_BITS=64 -I'/tmp/library/S4Vectors/include' -I'/tmp/library/IRanges/include' -I'/tmp/library/XVector/include' -I/usr/local/include    -fpic  -g -O2 -fstack-protector-strong -Wformat -Werror=format-security -Wdate-time -D_FORTIFY_SOURCE=2 -g  -c utils.c -o utils.o
gcc -std=gnu2x -I"/usr/local/lib/R/include" -DNDEBUG -DUSE_SSL -D_FILE_OFFSET_BITS=64 -I'/tmp/library/S4Vectors/include' -I'/tmp/library/IRanges/include' -I'/tmp/library/XVector/include' -I/usr/local/include    -fpic  -g -O2 -fstack-protector-strong -Wformat -Werror=format-security -Wdate-time -D_FORTIFY_SOURCE=2 -g  -c ucsc/memgfx.c -o ucsc/memgfx.o
gcc -std=gnu2x -I"/usr/local/lib/R/include" -DNDEBUG -DUSE_SSL -D_FILE_OFFSET_BITS=64 -I'/tmp/library/S4Vectors/include' -I'/tmp/library/IRanges/include' -I'/tmp/library/XVector/include' -I/usr/local/include    -fpic  -g -O2 -fstack-protector-strong -Wformat -Werror=format-security -Wdate-time -D_FORTIFY_SOURCE=2 -g  -c ucsc/binRange.c -o ucsc/binRange.o
gcc -std=gnu2x -I"/usr/local/lib/R/include" -DNDEBUG -DUSE_SSL -D_FILE_OFFSET_BITS=64 -I'/tmp/library/S4Vectors/include' -I'/tmp/library/IRanges/include' -I'/tmp/library/XVector/include' -I/usr/local/include    -fpic  -g -O2 -fstack-protector-strong -Wformat -Werror=format-security -Wdate-time -D_FORTIFY_SOURCE=2 -g  -c ucsc/htmlColor.c -o ucsc/htmlColor.o
gcc -std=gnu2x -I"/usr/local/lib/R/include" -DNDEBUG -DUSE_SSL -D_FILE_OFFSET_BITS=64 -I'/tmp/library/S4Vectors/include' -I'/tmp/library/IRanges/include' -I'/tmp/library/XVector/include' -I/usr/local/include    -fpic  -g -O2 -fstack-protector-strong -Wformat -Werror=format-security -Wdate-time -D_FORTIFY_SOURCE=2 -g  -c ucsc/sqlList.c -o ucsc/sqlList.o
gcc -std=gnu2x -I"/usr/local/lib/R/include" -DNDEBUG -DUSE_SSL -D_FILE_OFFSET_BITS=64 -I'/tmp/library/S4Vectors/include' -I'/tmp/library/IRanges/include' -I'/tmp/library/XVector/include' -I/usr/local/include    -fpic  -g -O2 -fstack-protector-strong -Wformat -Werror=format-security -Wdate-time -D_FORTIFY_SOURCE=2 -g  -c ucsc/tokenizer.c -o ucsc/tokenizer.o
gcc -std=gnu2x -I"/usr/local/lib/R/include" -DNDEBUG -DUSE_SSL -D_FILE_OFFSET_BITS=64 -I'/tmp/library/S4Vectors/include' -I'/tmp/library/IRanges/include' -I'/tmp/library/XVector/include' -I/usr/local/include    -fpic  -g -O2 -fstack-protector-strong -Wformat -Werror=format-security -Wdate-time -D_FORTIFY_SOURCE=2 -g  -c ucsc/asParse.c -o ucsc/asParse.o
gcc -std=gnu2x -I"/usr/local/lib/R/include" -DNDEBUG -DUSE_SSL -D_FILE_OFFSET_BITS=64 -I'/tmp/library/S4Vectors/include' -I'/tmp/library/IRanges/include' -I'/tmp/library/XVector/include' -I/usr/local/include    -fpic  -g -O2 -fstack-protector-strong -Wformat -Werror=format-security -Wdate-time -D_FORTIFY_SOURCE=2 -g  -c ucsc/basicBed.c -o ucsc/basicBed.o
gcc -std=gnu2x -I"/usr/local/lib/R/include" -DNDEBUG -DUSE_SSL -D_FILE_OFFSET_BITS=64 -I'/tmp/library/S4Vectors/include' -I'/tmp/library/IRanges/include' -I'/tmp/library/XVector/include' -I/usr/local/include    -fpic  -g -O2 -fstack-protector-strong -Wformat -Werror=format-security -Wdate-time -D_FORTIFY_SOURCE=2 -g  -c ucsc/bigBed.c -o ucsc/bigBed.o
gcc -std=gnu2x -I"/usr/local/lib/R/include" -DNDEBUG -DUSE_SSL -D_FILE_OFFSET_BITS=64 -I'/tmp/library/S4Vectors/include' -I'/tmp/library/IRanges/include' -I'/tmp/library/XVector/include' -I/usr/local/include    -fpic  -g -O2 -fstack-protector-strong -Wformat -Werror=format-security -Wdate-time -D_FORTIFY_SOURCE=2 -g  -c ucsc/bPlusTree.c -o ucsc/bPlusTree.o
gcc -std=gnu2x -I"/usr/local/lib/R/include" -DNDEBUG -DUSE_SSL -D_FILE_OFFSET_BITS=64 -I'/tmp/library/S4Vectors/include' -I'/tmp/library/IRanges/include' -I'/tmp/library/XVector/include' -I/usr/local/include    -fpic  -g -O2 -fstack-protector-strong -Wformat -Werror=format-security -Wdate-time -D_FORTIFY_SOURCE=2 -g  -c ucsc/bbiRead.c -o ucsc/bbiRead.o
gcc -std=gnu2x -I"/usr/local/lib/R/include" -DNDEBUG -DUSE_SSL -D_FILE_OFFSET_BITS=64 -I'/tmp/library/S4Vectors/include' -I'/tmp/library/IRanges/include' -I'/tmp/library/XVector/include' -I/usr/local/include    -fpic  -g -O2 -fstack-protector-strong -Wformat -Werror=format-security -Wdate-time -D_FORTIFY_SOURCE=2 -g  -c ucsc/bbiWrite.c -o ucsc/bbiWrite.o
gcc -std=gnu2x -I"/usr/local/lib/R/include" -DNDEBUG -DUSE_SSL -D_FILE_OFFSET_BITS=64 -I'/tmp/library/S4Vectors/include' -I'/tmp/library/IRanges/include' -I'/tmp/library/XVector/include' -I/usr/local/include    -fpic  -g -O2 -fstack-protector-strong -Wformat -Werror=format-security -Wdate-time -D_FORTIFY_SOURCE=2 -g  -c ucsc/bwgCreate.c -o ucsc/bwgCreate.o
gcc -std=gnu2x -I"/usr/local/lib/R/include" -DNDEBUG -DUSE_SSL -D_FILE_OFFSET_BITS=64 -I'/tmp/library/S4Vectors/include' -I'/tmp/library/IRanges/include' -I'/tmp/library/XVector/include' -I/usr/local/include    -fpic  -g -O2 -fstack-protector-strong -Wformat -Werror=format-security -Wdate-time -D_FORTIFY_SOURCE=2 -g  -c ucsc/bwgQuery.c -o ucsc/bwgQuery.o
gcc -std=gnu2x -I"/usr/local/lib/R/include" -DNDEBUG -DUSE_SSL -D_FILE_OFFSET_BITS=64 -I'/tmp/library/S4Vectors/include' -I'/tmp/library/IRanges/include' -I'/tmp/library/XVector/include' -I/usr/local/include    -fpic  -g -O2 -fstack-protector-strong -Wformat -Werror=format-security -Wdate-time -D_FORTIFY_SOURCE=2 -g  -c ucsc/cirTree.c -o ucsc/cirTree.o
gcc -std=gnu2x -I"/usr/local/lib/R/include" -DNDEBUG -DUSE_SSL -D_FILE_OFFSET_BITS=64 -I'/tmp/library/S4Vectors/include' -I'/tmp/library/IRanges/include' -I'/tmp/library/XVector/include' -I/usr/local/include    -fpic  -g -O2 -fstack-protector-strong -Wformat -Werror=format-security -Wdate-time -D_FORTIFY_SOURCE=2 -g  -c ucsc/common.c -o ucsc/common.o
gcc -std=gnu2x -I"/usr/local/lib/R/include" -DNDEBUG -DUSE_SSL -D_FILE_OFFSET_BITS=64 -I'/tmp/library/S4Vectors/include' -I'/tmp/library/IRanges/include' -I'/tmp/library/XVector/include' -I/usr/local/include    -fpic  -g -O2 -fstack-protector-strong -Wformat -Werror=format-security -Wdate-time -D_FORTIFY_SOURCE=2 -g  -c ucsc/dnaseq.c -o ucsc/dnaseq.o
gcc -std=gnu2x -I"/usr/local/lib/R/include" -DNDEBUG -DUSE_SSL -D_FILE_OFFSET_BITS=64 -I'/tmp/library/S4Vectors/include' -I'/tmp/library/IRanges/include' -I'/tmp/library/XVector/include' -I/usr/local/include    -fpic  -g -O2 -fstack-protector-strong -Wformat -Werror=format-security -Wdate-time -D_FORTIFY_SOURCE=2 -g  -c ucsc/dnautil.c -o ucsc/dnautil.o
gcc -std=gnu2x -I"/usr/local/lib/R/include" -DNDEBUG -DUSE_SSL -D_FILE_OFFSET_BITS=64 -I'/tmp/library/S4Vectors/include' -I'/tmp/library/IRanges/include' -I'/tmp/library/XVector/include' -I/usr/local/include    -fpic  -g -O2 -fstack-protector-strong -Wformat -Werror=format-security -Wdate-time -D_FORTIFY_SOURCE=2 -g  -c ucsc/errAbort.c -o ucsc/errAbort.o
gcc -std=gnu2x -I"/usr/local/lib/R/include" -DNDEBUG -DUSE_SSL -D_FILE_OFFSET_BITS=64 -I'/tmp/library/S4Vectors/include' -I'/tmp/library/IRanges/include' -I'/tmp/library/XVector/include' -I/usr/local/include    -fpic  -g -O2 -fstack-protector-strong -Wformat -Werror=format-security -Wdate-time -D_FORTIFY_SOURCE=2 -g  -c ucsc/hash.c -o ucsc/hash.o
gcc -std=gnu2x -I"/usr/local/lib/R/include" -DNDEBUG -DUSE_SSL -D_FILE_OFFSET_BITS=64 -I'/tmp/library/S4Vectors/include' -I'/tmp/library/IRanges/include' -I'/tmp/library/XVector/include' -I/usr/local/include    -fpic  -g -O2 -fstack-protector-strong -Wformat -Werror=format-security -Wdate-time -D_FORTIFY_SOURCE=2 -g  -c ucsc/linefile.c -o ucsc/linefile.o
gcc -std=gnu2x -I"/usr/local/lib/R/include" -DNDEBUG -DUSE_SSL -D_FILE_OFFSET_BITS=64 -I'/tmp/library/S4Vectors/include' -I'/tmp/library/IRanges/include' -I'/tmp/library/XVector/include' -I/usr/local/include    -fpic  -g -O2 -fstack-protector-strong -Wformat -Werror=format-security -Wdate-time -D_FORTIFY_SOURCE=2 -g  -c ucsc/localmem.c -o ucsc/localmem.o
gcc -std=gnu2x -I"/usr/local/lib/R/include" -DNDEBUG -DUSE_SSL -D_FILE_OFFSET_BITS=64 -I'/tmp/library/S4Vectors/include' -I'/tmp/library/IRanges/include' -I'/tmp/library/XVector/include' -I/usr/local/include    -fpic  -g -O2 -fstack-protector-strong -Wformat -Werror=format-security -Wdate-time -D_FORTIFY_SOURCE=2 -g  -c ucsc/sqlNum.c -o ucsc/sqlNum.o
gcc -std=gnu2x -I"/usr/local/lib/R/include" -DNDEBUG -DUSE_SSL -D_FILE_OFFSET_BITS=64 -I'/tmp/library/S4Vectors/include' -I'/tmp/library/IRanges/include' -I'/tmp/library/XVector/include' -I/usr/local/include    -fpic  -g -O2 -fstack-protector-strong -Wformat -Werror=format-security -Wdate-time -D_FORTIFY_SOURCE=2 -g  -c ucsc/zlibFace.c -o ucsc/zlibFace.o
gcc -std=gnu2x -I"/usr/local/lib/R/include" -DNDEBUG -DUSE_SSL -D_FILE_OFFSET_BITS=64 -I'/tmp/library/S4Vectors/include' -I'/tmp/library/IRanges/include' -I'/tmp/library/XVector/include' -I/usr/local/include    -fpic  -g -O2 -fstack-protector-strong -Wformat -Werror=format-security -Wdate-time -D_FORTIFY_SOURCE=2 -g  -c ucsc/dystring.c -o ucsc/dystring.o
gcc -std=gnu2x -I"/usr/local/lib/R/include" -DNDEBUG -DUSE_SSL -D_FILE_OFFSET_BITS=64 -I'/tmp/library/S4Vectors/include' -I'/tmp/library/IRanges/include' -I'/tmp/library/XVector/include' -I/usr/local/include    -fpic  -g -O2 -fstack-protector-strong -Wformat -Werror=format-security -Wdate-time -D_FORTIFY_SOURCE=2 -g  -c ucsc/hmmstats.c -o ucsc/hmmstats.o
gcc -std=gnu2x -I"/usr/local/lib/R/include" -DNDEBUG -DUSE_SSL -D_FILE_OFFSET_BITS=64 -I'/tmp/library/S4Vectors/include' -I'/tmp/library/IRanges/include' -I'/tmp/library/XVector/include' -I/usr/local/include    -fpic  -g -O2 -fstack-protector-strong -Wformat -Werror=format-security -Wdate-time -D_FORTIFY_SOURCE=2 -g  -c ucsc/obscure.c -o ucsc/obscure.o
gcc -std=gnu2x -I"/usr/local/lib/R/include" -DNDEBUG -DUSE_SSL -D_FILE_OFFSET_BITS=64 -I'/tmp/library/S4Vectors/include' -I'/tmp/library/IRanges/include' -I'/tmp/library/XVector/include' -I/usr/local/include    -fpic  -g -O2 -fstack-protector-strong -Wformat -Werror=format-security -Wdate-time -D_FORTIFY_SOURCE=2 -g  -c ucsc/rangeTree.c -o ucsc/rangeTree.o
gcc -std=gnu2x -I"/usr/local/lib/R/include" -DNDEBUG -DUSE_SSL -D_FILE_OFFSET_BITS=64 -I'/tmp/library/S4Vectors/include' -I'/tmp/library/IRanges/include' -I'/tmp/library/XVector/include' -I/usr/local/include    -fpic  -g -O2 -fstack-protector-strong -Wformat -Werror=format-security -Wdate-time -D_FORTIFY_SOURCE=2 -g  -c ucsc/rbTree.c -o ucsc/rbTree.o
gcc -std=gnu2x -I"/usr/local/lib/R/include" -DNDEBUG -DUSE_SSL -D_FILE_OFFSET_BITS=64 -I'/tmp/library/S4Vectors/include' -I'/tmp/library/IRanges/include' -I'/tmp/library/XVector/include' -I/usr/local/include    -fpic  -g -O2 -fstack-protector-strong -Wformat -Werror=format-security -Wdate-time -D_FORTIFY_SOURCE=2 -g  -c ucsc/memalloc.c -o ucsc/memalloc.o
gcc -std=gnu2x -I"/usr/local/lib/R/include" -DNDEBUG -DUSE_SSL -D_FILE_OFFSET_BITS=64 -I'/tmp/library/S4Vectors/include' -I'/tmp/library/IRanges/include' -I'/tmp/library/XVector/include' -I/usr/local/include    -fpic  -g -O2 -fstack-protector-strong -Wformat -Werror=format-security -Wdate-time -D_FORTIFY_SOURCE=2 -g  -c ucsc/dlist.c -o ucsc/dlist.o
gcc -std=gnu2x -I"/usr/local/lib/R/include" -DNDEBUG -DUSE_SSL -D_FILE_OFFSET_BITS=64 -I'/tmp/library/S4Vectors/include' -I'/tmp/library/IRanges/include' -I'/tmp/library/XVector/include' -I/usr/local/include    -fpic  -g -O2 -fstack-protector-strong -Wformat -Werror=format-security -Wdate-time -D_FORTIFY_SOURCE=2 -g  -c ucsc/filePath.c -o ucsc/filePath.o
gcc -std=gnu2x -I"/usr/local/lib/R/include" -DNDEBUG -DUSE_SSL -D_FILE_OFFSET_BITS=64 -I'/tmp/library/S4Vectors/include' -I'/tmp/library/IRanges/include' -I'/tmp/library/XVector/include' -I/usr/local/include    -fpic  -g -O2 -fstack-protector-strong -Wformat -Werror=format-security -Wdate-time -D_FORTIFY_SOURCE=2 -g  -c ucsc/htmlPage.c -o ucsc/htmlPage.o
gcc -std=gnu2x -I"/usr/local/lib/R/include" -DNDEBUG -DUSE_SSL -D_FILE_OFFSET_BITS=64 -I'/tmp/library/S4Vectors/include' -I'/tmp/library/IRanges/include' -I'/tmp/library/XVector/include' -I/usr/local/include    -fpic  -g -O2 -fstack-protector-strong -Wformat -Werror=format-security -Wdate-time -D_FORTIFY_SOURCE=2 -g  -c ucsc/udc.c -o ucsc/udc.o
gcc -std=gnu2x -I"/usr/local/lib/R/include" -DNDEBUG -DUSE_SSL -D_FILE_OFFSET_BITS=64 -I'/tmp/library/S4Vectors/include' -I'/tmp/library/IRanges/include' -I'/tmp/library/XVector/include' -I/usr/local/include    -fpic  -g -O2 -fstack-protector-strong -Wformat -Werror=format-security -Wdate-time -D_FORTIFY_SOURCE=2 -g  -c ucsc/net.c -o ucsc/net.o
gcc -std=gnu2x -I"/usr/local/lib/R/include" -DNDEBUG -DUSE_SSL -D_FILE_OFFSET_BITS=64 -I'/tmp/library/S4Vectors/include' -I'/tmp/library/IRanges/include' -I'/tmp/library/XVector/include' -I/usr/local/include    -fpic  -g -O2 -fstack-protector-strong -Wformat -Werror=format-security -Wdate-time -D_FORTIFY_SOURCE=2 -g  -c ucsc/bits.c -o ucsc/bits.o
gcc -std=gnu2x -I"/usr/local/lib/R/include" -DNDEBUG -DUSE_SSL -D_FILE_OFFSET_BITS=64 -I'/tmp/library/S4Vectors/include' -I'/tmp/library/IRanges/include' -I'/tmp/library/XVector/include' -I/usr/local/include    -fpic  -g -O2 -fstack-protector-strong -Wformat -Werror=format-security -Wdate-time -D_FORTIFY_SOURCE=2 -g  -c ucsc/twoBit.c -o ucsc/twoBit.o
gcc -std=gnu2x -I"/usr/local/lib/R/include" -DNDEBUG -DUSE_SSL -D_FILE_OFFSET_BITS=64 -I'/tmp/library/S4Vectors/include' -I'/tmp/library/IRanges/include' -I'/tmp/library/XVector/include' -I/usr/local/include    -fpic  -g -O2 -fstack-protector-strong -Wformat -Werror=format-security -Wdate-time -D_FORTIFY_SOURCE=2 -g  -c ucsc/_cheapcgi.c -o ucsc/_cheapcgi.o
gcc -std=gnu2x -I"/usr/local/lib/R/include" -DNDEBUG -DUSE_SSL -D_FILE_OFFSET_BITS=64 -I'/tmp/library/S4Vectors/include' -I'/tmp/library/IRanges/include' -I'/tmp/library/XVector/include' -I/usr/local/include    -fpic  -g -O2 -fstack-protector-strong -Wformat -Werror=format-security -Wdate-time -D_FORTIFY_SOURCE=2 -g  -c ucsc/https.c -o ucsc/https.o
gcc -std=gnu2x -I"/usr/local/lib/R/include" -DNDEBUG -DUSE_SSL -D_FILE_OFFSET_BITS=64 -I'/tmp/library/S4Vectors/include' -I'/tmp/library/IRanges/include' -I'/tmp/library/XVector/include' -I/usr/local/include    -fpic  -g -O2 -fstack-protector-strong -Wformat -Werror=format-security -Wdate-time -D_FORTIFY_SOURCE=2 -g  -c ucsc/base64.c -o ucsc/base64.o
gcc -std=gnu2x -I"/usr/local/lib/R/include" -DNDEBUG -DUSE_SSL -D_FILE_OFFSET_BITS=64 -I'/tmp/library/S4Vectors/include' -I'/tmp/library/IRanges/include' -I'/tmp/library/XVector/include' -I/usr/local/include    -fpic  -g -O2 -fstack-protector-strong -Wformat -Werror=format-security -Wdate-time -D_FORTIFY_SOURCE=2 -g  -c ucsc/verbose.c -o ucsc/verbose.o
gcc -std=gnu2x -I"/usr/local/lib/R/include" -DNDEBUG -DUSE_SSL -D_FILE_OFFSET_BITS=64 -I'/tmp/library/S4Vectors/include' -I'/tmp/library/IRanges/include' -I'/tmp/library/XVector/include' -I/usr/local/include    -fpic  -g -O2 -fstack-protector-strong -Wformat -Werror=format-security -Wdate-time -D_FORTIFY_SOURCE=2 -g  -c ucsc/os.c -o ucsc/os.o
gcc -std=gnu2x -I"/usr/local/lib/R/include" -DNDEBUG -DUSE_SSL -D_FILE_OFFSET_BITS=64 -I'/tmp/library/S4Vectors/include' -I'/tmp/library/IRanges/include' -I'/tmp/library/XVector/include' -I/usr/local/include    -fpic  -g -O2 -fstack-protector-strong -Wformat -Werror=format-security -Wdate-time -D_FORTIFY_SOURCE=2 -g  -c ucsc/wildcmp.c -o ucsc/wildcmp.o
gcc -std=gnu2x -I"/usr/local/lib/R/include" -DNDEBUG -DUSE_SSL -D_FILE_OFFSET_BITS=64 -I'/tmp/library/S4Vectors/include' -I'/tmp/library/IRanges/include' -I'/tmp/library/XVector/include' -I/usr/local/include    -fpic  -g -O2 -fstack-protector-strong -Wformat -Werror=format-security -Wdate-time -D_FORTIFY_SOURCE=2 -g  -c ucsc/_portimpl.c -o ucsc/_portimpl.o
gcc -std=gnu2x -shared -L/usr/local/lib/R/lib -L/usr/local/lib -o rtracklayer.so S4Vectors_stubs.o IRanges_stubs.o XVector_stubs.o R_init_rtracklayer.o readGFF.o bbiHelper.o bigWig.o bigBedHelper.o bigBed.o chain_io.o twoBit.o handlers.o utils.o ucsc/memgfx.o ucsc/binRange.o ucsc/htmlColor.o ucsc/sqlList.o ucsc/tokenizer.o ucsc/asParse.o ucsc/basicBed.o ucsc/bigBed.o ucsc/bPlusTree.o ucsc/bbiRead.o ucsc/bbiWrite.o ucsc/bwgCreate.o ucsc/bwgQuery.o ucsc/cirTree.o ucsc/common.o ucsc/dnaseq.o ucsc/dnautil.o ucsc/errAbort.o ucsc/hash.o ucsc/linefile.o ucsc/localmem.o ucsc/sqlNum.o ucsc/zlibFace.o ucsc/dystring.o ucsc/hmmstats.o ucsc/obscure.o ucsc/rangeTree.o ucsc/rbTree.o ucsc/memalloc.o ucsc/dlist.o ucsc/filePath.o ucsc/htmlPage.o ucsc/udc.o ucsc/net.o ucsc/bits.o ucsc/twoBit.o ucsc/_cheapcgi.o ucsc/https.o ucsc/base64.o ucsc/verbose.o ucsc/os.o ucsc/wildcmp.o ucsc/_portimpl.o -lz -pthread -lssl -lcrypto -lcurl -L/usr/local/lib/R/lib -lR
installing to /tmp/library/00LOCK-rtracklayer/00new/rtracklayer/libs
** R
** data
** demo
** inst
** byte-compile and prepare package for lazy loading
Creating a generic function for ‘offset’ from package ‘stats’ in package ‘rtracklayer’
** help
*** installing help indices
** building package indices
** installing vignettes
** testing if installed package can be loaded from temporary location
** checking absolute paths in shared objects and dynamic libraries
** testing if installed package can be loaded from final location
** testing if installed package keeps a record of temporary installation path
* SHA256 sums
* creating tarball
packaged installation of ‘rtracklayer’ as ‘rtracklayer_1.73.0_R_x86_64-pc-linux-gnu.tar.gz’
* DONE (rtracklayer)
* installing *source* package ‘genefilter’ ...
** this is package ‘genefilter’ version ‘1.95.0’
** package ‘genefilter’ successfully unpacked and MD5 sums checked
** using staged installation
** libs
using C compiler: ‘gcc (Ubuntu 13.3.0-6ubuntu2~24.04.1) 13.3.0’
using Fortran compiler: ‘GNU Fortran (Ubuntu 13.3.0-6ubuntu2~24.04.1) 13.3.0’
using C++ compiler: ‘g++ (Ubuntu 13.3.0-6ubuntu2~24.04.1) 13.3.0’
g++ -std=gnu++20 -I"/usr/local/lib/R/include" -DNDEBUG   -I/usr/local/include    -fpic  -g -O2 -fstack-protector-strong -Wformat -Werror=format-security -Wdate-time -D_FORTIFY_SOURCE=2 -g   -c half_range_mode.cpp -o half_range_mode.o
half_range_mode.cpp: In function ‘double half_range_mode(double*, double*, double, int)’:
half_range_mode.cpp:100:60: warning: format ‘%i’ expects argument of type ‘int’, but argument 5 has type ‘std::vector<int>::size_type’ {aka ‘long unsigned int’} [-Wformat=]
  100 |     if (diag) Rprintf( "N = %i, N'' = %i, w = %.4f, |J| = %i\n", N, N_double_prime, w, J.size() );
      |                                                           ~^                           ~~~~~~~~
      |                                                            |                                 |
      |                                                            int                               std::vector<int>::size_type {aka long unsigned int}
      |                                                           %li
gcc -std=gnu2x -I"/usr/local/lib/R/include" -DNDEBUG   -I/usr/local/include    -fpic  -g -O2 -fstack-protector-strong -Wformat -Werror=format-security -Wdate-time -D_FORTIFY_SOURCE=2 -g  -c init.c -o init.o
gcc -std=gnu2x -I"/usr/local/lib/R/include" -DNDEBUG   -I/usr/local/include    -fpic  -g -O2 -fstack-protector-strong -Wformat -Werror=format-security -Wdate-time -D_FORTIFY_SOURCE=2 -g  -c nd.c -o nd.o
gcc -std=gnu2x -I"/usr/local/lib/R/include" -DNDEBUG   -I/usr/local/include    -fpic  -g -O2 -fstack-protector-strong -Wformat -Werror=format-security -Wdate-time -D_FORTIFY_SOURCE=2 -g  -c pAUC.c -o pAUC.o
gcc -std=gnu2x -I"/usr/local/lib/R/include" -DNDEBUG   -I/usr/local/include    -fpic  -g -O2 -fstack-protector-strong -Wformat -Werror=format-security -Wdate-time -D_FORTIFY_SOURCE=2 -g  -c rowPAUCs.c -o rowPAUCs.o
gcc -std=gnu2x -I"/usr/local/lib/R/include" -DNDEBUG   -I/usr/local/include    -fpic  -g -O2 -fstack-protector-strong -Wformat -Werror=format-security -Wdate-time -D_FORTIFY_SOURCE=2 -g  -c rowttests.c -o rowttests.o
gfortran  -fpic  -g -O2  -c ttest.f -o ttest.o
g++ -std=gnu++20 -shared -L/usr/local/lib/R/lib -L/usr/local/lib -o genefilter.so half_range_mode.o init.o nd.o pAUC.o rowPAUCs.o rowttests.o ttest.o -lgfortran -lm -lquadmath -L/usr/local/lib/R/lib -lR
installing to /tmp/library/00LOCK-genefilter/00new/genefilter/libs
** R
** data
*** moving datasets to lazyload DB
** inst
** byte-compile and prepare package for lazy loading
** help
*** installing help indices
** building package indices
** installing vignettes
** testing if installed package can be loaded from temporary location
** checking absolute paths in shared objects and dynamic libraries
** testing if installed package can be loaded from final location
** testing if installed package keeps a record of temporary installation path
* SHA256 sums
* creating tarball
packaged installation of ‘genefilter’ as ‘genefilter_1.95.0_R_x86_64-pc-linux-gnu.tar.gz’
* DONE (genefilter)
ERROR: dependency ‘QFeatures’ is not available for package ‘PSMatch’
Perhaps try a variation of:
install.packages('QFeatures')
* removing ‘/tmp/library/PSMatch’
* installing *source* package ‘GenomicFeatures’ ...
** this is package ‘GenomicFeatures’ version ‘1.65.0’
** package ‘GenomicFeatures’ successfully unpacked and MD5 sums checked
** using staged installation
** libs
using C compiler: ‘gcc (Ubuntu 13.3.0-6ubuntu2~24.04.1) 13.3.0’
gcc -std=gnu2x -I"/usr/local/lib/R/include" -DNDEBUG  -I'/tmp/library/S4Vectors/include' -I'/tmp/library/IRanges/include' -I/usr/local/include    -fpic  -g -O2 -fstack-protector-strong -Wformat -Werror=format-security -Wdate-time -D_FORTIFY_SOURCE=2 -g  -c IRanges_stubs.c -o IRanges_stubs.o
gcc -std=gnu2x -I"/usr/local/lib/R/include" -DNDEBUG  -I'/tmp/library/S4Vectors/include' -I'/tmp/library/IRanges/include' -I/usr/local/include    -fpic  -g -O2 -fstack-protector-strong -Wformat -Werror=format-security -Wdate-time -D_FORTIFY_SOURCE=2 -g  -c R_init_GenomicFeatures.c -o R_init_GenomicFeatures.o
gcc -std=gnu2x -I"/usr/local/lib/R/include" -DNDEBUG  -I'/tmp/library/S4Vectors/include' -I'/tmp/library/IRanges/include' -I/usr/local/include    -fpic  -g -O2 -fstack-protector-strong -Wformat -Werror=format-security -Wdate-time -D_FORTIFY_SOURCE=2 -g  -c S4Vectors_stubs.c -o S4Vectors_stubs.o
gcc -std=gnu2x -I"/usr/local/lib/R/include" -DNDEBUG  -I'/tmp/library/S4Vectors/include' -I'/tmp/library/IRanges/include' -I/usr/local/include    -fpic  -g -O2 -fstack-protector-strong -Wformat -Werror=format-security -Wdate-time -D_FORTIFY_SOURCE=2 -g  -c transcriptLocs2refLocs.c -o transcriptLocs2refLocs.o
gcc -std=gnu2x -shared -L/usr/local/lib/R/lib -L/usr/local/lib -o GenomicFeatures.so IRanges_stubs.o R_init_GenomicFeatures.o S4Vectors_stubs.o transcriptLocs2refLocs.o -L/usr/local/lib/R/lib -lR
installing to /tmp/library/00LOCK-GenomicFeatures/00new/GenomicFeatures/libs
** R
** inst
** byte-compile and prepare package for lazy loading
** help
*** installing help indices
** building package indices
** installing vignettes
** testing if installed package can be loaded from temporary location
** checking absolute paths in shared objects and dynamic libraries
** testing if installed package can be loaded from final location
** testing if installed package keeps a record of temporary installation path
* SHA256 sums
* creating tarball
packaged installation of ‘GenomicFeatures’ as ‘GenomicFeatures_1.65.0_R_x86_64-pc-linux-gnu.tar.gz’
* DONE (GenomicFeatures)
* installing *source* package ‘sva’ ...
** this is package ‘sva’ version ‘3.59.0’
** package ‘sva’ successfully unpacked and MD5 sums checked
** using staged installation
** libs
using C compiler: ‘gcc (Ubuntu 13.3.0-6ubuntu2~24.04.1) 13.3.0’
gcc -std=gnu2x -I"/usr/local/lib/R/include" -DNDEBUG   -I/usr/local/include    -fpic  -g -O2 -fstack-protector-strong -Wformat -Werror=format-security -Wdate-time -D_FORTIFY_SOURCE=2 -g  -c sva.c -o sva.o
gcc -std=gnu2x -shared -L/usr/local/lib/R/lib -L/usr/local/lib -o sva.so sva.o -L/usr/local/lib/R/lib -lR
installing to /tmp/library/00LOCK-sva/00new/sva/libs
** R
** inst
** byte-compile and prepare package for lazy loading
** help
*** installing help indices
** building package indices
** installing vignettes
** testing if installed package can be loaded from temporary location
** checking absolute paths in shared objects and dynamic libraries
** testing if installed package can be loaded from final location
** testing if installed package keeps a record of temporary installation path
* SHA256 sums
* creating tarball
packaged installation of ‘sva’ as ‘sva_3.59.0_R_x86_64-pc-linux-gnu.tar.gz’
* DONE (sva)
* installing *source* package ‘TxDb.Hsapiens.UCSC.hg19.knownGene’ ...
** this is package ‘TxDb.Hsapiens.UCSC.hg19.knownGene’ version ‘3.22.1’
** using staged installation
** R
** inst
** byte-compile and prepare package for lazy loading
** help
*** installing help indices
** building package indices
** testing if installed package can be loaded from temporary location
** testing if installed package can be loaded from final location
** testing if installed package keeps a record of temporary installation path
* SHA256 sums
* creating tarball
packaged installation of ‘TxDb.Hsapiens.UCSC.hg19.knownGene’ as ‘TxDb.Hsapiens.UCSC.hg19.knownGene_3.22.1_R_x86_64-pc-linux-gnu.tar.gz’
* DONE (TxDb.Hsapiens.UCSC.hg19.knownGene)
* installing *source* package ‘bumphunter’ ...
** this is package ‘bumphunter’ version ‘1.55.1’
** package ‘bumphunter’ successfully unpacked and MD5 sums checked
** using staged installation
** R
** data
*** moving datasets to lazyload DB
** inst
** byte-compile and prepare package for lazy loading
** help
*** installing help indices
** building package indices
** installing vignettes
** testing if installed package can be loaded from temporary location
** testing if installed package can be loaded from final location
** testing if installed package keeps a record of temporary installation path
* SHA256 sums
* creating tarball
packaged installation of ‘bumphunter’ as ‘bumphunter_1.55.1_R_x86_64-pc-linux-gnu.tar.gz’
* DONE (bumphunter)
ERROR: dependency ‘PSMatch’ is not available for package ‘MSnbase’
Perhaps try a variation of:
install.packages('PSMatch')
* removing ‘/tmp/library/MSnbase’
* installing *source* package ‘FDb.InfiniumMethylation.hg19’ ...
** this is package ‘FDb.InfiniumMethylation.hg19’ version ‘2.2.0’
** using staged installation
** R
** data
** demo
** inst
** byte-compile and prepare package for lazy loading
** help
*** installing help indices
** building package indices
** testing if installed package can be loaded from temporary location
** testing if installed package can be loaded from final location
** testing if installed package keeps a record of temporary installation path
* SHA256 sums
* creating tarball
packaged installation of ‘FDb.InfiniumMethylation.hg19’ as ‘FDb.InfiniumMethylation.hg19_2.2.0_R_x86_64-pc-linux-gnu.tar.gz’
* DONE (FDb.InfiniumMethylation.hg19)
* installing *source* package ‘minfi’ ...
** this is package ‘minfi’ version ‘1.59.1’
** package ‘minfi’ successfully unpacked and MD5 sums checked
** using staged installation
** R
** inst
** byte-compile and prepare package for lazy loading
** help
*** installing help indices
** building package indices
** installing vignettes
** testing if installed package can be loaded from temporary location
** testing if installed package can be loaded from final location
** testing if installed package keeps a record of temporary installation path
* SHA256 sums
* creating tarball
packaged installation of ‘minfi’ as ‘minfi_1.59.1_R_x86_64-pc-linux-gnu.tar.gz’
* DONE (minfi)
ERROR: dependency ‘MSnbase’ is not available for package ‘msmsEDA’
Perhaps try a variation of:
install.packages('MSnbase')
* removing ‘/tmp/library/msmsEDA’
* installing *source* package ‘methylumi’ ...
** this is package ‘methylumi’ version ‘2.59.0’
** package ‘methylumi’ successfully unpacked and MD5 sums checked
** using staged installation
** R
** data
** inst
** byte-compile and prepare package for lazy loading
** help
*** installing help indices
** building package indices
** installing vignettes
** testing if installed package can be loaded from temporary location
** testing if installed package can be loaded from final location
** testing if installed package keeps a record of temporary installation path
* SHA256 sums
* creating tarball
packaged installation of ‘methylumi’ as ‘methylumi_2.59.0_R_x86_64-pc-linux-gnu.tar.gz’
* DONE (methylumi)
* installing *source* package ‘IlluminaHumanMethylation450kmanifest’ ...
** this is package ‘IlluminaHumanMethylation450kmanifest’ version ‘0.4.0’
** using staged installation
** data
*** moving datasets to lazyload DB
** inst
** help
*** installing help indices
** building package indices
** testing if installed package can be loaded from temporary location

 *** caught segfault ***
address 0x6470, cause 'memory not mapped'
An irrecoverable exception occurred. R is aborting now ...
Segmentation fault (core dumped)
ERROR: loading failed
* removing ‘/tmp/library/IlluminaHumanMethylation450kmanifest’
* installing *source* package ‘IlluminaHumanMethylation450kanno.ilmn12.hg19’ ...
** this is package ‘IlluminaHumanMethylation450kanno.ilmn12.hg19’ version ‘0.6.1’
** using staged installation
** data
*** moving datasets to lazyload DB
** inst
** help
*** installing help indices
** building package indices
** testing if installed package can be loaded from temporary location
** testing if installed package can be loaded from final location
** testing if installed package keeps a record of temporary installation path
* SHA256 sums
* creating tarball
packaged installation of ‘IlluminaHumanMethylation450kanno.ilmn12.hg19’ as ‘IlluminaHumanMethylation450kanno.ilmn12.hg19_0.6.1_R_x86_64-pc-linux-gnu.tar.gz’
* DONE (IlluminaHumanMethylation450kanno.ilmn12.hg19)
* installing *source* package ‘lumi’ ...
** this is package ‘lumi’ version ‘2.65.0’
** package ‘lumi’ successfully unpacked and MD5 sums checked
** using staged installation
** R
** data
** inst
** byte-compile and prepare package for lazy loading
No methods found in package ‘RSQLite’ for request: ‘dbListFields’ when loading ‘lumi’

 *** caught segfault ***
address 0x1170, cause 'memory not mapped'
An irrecoverable exception occurred. R is aborting now ...
Segmentation fault (core dumped)
ERROR: lazy loading failed for package ‘lumi’
* removing ‘/tmp/library/lumi’
ERROR: dependency ‘IlluminaHumanMethylation450kmanifest’ is not available for package ‘minfiData’
Perhaps try a variation of:
install.packages('IlluminaHumanMethylation450kmanifest')
* removing ‘/tmp/library/minfiData’

The downloaded source packages are in
	‘/tmp/RtmpqHsLsi/downloaded_packages’
Warning messages:
1: In install.packages(...) :
  installation of package ‘QFeatures’ had non-zero exit status
2: In install.packages(...) :
  installation of package ‘PSMatch’ had non-zero exit status
3: In install.packages(...) :
  installation of package ‘MSnbase’ had non-zero exit status
4: In install.packages(...) :
  installation of package ‘msmsEDA’ had non-zero exit status
5: In install.packages(...) :
  installation of package ‘IlluminaHumanMethylation450kmanifest’ had non-zero exit status
6: In install.packages(...) :
  installation of package ‘lumi’ had non-zero exit status
7: In install.packages(...) :
  installation of package ‘minfiData’ had non-zero exit status

real	41m48.732s
user	35m2.741s
sys	4m37.166s
