+ Rscript -e 'Sys.setenv(BIOCONDUCTOR_USE_CONTAINER_REPOSITORY=FALSE);
  p <- .libPaths();
  p <- c('\''/tmp/library'\'', '\''/mnt/library'\'', p);
  .libPaths(p);
  if(BiocManager::install('\''BenchHub'\'', INSTALL_opts = '\''--build'\'', update = TRUE, quiet = FALSE, dependencies=TRUE, force = TRUE, keep_outputs = TRUE) %in% rownames(installed.packages())) q(status = 0) else q(status = 1)'
'getOption("repos")' replaces Bioconductor standard repositories, see
'help("repositories", package = "BiocManager")' for details.
Replacement repositories:
    CRAN: https://p3m.dev/cran/__linux__/noble/latest
Bioconductor version 3.24 (BiocManager 1.30.27), R 4.6.1 (2026-06-24)
Installing package(s) 'BenchHub'
also installing the dependencies ‘cigarillo’, ‘TH.data’, ‘sandwich’, ‘UCSC.utils’, ‘GenomicAlignments’, ‘BiocIO’, ‘restfulr’, ‘Rhtslib’, ‘uuid’, ‘polspline’, ‘multcomp’, ‘htmlTable’, ‘bayestestR’, ‘datawizard’, ‘insight’, ‘BiocBaseUtils’, ‘DEoptimR’, ‘ggnewscale’, ‘ggtangle’, ‘scatterpie’, ‘tidydr’, ‘GenomicFeatures’, ‘AnnotationFilter’, ‘GenomeInfoDb’, ‘rtracklayer’, ‘Rsamtools’, ‘ProtGenerics’, ‘ScaledMatrix’, ‘irlba’, ‘rsvd’, ‘BiocNeighbors’, ‘sitmo’, ‘gargle’, ‘googledrive’, ‘ids’, ‘rematch2’, ‘rms’, ‘parameters’, ‘performance’, ‘marginaleffects’, ‘assertthat’, ‘rentrez’, ‘AnnotationHub’, ‘mclust’, ‘multicool’, ‘robustbase’, ‘aisdk’, ‘enrichit’, ‘enrichplot’, ‘GO.db’, ‘GOSemSim’, ‘gson’, ‘ensembldb’, ‘conflicted’, ‘dtplyr’, ‘reprex’, ‘BiocSingular’, ‘bluster’, ‘metapod’, ‘dqrng’, ‘beachmat’, ‘SparseArray’, ‘assorthead’, ‘googlesheets4’, ‘survAUC’, ‘ggcorrplot’, ‘dotwhisker’, ‘splitTools’, ‘anndata’, ‘GEOquery’, ‘ExperimentHub’, ‘zen4R’, ‘ks’, ‘SingleCellExperiment’, ‘SummarizedExperiment’, ‘cvTools’, ‘funkyheatmap’, ‘clusterProfiler’, ‘DOSE’, ‘DO.db’, ‘EnsDb.Hsapiens.v86’, ‘tidyverse’, ‘scran’, ‘scuttle’, ‘edgeR’

trying URL 'https://bioconductor.org/packages/3.24/bioc/src/contrib/cigarillo_1.3.1.tar.gz'
trying URL 'https://p3m.dev/cran/__linux__/noble/latest/src/contrib/TH.data_1.1-5.tar.gz'
trying URL 'https://p3m.dev/cran/__linux__/noble/latest/src/contrib/sandwich_3.1-2.tar.gz'
trying URL 'https://bioconductor.org/packages/3.24/bioc/src/contrib/UCSC.utils_1.9.0.tar.gz'
trying URL 'https://bioconductor.org/packages/3.24/bioc/src/contrib/GenomicAlignments_1.49.1.tar.gz'
trying URL 'https://bioconductor.org/packages/3.24/bioc/src/contrib/BiocIO_1.23.3.tar.gz'
trying URL 'https://p3m.dev/cran/__linux__/noble/latest/src/contrib/restfulr_0.0.17.tar.gz'
trying URL 'https://bioconductor.org/packages/3.24/bioc/src/contrib/Rhtslib_3.9.0.tar.gz'
trying URL 'https://p3m.dev/cran/__linux__/noble/latest/src/contrib/uuid_1.2-2.tar.gz'
trying URL 'https://p3m.dev/cran/__linux__/noble/latest/src/contrib/polspline_1.1.25.tar.gz'
trying URL 'https://p3m.dev/cran/__linux__/noble/latest/src/contrib/multcomp_1.4-31.tar.gz'
trying URL 'https://p3m.dev/cran/__linux__/noble/latest/src/contrib/htmlTable_2.5.0.tar.gz'
trying URL 'https://p3m.dev/cran/__linux__/noble/latest/src/contrib/bayestestR_0.18.1.tar.gz'
trying URL 'https://p3m.dev/cran/__linux__/noble/latest/src/contrib/datawizard_1.3.1.tar.gz'
trying URL 'https://p3m.dev/cran/__linux__/noble/latest/src/contrib/insight_1.5.2.tar.gz'
trying URL 'https://bioconductor.org/packages/3.24/bioc/src/contrib/BiocBaseUtils_1.15.1.tar.gz'
trying URL 'https://p3m.dev/cran/__linux__/noble/latest/src/contrib/DEoptimR_1.2-0.tar.gz'
trying URL 'https://p3m.dev/cran/__linux__/noble/latest/src/contrib/ggnewscale_0.5.2.tar.gz'
trying URL 'https://p3m.dev/cran/__linux__/noble/latest/src/contrib/ggtangle_0.1.2.tar.gz'
trying URL 'https://p3m.dev/cran/__linux__/noble/latest/src/contrib/scatterpie_0.2.6.tar.gz'
trying URL 'https://p3m.dev/cran/__linux__/noble/latest/src/contrib/tidydr_0.0.6.tar.gz'
trying URL 'https://bioconductor.org/packages/3.24/bioc/src/contrib/GenomicFeatures_1.65.0.tar.gz'
trying URL 'https://bioconductor.org/packages/3.24/bioc/src/contrib/AnnotationFilter_1.37.0.tar.gz'
trying URL 'https://bioconductor.org/packages/3.24/bioc/src/contrib/GenomeInfoDb_1.49.1.tar.gz'
trying URL 'https://bioconductor.org/packages/3.24/bioc/src/contrib/rtracklayer_1.73.0.tar.gz'
trying URL 'https://bioconductor.org/packages/3.24/bioc/src/contrib/Rsamtools_2.29.0.tar.gz'
trying URL 'https://bioconductor.org/packages/3.24/bioc/src/contrib/ProtGenerics_1.45.0.tar.gz'
trying URL 'https://bioconductor.org/packages/3.24/bioc/src/contrib/ScaledMatrix_1.21.0.tar.gz'
trying URL 'https://p3m.dev/cran/__linux__/noble/latest/src/contrib/irlba_2.3.7.tar.gz'
trying URL 'https://p3m.dev/cran/__linux__/noble/latest/src/contrib/rsvd_1.0.5.tar.gz'
trying URL 'https://bioconductor.org/packages/3.24/bioc/src/contrib/BiocNeighbors_2.7.2.tar.gz'
trying URL 'https://p3m.dev/cran/__linux__/noble/latest/src/contrib/sitmo_2.0.2.tar.gz'
trying URL 'https://p3m.dev/cran/__linux__/noble/latest/src/contrib/gargle_1.6.1.tar.gz'
trying URL 'https://p3m.dev/cran/__linux__/noble/latest/src/contrib/googledrive_2.1.2.tar.gz'
trying URL 'https://p3m.dev/cran/__linux__/noble/latest/src/contrib/ids_1.0.1.tar.gz'
trying URL 'https://p3m.dev/cran/__linux__/noble/latest/src/contrib/rematch2_2.1.2.tar.gz'
trying URL 'https://p3m.dev/cran/__linux__/noble/latest/src/contrib/rms_8.1-1.tar.gz'
trying URL 'https://p3m.dev/cran/__linux__/noble/latest/src/contrib/parameters_0.29.2.tar.gz'
trying URL 'https://p3m.dev/cran/__linux__/noble/latest/src/contrib/performance_0.17.1.tar.gz'
trying URL 'https://p3m.dev/cran/__linux__/noble/latest/src/contrib/marginaleffects_0.32.0.tar.gz'
trying URL 'https://p3m.dev/cran/__linux__/noble/latest/src/contrib/assertthat_0.2.1.tar.gz'
trying URL 'https://p3m.dev/cran/__linux__/noble/latest/src/contrib/rentrez_1.2.4.tar.gz'
trying URL 'https://bioconductor.org/packages/3.24/bioc/src/contrib/AnnotationHub_4.3.2.tar.gz'
trying URL 'https://p3m.dev/cran/__linux__/noble/latest/src/contrib/mclust_6.1.3.tar.gz'
trying URL 'https://p3m.dev/cran/__linux__/noble/latest/src/contrib/multicool_1.0.1.tar.gz'
trying URL 'https://p3m.dev/cran/__linux__/noble/latest/src/contrib/robustbase_0.99-7.tar.gz'
trying URL 'https://p3m.dev/cran/__linux__/noble/latest/src/contrib/aisdk_1.4.12.tar.gz'
trying URL 'https://p3m.dev/cran/__linux__/noble/latest/src/contrib/enrichit_0.2.0.tar.gz'
trying URL 'https://bioconductor.org/packages/3.24/bioc/src/contrib/enrichplot_1.33.0.tar.gz'
trying URL 'https://bioconductor.org/packages/3.24/data/annotation/src/contrib/GO.db_3.23.1.tar.gz'
trying URL 'https://bioconductor.org/packages/3.24/bioc/src/contrib/GOSemSim_2.39.2.tar.gz'
trying URL 'https://p3m.dev/cran/__linux__/noble/latest/src/contrib/gson_0.2.0.tar.gz'
trying URL 'https://bioconductor.org/packages/3.24/bioc/src/contrib/ensembldb_2.37.3.tar.gz'
trying URL 'https://p3m.dev/cran/__linux__/noble/latest/src/contrib/conflicted_1.2.0.tar.gz'
trying URL 'https://p3m.dev/cran/__linux__/noble/latest/src/contrib/dtplyr_1.3.3.tar.gz'
trying URL 'https://p3m.dev/cran/__linux__/noble/latest/src/contrib/reprex_2.1.1.tar.gz'
trying URL 'https://bioconductor.org/packages/3.24/bioc/src/contrib/BiocSingular_1.29.0.tar.gz'
trying URL 'https://bioconductor.org/packages/3.24/bioc/src/contrib/bluster_1.23.0.tar.gz'
trying URL 'https://bioconductor.org/packages/3.24/bioc/src/contrib/metapod_1.21.0.tar.gz'
trying URL 'https://p3m.dev/cran/__linux__/noble/latest/src/contrib/dqrng_0.4.1.tar.gz'
trying URL 'https://bioconductor.org/packages/3.24/bioc/src/contrib/beachmat_2.29.0.tar.gz'
trying URL 'https://bioconductor.org/packages/3.24/bioc/src/contrib/SparseArray_1.13.2.tar.gz'
trying URL 'https://bioconductor.org/packages/3.24/bioc/src/contrib/assorthead_1.7.7.tar.gz'
trying URL 'https://p3m.dev/cran/__linux__/noble/latest/src/contrib/googlesheets4_1.1.2.tar.gz'
trying URL 'https://p3m.dev/cran/__linux__/noble/latest/src/contrib/survAUC_1.4-0.tar.gz'
trying URL 'https://p3m.dev/cran/__linux__/noble/latest/src/contrib/ggcorrplot_0.2.0.tar.gz'
trying URL 'https://p3m.dev/cran/__linux__/noble/latest/src/contrib/dotwhisker_0.8.6.tar.gz'
trying URL 'https://p3m.dev/cran/__linux__/noble/latest/src/contrib/splitTools_1.0.1.tar.gz'
trying URL 'https://p3m.dev/cran/__linux__/noble/latest/src/contrib/anndata_0.8.0.tar.gz'
trying URL 'https://bioconductor.org/packages/3.24/bioc/src/contrib/GEOquery_2.81.28.tar.gz'
trying URL 'https://bioconductor.org/packages/3.24/bioc/src/contrib/ExperimentHub_3.3.0.tar.gz'
trying URL 'https://p3m.dev/cran/__linux__/noble/latest/src/contrib/zen4R_0.10.6.tar.gz'
trying URL 'https://p3m.dev/cran/__linux__/noble/latest/src/contrib/ks_1.15.2.tar.gz'
trying URL 'https://bioconductor.org/packages/3.24/bioc/src/contrib/SingleCellExperiment_1.35.2.tar.gz'
trying URL 'https://bioconductor.org/packages/3.24/bioc/src/contrib/SummarizedExperiment_1.43.0.tar.gz'
trying URL 'https://p3m.dev/cran/__linux__/noble/latest/src/contrib/cvTools_0.3.3.tar.gz'
trying URL 'https://p3m.dev/cran/__linux__/noble/latest/src/contrib/funkyheatmap_0.5.2.tar.gz'
trying URL 'https://bioconductor.org/packages/3.24/bioc/src/contrib/clusterProfiler_4.21.0.tar.gz'
trying URL 'https://bioconductor.org/packages/3.24/bioc/src/contrib/DOSE_4.7.2.tar.gz'
trying URL 'https://bioconductor.org/packages/3.24/data/annotation/src/contrib/DO.db_2.9.tar.gz'
trying URL 'https://bioconductor.org/packages/3.24/data/annotation/src/contrib/EnsDb.Hsapiens.v86_2.99.0.tar.gz'
trying URL 'https://p3m.dev/cran/__linux__/noble/latest/src/contrib/tidyverse_2.0.0.tar.gz'
trying URL 'https://bioconductor.org/packages/3.24/bioc/src/contrib/scran_1.41.1.tar.gz'
trying URL 'https://bioconductor.org/packages/3.24/bioc/src/contrib/scuttle_1.23.1.tar.gz'
trying URL 'https://bioconductor.org/packages/3.24/bioc/src/contrib/edgeR_4.11.4.tar.gz'
trying URL 'https://bioconductor.org/packages/3.24/bioc/src/contrib/BenchHub_0.99.15.tar.gz'
* installing *source* package ‘cigarillo’ ...
** this is package ‘cigarillo’ version ‘1.3.1’
** package ‘cigarillo’ successfully unpacked and MD5 sums checked
** using staged installation
** libs
using C compiler: ‘gcc (Ubuntu 13.3.0-6ubuntu2~24.04.1) 13.3.0’
gcc -std=gnu2x -I"/usr/local/lib/R/include" -DNDEBUG  -I'/mnt/library/S4Vectors/include' -I'/mnt/library/IRanges/include' -I/usr/local/include    -fpic  -g -O2 -fstack-protector-strong -Wformat -Werror=format-security -Wdate-time -D_FORTIFY_SOURCE=2 -g  -c IRanges_stubs.c -o IRanges_stubs.o
gcc -std=gnu2x -I"/usr/local/lib/R/include" -DNDEBUG  -I'/mnt/library/S4Vectors/include' -I'/mnt/library/IRanges/include' -I/usr/local/include    -fpic  -g -O2 -fstack-protector-strong -Wformat -Werror=format-security -Wdate-time -D_FORTIFY_SOURCE=2 -g  -c R_init_cigarillo.c -o R_init_cigarillo.o
gcc -std=gnu2x -I"/usr/local/lib/R/include" -DNDEBUG  -I'/mnt/library/S4Vectors/include' -I'/mnt/library/IRanges/include' -I/usr/local/include    -fpic  -g -O2 -fstack-protector-strong -Wformat -Werror=format-security -Wdate-time -D_FORTIFY_SOURCE=2 -g  -c S4Vectors_stubs.c -o S4Vectors_stubs.o
gcc -std=gnu2x -I"/usr/local/lib/R/include" -DNDEBUG  -I'/mnt/library/S4Vectors/include' -I'/mnt/library/IRanges/include' -I/usr/local/include    -fpic  -g -O2 -fstack-protector-strong -Wformat -Werror=format-security -Wdate-time -D_FORTIFY_SOURCE=2 -g  -c cigar_extent.c -o cigar_extent.o
gcc -std=gnu2x -I"/usr/local/lib/R/include" -DNDEBUG  -I'/mnt/library/S4Vectors/include' -I'/mnt/library/IRanges/include' -I/usr/local/include    -fpic  -g -O2 -fstack-protector-strong -Wformat -Werror=format-security -Wdate-time -D_FORTIFY_SOURCE=2 -g  -c cigar_ops_visibility.c -o cigar_ops_visibility.o
gcc -std=gnu2x -I"/usr/local/lib/R/include" -DNDEBUG  -I'/mnt/library/S4Vectors/include' -I'/mnt/library/IRanges/include' -I/usr/local/include    -fpic  -g -O2 -fstack-protector-strong -Wformat -Werror=format-security -Wdate-time -D_FORTIFY_SOURCE=2 -g  -c cigars_as_ranges.c -o cigars_as_ranges.o
gcc -std=gnu2x -I"/usr/local/lib/R/include" -DNDEBUG  -I'/mnt/library/S4Vectors/include' -I'/mnt/library/IRanges/include' -I/usr/local/include    -fpic  -g -O2 -fstack-protector-strong -Wformat -Werror=format-security -Wdate-time -D_FORTIFY_SOURCE=2 -g  -c explode_cigars.c -o explode_cigars.o
gcc -std=gnu2x -I"/usr/local/lib/R/include" -DNDEBUG  -I'/mnt/library/S4Vectors/include' -I'/mnt/library/IRanges/include' -I/usr/local/include    -fpic  -g -O2 -fstack-protector-strong -Wformat -Werror=format-security -Wdate-time -D_FORTIFY_SOURCE=2 -g  -c map_ref_ranges_to_query.c -o map_ref_ranges_to_query.o
gcc -std=gnu2x -I"/usr/local/lib/R/include" -DNDEBUG  -I'/mnt/library/S4Vectors/include' -I'/mnt/library/IRanges/include' -I/usr/local/include    -fpic  -g -O2 -fstack-protector-strong -Wformat -Werror=format-security -Wdate-time -D_FORTIFY_SOURCE=2 -g  -c project_positions.c -o project_positions.o
gcc -std=gnu2x -I"/usr/local/lib/R/include" -DNDEBUG  -I'/mnt/library/S4Vectors/include' -I'/mnt/library/IRanges/include' -I/usr/local/include    -fpic  -g -O2 -fstack-protector-strong -Wformat -Werror=format-security -Wdate-time -D_FORTIFY_SOURCE=2 -g  -c tabulate_cigar_ops.c -o tabulate_cigar_ops.o
gcc -std=gnu2x -I"/usr/local/lib/R/include" -DNDEBUG  -I'/mnt/library/S4Vectors/include' -I'/mnt/library/IRanges/include' -I/usr/local/include    -fpic  -g -O2 -fstack-protector-strong -Wformat -Werror=format-security -Wdate-time -D_FORTIFY_SOURCE=2 -g  -c trim_cigars.c -o trim_cigars.o
gcc -std=gnu2x -shared -L/usr/local/lib/R/lib -L/usr/local/lib -o cigarillo.so IRanges_stubs.o R_init_cigarillo.o S4Vectors_stubs.o cigar_extent.o cigar_ops_visibility.o cigars_as_ranges.o explode_cigars.o map_ref_ranges_to_query.o project_positions.o tabulate_cigar_ops.o trim_cigars.o -L/usr/local/lib/R/lib -lR
installing to /tmp/library/00LOCK-cigarillo/00new/cigarillo/libs
** R
** inst
** byte-compile and prepare package for lazy loading
** help
*** installing help indices
** building package indices
** installing vignettes
** testing if installed package can be loaded from temporary location
** checking absolute paths in shared objects and dynamic libraries
** testing if installed package can be loaded from final location
** testing if installed package keeps a record of temporary installation path
* SHA256 sums
* creating tarball
packaged installation of ‘cigarillo’ as ‘cigarillo_1.3.1_R_x86_64-pc-linux-gnu.tar.gz’
* DONE (cigarillo)
* installing *binary* package ‘TH.data’ ...
* package ‘TH.data’ successfully unpacked and SHA256 sums checked
* ‘TH.data’ was already a binary package and will not be rebuilt
* SHA256 sums
* creating tarball
packaged installation of ‘TH.data’ as ‘TH.data_1.1-5_R_x86_64-pc-linux-gnu.tar.gz’
* DONE (TH.data)
* installing *binary* package ‘sandwich’ ...
* package ‘sandwich’ successfully unpacked and SHA256 sums checked
* ‘sandwich’ was already a binary package and will not be rebuilt
* SHA256 sums
* creating tarball
packaged installation of ‘sandwich’ as ‘sandwich_3.1-2_R_x86_64-pc-linux-gnu.tar.gz’
* DONE (sandwich)
* installing *source* package ‘UCSC.utils’ ...
** this is package ‘UCSC.utils’ version ‘1.9.0’
** package ‘UCSC.utils’ successfully unpacked and MD5 sums checked
** using staged installation
** R
** inst
** byte-compile and prepare package for lazy loading
** help
*** installing help indices
** building package indices
** installing vignettes
** testing if installed package can be loaded from temporary location
** testing if installed package can be loaded from final location
** testing if installed package keeps a record of temporary installation path
* SHA256 sums
* creating tarball
packaged installation of ‘UCSC.utils’ as ‘UCSC.utils_1.9.0_R_x86_64-pc-linux-gnu.tar.gz’
* DONE (UCSC.utils)
* installing *binary* package ‘restfulr’ ...
* package ‘restfulr’ successfully unpacked and SHA256 sums checked
* ‘restfulr’ was already a binary package and will not be rebuilt
* SHA256 sums
* creating tarball
packaged installation of ‘restfulr’ as ‘restfulr_0.0.17_R_x86_64-pc-linux-gnu.tar.gz’
* DONE (restfulr)
* installing *source* package ‘Rhtslib’ ...
** this is package ‘Rhtslib’ version ‘3.9.0’
** package ‘Rhtslib’ successfully unpacked and MD5 sums checked
** using non-staged installation via StagedInstall field
** libs
using C compiler: ‘gcc (Ubuntu 13.3.0-6ubuntu2~24.04.1) 13.3.0’
cd "htslib-1.18" && make -f "Makefile.Rhtslib"
make[1]: Entering directory '/tmp/RtmpBAXe9e/R.INSTALL1135ba24e2c/Rhtslib/src/htslib-1.18'
gcc -std=gnu2x -g -O2 -fstack-protector-strong -Wformat -Werror=format-security -Wdate-time -D_FORTIFY_SOURCE=2 -g -fpic -fvisibility=hidden  -I. -I/usr/local/include -D_FILE_OFFSET_BITS=64 -c -o kfunc.o kfunc.c
gcc -std=gnu2x -g -O2 -fstack-protector-strong -Wformat -Werror=format-security -Wdate-time -D_FORTIFY_SOURCE=2 -g -fpic -fvisibility=hidden  -I. -I/usr/local/include -D_FILE_OFFSET_BITS=64 -c -o kstring.o kstring.c
gcc -std=gnu2x -g -O2 -fstack-protector-strong -Wformat -Werror=format-security -Wdate-time -D_FORTIFY_SOURCE=2 -g -fpic -fvisibility=hidden  -I. -I/usr/local/include -D_FILE_OFFSET_BITS=64 -c -o bcf_sr_sort.o bcf_sr_sort.c
gcc -std=gnu2x -g -O2 -fstack-protector-strong -Wformat -Werror=format-security -Wdate-time -D_FORTIFY_SOURCE=2 -g -fpic -fvisibility=hidden  -I. -I/usr/local/include -D_FILE_OFFSET_BITS=64 -c -o bgzf.o bgzf.c
gcc -std=gnu2x -g -O2 -fstack-protector-strong -Wformat -Werror=format-security -Wdate-time -D_FORTIFY_SOURCE=2 -g -fpic -fvisibility=hidden  -I. -I/usr/local/include -D_FILE_OFFSET_BITS=64 -c -o errmod.o errmod.c
gcc -std=gnu2x -g -O2 -fstack-protector-strong -Wformat -Werror=format-security -Wdate-time -D_FORTIFY_SOURCE=2 -g -fpic -fvisibility=hidden  -I. -I/usr/local/include -D_FILE_OFFSET_BITS=64 -c -o faidx.o faidx.c
gcc -std=gnu2x -g -O2 -fstack-protector-strong -Wformat -Werror=format-security -Wdate-time -D_FORTIFY_SOURCE=2 -g -fpic -fvisibility=hidden  -I. -I/usr/local/include -D_FILE_OFFSET_BITS=64 -c -o header.o header.c
gcc -std=gnu2x -g -O2 -fstack-protector-strong -Wformat -Werror=format-security -Wdate-time -D_FORTIFY_SOURCE=2 -g -fpic -fvisibility=hidden  -I. -I/usr/local/include -D_FILE_OFFSET_BITS=64 -c -o hfile.o hfile.c
echo '#define HTS_VERSION_TEXT "1.18"' > version.h
printf '#define HTS_CC "%s"\n#define HTS_CPPFLAGS "%s"\n#define HTS_CFLAGS "%s"\n#define HTS_LDFLAGS "%s"\n#define HTS_LIBS "%s"\n' \
'gcc -std=gnu2x' \
'-I/usr/local/include -D_FILE_OFFSET_BITS=64' \
'-g -O2 -fstack-protector-strong -Wformat -Werror=format-security -Wdate-time -D_FORTIFY_SOURCE=2 -g -fpic -fvisibility=hidden' \
'-L/usr/local/lib -fvisibility=hidden' \
'-lz -lm -lbz2 -llzma -lcurl' > config_vars.h
gcc -std=gnu2x -g -O2 -fstack-protector-strong -Wformat -Werror=format-security -Wdate-time -D_FORTIFY_SOURCE=2 -g -fpic -fvisibility=hidden  -I. -I/usr/local/include -D_FILE_OFFSET_BITS=64 -c -o hts.o hts.c
gcc -std=gnu2x -g -O2 -fstack-protector-strong -Wformat -Werror=format-security -Wdate-time -D_FORTIFY_SOURCE=2 -g -fpic -fvisibility=hidden  -I. -I/usr/local/include -D_FILE_OFFSET_BITS=64 -c -o hts_expr.o hts_expr.c
gcc -std=gnu2x -g -O2 -fstack-protector-strong -Wformat -Werror=format-security -Wdate-time -D_FORTIFY_SOURCE=2 -g -fpic -fvisibility=hidden  -I. -I/usr/local/include -D_FILE_OFFSET_BITS=64 -c -o hts_os.o hts_os.c
gcc -std=gnu2x -g -O2 -fstack-protector-strong -Wformat -Werror=format-security -Wdate-time -D_FORTIFY_SOURCE=2 -g -fpic -fvisibility=hidden  -I. -I/usr/local/include -D_FILE_OFFSET_BITS=64 -c -o md5.o md5.c
gcc -std=gnu2x -g -O2 -fstack-protector-strong -Wformat -Werror=format-security -Wdate-time -D_FORTIFY_SOURCE=2 -g -fpic -fvisibility=hidden  -I. -I/usr/local/include -D_FILE_OFFSET_BITS=64 -c -o multipart.o multipart.c
gcc -std=gnu2x -g -O2 -fstack-protector-strong -Wformat -Werror=format-security -Wdate-time -D_FORTIFY_SOURCE=2 -g -fpic -fvisibility=hidden  -I. -I/usr/local/include -D_FILE_OFFSET_BITS=64 -c -o probaln.o probaln.c
gcc -std=gnu2x -g -O2 -fstack-protector-strong -Wformat -Werror=format-security -Wdate-time -D_FORTIFY_SOURCE=2 -g -fpic -fvisibility=hidden  -I. -I/usr/local/include -D_FILE_OFFSET_BITS=64 -c -o realn.o realn.c
gcc -std=gnu2x -g -O2 -fstack-protector-strong -Wformat -Werror=format-security -Wdate-time -D_FORTIFY_SOURCE=2 -g -fpic -fvisibility=hidden  -I. -I/usr/local/include -D_FILE_OFFSET_BITS=64 -c -o regidx.o regidx.c
gcc -std=gnu2x -g -O2 -fstack-protector-strong -Wformat -Werror=format-security -Wdate-time -D_FORTIFY_SOURCE=2 -g -fpic -fvisibility=hidden  -I. -I/usr/local/include -D_FILE_OFFSET_BITS=64 -c -o region.o region.c
gcc -std=gnu2x -g -O2 -fstack-protector-strong -Wformat -Werror=format-security -Wdate-time -D_FORTIFY_SOURCE=2 -g -fpic -fvisibility=hidden  -I. -I/usr/local/include -D_FILE_OFFSET_BITS=64 -c -o sam.o sam.c
gcc -std=gnu2x -g -O2 -fstack-protector-strong -Wformat -Werror=format-security -Wdate-time -D_FORTIFY_SOURCE=2 -g -fpic -fvisibility=hidden  -I. -I/usr/local/include -D_FILE_OFFSET_BITS=64 -c -o sam_mods.o sam_mods.c
gcc -std=gnu2x -g -O2 -fstack-protector-strong -Wformat -Werror=format-security -Wdate-time -D_FORTIFY_SOURCE=2 -g -fpic -fvisibility=hidden  -I. -I/usr/local/include -D_FILE_OFFSET_BITS=64 -c -o synced_bcf_reader.o synced_bcf_reader.c
gcc -std=gnu2x -g -O2 -fstack-protector-strong -Wformat -Werror=format-security -Wdate-time -D_FORTIFY_SOURCE=2 -g -fpic -fvisibility=hidden  -I. -I/usr/local/include -D_FILE_OFFSET_BITS=64 -c -o vcf_sweep.o vcf_sweep.c
gcc -std=gnu2x -g -O2 -fstack-protector-strong -Wformat -Werror=format-security -Wdate-time -D_FORTIFY_SOURCE=2 -g -fpic -fvisibility=hidden  -I. -I/usr/local/include -D_FILE_OFFSET_BITS=64 -c -o tbx.o tbx.c
gcc -std=gnu2x -g -O2 -fstack-protector-strong -Wformat -Werror=format-security -Wdate-time -D_FORTIFY_SOURCE=2 -g -fpic -fvisibility=hidden  -I. -I/usr/local/include -D_FILE_OFFSET_BITS=64 -c -o textutils.o textutils.c
gcc -std=gnu2x -g -O2 -fstack-protector-strong -Wformat -Werror=format-security -Wdate-time -D_FORTIFY_SOURCE=2 -g -fpic -fvisibility=hidden  -I. -I/usr/local/include -D_FILE_OFFSET_BITS=64 -c -o thread_pool.o thread_pool.c
gcc -std=gnu2x -g -O2 -fstack-protector-strong -Wformat -Werror=format-security -Wdate-time -D_FORTIFY_SOURCE=2 -g -fpic -fvisibility=hidden  -I. -I/usr/local/include -D_FILE_OFFSET_BITS=64 -c -o vcf.o vcf.c
gcc -std=gnu2x -g -O2 -fstack-protector-strong -Wformat -Werror=format-security -Wdate-time -D_FORTIFY_SOURCE=2 -g -fpic -fvisibility=hidden  -I. -I/usr/local/include -D_FILE_OFFSET_BITS=64 -c -o vcfutils.o vcfutils.c
gcc -std=gnu2x -g -O2 -fstack-protector-strong -Wformat -Werror=format-security -Wdate-time -D_FORTIFY_SOURCE=2 -g -fpic -fvisibility=hidden  -I. -I/usr/local/include -D_FILE_OFFSET_BITS=64 -c -o cram/cram_codecs.o cram/cram_codecs.c
gcc -std=gnu2x -g -O2 -fstack-protector-strong -Wformat -Werror=format-security -Wdate-time -D_FORTIFY_SOURCE=2 -g -fpic -fvisibility=hidden  -I. -I/usr/local/include -D_FILE_OFFSET_BITS=64 -c -o cram/cram_decode.o cram/cram_decode.c
gcc -std=gnu2x -g -O2 -fstack-protector-strong -Wformat -Werror=format-security -Wdate-time -D_FORTIFY_SOURCE=2 -g -fpic -fvisibility=hidden  -I. -I/usr/local/include -D_FILE_OFFSET_BITS=64 -c -o cram/cram_encode.o cram/cram_encode.c
gcc -std=gnu2x -g -O2 -fstack-protector-strong -Wformat -Werror=format-security -Wdate-time -D_FORTIFY_SOURCE=2 -g -fpic -fvisibility=hidden  -I. -I/usr/local/include -D_FILE_OFFSET_BITS=64 -c -o cram/cram_external.o cram/cram_external.c
gcc -std=gnu2x -g -O2 -fstack-protector-strong -Wformat -Werror=format-security -Wdate-time -D_FORTIFY_SOURCE=2 -g -fpic -fvisibility=hidden  -I. -I/usr/local/include -D_FILE_OFFSET_BITS=64 -c -o cram/cram_index.o cram/cram_index.c
gcc -std=gnu2x -g -O2 -fstack-protector-strong -Wformat -Werror=format-security -Wdate-time -D_FORTIFY_SOURCE=2 -g -fpic -fvisibility=hidden  -I. -I/usr/local/include -D_FILE_OFFSET_BITS=64 -c -o cram/cram_io.o cram/cram_io.c
gcc -std=gnu2x -g -O2 -fstack-protector-strong -Wformat -Werror=format-security -Wdate-time -D_FORTIFY_SOURCE=2 -g -fpic -fvisibility=hidden  -I. -I/usr/local/include -D_FILE_OFFSET_BITS=64 -c -o cram/cram_stats.o cram/cram_stats.c
gcc -std=gnu2x -g -O2 -fstack-protector-strong -Wformat -Werror=format-security -Wdate-time -D_FORTIFY_SOURCE=2 -g -fpic -fvisibility=hidden  -I. -I/usr/local/include -D_FILE_OFFSET_BITS=64 -c -o cram/mFILE.o cram/mFILE.c
gcc -std=gnu2x -g -O2 -fstack-protector-strong -Wformat -Werror=format-security -Wdate-time -D_FORTIFY_SOURCE=2 -g -fpic -fvisibility=hidden  -I. -I/usr/local/include -D_FILE_OFFSET_BITS=64 -c -o cram/open_trace_file.o cram/open_trace_file.c
gcc -std=gnu2x -g -O2 -fstack-protector-strong -Wformat -Werror=format-security -Wdate-time -D_FORTIFY_SOURCE=2 -g -fpic -fvisibility=hidden  -I. -I/usr/local/include -D_FILE_OFFSET_BITS=64 -c -o cram/pooled_alloc.o cram/pooled_alloc.c
gcc -std=gnu2x -g -O2 -fstack-protector-strong -Wformat -Werror=format-security -Wdate-time -D_FORTIFY_SOURCE=2 -g -fpic -fvisibility=hidden  -I. -I/usr/local/include -D_FILE_OFFSET_BITS=64 -c -o cram/string_alloc.o cram/string_alloc.c
gcc -std=gnu2x -g -O2 -fstack-protector-strong -Wformat -Werror=format-security -Wdate-time -D_FORTIFY_SOURCE=2 -g -fpic -fvisibility=hidden  -I. -I/usr/local/include -D_FILE_OFFSET_BITS=64 -c -o htscodecs/htscodecs/arith_dynamic.o htscodecs/htscodecs/arith_dynamic.c
gcc -std=gnu2x -g -O2 -fstack-protector-strong -Wformat -Werror=format-security -Wdate-time -D_FORTIFY_SOURCE=2 -g -fpic -fvisibility=hidden  -I. -I/usr/local/include -D_FILE_OFFSET_BITS=64 -c -o htscodecs/htscodecs/fqzcomp_qual.o htscodecs/htscodecs/fqzcomp_qual.c
gcc -std=gnu2x -g -O2 -fstack-protector-strong -Wformat -Werror=format-security -Wdate-time -D_FORTIFY_SOURCE=2 -g -fpic -fvisibility=hidden  -I. -I/usr/local/include -D_FILE_OFFSET_BITS=64 -c -o htscodecs/htscodecs/htscodecs.o htscodecs/htscodecs/htscodecs.c
gcc -std=gnu2x -g -O2 -fstack-protector-strong -Wformat -Werror=format-security -Wdate-time -D_FORTIFY_SOURCE=2 -g -fpic -fvisibility=hidden  -I. -I/usr/local/include -D_FILE_OFFSET_BITS=64 -c -o htscodecs/htscodecs/pack.o htscodecs/htscodecs/pack.c
gcc -std=gnu2x -g -O2 -fstack-protector-strong -Wformat -Werror=format-security -Wdate-time -D_FORTIFY_SOURCE=2 -g -fpic -fvisibility=hidden  -I. -I/usr/local/include -D_FILE_OFFSET_BITS=64 -c -o htscodecs/htscodecs/rANS_static4x16pr.o htscodecs/htscodecs/rANS_static4x16pr.c
gcc -std=gnu2x -g -O2 -fstack-protector-strong -Wformat -Werror=format-security -Wdate-time -D_FORTIFY_SOURCE=2 -g -fpic -fvisibility=hidden  -I. -I/usr/local/include -D_FILE_OFFSET_BITS=64 -c -o htscodecs/htscodecs/rANS_static32x16pr_avx2.o htscodecs/htscodecs/rANS_static32x16pr_avx2.c
gcc -std=gnu2x -g -O2 -fstack-protector-strong -Wformat -Werror=format-security -Wdate-time -D_FORTIFY_SOURCE=2 -g -fpic -fvisibility=hidden  -I. -I/usr/local/include -D_FILE_OFFSET_BITS=64 -c -o htscodecs/htscodecs/rANS_static32x16pr_avx512.o htscodecs/htscodecs/rANS_static32x16pr_avx512.c
gcc -std=gnu2x -g -O2 -fstack-protector-strong -Wformat -Werror=format-security -Wdate-time -D_FORTIFY_SOURCE=2 -g -fpic -fvisibility=hidden  -I. -I/usr/local/include -D_FILE_OFFSET_BITS=64 -c -o htscodecs/htscodecs/rANS_static32x16pr_sse4.o htscodecs/htscodecs/rANS_static32x16pr_sse4.c
gcc -std=gnu2x -g -O2 -fstack-protector-strong -Wformat -Werror=format-security -Wdate-time -D_FORTIFY_SOURCE=2 -g -fpic -fvisibility=hidden  -I. -I/usr/local/include -D_FILE_OFFSET_BITS=64 -c -o htscodecs/htscodecs/rANS_static32x16pr_neon.o htscodecs/htscodecs/rANS_static32x16pr_neon.c
gcc -std=gnu2x -g -O2 -fstack-protector-strong -Wformat -Werror=format-security -Wdate-time -D_FORTIFY_SOURCE=2 -g -fpic -fvisibility=hidden  -I. -I/usr/local/include -D_FILE_OFFSET_BITS=64 -c -o htscodecs/htscodecs/rANS_static32x16pr.o htscodecs/htscodecs/rANS_static32x16pr.c
gcc -std=gnu2x -g -O2 -fstack-protector-strong -Wformat -Werror=format-security -Wdate-time -D_FORTIFY_SOURCE=2 -g -fpic -fvisibility=hidden  -I. -I/usr/local/include -D_FILE_OFFSET_BITS=64 -c -o htscodecs/htscodecs/rANS_static.o htscodecs/htscodecs/rANS_static.c
gcc -std=gnu2x -g -O2 -fstack-protector-strong -Wformat -Werror=format-security -Wdate-time -D_FORTIFY_SOURCE=2 -g -fpic -fvisibility=hidden  -I. -I/usr/local/include -D_FILE_OFFSET_BITS=64 -c -o htscodecs/htscodecs/rle.o htscodecs/htscodecs/rle.c
gcc -std=gnu2x -g -O2 -fstack-protector-strong -Wformat -Werror=format-security -Wdate-time -D_FORTIFY_SOURCE=2 -g -fpic -fvisibility=hidden  -I. -I/usr/local/include -D_FILE_OFFSET_BITS=64 -c -o htscodecs/htscodecs/tokenise_name3.o htscodecs/htscodecs/tokenise_name3.c
gcc -std=gnu2x -g -O2 -fstack-protector-strong -Wformat -Werror=format-security -Wdate-time -D_FORTIFY_SOURCE=2 -g -fpic -fvisibility=hidden  -I. -I/usr/local/include -D_FILE_OFFSET_BITS=64 -c -o htscodecs/htscodecs/utils.o htscodecs/htscodecs/utils.c
gcc -std=gnu2x -g -O2 -fstack-protector-strong -Wformat -Werror=format-security -Wdate-time -D_FORTIFY_SOURCE=2 -g -fpic -fvisibility=hidden  -I. -I/usr/local/include -D_FILE_OFFSET_BITS=64 -c -o hfile_libcurl.o hfile_libcurl.c
ar -rc libhts.a kfunc.o kstring.o bcf_sr_sort.o bgzf.o errmod.o faidx.o header.o hfile.o hts.o hts_expr.o hts_os.o md5.o multipart.o probaln.o realn.o regidx.o region.o sam.o sam_mods.o synced_bcf_reader.o vcf_sweep.o tbx.o textutils.o thread_pool.o vcf.o vcfutils.o cram/cram_codecs.o cram/cram_decode.o cram/cram_encode.o cram/cram_external.o cram/cram_index.o cram/cram_io.o cram/cram_stats.o cram/mFILE.o cram/open_trace_file.o cram/pooled_alloc.o cram/string_alloc.o htscodecs/htscodecs/arith_dynamic.o htscodecs/htscodecs/fqzcomp_qual.o htscodecs/htscodecs/htscodecs.o htscodecs/htscodecs/pack.o htscodecs/htscodecs/rANS_static4x16pr.o htscodecs/htscodecs/rANS_static32x16pr_avx2.o htscodecs/htscodecs/rANS_static32x16pr_avx512.o htscodecs/htscodecs/rANS_static32x16pr_sse4.o htscodecs/htscodecs/rANS_static32x16pr_neon.o htscodecs/htscodecs/rANS_static32x16pr.o htscodecs/htscodecs/rANS_static.o htscodecs/htscodecs/rle.o htscodecs/htscodecs/tokenise_name3.o htscodecs/htscodecs/utils.o hfile_libcurl.o
ranlib libhts.a
gcc -std=gnu2x -g -O2 -fstack-protector-strong -Wformat -Werror=format-security -Wdate-time -D_FORTIFY_SOURCE=2 -g -fpic -fvisibility=hidden  -I. -I/usr/local/include -D_FILE_OFFSET_BITS=64  -c -o kfunc.pico kfunc.c
gcc -std=gnu2x -g -O2 -fstack-protector-strong -Wformat -Werror=format-security -Wdate-time -D_FORTIFY_SOURCE=2 -g -fpic -fvisibility=hidden  -I. -I/usr/local/include -D_FILE_OFFSET_BITS=64  -c -o kstring.pico kstring.c
gcc -std=gnu2x -g -O2 -fstack-protector-strong -Wformat -Werror=format-security -Wdate-time -D_FORTIFY_SOURCE=2 -g -fpic -fvisibility=hidden  -I. -I/usr/local/include -D_FILE_OFFSET_BITS=64  -c -o bcf_sr_sort.pico bcf_sr_sort.c
gcc -std=gnu2x -g -O2 -fstack-protector-strong -Wformat -Werror=format-security -Wdate-time -D_FORTIFY_SOURCE=2 -g -fpic -fvisibility=hidden  -I. -I/usr/local/include -D_FILE_OFFSET_BITS=64  -c -o bgzf.pico bgzf.c
gcc -std=gnu2x -g -O2 -fstack-protector-strong -Wformat -Werror=format-security -Wdate-time -D_FORTIFY_SOURCE=2 -g -fpic -fvisibility=hidden  -I. -I/usr/local/include -D_FILE_OFFSET_BITS=64  -c -o errmod.pico errmod.c
gcc -std=gnu2x -g -O2 -fstack-protector-strong -Wformat -Werror=format-security -Wdate-time -D_FORTIFY_SOURCE=2 -g -fpic -fvisibility=hidden  -I. -I/usr/local/include -D_FILE_OFFSET_BITS=64  -c -o faidx.pico faidx.c
gcc -std=gnu2x -g -O2 -fstack-protector-strong -Wformat -Werror=format-security -Wdate-time -D_FORTIFY_SOURCE=2 -g -fpic -fvisibility=hidden  -I. -I/usr/local/include -D_FILE_OFFSET_BITS=64  -c -o header.pico header.c
gcc -std=gnu2x -g -O2 -fstack-protector-strong -Wformat -Werror=format-security -Wdate-time -D_FORTIFY_SOURCE=2 -g -fpic -fvisibility=hidden  -I. -I/usr/local/include -D_FILE_OFFSET_BITS=64  -c -o hfile.pico hfile.c
gcc -std=gnu2x -g -O2 -fstack-protector-strong -Wformat -Werror=format-security -Wdate-time -D_FORTIFY_SOURCE=2 -g -fpic -fvisibility=hidden  -I. -I/usr/local/include -D_FILE_OFFSET_BITS=64  -c -o hts.pico hts.c
gcc -std=gnu2x -g -O2 -fstack-protector-strong -Wformat -Werror=format-security -Wdate-time -D_FORTIFY_SOURCE=2 -g -fpic -fvisibility=hidden  -I. -I/usr/local/include -D_FILE_OFFSET_BITS=64  -c -o hts_expr.pico hts_expr.c
gcc -std=gnu2x -g -O2 -fstack-protector-strong -Wformat -Werror=format-security -Wdate-time -D_FORTIFY_SOURCE=2 -g -fpic -fvisibility=hidden  -I. -I/usr/local/include -D_FILE_OFFSET_BITS=64  -c -o hts_os.pico hts_os.c
gcc -std=gnu2x -g -O2 -fstack-protector-strong -Wformat -Werror=format-security -Wdate-time -D_FORTIFY_SOURCE=2 -g -fpic -fvisibility=hidden  -I. -I/usr/local/include -D_FILE_OFFSET_BITS=64  -c -o md5.pico md5.c
gcc -std=gnu2x -g -O2 -fstack-protector-strong -Wformat -Werror=format-security -Wdate-time -D_FORTIFY_SOURCE=2 -g -fpic -fvisibility=hidden  -I. -I/usr/local/include -D_FILE_OFFSET_BITS=64  -c -o multipart.pico multipart.c
gcc -std=gnu2x -g -O2 -fstack-protector-strong -Wformat -Werror=format-security -Wdate-time -D_FORTIFY_SOURCE=2 -g -fpic -fvisibility=hidden  -I. -I/usr/local/include -D_FILE_OFFSET_BITS=64  -c -o probaln.pico probaln.c
gcc -std=gnu2x -g -O2 -fstack-protector-strong -Wformat -Werror=format-security -Wdate-time -D_FORTIFY_SOURCE=2 -g -fpic -fvisibility=hidden  -I. -I/usr/local/include -D_FILE_OFFSET_BITS=64  -c -o realn.pico realn.c
gcc -std=gnu2x -g -O2 -fstack-protector-strong -Wformat -Werror=format-security -Wdate-time -D_FORTIFY_SOURCE=2 -g -fpic -fvisibility=hidden  -I. -I/usr/local/include -D_FILE_OFFSET_BITS=64  -c -o regidx.pico regidx.c
gcc -std=gnu2x -g -O2 -fstack-protector-strong -Wformat -Werror=format-security -Wdate-time -D_FORTIFY_SOURCE=2 -g -fpic -fvisibility=hidden  -I. -I/usr/local/include -D_FILE_OFFSET_BITS=64  -c -o region.pico region.c
gcc -std=gnu2x -g -O2 -fstack-protector-strong -Wformat -Werror=format-security -Wdate-time -D_FORTIFY_SOURCE=2 -g -fpic -fvisibility=hidden  -I. -I/usr/local/include -D_FILE_OFFSET_BITS=64  -c -o sam.pico sam.c
gcc -std=gnu2x -g -O2 -fstack-protector-strong -Wformat -Werror=format-security -Wdate-time -D_FORTIFY_SOURCE=2 -g -fpic -fvisibility=hidden  -I. -I/usr/local/include -D_FILE_OFFSET_BITS=64  -c -o sam_mods.pico sam_mods.c
gcc -std=gnu2x -g -O2 -fstack-protector-strong -Wformat -Werror=format-security -Wdate-time -D_FORTIFY_SOURCE=2 -g -fpic -fvisibility=hidden  -I. -I/usr/local/include -D_FILE_OFFSET_BITS=64  -c -o synced_bcf_reader.pico synced_bcf_reader.c
gcc -std=gnu2x -g -O2 -fstack-protector-strong -Wformat -Werror=format-security -Wdate-time -D_FORTIFY_SOURCE=2 -g -fpic -fvisibility=hidden  -I. -I/usr/local/include -D_FILE_OFFSET_BITS=64  -c -o vcf_sweep.pico vcf_sweep.c
gcc -std=gnu2x -g -O2 -fstack-protector-strong -Wformat -Werror=format-security -Wdate-time -D_FORTIFY_SOURCE=2 -g -fpic -fvisibility=hidden  -I. -I/usr/local/include -D_FILE_OFFSET_BITS=64  -c -o tbx.pico tbx.c
gcc -std=gnu2x -g -O2 -fstack-protector-strong -Wformat -Werror=format-security -Wdate-time -D_FORTIFY_SOURCE=2 -g -fpic -fvisibility=hidden  -I. -I/usr/local/include -D_FILE_OFFSET_BITS=64  -c -o textutils.pico textutils.c
gcc -std=gnu2x -g -O2 -fstack-protector-strong -Wformat -Werror=format-security -Wdate-time -D_FORTIFY_SOURCE=2 -g -fpic -fvisibility=hidden  -I. -I/usr/local/include -D_FILE_OFFSET_BITS=64  -c -o thread_pool.pico thread_pool.c
gcc -std=gnu2x -g -O2 -fstack-protector-strong -Wformat -Werror=format-security -Wdate-time -D_FORTIFY_SOURCE=2 -g -fpic -fvisibility=hidden  -I. -I/usr/local/include -D_FILE_OFFSET_BITS=64  -c -o vcf.pico vcf.c
gcc -std=gnu2x -g -O2 -fstack-protector-strong -Wformat -Werror=format-security -Wdate-time -D_FORTIFY_SOURCE=2 -g -fpic -fvisibility=hidden  -I. -I/usr/local/include -D_FILE_OFFSET_BITS=64  -c -o vcfutils.pico vcfutils.c
gcc -std=gnu2x -g -O2 -fstack-protector-strong -Wformat -Werror=format-security -Wdate-time -D_FORTIFY_SOURCE=2 -g -fpic -fvisibility=hidden  -I. -I/usr/local/include -D_FILE_OFFSET_BITS=64  -c -o cram/cram_codecs.pico cram/cram_codecs.c
gcc -std=gnu2x -g -O2 -fstack-protector-strong -Wformat -Werror=format-security -Wdate-time -D_FORTIFY_SOURCE=2 -g -fpic -fvisibility=hidden  -I. -I/usr/local/include -D_FILE_OFFSET_BITS=64  -c -o cram/cram_decode.pico cram/cram_decode.c
gcc -std=gnu2x -g -O2 -fstack-protector-strong -Wformat -Werror=format-security -Wdate-time -D_FORTIFY_SOURCE=2 -g -fpic -fvisibility=hidden  -I. -I/usr/local/include -D_FILE_OFFSET_BITS=64  -c -o cram/cram_encode.pico cram/cram_encode.c
gcc -std=gnu2x -g -O2 -fstack-protector-strong -Wformat -Werror=format-security -Wdate-time -D_FORTIFY_SOURCE=2 -g -fpic -fvisibility=hidden  -I. -I/usr/local/include -D_FILE_OFFSET_BITS=64  -c -o cram/cram_external.pico cram/cram_external.c
gcc -std=gnu2x -g -O2 -fstack-protector-strong -Wformat -Werror=format-security -Wdate-time -D_FORTIFY_SOURCE=2 -g -fpic -fvisibility=hidden  -I. -I/usr/local/include -D_FILE_OFFSET_BITS=64  -c -o cram/cram_index.pico cram/cram_index.c
gcc -std=gnu2x -g -O2 -fstack-protector-strong -Wformat -Werror=format-security -Wdate-time -D_FORTIFY_SOURCE=2 -g -fpic -fvisibility=hidden  -I. -I/usr/local/include -D_FILE_OFFSET_BITS=64  -c -o cram/cram_io.pico cram/cram_io.c
gcc -std=gnu2x -g -O2 -fstack-protector-strong -Wformat -Werror=format-security -Wdate-time -D_FORTIFY_SOURCE=2 -g -fpic -fvisibility=hidden  -I. -I/usr/local/include -D_FILE_OFFSET_BITS=64  -c -o cram/cram_stats.pico cram/cram_stats.c
gcc -std=gnu2x -g -O2 -fstack-protector-strong -Wformat -Werror=format-security -Wdate-time -D_FORTIFY_SOURCE=2 -g -fpic -fvisibility=hidden  -I. -I/usr/local/include -D_FILE_OFFSET_BITS=64  -c -o cram/mFILE.pico cram/mFILE.c
gcc -std=gnu2x -g -O2 -fstack-protector-strong -Wformat -Werror=format-security -Wdate-time -D_FORTIFY_SOURCE=2 -g -fpic -fvisibility=hidden  -I. -I/usr/local/include -D_FILE_OFFSET_BITS=64  -c -o cram/open_trace_file.pico cram/open_trace_file.c
gcc -std=gnu2x -g -O2 -fstack-protector-strong -Wformat -Werror=format-security -Wdate-time -D_FORTIFY_SOURCE=2 -g -fpic -fvisibility=hidden  -I. -I/usr/local/include -D_FILE_OFFSET_BITS=64  -c -o cram/pooled_alloc.pico cram/pooled_alloc.c
gcc -std=gnu2x -g -O2 -fstack-protector-strong -Wformat -Werror=format-security -Wdate-time -D_FORTIFY_SOURCE=2 -g -fpic -fvisibility=hidden  -I. -I/usr/local/include -D_FILE_OFFSET_BITS=64  -c -o cram/string_alloc.pico cram/string_alloc.c
gcc -std=gnu2x -g -O2 -fstack-protector-strong -Wformat -Werror=format-security -Wdate-time -D_FORTIFY_SOURCE=2 -g -fpic -fvisibility=hidden  -I. -I/usr/local/include -D_FILE_OFFSET_BITS=64  -c -o htscodecs/htscodecs/arith_dynamic.pico htscodecs/htscodecs/arith_dynamic.c
gcc -std=gnu2x -g -O2 -fstack-protector-strong -Wformat -Werror=format-security -Wdate-time -D_FORTIFY_SOURCE=2 -g -fpic -fvisibility=hidden  -I. -I/usr/local/include -D_FILE_OFFSET_BITS=64  -c -o htscodecs/htscodecs/fqzcomp_qual.pico htscodecs/htscodecs/fqzcomp_qual.c
gcc -std=gnu2x -g -O2 -fstack-protector-strong -Wformat -Werror=format-security -Wdate-time -D_FORTIFY_SOURCE=2 -g -fpic -fvisibility=hidden  -I. -I/usr/local/include -D_FILE_OFFSET_BITS=64  -c -o htscodecs/htscodecs/htscodecs.pico htscodecs/htscodecs/htscodecs.c
gcc -std=gnu2x -g -O2 -fstack-protector-strong -Wformat -Werror=format-security -Wdate-time -D_FORTIFY_SOURCE=2 -g -fpic -fvisibility=hidden  -I. -I/usr/local/include -D_FILE_OFFSET_BITS=64  -c -o htscodecs/htscodecs/pack.pico htscodecs/htscodecs/pack.c
gcc -std=gnu2x -g -O2 -fstack-protector-strong -Wformat -Werror=format-security -Wdate-time -D_FORTIFY_SOURCE=2 -g -fpic -fvisibility=hidden  -I. -I/usr/local/include -D_FILE_OFFSET_BITS=64  -c -o htscodecs/htscodecs/rANS_static4x16pr.pico htscodecs/htscodecs/rANS_static4x16pr.c
gcc -std=gnu2x -g -O2 -fstack-protector-strong -Wformat -Werror=format-security -Wdate-time -D_FORTIFY_SOURCE=2 -g -fpic -fvisibility=hidden  -I. -I/usr/local/include -D_FILE_OFFSET_BITS=64  -c -o htscodecs/htscodecs/rANS_static32x16pr_avx2.pico htscodecs/htscodecs/rANS_static32x16pr_avx2.c
gcc -std=gnu2x -g -O2 -fstack-protector-strong -Wformat -Werror=format-security -Wdate-time -D_FORTIFY_SOURCE=2 -g -fpic -fvisibility=hidden  -I. -I/usr/local/include -D_FILE_OFFSET_BITS=64  -c -o htscodecs/htscodecs/rANS_static32x16pr_avx512.pico htscodecs/htscodecs/rANS_static32x16pr_avx512.c
gcc -std=gnu2x -g -O2 -fstack-protector-strong -Wformat -Werror=format-security -Wdate-time -D_FORTIFY_SOURCE=2 -g -fpic -fvisibility=hidden  -I. -I/usr/local/include -D_FILE_OFFSET_BITS=64  -c -o htscodecs/htscodecs/rANS_static32x16pr_sse4.pico htscodecs/htscodecs/rANS_static32x16pr_sse4.c
gcc -std=gnu2x -g -O2 -fstack-protector-strong -Wformat -Werror=format-security -Wdate-time -D_FORTIFY_SOURCE=2 -g -fpic -fvisibility=hidden  -I. -I/usr/local/include -D_FILE_OFFSET_BITS=64  -c -o htscodecs/htscodecs/rANS_static32x16pr_neon.pico htscodecs/htscodecs/rANS_static32x16pr_neon.c
gcc -std=gnu2x -g -O2 -fstack-protector-strong -Wformat -Werror=format-security -Wdate-time -D_FORTIFY_SOURCE=2 -g -fpic -fvisibility=hidden  -I. -I/usr/local/include -D_FILE_OFFSET_BITS=64  -c -o htscodecs/htscodecs/rANS_static32x16pr.pico htscodecs/htscodecs/rANS_static32x16pr.c
gcc -std=gnu2x -g -O2 -fstack-protector-strong -Wformat -Werror=format-security -Wdate-time -D_FORTIFY_SOURCE=2 -g -fpic -fvisibility=hidden  -I. -I/usr/local/include -D_FILE_OFFSET_BITS=64  -c -o htscodecs/htscodecs/rANS_static.pico htscodecs/htscodecs/rANS_static.c
gcc -std=gnu2x -g -O2 -fstack-protector-strong -Wformat -Werror=format-security -Wdate-time -D_FORTIFY_SOURCE=2 -g -fpic -fvisibility=hidden  -I. -I/usr/local/include -D_FILE_OFFSET_BITS=64  -c -o htscodecs/htscodecs/rle.pico htscodecs/htscodecs/rle.c
gcc -std=gnu2x -g -O2 -fstack-protector-strong -Wformat -Werror=format-security -Wdate-time -D_FORTIFY_SOURCE=2 -g -fpic -fvisibility=hidden  -I. -I/usr/local/include -D_FILE_OFFSET_BITS=64  -c -o htscodecs/htscodecs/tokenise_name3.pico htscodecs/htscodecs/tokenise_name3.c
gcc -std=gnu2x -g -O2 -fstack-protector-strong -Wformat -Werror=format-security -Wdate-time -D_FORTIFY_SOURCE=2 -g -fpic -fvisibility=hidden  -I. -I/usr/local/include -D_FILE_OFFSET_BITS=64  -c -o htscodecs/htscodecs/utils.pico htscodecs/htscodecs/utils.c
gcc -std=gnu2x -g -O2 -fstack-protector-strong -Wformat -Werror=format-security -Wdate-time -D_FORTIFY_SOURCE=2 -g -fpic -fvisibility=hidden  -I. -I/usr/local/include -D_FILE_OFFSET_BITS=64  -c -o hfile_libcurl.pico hfile_libcurl.c
gcc -std=gnu2x -shared -Wl,-soname,libhts.so.3 -Wl,-version-script,htslib.map -L/usr/local/lib -fvisibility=hidden -o libhts.so kfunc.pico kstring.pico bcf_sr_sort.pico bgzf.pico errmod.pico faidx.pico header.pico hfile.pico hts.pico hts_expr.pico hts_os.pico md5.pico multipart.pico probaln.pico realn.pico regidx.pico region.pico sam.pico sam_mods.pico synced_bcf_reader.pico vcf_sweep.pico tbx.pico textutils.pico thread_pool.pico vcf.pico vcfutils.pico cram/cram_codecs.pico cram/cram_decode.pico cram/cram_encode.pico cram/cram_external.pico cram/cram_index.pico cram/cram_io.pico cram/cram_stats.pico cram/mFILE.pico cram/open_trace_file.pico cram/pooled_alloc.pico cram/string_alloc.pico htscodecs/htscodecs/arith_dynamic.pico htscodecs/htscodecs/fqzcomp_qual.pico htscodecs/htscodecs/htscodecs.pico htscodecs/htscodecs/pack.pico htscodecs/htscodecs/rANS_static4x16pr.pico htscodecs/htscodecs/rANS_static32x16pr_avx2.pico htscodecs/htscodecs/rANS_static32x16pr_avx512.pico htscodecs/htscodecs/rANS_static32x16pr_sse4.pico htscodecs/htscodecs/rANS_static32x16pr_neon.pico htscodecs/htscodecs/rANS_static32x16pr.pico htscodecs/htscodecs/rANS_static.pico htscodecs/htscodecs/rle.pico htscodecs/htscodecs/tokenise_name3.pico htscodecs/htscodecs/utils.pico hfile_libcurl.pico -lz -lm -lbz2 -llzma -lcurl -lpthread
ln -sf libhts.so libhts.so.3
make[1]: Leaving directory '/tmp/RtmpBAXe9e/R.INSTALL1135ba24e2c/Rhtslib/src/htslib-1.18'
mkdir -p "/tmp/library/Rhtslib/include/htslib"
cd "htslib-1.18/htslib" && cp * "/tmp/library/Rhtslib/include/htslib"
gcc -std=gnu2x -I"/usr/local/lib/R/include" -DNDEBUG -D_FILE_OFFSET_BITS=64 -I"/tmp/library/Rhtslib/include"  -I/usr/local/include    -fpic  -g -O2 -fstack-protector-strong -Wformat -Werror=format-security -Wdate-time -D_FORTIFY_SOURCE=2 -g  -c R_init_Rhtslib.c -o R_init_Rhtslib.o
mkdir -p "/tmp/library/Rhtslib/usrlib"
cd "htslib-1.18" && cp libhts.so libhts.a "/tmp/library/Rhtslib/usrlib"
cd "/tmp/library/Rhtslib/usrlib" && ln -s libhts.so libhts.so.2
gcc -std=gnu2x -shared -L/usr/local/lib/R/lib -L/usr/local/lib -o Rhtslib.so R_init_Rhtslib.o /tmp/library/Rhtslib/usrlib/libhts.a -lcurl -lbz2 -llzma -lz -L/usr/local/lib/R/lib -lR
mkdir -p "/tmp/library/Rhtslib/testdata/tabix"
cd "htslib-1.18/test" && (cp *.sam *.bam *.vcf *.bcf *.cram *.fa *.fa.fai *.gff *.bed "/tmp/library/Rhtslib/testdata" 2>/dev/null || true) && cd tabix && (cp *.sam *.bam *.vcf *.bcf *.cram *.fa *.fa.fai *.gff *.bed "/tmp/library/Rhtslib/testdata/tabix" 2>/dev/null || true)
installing to /tmp/library/Rhtslib/libs
** R
** inst
** byte-compile and prepare package for lazy loading
** help
*** installing help indices
** building package indices
** installing vignettes
** testing if installed package can be loaded
* SHA256 sums
* creating tarball
packaged installation of ‘Rhtslib’ as ‘Rhtslib_3.9.0_R_x86_64-pc-linux-gnu.tar.gz’
* DONE (Rhtslib)
* installing *binary* package ‘uuid’ ...
* package ‘uuid’ successfully unpacked and SHA256 sums checked
* ‘uuid’ was already a binary package and will not be rebuilt
* SHA256 sums
* creating tarball
packaged installation of ‘uuid’ as ‘uuid_1.2-2_R_x86_64-pc-linux-gnu.tar.gz’
* DONE (uuid)
* installing *binary* package ‘polspline’ ...
* package ‘polspline’ successfully unpacked and SHA256 sums checked
* ‘polspline’ was already a binary package and will not be rebuilt
* SHA256 sums
* creating tarball
packaged installation of ‘polspline’ as ‘polspline_1.1.25_R_x86_64-pc-linux-gnu.tar.gz’
* DONE (polspline)
* installing *binary* package ‘htmlTable’ ...
* package ‘htmlTable’ successfully unpacked and SHA256 sums checked
* ‘htmlTable’ was already a binary package and will not be rebuilt
* SHA256 sums
* creating tarball
packaged installation of ‘htmlTable’ as ‘htmlTable_2.5.0_R_x86_64-pc-linux-gnu.tar.gz’
* DONE (htmlTable)
* installing *binary* package ‘insight’ ...
* package ‘insight’ successfully unpacked and SHA256 sums checked
* ‘insight’ was already a binary package and will not be rebuilt
* SHA256 sums
* creating tarball
packaged installation of ‘insight’ as ‘insight_1.5.2_R_x86_64-pc-linux-gnu.tar.gz’
* DONE (insight)
* installing *source* package ‘BiocBaseUtils’ ...
** this is package ‘BiocBaseUtils’ version ‘1.15.1’
** package ‘BiocBaseUtils’ successfully unpacked and MD5 sums checked
** using staged installation
** R
** inst
** byte-compile and prepare package for lazy loading
** help
*** installing help indices
** building package indices
** installing vignettes
** testing if installed package can be loaded from temporary location
** testing if installed package can be loaded from final location
** testing if installed package keeps a record of temporary installation path
* SHA256 sums
* creating tarball
packaged installation of ‘BiocBaseUtils’ as ‘BiocBaseUtils_1.15.1_R_x86_64-pc-linux-gnu.tar.gz’
* DONE (BiocBaseUtils)
* installing *binary* package ‘DEoptimR’ ...
* package ‘DEoptimR’ successfully unpacked and SHA256 sums checked
* ‘DEoptimR’ was already a binary package and will not be rebuilt
* SHA256 sums
* creating tarball
packaged installation of ‘DEoptimR’ as ‘DEoptimR_1.2-0_R_x86_64-pc-linux-gnu.tar.gz’
* DONE (DEoptimR)
* installing *binary* package ‘ggnewscale’ ...
* package ‘ggnewscale’ successfully unpacked and SHA256 sums checked
* ‘ggnewscale’ was already a binary package and will not be rebuilt
* SHA256 sums
* creating tarball
packaged installation of ‘ggnewscale’ as ‘ggnewscale_0.5.2_R_x86_64-pc-linux-gnu.tar.gz’
* DONE (ggnewscale)
* installing *binary* package ‘ggtangle’ ...
* package ‘ggtangle’ successfully unpacked and SHA256 sums checked
* ‘ggtangle’ was already a binary package and will not be rebuilt
* SHA256 sums
* creating tarball
packaged installation of ‘ggtangle’ as ‘ggtangle_0.1.2_R_x86_64-pc-linux-gnu.tar.gz’
* DONE (ggtangle)
* installing *binary* package ‘scatterpie’ ...
* package ‘scatterpie’ successfully unpacked and SHA256 sums checked
* ‘scatterpie’ was already a binary package and will not be rebuilt
* SHA256 sums
* creating tarball
packaged installation of ‘scatterpie’ as ‘scatterpie_0.2.6_R_x86_64-pc-linux-gnu.tar.gz’
* DONE (scatterpie)
* installing *binary* package ‘tidydr’ ...
* package ‘tidydr’ successfully unpacked and SHA256 sums checked
* ‘tidydr’ was already a binary package and will not be rebuilt
* SHA256 sums
* creating tarball
packaged installation of ‘tidydr’ as ‘tidydr_0.0.6_R_x86_64-pc-linux-gnu.tar.gz’
* DONE (tidydr)
* installing *source* package ‘AnnotationFilter’ ...
** this is package ‘AnnotationFilter’ version ‘1.37.0’
** package ‘AnnotationFilter’ successfully unpacked and MD5 sums checked
** using staged installation
** R
** inst
** byte-compile and prepare package for lazy loading
** help
*** installing help indices
** building package indices
** installing vignettes
** testing if installed package can be loaded from temporary location
** testing if installed package can be loaded from final location
** testing if installed package keeps a record of temporary installation path
* SHA256 sums
* creating tarball
packaged installation of ‘AnnotationFilter’ as ‘AnnotationFilter_1.37.0_R_x86_64-pc-linux-gnu.tar.gz’
* DONE (AnnotationFilter)
* installing *source* package ‘ProtGenerics’ ...
** this is package ‘ProtGenerics’ version ‘1.45.0’
** package ‘ProtGenerics’ successfully unpacked and MD5 sums checked
** using staged installation
** R
** byte-compile and prepare package for lazy loading
Creating a new generic function for ‘smooth’ in package ‘ProtGenerics’
** help
*** installing help indices
** building package indices
** testing if installed package can be loaded from temporary location
** testing if installed package can be loaded from final location
** testing if installed package keeps a record of temporary installation path
* SHA256 sums
* creating tarball
packaged installation of ‘ProtGenerics’ as ‘ProtGenerics_1.45.0_R_x86_64-pc-linux-gnu.tar.gz’
* DONE (ProtGenerics)
* installing *source* package ‘ScaledMatrix’ ...
** this is package ‘ScaledMatrix’ version ‘1.21.0’
** package ‘ScaledMatrix’ successfully unpacked and MD5 sums checked
** using staged installation
** R
** inst
** byte-compile and prepare package for lazy loading
** help
*** installing help indices
** building package indices
** installing vignettes
** testing if installed package can be loaded from temporary location
** testing if installed package can be loaded from final location
** testing if installed package keeps a record of temporary installation path
* SHA256 sums
* creating tarball
packaged installation of ‘ScaledMatrix’ as ‘ScaledMatrix_1.21.0_R_x86_64-pc-linux-gnu.tar.gz’
* DONE (ScaledMatrix)
* installing *binary* package ‘irlba’ ...
* package ‘irlba’ successfully unpacked and SHA256 sums checked
* ‘irlba’ was already a binary package and will not be rebuilt
* SHA256 sums
* creating tarball
packaged installation of ‘irlba’ as ‘irlba_2.3.7_R_x86_64-pc-linux-gnu.tar.gz’
* DONE (irlba)
* installing *binary* package ‘rsvd’ ...
* package ‘rsvd’ successfully unpacked and SHA256 sums checked
* ‘rsvd’ was already a binary package and will not be rebuilt
* SHA256 sums
* creating tarball
packaged installation of ‘rsvd’ as ‘rsvd_1.0.5_R_x86_64-pc-linux-gnu.tar.gz’
* DONE (rsvd)
* installing *binary* package ‘sitmo’ ...
* package ‘sitmo’ successfully unpacked and SHA256 sums checked
* ‘sitmo’ was already a binary package and will not be rebuilt
* SHA256 sums
* creating tarball
packaged installation of ‘sitmo’ as ‘sitmo_2.0.2_R_x86_64-pc-linux-gnu.tar.gz’
* DONE (sitmo)
* installing *binary* package ‘gargle’ ...
* package ‘gargle’ successfully unpacked and SHA256 sums checked
* ‘gargle’ was already a binary package and will not be rebuilt
* SHA256 sums
* creating tarball
packaged installation of ‘gargle’ as ‘gargle_1.6.1_R_x86_64-pc-linux-gnu.tar.gz’
* DONE (gargle)
* installing *binary* package ‘rematch2’ ...
* package ‘rematch2’ successfully unpacked and SHA256 sums checked
* ‘rematch2’ was already a binary package and will not be rebuilt
* SHA256 sums
* creating tarball
packaged installation of ‘rematch2’ as ‘rematch2_2.1.2_R_x86_64-pc-linux-gnu.tar.gz’
* DONE (rematch2)
* installing *binary* package ‘assertthat’ ...
* package ‘assertthat’ successfully unpacked and SHA256 sums checked
* ‘assertthat’ was already a binary package and will not be rebuilt
* SHA256 sums
* creating tarball
packaged installation of ‘assertthat’ as ‘assertthat_0.2.1_R_x86_64-pc-linux-gnu.tar.gz’
* DONE (assertthat)
* installing *binary* package ‘rentrez’ ...
* package ‘rentrez’ successfully unpacked and SHA256 sums checked
* ‘rentrez’ was already a binary package and will not be rebuilt
* SHA256 sums
* creating tarball
packaged installation of ‘rentrez’ as ‘rentrez_1.2.4_R_x86_64-pc-linux-gnu.tar.gz’
* DONE (rentrez)
* installing *binary* package ‘mclust’ ...
* package ‘mclust’ successfully unpacked and SHA256 sums checked
* ‘mclust’ was already a binary package and will not be rebuilt
* SHA256 sums
* creating tarball
packaged installation of ‘mclust’ as ‘mclust_6.1.3_R_x86_64-pc-linux-gnu.tar.gz’
* DONE (mclust)
* installing *binary* package ‘multicool’ ...
* package ‘multicool’ successfully unpacked and SHA256 sums checked
* ‘multicool’ was already a binary package and will not be rebuilt
* SHA256 sums
* creating tarball
packaged installation of ‘multicool’ as ‘multicool_1.0.1_R_x86_64-pc-linux-gnu.tar.gz’
* DONE (multicool)
* installing *binary* package ‘aisdk’ ...
* package ‘aisdk’ successfully unpacked and SHA256 sums checked
* ‘aisdk’ was already a binary package and will not be rebuilt
* SHA256 sums
* creating tarball
packaged installation of ‘aisdk’ as ‘aisdk_1.4.12_R_x86_64-pc-linux-gnu.tar.gz’
* DONE (aisdk)
* installing *binary* package ‘enrichit’ ...
* package ‘enrichit’ successfully unpacked and SHA256 sums checked
* ‘enrichit’ was already a binary package and will not be rebuilt
* SHA256 sums
* creating tarball
packaged installation of ‘enrichit’ as ‘enrichit_0.2.0_R_x86_64-pc-linux-gnu.tar.gz’
* DONE (enrichit)
* installing *source* package ‘GO.db’ ...
** this is package ‘GO.db’ version ‘3.23.1’
** using staged installation
** R
** inst
** byte-compile and prepare package for lazy loading
** help
*** installing help indices
** building package indices
** testing if installed package can be loaded from temporary location
** testing if installed package can be loaded from final location
** testing if installed package keeps a record of temporary installation path
* SHA256 sums
* creating tarball
packaged installation of ‘GO.db’ as ‘GO.db_3.23.1_R_x86_64-pc-linux-gnu.tar.gz’
* DONE (GO.db)
* installing *binary* package ‘gson’ ...
* package ‘gson’ successfully unpacked and SHA256 sums checked
* ‘gson’ was already a binary package and will not be rebuilt
* SHA256 sums
* creating tarball
packaged installation of ‘gson’ as ‘gson_0.2.0_R_x86_64-pc-linux-gnu.tar.gz’
* DONE (gson)
* installing *binary* package ‘conflicted’ ...
* package ‘conflicted’ successfully unpacked and SHA256 sums checked
* ‘conflicted’ was already a binary package and will not be rebuilt
* SHA256 sums
* creating tarball
packaged installation of ‘conflicted’ as ‘conflicted_1.2.0_R_x86_64-pc-linux-gnu.tar.gz’
* DONE (conflicted)
* installing *binary* package ‘dtplyr’ ...
* package ‘dtplyr’ successfully unpacked and SHA256 sums checked
* ‘dtplyr’ was already a binary package and will not be rebuilt
* SHA256 sums
* creating tarball
packaged installation of ‘dtplyr’ as ‘dtplyr_1.3.3_R_x86_64-pc-linux-gnu.tar.gz’
* DONE (dtplyr)
* installing *binary* package ‘reprex’ ...
* package ‘reprex’ successfully unpacked and SHA256 sums checked
* ‘reprex’ was already a binary package and will not be rebuilt
* SHA256 sums
* creating tarball
packaged installation of ‘reprex’ as ‘reprex_2.1.1_R_x86_64-pc-linux-gnu.tar.gz’
* DONE (reprex)
Warning: SystemRequirements specified C++11: support has been removed
* installing *source* package ‘metapod’ ...
** this is package ‘metapod’ version ‘1.21.0’
** package ‘metapod’ successfully unpacked and MD5 sums checked
** using staged installation
** libs
specified C++11
using C++ compiler: ‘g++ (Ubuntu 13.3.0-6ubuntu2~24.04.1) 13.3.0’
g++ -std=gnu++20 -I"/usr/local/lib/R/include" -DNDEBUG  -I'/usr/local/lib/R/site-library/Rcpp/include' -I/usr/local/include    -fpic  -g -O2 -fstack-protector-strong -Wformat -Werror=format-security -Wdate-time -D_FORTIFY_SOURCE=2 -g   -c RcppExports.cpp -o RcppExports.o
g++ -std=gnu++20 -I"/usr/local/lib/R/include" -DNDEBUG  -I'/usr/local/lib/R/site-library/Rcpp/include' -I/usr/local/include    -fpic  -g -O2 -fstack-protector-strong -Wformat -Werror=format-security -Wdate-time -D_FORTIFY_SOURCE=2 -g   -c combine_group.cpp -o combine_group.o
g++ -std=gnu++20 -I"/usr/local/lib/R/include" -DNDEBUG  -I'/usr/local/lib/R/site-library/Rcpp/include' -I/usr/local/include    -fpic  -g -O2 -fstack-protector-strong -Wformat -Werror=format-security -Wdate-time -D_FORTIFY_SOURCE=2 -g   -c combine_parallel.cpp -o combine_parallel.o
g++ -std=gnu++20 -I"/usr/local/lib/R/include" -DNDEBUG  -I'/usr/local/lib/R/site-library/Rcpp/include' -I/usr/local/include    -fpic  -g -O2 -fstack-protector-strong -Wformat -Werror=format-security -Wdate-time -D_FORTIFY_SOURCE=2 -g   -c count_direction.cpp -o count_direction.o
g++ -std=gnu++20 -I"/usr/local/lib/R/include" -DNDEBUG  -I'/usr/local/lib/R/site-library/Rcpp/include' -I/usr/local/include    -fpic  -g -O2 -fstack-protector-strong -Wformat -Werror=format-security -Wdate-time -D_FORTIFY_SOURCE=2 -g   -c summarize_direction.cpp -o summarize_direction.o
g++ -std=gnu++20 -shared -L/usr/local/lib/R/lib -L/usr/local/lib -o metapod.so RcppExports.o combine_group.o combine_parallel.o count_direction.o summarize_direction.o -L/usr/local/lib/R/lib -lR
installing to /tmp/library/00LOCK-metapod/00new/metapod/libs
** R
** inst
** byte-compile and prepare package for lazy loading
** help
*** installing help indices
** building package indices
** installing vignettes
** testing if installed package can be loaded from temporary location
** checking absolute paths in shared objects and dynamic libraries
** testing if installed package can be loaded from final location
** testing if installed package keeps a record of temporary installation path
* SHA256 sums
* creating tarball
packaged installation of ‘metapod’ as ‘metapod_1.21.0_R_x86_64-pc-linux-gnu.tar.gz’
* DONE (metapod)
* installing *source* package ‘SparseArray’ ...
** this is package ‘SparseArray’ version ‘1.13.2’
** package ‘SparseArray’ successfully unpacked and MD5 sums checked
** using staged installation
** libs
using C compiler: ‘gcc (Ubuntu 13.3.0-6ubuntu2~24.04.1) 13.3.0’
gcc -std=gnu2x -I"/usr/local/lib/R/include" -DNDEBUG  -I'/mnt/library/S4Vectors/include' -I'/mnt/library/IRanges/include' -I'/mnt/library/XVector/include' -I/usr/local/include   -fopenmp -fpic  -g -O2 -fstack-protector-strong -Wformat -Werror=format-security -Wdate-time -D_FORTIFY_SOURCE=2 -g  -c ExtendableJaggedArray.c -o ExtendableJaggedArray.o
gcc -std=gnu2x -I"/usr/local/lib/R/include" -DNDEBUG  -I'/mnt/library/S4Vectors/include' -I'/mnt/library/IRanges/include' -I'/mnt/library/XVector/include' -I/usr/local/include   -fopenmp -fpic  -g -O2 -fstack-protector-strong -Wformat -Werror=format-security -Wdate-time -D_FORTIFY_SOURCE=2 -g  -c IRanges_stubs.c -o IRanges_stubs.o
gcc -std=gnu2x -I"/usr/local/lib/R/include" -DNDEBUG  -I'/mnt/library/S4Vectors/include' -I'/mnt/library/IRanges/include' -I'/mnt/library/XVector/include' -I/usr/local/include   -fopenmp -fpic  -g -O2 -fstack-protector-strong -Wformat -Werror=format-security -Wdate-time -D_FORTIFY_SOURCE=2 -g  -c OPBufTree.c -o OPBufTree.o
gcc -std=gnu2x -I"/usr/local/lib/R/include" -DNDEBUG  -I'/mnt/library/S4Vectors/include' -I'/mnt/library/IRanges/include' -I'/mnt/library/XVector/include' -I/usr/local/include   -fopenmp -fpic  -g -O2 -fstack-protector-strong -Wformat -Werror=format-security -Wdate-time -D_FORTIFY_SOURCE=2 -g  -c R_init_SparseArray.c -o R_init_SparseArray.o
gcc -std=gnu2x -I"/usr/local/lib/R/include" -DNDEBUG  -I'/mnt/library/S4Vectors/include' -I'/mnt/library/IRanges/include' -I'/mnt/library/XVector/include' -I/usr/local/include   -fopenmp -fpic  -g -O2 -fstack-protector-strong -Wformat -Werror=format-security -Wdate-time -D_FORTIFY_SOURCE=2 -g  -c Rvector_summarization.c -o Rvector_summarization.o
gcc -std=gnu2x -I"/usr/local/lib/R/include" -DNDEBUG  -I'/mnt/library/S4Vectors/include' -I'/mnt/library/IRanges/include' -I'/mnt/library/XVector/include' -I/usr/local/include   -fopenmp -fpic  -g -O2 -fstack-protector-strong -Wformat -Werror=format-security -Wdate-time -D_FORTIFY_SOURCE=2 -g  -c Rvector_utils.c -o Rvector_utils.o
gcc -std=gnu2x -I"/usr/local/lib/R/include" -DNDEBUG  -I'/mnt/library/S4Vectors/include' -I'/mnt/library/IRanges/include' -I'/mnt/library/XVector/include' -I/usr/local/include   -fopenmp -fpic  -g -O2 -fstack-protector-strong -Wformat -Werror=format-security -Wdate-time -D_FORTIFY_SOURCE=2 -g  -c S4Vectors_stubs.c -o S4Vectors_stubs.o
gcc -std=gnu2x -I"/usr/local/lib/R/include" -DNDEBUG  -I'/mnt/library/S4Vectors/include' -I'/mnt/library/IRanges/include' -I'/mnt/library/XVector/include' -I/usr/local/include   -fopenmp -fpic  -g -O2 -fstack-protector-strong -Wformat -Werror=format-security -Wdate-time -D_FORTIFY_SOURCE=2 -g  -c SBT_utils.c -o SBT_utils.o
gcc -std=gnu2x -I"/usr/local/lib/R/include" -DNDEBUG  -I'/mnt/library/S4Vectors/include' -I'/mnt/library/IRanges/include' -I'/mnt/library/XVector/include' -I/usr/local/include   -fopenmp -fpic  -g -O2 -fstack-protector-strong -Wformat -Werror=format-security -Wdate-time -D_FORTIFY_SOURCE=2 -g  -c SVT_SparseArray_class.c -o SVT_SparseArray_class.o
gcc -std=gnu2x -I"/usr/local/lib/R/include" -DNDEBUG  -I'/mnt/library/S4Vectors/include' -I'/mnt/library/IRanges/include' -I'/mnt/library/XVector/include' -I/usr/local/include   -fopenmp -fpic  -g -O2 -fstack-protector-strong -Wformat -Werror=format-security -Wdate-time -D_FORTIFY_SOURCE=2 -g  -c SparseArray_Arith_methods.c -o SparseArray_Arith_methods.o
gcc -std=gnu2x -I"/usr/local/lib/R/include" -DNDEBUG  -I'/mnt/library/S4Vectors/include' -I'/mnt/library/IRanges/include' -I'/mnt/library/XVector/include' -I/usr/local/include   -fopenmp -fpic  -g -O2 -fstack-protector-strong -Wformat -Werror=format-security -Wdate-time -D_FORTIFY_SOURCE=2 -g  -c SparseArray_Compare_methods.c -o SparseArray_Compare_methods.o
gcc -std=gnu2x -I"/usr/local/lib/R/include" -DNDEBUG  -I'/mnt/library/S4Vectors/include' -I'/mnt/library/IRanges/include' -I'/mnt/library/XVector/include' -I/usr/local/include   -fopenmp -fpic  -g -O2 -fstack-protector-strong -Wformat -Werror=format-security -Wdate-time -D_FORTIFY_SOURCE=2 -g  -c SparseArray_Complex_methods.c -o SparseArray_Complex_methods.o
gcc -std=gnu2x -I"/usr/local/lib/R/include" -DNDEBUG  -I'/mnt/library/S4Vectors/include' -I'/mnt/library/IRanges/include' -I'/mnt/library/XVector/include' -I/usr/local/include   -fopenmp -fpic  -g -O2 -fstack-protector-strong -Wformat -Werror=format-security -Wdate-time -D_FORTIFY_SOURCE=2 -g  -c SparseArray_Logic_methods.c -o SparseArray_Logic_methods.o
gcc -std=gnu2x -I"/usr/local/lib/R/include" -DNDEBUG  -I'/mnt/library/S4Vectors/include' -I'/mnt/library/IRanges/include' -I'/mnt/library/XVector/include' -I/usr/local/include   -fopenmp -fpic  -g -O2 -fstack-protector-strong -Wformat -Werror=format-security -Wdate-time -D_FORTIFY_SOURCE=2 -g  -c SparseArray_Math_methods.c -o SparseArray_Math_methods.o
gcc -std=gnu2x -I"/usr/local/lib/R/include" -DNDEBUG  -I'/mnt/library/S4Vectors/include' -I'/mnt/library/IRanges/include' -I'/mnt/library/XVector/include' -I/usr/local/include   -fopenmp -fpic  -g -O2 -fstack-protector-strong -Wformat -Werror=format-security -Wdate-time -D_FORTIFY_SOURCE=2 -g  -c SparseArray_abind.c -o SparseArray_abind.o
gcc -std=gnu2x -I"/usr/local/lib/R/include" -DNDEBUG  -I'/mnt/library/S4Vectors/include' -I'/mnt/library/IRanges/include' -I'/mnt/library/XVector/include' -I/usr/local/include   -fopenmp -fpic  -g -O2 -fstack-protector-strong -Wformat -Werror=format-security -Wdate-time -D_FORTIFY_SOURCE=2 -g  -c SparseArray_aperm.c -o SparseArray_aperm.o
gcc -std=gnu2x -I"/usr/local/lib/R/include" -DNDEBUG  -I'/mnt/library/S4Vectors/include' -I'/mnt/library/IRanges/include' -I'/mnt/library/XVector/include' -I/usr/local/include   -fopenmp -fpic  -g -O2 -fstack-protector-strong -Wformat -Werror=format-security -Wdate-time -D_FORTIFY_SOURCE=2 -g  -c SparseArray_dim_tuning.c -o SparseArray_dim_tuning.o
gcc -std=gnu2x -I"/usr/local/lib/R/include" -DNDEBUG  -I'/mnt/library/S4Vectors/include' -I'/mnt/library/IRanges/include' -I'/mnt/library/XVector/include' -I/usr/local/include   -fopenmp -fpic  -g -O2 -fstack-protector-strong -Wformat -Werror=format-security -Wdate-time -D_FORTIFY_SOURCE=2 -g  -c SparseArray_matrixStats.c -o SparseArray_matrixStats.o
gcc -std=gnu2x -I"/usr/local/lib/R/include" -DNDEBUG  -I'/mnt/library/S4Vectors/include' -I'/mnt/library/IRanges/include' -I'/mnt/library/XVector/include' -I/usr/local/include   -fopenmp -fpic  -g -O2 -fstack-protector-strong -Wformat -Werror=format-security -Wdate-time -D_FORTIFY_SOURCE=2 -g  -c SparseArray_misc_methods.c -o SparseArray_misc_methods.o
gcc -std=gnu2x -I"/usr/local/lib/R/include" -DNDEBUG  -I'/mnt/library/S4Vectors/include' -I'/mnt/library/IRanges/include' -I'/mnt/library/XVector/include' -I/usr/local/include   -fopenmp -fpic  -g -O2 -fstack-protector-strong -Wformat -Werror=format-security -Wdate-time -D_FORTIFY_SOURCE=2 -g  -c SparseArray_subassignment.c -o SparseArray_subassignment.o
gcc -std=gnu2x -I"/usr/local/lib/R/include" -DNDEBUG  -I'/mnt/library/S4Vectors/include' -I'/mnt/library/IRanges/include' -I'/mnt/library/XVector/include' -I/usr/local/include   -fopenmp -fpic  -g -O2 -fstack-protector-strong -Wformat -Werror=format-security -Wdate-time -D_FORTIFY_SOURCE=2 -g  -c SparseArray_subsetting.c -o SparseArray_subsetting.o
SparseArray_subsetting.c: In function ‘REC_subset_SVT_as_SVT’:
SparseArray_subsetting.c:843:26: warning: comparison between pointer and integer
  843 |                 if (offs != i2 || ans_elt != subSVT)
      |                          ^~
gcc -std=gnu2x -I"/usr/local/lib/R/include" -DNDEBUG  -I'/mnt/library/S4Vectors/include' -I'/mnt/library/IRanges/include' -I'/mnt/library/XVector/include' -I/usr/local/include   -fopenmp -fpic  -g -O2 -fstack-protector-strong -Wformat -Werror=format-security -Wdate-time -D_FORTIFY_SOURCE=2 -g  -c SparseArray_summarization.c -o SparseArray_summarization.o
gcc -std=gnu2x -I"/usr/local/lib/R/include" -DNDEBUG  -I'/mnt/library/S4Vectors/include' -I'/mnt/library/IRanges/include' -I'/mnt/library/XVector/include' -I/usr/local/include   -fopenmp -fpic  -g -O2 -fstack-protector-strong -Wformat -Werror=format-security -Wdate-time -D_FORTIFY_SOURCE=2 -g  -c SparseMatrix_mult.c -o SparseMatrix_mult.o
gcc -std=gnu2x -I"/usr/local/lib/R/include" -DNDEBUG  -I'/mnt/library/S4Vectors/include' -I'/mnt/library/IRanges/include' -I'/mnt/library/XVector/include' -I/usr/local/include   -fopenmp -fpic  -g -O2 -fstack-protector-strong -Wformat -Werror=format-security -Wdate-time -D_FORTIFY_SOURCE=2 -g  -c SparseVec.c -o SparseVec.o
gcc -std=gnu2x -I"/usr/local/lib/R/include" -DNDEBUG  -I'/mnt/library/S4Vectors/include' -I'/mnt/library/IRanges/include' -I'/mnt/library/XVector/include' -I/usr/local/include   -fopenmp -fpic  -g -O2 -fstack-protector-strong -Wformat -Werror=format-security -Wdate-time -D_FORTIFY_SOURCE=2 -g  -c SparseVec_Arith.c -o SparseVec_Arith.o
gcc -std=gnu2x -I"/usr/local/lib/R/include" -DNDEBUG  -I'/mnt/library/S4Vectors/include' -I'/mnt/library/IRanges/include' -I'/mnt/library/XVector/include' -I/usr/local/include   -fopenmp -fpic  -g -O2 -fstack-protector-strong -Wformat -Werror=format-security -Wdate-time -D_FORTIFY_SOURCE=2 -g  -c SparseVec_Compare.c -o SparseVec_Compare.o
gcc -std=gnu2x -I"/usr/local/lib/R/include" -DNDEBUG  -I'/mnt/library/S4Vectors/include' -I'/mnt/library/IRanges/include' -I'/mnt/library/XVector/include' -I/usr/local/include   -fopenmp -fpic  -g -O2 -fstack-protector-strong -Wformat -Werror=format-security -Wdate-time -D_FORTIFY_SOURCE=2 -g  -c SparseVec_Logic.c -o SparseVec_Logic.o
gcc -std=gnu2x -I"/usr/local/lib/R/include" -DNDEBUG  -I'/mnt/library/S4Vectors/include' -I'/mnt/library/IRanges/include' -I'/mnt/library/XVector/include' -I/usr/local/include   -fopenmp -fpic  -g -O2 -fstack-protector-strong -Wformat -Werror=format-security -Wdate-time -D_FORTIFY_SOURCE=2 -g  -c SparseVec_Math.c -o SparseVec_Math.o
gcc -std=gnu2x -I"/usr/local/lib/R/include" -DNDEBUG  -I'/mnt/library/S4Vectors/include' -I'/mnt/library/IRanges/include' -I'/mnt/library/XVector/include' -I/usr/local/include   -fopenmp -fpic  -g -O2 -fstack-protector-strong -Wformat -Werror=format-security -Wdate-time -D_FORTIFY_SOURCE=2 -g  -c SparseVec_dotprod.c -o SparseVec_dotprod.o
gcc -std=gnu2x -I"/usr/local/lib/R/include" -DNDEBUG  -I'/mnt/library/S4Vectors/include' -I'/mnt/library/IRanges/include' -I'/mnt/library/XVector/include' -I/usr/local/include   -fopenmp -fpic  -g -O2 -fstack-protector-strong -Wformat -Werror=format-security -Wdate-time -D_FORTIFY_SOURCE=2 -g  -c SparseVec_subassignment.c -o SparseVec_subassignment.o
gcc -std=gnu2x -I"/usr/local/lib/R/include" -DNDEBUG  -I'/mnt/library/S4Vectors/include' -I'/mnt/library/IRanges/include' -I'/mnt/library/XVector/include' -I/usr/local/include   -fopenmp -fpic  -g -O2 -fstack-protector-strong -Wformat -Werror=format-security -Wdate-time -D_FORTIFY_SOURCE=2 -g  -c SparseVec_subsetting.c -o SparseVec_subsetting.o
gcc -std=gnu2x -I"/usr/local/lib/R/include" -DNDEBUG  -I'/mnt/library/S4Vectors/include' -I'/mnt/library/IRanges/include' -I'/mnt/library/XVector/include' -I/usr/local/include   -fopenmp -fpic  -g -O2 -fstack-protector-strong -Wformat -Werror=format-security -Wdate-time -D_FORTIFY_SOURCE=2 -g  -c XVector_stubs.c -o XVector_stubs.o
gcc -std=gnu2x -I"/usr/local/lib/R/include" -DNDEBUG  -I'/mnt/library/S4Vectors/include' -I'/mnt/library/IRanges/include' -I'/mnt/library/XVector/include' -I/usr/local/include   -fopenmp -fpic  -g -O2 -fstack-protector-strong -Wformat -Werror=format-security -Wdate-time -D_FORTIFY_SOURCE=2 -g  -c argcheck_utils.c -o argcheck_utils.o
gcc -std=gnu2x -I"/usr/local/lib/R/include" -DNDEBUG  -I'/mnt/library/S4Vectors/include' -I'/mnt/library/IRanges/include' -I'/mnt/library/XVector/include' -I/usr/local/include   -fopenmp -fpic  -g -O2 -fstack-protector-strong -Wformat -Werror=format-security -Wdate-time -D_FORTIFY_SOURCE=2 -g  -c coerceVector2.c -o coerceVector2.o
gcc -std=gnu2x -I"/usr/local/lib/R/include" -DNDEBUG  -I'/mnt/library/S4Vectors/include' -I'/mnt/library/IRanges/include' -I'/mnt/library/XVector/include' -I/usr/local/include   -fopenmp -fpic  -g -O2 -fstack-protector-strong -Wformat -Werror=format-security -Wdate-time -D_FORTIFY_SOURCE=2 -g  -c leaf_utils.c -o leaf_utils.o
gcc -std=gnu2x -I"/usr/local/lib/R/include" -DNDEBUG  -I'/mnt/library/S4Vectors/include' -I'/mnt/library/IRanges/include' -I'/mnt/library/XVector/include' -I/usr/local/include   -fopenmp -fpic  -g -O2 -fstack-protector-strong -Wformat -Werror=format-security -Wdate-time -D_FORTIFY_SOURCE=2 -g  -c misc_utils.c -o misc_utils.o
gcc -std=gnu2x -I"/usr/local/lib/R/include" -DNDEBUG  -I'/mnt/library/S4Vectors/include' -I'/mnt/library/IRanges/include' -I'/mnt/library/XVector/include' -I/usr/local/include   -fopenmp -fpic  -g -O2 -fstack-protector-strong -Wformat -Werror=format-security -Wdate-time -D_FORTIFY_SOURCE=2 -g  -c randomSparseArray.c -o randomSparseArray.o
gcc -std=gnu2x -I"/usr/local/lib/R/include" -DNDEBUG  -I'/mnt/library/S4Vectors/include' -I'/mnt/library/IRanges/include' -I'/mnt/library/XVector/include' -I/usr/local/include   -fopenmp -fpic  -g -O2 -fstack-protector-strong -Wformat -Werror=format-security -Wdate-time -D_FORTIFY_SOURCE=2 -g  -c readSparseCSV.c -o readSparseCSV.o
gcc -std=gnu2x -I"/usr/local/lib/R/include" -DNDEBUG  -I'/mnt/library/S4Vectors/include' -I'/mnt/library/IRanges/include' -I'/mnt/library/XVector/include' -I/usr/local/include   -fopenmp -fpic  -g -O2 -fstack-protector-strong -Wformat -Werror=format-security -Wdate-time -D_FORTIFY_SOURCE=2 -g  -c rowsum_methods.c -o rowsum_methods.o
gcc -std=gnu2x -I"/usr/local/lib/R/include" -DNDEBUG  -I'/mnt/library/S4Vectors/include' -I'/mnt/library/IRanges/include' -I'/mnt/library/XVector/include' -I/usr/local/include   -fopenmp -fpic  -g -O2 -fstack-protector-strong -Wformat -Werror=format-security -Wdate-time -D_FORTIFY_SOURCE=2 -g  -c sparseMatrix_utils.c -o sparseMatrix_utils.o
gcc -std=gnu2x -I"/usr/local/lib/R/include" -DNDEBUG  -I'/mnt/library/S4Vectors/include' -I'/mnt/library/IRanges/include' -I'/mnt/library/XVector/include' -I/usr/local/include   -fopenmp -fpic  -g -O2 -fstack-protector-strong -Wformat -Werror=format-security -Wdate-time -D_FORTIFY_SOURCE=2 -g  -c test.c -o test.o
gcc -std=gnu2x -I"/usr/local/lib/R/include" -DNDEBUG  -I'/mnt/library/S4Vectors/include' -I'/mnt/library/IRanges/include' -I'/mnt/library/XVector/include' -I/usr/local/include   -fopenmp -fpic  -g -O2 -fstack-protector-strong -Wformat -Werror=format-security -Wdate-time -D_FORTIFY_SOURCE=2 -g  -c thread_control.c -o thread_control.o
gcc -std=gnu2x -shared -L/usr/local/lib/R/lib -L/usr/local/lib -o SparseArray.so ExtendableJaggedArray.o IRanges_stubs.o OPBufTree.o R_init_SparseArray.o Rvector_summarization.o Rvector_utils.o S4Vectors_stubs.o SBT_utils.o SVT_SparseArray_class.o SparseArray_Arith_methods.o SparseArray_Compare_methods.o SparseArray_Complex_methods.o SparseArray_Logic_methods.o SparseArray_Math_methods.o SparseArray_abind.o SparseArray_aperm.o SparseArray_dim_tuning.o SparseArray_matrixStats.o SparseArray_misc_methods.o SparseArray_subassignment.o SparseArray_subsetting.o SparseArray_summarization.o SparseMatrix_mult.o SparseVec.o SparseVec_Arith.o SparseVec_Compare.o SparseVec_Logic.o SparseVec_Math.o SparseVec_dotprod.o SparseVec_subassignment.o SparseVec_subsetting.o XVector_stubs.o argcheck_utils.o coerceVector2.o leaf_utils.o misc_utils.o randomSparseArray.o readSparseCSV.o rowsum_methods.o sparseMatrix_utils.o test.o thread_control.o -fopenmp -L/usr/local/lib/R/lib -lR
installing to /tmp/library/00LOCK-SparseArray/00new/SparseArray/libs
** R
** inst
** byte-compile and prepare package for lazy loading
** help
*** installing help indices
** building package indices
** installing vignettes
** testing if installed package can be loaded from temporary location
** checking absolute paths in shared objects and dynamic libraries
** testing if installed package can be loaded from final location
** testing if installed package keeps a record of temporary installation path
* SHA256 sums
* creating tarball
packaged installation of ‘SparseArray’ as ‘SparseArray_1.13.2_R_x86_64-pc-linux-gnu.tar.gz’
* DONE (SparseArray)
* installing *source* package ‘assorthead’ ...
** this is package ‘assorthead’ version ‘1.7.7’
** package ‘assorthead’ successfully unpacked and MD5 sums checked
** using staged installation
** R
** inst
** byte-compile and prepare package for lazy loading
** help
*** installing help indices
** building package indices
** installing vignettes
** testing if installed package can be loaded from temporary location
** testing if installed package can be loaded from final location
** testing if installed package keeps a record of temporary installation path
* SHA256 sums
* creating tarball
packaged installation of ‘assorthead’ as ‘assorthead_1.7.7_R_x86_64-pc-linux-gnu.tar.gz’
* DONE (assorthead)
* installing *binary* package ‘ggcorrplot’ ...
* package ‘ggcorrplot’ successfully unpacked and SHA256 sums checked
* ‘ggcorrplot’ was already a binary package and will not be rebuilt
* SHA256 sums
* creating tarball
packaged installation of ‘ggcorrplot’ as ‘ggcorrplot_0.2.0_R_x86_64-pc-linux-gnu.tar.gz’
* DONE (ggcorrplot)
* installing *binary* package ‘splitTools’ ...
* package ‘splitTools’ successfully unpacked and SHA256 sums checked
* ‘splitTools’ was already a binary package and will not be rebuilt
* SHA256 sums
* creating tarball
packaged installation of ‘splitTools’ as ‘splitTools_1.0.1_R_x86_64-pc-linux-gnu.tar.gz’
* DONE (splitTools)
* installing *binary* package ‘zen4R’ ...
* package ‘zen4R’ successfully unpacked and SHA256 sums checked
* ‘zen4R’ was already a binary package and will not be rebuilt
* SHA256 sums
* creating tarball
packaged installation of ‘zen4R’ as ‘zen4R_0.10.6_R_x86_64-pc-linux-gnu.tar.gz’
* DONE (zen4R)
* installing *source* package ‘SummarizedExperiment’ ...
** this is package ‘SummarizedExperiment’ version ‘1.43.0’
** package ‘SummarizedExperiment’ successfully unpacked and MD5 sums checked
** using staged installation
** R
** inst
** byte-compile and prepare package for lazy loading
** help
*** installing help indices
** building package indices
** installing vignettes
** testing if installed package can be loaded from temporary location
** testing if installed package can be loaded from final location
** testing if installed package keeps a record of temporary installation path
* SHA256 sums
* creating tarball
packaged installation of ‘SummarizedExperiment’ as ‘SummarizedExperiment_1.43.0_R_x86_64-pc-linux-gnu.tar.gz’
* DONE (SummarizedExperiment)
* installing *source* package ‘DO.db’ ...
** this is package ‘DO.db’ version ‘2.9’
** using staged installation
** R
** inst
** byte-compile and prepare package for lazy loading
** help
*** installing help indices
** building package indices
** testing if installed package can be loaded from temporary location
** testing if installed package can be loaded from final location
** testing if installed package keeps a record of temporary installation path
* SHA256 sums
* creating tarball
packaged installation of ‘DO.db’ as ‘DO.db_2.9_R_x86_64-pc-linux-gnu.tar.gz’
* DONE (DO.db)
* installing *source* package ‘edgeR’ ...
** this is package ‘edgeR’ version ‘4.11.4’
** package ‘edgeR’ successfully unpacked and MD5 sums checked
** using staged installation
** libs
using C compiler: ‘gcc (Ubuntu 13.3.0-6ubuntu2~24.04.1) 13.3.0’
gcc -std=gnu2x -I"/usr/local/lib/R/include" -DNDEBUG   -I/usr/local/include    -fpic  -g -O2 -fstack-protector-strong -Wformat -Werror=format-security -Wdate-time -D_FORTIFY_SOURCE=2 -g  -c R_exports.c -o R_exports.o
gcc -std=gnu2x -I"/usr/local/lib/R/include" -DNDEBUG   -I/usr/local/include    -fpic  -g -O2 -fstack-protector-strong -Wformat -Werror=format-security -Wdate-time -D_FORTIFY_SOURCE=2 -g  -c R_process_hairpin_reads.c -o R_process_hairpin_reads.o
gcc -std=gnu2x -I"/usr/local/lib/R/include" -DNDEBUG   -I/usr/local/include    -fpic  -g -O2 -fstack-protector-strong -Wformat -Werror=format-security -Wdate-time -D_FORTIFY_SOURCE=2 -g  -c add_prior_count.c -o add_prior_count.o
gcc -std=gnu2x -I"/usr/local/lib/R/include" -DNDEBUG   -I/usr/local/include    -fpic  -g -O2 -fstack-protector-strong -Wformat -Werror=format-security -Wdate-time -D_FORTIFY_SOURCE=2 -g  -c clowess.c -o clowess.o
gcc -std=gnu2x -I"/usr/local/lib/R/include" -DNDEBUG   -I/usr/local/include    -fpic  -g -O2 -fstack-protector-strong -Wformat -Werror=format-security -Wdate-time -D_FORTIFY_SOURCE=2 -g  -c compute_apl.c -o compute_apl.o
gcc -std=gnu2x -I"/usr/local/lib/R/include" -DNDEBUG   -I/usr/local/include    -fpic  -g -O2 -fstack-protector-strong -Wformat -Werror=format-security -Wdate-time -D_FORTIFY_SOURCE=2 -g  -c compute_cpm.c -o compute_cpm.o
gcc -std=gnu2x -I"/usr/local/lib/R/include" -DNDEBUG   -I/usr/local/include    -fpic  -g -O2 -fstack-protector-strong -Wformat -Werror=format-security -Wdate-time -D_FORTIFY_SOURCE=2 -g  -c compute_nbdev.c -o compute_nbdev.o
gcc -std=gnu2x -I"/usr/local/lib/R/include" -DNDEBUG   -I/usr/local/include    -fpic  -g -O2 -fstack-protector-strong -Wformat -Werror=format-security -Wdate-time -D_FORTIFY_SOURCE=2 -g  -c exact_test_by_dev.c -o exact_test_by_dev.o
gcc -std=gnu2x -I"/usr/local/lib/R/include" -DNDEBUG   -I/usr/local/include    -fpic  -g -O2 -fstack-protector-strong -Wformat -Werror=format-security -Wdate-time -D_FORTIFY_SOURCE=2 -g  -c fmm_spline.c -o fmm_spline.o
gcc -std=gnu2x -I"/usr/local/lib/R/include" -DNDEBUG   -I/usr/local/include    -fpic  -g -O2 -fstack-protector-strong -Wformat -Werror=format-security -Wdate-time -D_FORTIFY_SOURCE=2 -g  -c glm.c -o glm.o
gcc -std=gnu2x -I"/usr/local/lib/R/include" -DNDEBUG   -I/usr/local/include    -fpic  -g -O2 -fstack-protector-strong -Wformat -Werror=format-security -Wdate-time -D_FORTIFY_SOURCE=2 -g  -c good_turing.c -o good_turing.o
gcc -std=gnu2x -I"/usr/local/lib/R/include" -DNDEBUG   -I/usr/local/include    -fpic  -g -O2 -fstack-protector-strong -Wformat -Werror=format-security -Wdate-time -D_FORTIFY_SOURCE=2 -g  -c init.c -o init.o
gcc -std=gnu2x -I"/usr/local/lib/R/include" -DNDEBUG   -I/usr/local/include    -fpic  -g -O2 -fstack-protector-strong -Wformat -Werror=format-security -Wdate-time -D_FORTIFY_SOURCE=2 -g  -c interpolator.c -o interpolator.o
gcc -std=gnu2x -I"/usr/local/lib/R/include" -DNDEBUG   -I/usr/local/include    -fpic  -g -O2 -fstack-protector-strong -Wformat -Werror=format-security -Wdate-time -D_FORTIFY_SOURCE=2 -g  -c loess_by_col.c -o loess_by_col.o
gcc -std=gnu2x -I"/usr/local/lib/R/include" -DNDEBUG   -I/usr/local/include    -fpic  -g -O2 -fstack-protector-strong -Wformat -Werror=format-security -Wdate-time -D_FORTIFY_SOURCE=2 -g  -c object.c -o object.o
gcc -std=gnu2x -I"/usr/local/lib/R/include" -DNDEBUG   -I/usr/local/include    -fpic  -g -O2 -fstack-protector-strong -Wformat -Werror=format-security -Wdate-time -D_FORTIFY_SOURCE=2 -g  -c ql_glm.c -o ql_glm.o
gcc -std=gnu2x -I"/usr/local/lib/R/include" -DNDEBUG   -I/usr/local/include    -fpic  -g -O2 -fstack-protector-strong -Wformat -Werror=format-security -Wdate-time -D_FORTIFY_SOURCE=2 -g  -c ql_weights.c -o ql_weights.o
gcc -std=gnu2x -shared -L/usr/local/lib/R/lib -L/usr/local/lib -o edgeR.so R_exports.o R_process_hairpin_reads.o add_prior_count.o clowess.o compute_apl.o compute_cpm.o compute_nbdev.o exact_test_by_dev.o fmm_spline.o glm.o good_turing.o init.o interpolator.o loess_by_col.o object.o ql_glm.o ql_weights.o -llapack -lblas -lgfortran -lm -lquadmath -L/usr/local/lib/R/lib -lR
installing to /tmp/library/00LOCK-edgeR/00new/edgeR/libs
** R
** inst
** byte-compile and prepare package for lazy loading
** help
*** installing help indices
** building package indices
** installing vignettes
** testing if installed package can be loaded from temporary location
** checking absolute paths in shared objects and dynamic libraries
** testing if installed package can be loaded from final location
** testing if installed package keeps a record of temporary installation path
* SHA256 sums
* creating tarball
packaged installation of ‘edgeR’ as ‘edgeR_4.11.4_R_x86_64-pc-linux-gnu.tar.gz’
* DONE (edgeR)
* installing *source* package ‘BiocIO’ ...
** this is package ‘BiocIO’ version ‘1.23.3’
** package ‘BiocIO’ successfully unpacked and MD5 sums checked
** using staged installation
** R
** inst
** byte-compile and prepare package for lazy loading
** help
*** installing help indices
** building package indices
** installing vignettes
** testing if installed package can be loaded from temporary location
** testing if installed package can be loaded from final location
** testing if installed package keeps a record of temporary installation path
* SHA256 sums
* creating tarball
packaged installation of ‘BiocIO’ as ‘BiocIO_1.23.3_R_x86_64-pc-linux-gnu.tar.gz’
* DONE (BiocIO)
* installing *binary* package ‘multcomp’ ...
* package ‘multcomp’ successfully unpacked and SHA256 sums checked
* ‘multcomp’ was already a binary package and will not be rebuilt
* SHA256 sums
* creating tarball
packaged installation of ‘multcomp’ as ‘multcomp_1.4-31_R_x86_64-pc-linux-gnu.tar.gz’
* DONE (multcomp)
* installing *binary* package ‘datawizard’ ...
* package ‘datawizard’ successfully unpacked and SHA256 sums checked
* ‘datawizard’ was already a binary package and will not be rebuilt
* SHA256 sums
* creating tarball
packaged installation of ‘datawizard’ as ‘datawizard_1.3.1_R_x86_64-pc-linux-gnu.tar.gz’
* DONE (datawizard)
* installing *source* package ‘GenomeInfoDb’ ...
** this is package ‘GenomeInfoDb’ version ‘1.49.1’
** package ‘GenomeInfoDb’ successfully unpacked and MD5 sums checked
** using staged installation
** R
** inst
** byte-compile and prepare package for lazy loading
** help
*** installing help indices
** building package indices
** installing vignettes
** testing if installed package can be loaded from temporary location
** testing if installed package can be loaded from final location
** testing if installed package keeps a record of temporary installation path
* SHA256 sums
* creating tarball
packaged installation of ‘GenomeInfoDb’ as ‘GenomeInfoDb_1.49.1_R_x86_64-pc-linux-gnu.tar.gz’
* DONE (GenomeInfoDb)
* installing *source* package ‘Rsamtools’ ...
** this is package ‘Rsamtools’ version ‘2.29.0’
** package ‘Rsamtools’ successfully unpacked and MD5 sums checked
** using staged installation
** libs
using C compiler: ‘gcc (Ubuntu 13.3.0-6ubuntu2~24.04.1) 13.3.0’
using C++ compiler: ‘g++ (Ubuntu 13.3.0-6ubuntu2~24.04.1) 13.3.0’
gcc -std=gnu2x -I"/usr/local/lib/R/include" -DNDEBUG -D_FILE_OFFSET_BITS=64 -I'/tmp/library/Rhtslib/include' -I'/mnt/library/S4Vectors/include' -I'/mnt/library/IRanges/include' -I'/mnt/library/XVector/include' -I'/mnt/library/Biostrings/include' -I/usr/local/include    -fpic  -g -O2 -fstack-protector-strong -Wformat -Werror=format-security -Wdate-time -D_FORTIFY_SOURCE=2 -g  -c Biostrings_stubs.c -o Biostrings_stubs.o
gcc -std=gnu2x -I"/usr/local/lib/R/include" -DNDEBUG -D_FILE_OFFSET_BITS=64 -I'/tmp/library/Rhtslib/include' -I'/mnt/library/S4Vectors/include' -I'/mnt/library/IRanges/include' -I'/mnt/library/XVector/include' -I'/mnt/library/Biostrings/include' -I/usr/local/include    -fpic  -g -O2 -fstack-protector-strong -Wformat -Werror=format-security -Wdate-time -D_FORTIFY_SOURCE=2 -g  -c COMPAT_bcf_hdr_read.c -o COMPAT_bcf_hdr_read.o
gcc -std=gnu2x -I"/usr/local/lib/R/include" -DNDEBUG -D_FILE_OFFSET_BITS=64 -I'/tmp/library/Rhtslib/include' -I'/mnt/library/S4Vectors/include' -I'/mnt/library/IRanges/include' -I'/mnt/library/XVector/include' -I'/mnt/library/Biostrings/include' -I/usr/local/include    -fpic  -g -O2 -fstack-protector-strong -Wformat -Werror=format-security -Wdate-time -D_FORTIFY_SOURCE=2 -g  -c IRanges_stubs.c -o IRanges_stubs.o
g++ -std=gnu++20 -I"/usr/local/lib/R/include" -DNDEBUG -D_FILE_OFFSET_BITS=64 -I'/tmp/library/Rhtslib/include' -I'/mnt/library/S4Vectors/include' -I'/mnt/library/IRanges/include' -I'/mnt/library/XVector/include' -I'/mnt/library/Biostrings/include' -I/usr/local/include    -fpic  -g -O2 -fstack-protector-strong -Wformat -Werror=format-security -Wdate-time -D_FORTIFY_SOURCE=2 -g   -c PileupBuffer.cpp -o PileupBuffer.o
g++ -std=gnu++20 -I"/usr/local/lib/R/include" -DNDEBUG -D_FILE_OFFSET_BITS=64 -I'/tmp/library/Rhtslib/include' -I'/mnt/library/S4Vectors/include' -I'/mnt/library/IRanges/include' -I'/mnt/library/XVector/include' -I'/mnt/library/Biostrings/include' -I/usr/local/include    -fpic  -g -O2 -fstack-protector-strong -Wformat -Werror=format-security -Wdate-time -D_FORTIFY_SOURCE=2 -g   -c PosCacheColl.cpp -o PosCacheColl.o
gcc -std=gnu2x -I"/usr/local/lib/R/include" -DNDEBUG -D_FILE_OFFSET_BITS=64 -I'/tmp/library/Rhtslib/include' -I'/mnt/library/S4Vectors/include' -I'/mnt/library/IRanges/include' -I'/mnt/library/XVector/include' -I'/mnt/library/Biostrings/include' -I/usr/local/include    -fpic  -g -O2 -fstack-protector-strong -Wformat -Werror=format-security -Wdate-time -D_FORTIFY_SOURCE=2 -g  -c R_init_Rsamtools.c -o R_init_Rsamtools.o
g++ -std=gnu++20 -I"/usr/local/lib/R/include" -DNDEBUG -D_FILE_OFFSET_BITS=64 -I'/tmp/library/Rhtslib/include' -I'/mnt/library/S4Vectors/include' -I'/mnt/library/IRanges/include' -I'/mnt/library/XVector/include' -I'/mnt/library/Biostrings/include' -I/usr/local/include    -fpic  -g -O2 -fstack-protector-strong -Wformat -Werror=format-security -Wdate-time -D_FORTIFY_SOURCE=2 -g   -c ResultManager.cpp -o ResultManager.o
gcc -std=gnu2x -I"/usr/local/lib/R/include" -DNDEBUG -D_FILE_OFFSET_BITS=64 -I'/tmp/library/Rhtslib/include' -I'/mnt/library/S4Vectors/include' -I'/mnt/library/IRanges/include' -I'/mnt/library/XVector/include' -I'/mnt/library/Biostrings/include' -I/usr/local/include    -fpic  -g -O2 -fstack-protector-strong -Wformat -Werror=format-security -Wdate-time -D_FORTIFY_SOURCE=2 -g  -c S4Vectors_stubs.c -o S4Vectors_stubs.o
gcc -std=gnu2x -I"/usr/local/lib/R/include" -DNDEBUG -D_FILE_OFFSET_BITS=64 -I'/tmp/library/Rhtslib/include' -I'/mnt/library/S4Vectors/include' -I'/mnt/library/IRanges/include' -I'/mnt/library/XVector/include' -I'/mnt/library/Biostrings/include' -I/usr/local/include    -fpic  -g -O2 -fstack-protector-strong -Wformat -Werror=format-security -Wdate-time -D_FORTIFY_SOURCE=2 -g  -c XVector_stubs.c -o XVector_stubs.o
gcc -std=gnu2x -I"/usr/local/lib/R/include" -DNDEBUG -D_FILE_OFFSET_BITS=64 -I'/tmp/library/Rhtslib/include' -I'/mnt/library/S4Vectors/include' -I'/mnt/library/IRanges/include' -I'/mnt/library/XVector/include' -I'/mnt/library/Biostrings/include' -I/usr/local/include    -fpic  -g -O2 -fstack-protector-strong -Wformat -Werror=format-security -Wdate-time -D_FORTIFY_SOURCE=2 -g  -c as_bam.c -o as_bam.o
gcc -std=gnu2x -I"/usr/local/lib/R/include" -DNDEBUG -D_FILE_OFFSET_BITS=64 -I'/tmp/library/Rhtslib/include' -I'/mnt/library/S4Vectors/include' -I'/mnt/library/IRanges/include' -I'/mnt/library/XVector/include' -I'/mnt/library/Biostrings/include' -I/usr/local/include    -fpic  -g -O2 -fstack-protector-strong -Wformat -Werror=format-security -Wdate-time -D_FORTIFY_SOURCE=2 -g  -c bam.c -o bam.o
gcc -std=gnu2x -I"/usr/local/lib/R/include" -DNDEBUG -D_FILE_OFFSET_BITS=64 -I'/tmp/library/Rhtslib/include' -I'/mnt/library/S4Vectors/include' -I'/mnt/library/IRanges/include' -I'/mnt/library/XVector/include' -I'/mnt/library/Biostrings/include' -I/usr/local/include    -fpic  -g -O2 -fstack-protector-strong -Wformat -Werror=format-security -Wdate-time -D_FORTIFY_SOURCE=2 -g  -c bam_data.c -o bam_data.o
g++ -std=gnu++20 -I"/usr/local/lib/R/include" -DNDEBUG -D_FILE_OFFSET_BITS=64 -I'/tmp/library/Rhtslib/include' -I'/mnt/library/S4Vectors/include' -I'/mnt/library/IRanges/include' -I'/mnt/library/XVector/include' -I'/mnt/library/Biostrings/include' -I/usr/local/include    -fpic  -g -O2 -fstack-protector-strong -Wformat -Werror=format-security -Wdate-time -D_FORTIFY_SOURCE=2 -g   -c bam_mate_iter.cpp -o bam_mate_iter.o
In file included from Template.h:9,
                 from BamIterator.h:10,
                 from BamRangeIterator.h:7,
                 from bam_mate_iter.cpp:1:
BamRangeIterator.h: In member function ‘virtual void BamRangeIterator::finalize_inprogress(bamFile)’:
/tmp/library/Rhtslib/include/samtools-1.7-compat.h:14:41: warning: ignoring return value of ‘int64_t bgzf_seek(BGZF*, int64_t, int)’ declared with attribute ‘warn_unused_result’ [-Wunused-result]
   14 | #define bam_seek(fp, pos, dir) bgzf_seek(fp, pos, dir)
      |                                ~~~~~~~~~^~~~~~~~~~~~~~
BamRangeIterator.h:138:16: note: in expansion of macro ‘bam_seek’
  138 |         (void) bam_seek(bfile, pos, SEEK_SET);
      |                ^~~~~~~~
BamIterator.h: In constructor ‘BamIterator::BamIterator(bamFile, const bam_index_t*)’:
/tmp/library/Rhtslib/include/samtools-1.7-compat.h:14:41: warning: ignoring return value of ‘int64_t bgzf_seek(BGZF*, int64_t, int)’ declared with attribute ‘warn_unused_result’ [-Wunused-result]
   14 | #define bam_seek(fp, pos, dir) bgzf_seek(fp, pos, dir)
      |                                ~~~~~~~~~^~~~~~~~~~~~~~
BamIterator.h:87:16: note: in expansion of macro ‘bam_seek’
   87 |         (void) bam_seek(bfile, 0, 0);
      |                ^~~~~~~~
gcc -std=gnu2x -I"/usr/local/lib/R/include" -DNDEBUG -D_FILE_OFFSET_BITS=64 -I'/tmp/library/Rhtslib/include' -I'/mnt/library/S4Vectors/include' -I'/mnt/library/IRanges/include' -I'/mnt/library/XVector/include' -I'/mnt/library/Biostrings/include' -I/usr/local/include    -fpic  -g -O2 -fstack-protector-strong -Wformat -Werror=format-security -Wdate-time -D_FORTIFY_SOURCE=2 -g  -c bam_plbuf.c -o bam_plbuf.o
gcc -std=gnu2x -I"/usr/local/lib/R/include" -DNDEBUG -D_FILE_OFFSET_BITS=64 -I'/tmp/library/Rhtslib/include' -I'/mnt/library/S4Vectors/include' -I'/mnt/library/IRanges/include' -I'/mnt/library/XVector/include' -I'/mnt/library/Biostrings/include' -I/usr/local/include    -fpic  -g -O2 -fstack-protector-strong -Wformat -Werror=format-security -Wdate-time -D_FORTIFY_SOURCE=2 -g  -c bam_sort.c -o bam_sort.o
gcc -std=gnu2x -I"/usr/local/lib/R/include" -DNDEBUG -D_FILE_OFFSET_BITS=64 -I'/tmp/library/Rhtslib/include' -I'/mnt/library/S4Vectors/include' -I'/mnt/library/IRanges/include' -I'/mnt/library/XVector/include' -I'/mnt/library/Biostrings/include' -I/usr/local/include    -fpic  -g -O2 -fstack-protector-strong -Wformat -Werror=format-security -Wdate-time -D_FORTIFY_SOURCE=2 -g  -c bambuffer.c -o bambuffer.o
gcc -std=gnu2x -I"/usr/local/lib/R/include" -DNDEBUG -D_FILE_OFFSET_BITS=64 -I'/tmp/library/Rhtslib/include' -I'/mnt/library/S4Vectors/include' -I'/mnt/library/IRanges/include' -I'/mnt/library/XVector/include' -I'/mnt/library/Biostrings/include' -I/usr/local/include    -fpic  -g -O2 -fstack-protector-strong -Wformat -Werror=format-security -Wdate-time -D_FORTIFY_SOURCE=2 -g  -c bamfile.c -o bamfile.o
bamfile.c: In function ‘bamfile_isincomplete’:
bamfile.c:168:20: warning: ignoring return value of ‘bgzf_seek’ declared with attribute ‘warn_unused_result’ [-Wunused-result]
  168 |             (void) bgzf_seek(bfile->file->x.bam, offset, SEEK_SET);
      |                    ^~~~~~~~~~~~~~~~~~~~~~~~~~~~~~~~~~~~~~~~~~~~~~~
gcc -std=gnu2x -I"/usr/local/lib/R/include" -DNDEBUG -D_FILE_OFFSET_BITS=64 -I'/tmp/library/Rhtslib/include' -I'/mnt/library/S4Vectors/include' -I'/mnt/library/IRanges/include' -I'/mnt/library/XVector/include' -I'/mnt/library/Biostrings/include' -I/usr/local/include    -fpic  -g -O2 -fstack-protector-strong -Wformat -Werror=format-security -Wdate-time -D_FORTIFY_SOURCE=2 -g  -c bcffile.c -o bcffile.o
gcc -std=gnu2x -I"/usr/local/lib/R/include" -DNDEBUG -D_FILE_OFFSET_BITS=64 -I'/tmp/library/Rhtslib/include' -I'/mnt/library/S4Vectors/include' -I'/mnt/library/IRanges/include' -I'/mnt/library/XVector/include' -I'/mnt/library/Biostrings/include' -I/usr/local/include    -fpic  -g -O2 -fstack-protector-strong -Wformat -Werror=format-security -Wdate-time -D_FORTIFY_SOURCE=2 -g  -c bedidx.c -o bedidx.o
gcc -std=gnu2x -I"/usr/local/lib/R/include" -DNDEBUG -D_FILE_OFFSET_BITS=64 -I'/tmp/library/Rhtslib/include' -I'/mnt/library/S4Vectors/include' -I'/mnt/library/IRanges/include' -I'/mnt/library/XVector/include' -I'/mnt/library/Biostrings/include' -I/usr/local/include    -fpic  -g -O2 -fstack-protector-strong -Wformat -Werror=format-security -Wdate-time -D_FORTIFY_SOURCE=2 -g  -c encode.c -o encode.o
gcc -std=gnu2x -I"/usr/local/lib/R/include" -DNDEBUG -D_FILE_OFFSET_BITS=64 -I'/tmp/library/Rhtslib/include' -I'/mnt/library/S4Vectors/include' -I'/mnt/library/IRanges/include' -I'/mnt/library/XVector/include' -I'/mnt/library/Biostrings/include' -I/usr/local/include    -fpic  -g -O2 -fstack-protector-strong -Wformat -Werror=format-security -Wdate-time -D_FORTIFY_SOURCE=2 -g  -c fafile.c -o fafile.o
gcc -std=gnu2x -I"/usr/local/lib/R/include" -DNDEBUG -D_FILE_OFFSET_BITS=64 -I'/tmp/library/Rhtslib/include' -I'/mnt/library/S4Vectors/include' -I'/mnt/library/IRanges/include' -I'/mnt/library/XVector/include' -I'/mnt/library/Biostrings/include' -I/usr/local/include    -fpic  -g -O2 -fstack-protector-strong -Wformat -Werror=format-security -Wdate-time -D_FORTIFY_SOURCE=2 -g  -c idxstats.c -o idxstats.o
In file included from bamfile.h:5,
                 from idxstats.c:1:
idxstats.c: In function ‘idxstats_bamfile’:
/tmp/library/Rhtslib/include/samtools-1.7-compat.h:14:32: warning: ignoring return value of ‘bgzf_seek’ declared with attribute ‘warn_unused_result’ [-Wunused-result]
   14 | #define bam_seek(fp, pos, dir) bgzf_seek(fp, pos, dir)
      |                                ^~~~~~~~~~~~~~~~~~~~~~~
idxstats.c:20:12: note: in expansion of macro ‘bam_seek’
   20 |     (void) bam_seek(fp, 0, 0);
      |            ^~~~~~~~
gcc -std=gnu2x -I"/usr/local/lib/R/include" -DNDEBUG -D_FILE_OFFSET_BITS=64 -I'/tmp/library/Rhtslib/include' -I'/mnt/library/S4Vectors/include' -I'/mnt/library/IRanges/include' -I'/mnt/library/XVector/include' -I'/mnt/library/Biostrings/include' -I/usr/local/include    -fpic  -g -O2 -fstack-protector-strong -Wformat -Werror=format-security -Wdate-time -D_FORTIFY_SOURCE=2 -g  -c io_sam.c -o io_sam.o
In file included from io_sam.c:3:
io_sam.c: In function ‘_scan_bam_all’:
/tmp/library/Rhtslib/include/samtools-1.7-compat.h:14:32: warning: ignoring return value of ‘bgzf_seek’ declared with attribute ‘warn_unused_result’ [-Wunused-result]
   14 | #define bam_seek(fp, pos, dir) bgzf_seek(fp, pos, dir)
      |                                ^~~~~~~~~~~~~~~~~~~~~~~
io_sam.c:302:12: note: in expansion of macro ‘bam_seek’
  302 |     (void) bam_seek(bfile->file->x.bam, bfile->pos0, SEEK_SET);
      |            ^~~~~~~~
g++ -std=gnu++20 -I"/usr/local/lib/R/include" -DNDEBUG -D_FILE_OFFSET_BITS=64 -I'/tmp/library/Rhtslib/include' -I'/mnt/library/S4Vectors/include' -I'/mnt/library/IRanges/include' -I'/mnt/library/XVector/include' -I'/mnt/library/Biostrings/include' -I/usr/local/include    -fpic  -g -O2 -fstack-protector-strong -Wformat -Werror=format-security -Wdate-time -D_FORTIFY_SOURCE=2 -g   -c pbuffer_wrapper.cpp -o pbuffer_wrapper.o
g++ -std=gnu++20 -I"/usr/local/lib/R/include" -DNDEBUG -D_FILE_OFFSET_BITS=64 -I'/tmp/library/Rhtslib/include' -I'/mnt/library/S4Vectors/include' -I'/mnt/library/IRanges/include' -I'/mnt/library/XVector/include' -I'/mnt/library/Biostrings/include' -I/usr/local/include    -fpic  -g -O2 -fstack-protector-strong -Wformat -Werror=format-security -Wdate-time -D_FORTIFY_SOURCE=2 -g   -c pileup.cpp -o pileup.o
gcc -std=gnu2x -I"/usr/local/lib/R/include" -DNDEBUG -D_FILE_OFFSET_BITS=64 -I'/tmp/library/Rhtslib/include' -I'/mnt/library/S4Vectors/include' -I'/mnt/library/IRanges/include' -I'/mnt/library/XVector/include' -I'/mnt/library/Biostrings/include' -I/usr/local/include    -fpic  -g -O2 -fstack-protector-strong -Wformat -Werror=format-security -Wdate-time -D_FORTIFY_SOURCE=2 -g  -c pileupbam.c -o pileupbam.o
gcc -std=gnu2x -I"/usr/local/lib/R/include" -DNDEBUG -D_FILE_OFFSET_BITS=64 -I'/tmp/library/Rhtslib/include' -I'/mnt/library/S4Vectors/include' -I'/mnt/library/IRanges/include' -I'/mnt/library/XVector/include' -I'/mnt/library/Biostrings/include' -I/usr/local/include    -fpic  -g -O2 -fstack-protector-strong -Wformat -Werror=format-security -Wdate-time -D_FORTIFY_SOURCE=2 -g  -c sam_opts.c -o sam_opts.o
gcc -std=gnu2x -I"/usr/local/lib/R/include" -DNDEBUG -D_FILE_OFFSET_BITS=64 -I'/tmp/library/Rhtslib/include' -I'/mnt/library/S4Vectors/include' -I'/mnt/library/IRanges/include' -I'/mnt/library/XVector/include' -I'/mnt/library/Biostrings/include' -I/usr/local/include    -fpic  -g -O2 -fstack-protector-strong -Wformat -Werror=format-security -Wdate-time -D_FORTIFY_SOURCE=2 -g  -c sam_utils.c -o sam_utils.o
gcc -std=gnu2x -I"/usr/local/lib/R/include" -DNDEBUG -D_FILE_OFFSET_BITS=64 -I'/tmp/library/Rhtslib/include' -I'/mnt/library/S4Vectors/include' -I'/mnt/library/IRanges/include' -I'/mnt/library/XVector/include' -I'/mnt/library/Biostrings/include' -I/usr/local/include    -fpic  -g -O2 -fstack-protector-strong -Wformat -Werror=format-security -Wdate-time -D_FORTIFY_SOURCE=2 -g  -c samtools_patch.c -o samtools_patch.o
gcc -std=gnu2x -I"/usr/local/lib/R/include" -DNDEBUG -D_FILE_OFFSET_BITS=64 -I'/tmp/library/Rhtslib/include' -I'/mnt/library/S4Vectors/include' -I'/mnt/library/IRanges/include' -I'/mnt/library/XVector/include' -I'/mnt/library/Biostrings/include' -I/usr/local/include    -fpic  -g -O2 -fstack-protector-strong -Wformat -Werror=format-security -Wdate-time -D_FORTIFY_SOURCE=2 -g  -c scan_bam_data.c -o scan_bam_data.o
gcc -std=gnu2x -I"/usr/local/lib/R/include" -DNDEBUG -D_FILE_OFFSET_BITS=64 -I'/tmp/library/Rhtslib/include' -I'/mnt/library/S4Vectors/include' -I'/mnt/library/IRanges/include' -I'/mnt/library/XVector/include' -I'/mnt/library/Biostrings/include' -I/usr/local/include    -fpic  -g -O2 -fstack-protector-strong -Wformat -Werror=format-security -Wdate-time -D_FORTIFY_SOURCE=2 -g  -c tabixfile.c -o tabixfile.o
gcc -std=gnu2x -I"/usr/local/lib/R/include" -DNDEBUG -D_FILE_OFFSET_BITS=64 -I'/tmp/library/Rhtslib/include' -I'/mnt/library/S4Vectors/include' -I'/mnt/library/IRanges/include' -I'/mnt/library/XVector/include' -I'/mnt/library/Biostrings/include' -I/usr/local/include    -fpic  -g -O2 -fstack-protector-strong -Wformat -Werror=format-security -Wdate-time -D_FORTIFY_SOURCE=2 -g  -c tagfilter.c -o tagfilter.o
gcc -std=gnu2x -I"/usr/local/lib/R/include" -DNDEBUG -D_FILE_OFFSET_BITS=64 -I'/tmp/library/Rhtslib/include' -I'/mnt/library/S4Vectors/include' -I'/mnt/library/IRanges/include' -I'/mnt/library/XVector/include' -I'/mnt/library/Biostrings/include' -I/usr/local/include    -fpic  -g -O2 -fstack-protector-strong -Wformat -Werror=format-security -Wdate-time -D_FORTIFY_SOURCE=2 -g  -c utilities.c -o utilities.o
gcc -std=gnu2x -I"/usr/local/lib/R/include" -DNDEBUG -D_FILE_OFFSET_BITS=64 -I'/tmp/library/Rhtslib/include' -I'/mnt/library/S4Vectors/include' -I'/mnt/library/IRanges/include' -I'/mnt/library/XVector/include' -I'/mnt/library/Biostrings/include' -I/usr/local/include    -fpic  -g -O2 -fstack-protector-strong -Wformat -Werror=format-security -Wdate-time -D_FORTIFY_SOURCE=2 -g  -c zip_compression.c -o zip_compression.o
g++ -std=gnu++20 -shared -L/usr/local/lib/R/lib -L/usr/local/lib -o Rsamtools.so Biostrings_stubs.o COMPAT_bcf_hdr_read.o IRanges_stubs.o PileupBuffer.o PosCacheColl.o R_init_Rsamtools.o ResultManager.o S4Vectors_stubs.o XVector_stubs.o as_bam.o bam.o bam_data.o bam_mate_iter.o bam_plbuf.o bam_sort.o bambuffer.o bamfile.o bcffile.o bedidx.o encode.o fafile.o idxstats.o io_sam.o pbuffer_wrapper.o pileup.o pileupbam.o sam_opts.o sam_utils.o samtools_patch.o scan_bam_data.o tabixfile.o tagfilter.o utilities.o zip_compression.o /tmp/library/Rhtslib/usrlib/libhts.a -lcurl -lbz2 -llzma -lz -L/usr/local/lib/R/lib -lR
installing to /tmp/library/00LOCK-Rsamtools/00new/Rsamtools/libs
** R
** inst
** byte-compile and prepare package for lazy loading
** help
*** installing help indices
** building package indices
** installing vignettes
** testing if installed package can be loaded from temporary location
** checking absolute paths in shared objects and dynamic libraries
** testing if installed package can be loaded from final location
** testing if installed package keeps a record of temporary installation path
* SHA256 sums
* creating tarball
packaged installation of ‘Rsamtools’ as ‘Rsamtools_2.29.0_R_x86_64-pc-linux-gnu.tar.gz’
* DONE (Rsamtools)
* installing *binary* package ‘googledrive’ ...
* package ‘googledrive’ successfully unpacked and SHA256 sums checked
* ‘googledrive’ was already a binary package and will not be rebuilt
* SHA256 sums
* creating tarball
packaged installation of ‘googledrive’ as ‘googledrive_2.1.2_R_x86_64-pc-linux-gnu.tar.gz’
* DONE (googledrive)
* installing *binary* package ‘ids’ ...
* package ‘ids’ successfully unpacked and SHA256 sums checked
* ‘ids’ was already a binary package and will not be rebuilt
* SHA256 sums
* creating tarball
packaged installation of ‘ids’ as ‘ids_1.0.1_R_x86_64-pc-linux-gnu.tar.gz’
* DONE (ids)
* installing *binary* package ‘marginaleffects’ ...
* package ‘marginaleffects’ successfully unpacked and SHA256 sums checked
* ‘marginaleffects’ was already a binary package and will not be rebuilt
* SHA256 sums
* creating tarball
packaged installation of ‘marginaleffects’ as ‘marginaleffects_0.32.0_R_x86_64-pc-linux-gnu.tar.gz’
* DONE (marginaleffects)
* installing *source* package ‘AnnotationHub’ ...
** this is package ‘AnnotationHub’ version ‘4.3.2’
** package ‘AnnotationHub’ successfully unpacked and MD5 sums checked
** using staged installation
** R
** inst
** byte-compile and prepare package for lazy loading
Error: package or namespace load failed for ‘dbplyr’ in get(Info[i, 1], envir = env):
 lazy-load database '/mnt/library/tidyselect/R/tidyselect.rdb' is corrupt
In addition: Warning message:
In get(Info[i, 1], envir = env) :
  internal error 1 in R_decompress1 with libdeflate
Execution halted
ERROR: lazy loading failed for package ‘AnnotationHub’
* removing ‘/tmp/library/AnnotationHub’
* installing *binary* package ‘robustbase’ ...
* package ‘robustbase’ successfully unpacked and SHA256 sums checked
* ‘robustbase’ was already a binary package and will not be rebuilt
* SHA256 sums
* creating tarball
packaged installation of ‘robustbase’ as ‘robustbase_0.99-7_R_x86_64-pc-linux-gnu.tar.gz’
* DONE (robustbase)
* installing *source* package ‘GOSemSim’ ...
** this is package ‘GOSemSim’ version ‘2.39.2’
** package ‘GOSemSim’ successfully unpacked and MD5 sums checked
** using staged installation
** libs
using C++ compiler: ‘g++ (Ubuntu 13.3.0-6ubuntu2~24.04.1) 13.3.0’
g++ -std=gnu++20 -I"/usr/local/lib/R/include" -DNDEBUG  -I'/usr/local/lib/R/site-library/Rcpp/include' -I/usr/local/include    -fpic  -g -O2 -fstack-protector-strong -Wformat -Werror=format-security -Wdate-time -D_FORTIFY_SOURCE=2 -g   -c ICmethod.cpp -o ICmethod.o
g++ -std=gnu++20 -I"/usr/local/lib/R/include" -DNDEBUG  -I'/usr/local/lib/R/site-library/Rcpp/include' -I/usr/local/include    -fpic  -g -O2 -fstack-protector-strong -Wformat -Werror=format-security -Wdate-time -D_FORTIFY_SOURCE=2 -g   -c RcppExports.cpp -o RcppExports.o
g++ -std=gnu++20 -shared -L/usr/local/lib/R/lib -L/usr/local/lib -o GOSemSim.so ICmethod.o RcppExports.o -L/usr/local/lib/R/lib -lR
installing to /tmp/library/00LOCK-GOSemSim/00new/GOSemSim/libs
** R
** data
** inst
** byte-compile and prepare package for lazy loading
** help
*** installing help indices
** building package indices
** installing vignettes
** testing if installed package can be loaded from temporary location
** checking absolute paths in shared objects and dynamic libraries
** testing if installed package can be loaded from final location
** testing if installed package keeps a record of temporary installation path
* SHA256 sums
* creating tarball
packaged installation of ‘GOSemSim’ as ‘GOSemSim_2.39.2_R_x86_64-pc-linux-gnu.tar.gz’
* DONE (GOSemSim)
* installing *binary* package ‘dqrng’ ...
* package ‘dqrng’ successfully unpacked and SHA256 sums checked
* ‘dqrng’ was already a binary package and will not be rebuilt
* SHA256 sums
* creating tarball
packaged installation of ‘dqrng’ as ‘dqrng_0.4.1_R_x86_64-pc-linux-gnu.tar.gz’
* DONE (dqrng)
* installing *source* package ‘beachmat’ ...
** this is package ‘beachmat’ version ‘2.29.0’
** package ‘beachmat’ successfully unpacked and MD5 sums checked
** using staged installation
** libs
specified C++17
using C++ compiler: ‘g++ (Ubuntu 13.3.0-6ubuntu2~24.04.1) 13.3.0’
using C++17
g++ -std=gnu++17 -I"/usr/local/lib/R/include" -DNDEBUG -I../inst/include -I'/usr/local/lib/R/site-library/Rcpp/include' -I'/tmp/library/assorthead/include' -I/usr/local/include    -fpic  -g -O2 -fstack-protector-strong -Wformat -Werror=format-security -Wdate-time -D_FORTIFY_SOURCE=2 -g   -c RcppExports.cpp -o RcppExports.o
g++ -std=gnu++17 -I"/usr/local/lib/R/include" -DNDEBUG -I../inst/include -I'/usr/local/lib/R/site-library/Rcpp/include' -I'/tmp/library/assorthead/include' -I/usr/local/include    -fpic  -g -O2 -fstack-protector-strong -Wformat -Werror=format-security -Wdate-time -D_FORTIFY_SOURCE=2 -g   -c constant_matrix.cpp -o constant_matrix.o
g++ -std=gnu++17 -I"/usr/local/lib/R/include" -DNDEBUG -I../inst/include -I'/usr/local/lib/R/site-library/Rcpp/include' -I'/tmp/library/assorthead/include' -I/usr/local/include    -fpic  -g -O2 -fstack-protector-strong -Wformat -Werror=format-security -Wdate-time -D_FORTIFY_SOURCE=2 -g   -c delayed_isometric_binary.cpp -o delayed_isometric_binary.o
g++ -std=gnu++17 -I"/usr/local/lib/R/include" -DNDEBUG -I../inst/include -I'/usr/local/lib/R/site-library/Rcpp/include' -I'/tmp/library/assorthead/include' -I/usr/local/include    -fpic  -g -O2 -fstack-protector-strong -Wformat -Werror=format-security -Wdate-time -D_FORTIFY_SOURCE=2 -g   -c delayed_isometric_math.cpp -o delayed_isometric_math.o
g++ -std=gnu++17 -I"/usr/local/lib/R/include" -DNDEBUG -I../inst/include -I'/usr/local/lib/R/site-library/Rcpp/include' -I'/tmp/library/assorthead/include' -I/usr/local/include    -fpic  -g -O2 -fstack-protector-strong -Wformat -Werror=format-security -Wdate-time -D_FORTIFY_SOURCE=2 -g   -c delayed_isometric_unary.cpp -o delayed_isometric_unary.o
g++ -std=gnu++17 -I"/usr/local/lib/R/include" -DNDEBUG -I../inst/include -I'/usr/local/lib/R/site-library/Rcpp/include' -I'/tmp/library/assorthead/include' -I/usr/local/include    -fpic  -g -O2 -fstack-protector-strong -Wformat -Werror=format-security -Wdate-time -D_FORTIFY_SOURCE=2 -g   -c delayed_other.cpp -o delayed_other.o
g++ -std=gnu++17 -I"/usr/local/lib/R/include" -DNDEBUG -I../inst/include -I'/usr/local/lib/R/site-library/Rcpp/include' -I'/tmp/library/assorthead/include' -I/usr/local/include    -fpic  -g -O2 -fstack-protector-strong -Wformat -Werror=format-security -Wdate-time -D_FORTIFY_SOURCE=2 -g   -c dense_matrix.cpp -o dense_matrix.o
g++ -std=gnu++17 -I"/usr/local/lib/R/include" -DNDEBUG -I../inst/include -I'/usr/local/lib/R/site-library/Rcpp/include' -I'/tmp/library/assorthead/include' -I/usr/local/include    -fpic  -g -O2 -fstack-protector-strong -Wformat -Werror=format-security -Wdate-time -D_FORTIFY_SOURCE=2 -g   -c fragment_sparse_rows.cpp -o fragment_sparse_rows.o
g++ -std=gnu++17 -I"/usr/local/lib/R/include" -DNDEBUG -I../inst/include -I'/usr/local/lib/R/site-library/Rcpp/include' -I'/tmp/library/assorthead/include' -I/usr/local/include    -fpic  -g -O2 -fstack-protector-strong -Wformat -Werror=format-security -Wdate-time -D_FORTIFY_SOURCE=2 -g   -c get_executor.cpp -o get_executor.o
g++ -std=gnu++17 -I"/usr/local/lib/R/include" -DNDEBUG -I../inst/include -I'/usr/local/lib/R/site-library/Rcpp/include' -I'/tmp/library/assorthead/include' -I/usr/local/include    -fpic  -g -O2 -fstack-protector-strong -Wformat -Werror=format-security -Wdate-time -D_FORTIFY_SOURCE=2 -g   -c na_cast.cpp -o na_cast.o
g++ -std=gnu++17 -I"/usr/local/lib/R/include" -DNDEBUG -I../inst/include -I'/usr/local/lib/R/site-library/Rcpp/include' -I'/tmp/library/assorthead/include' -I/usr/local/include    -fpic  -g -O2 -fstack-protector-strong -Wformat -Werror=format-security -Wdate-time -D_FORTIFY_SOURCE=2 -g   -c sparse_matrix.cpp -o sparse_matrix.o
g++ -std=gnu++17 -I"/usr/local/lib/R/include" -DNDEBUG -I../inst/include -I'/usr/local/lib/R/site-library/Rcpp/include' -I'/tmp/library/assorthead/include' -I/usr/local/include    -fpic  -g -O2 -fstack-protector-strong -Wformat -Werror=format-security -Wdate-time -D_FORTIFY_SOURCE=2 -g   -c tatami_utils.cpp -o tatami_utils.o
g++ -std=gnu++17 -I"/usr/local/lib/R/include" -DNDEBUG -I../inst/include -I'/usr/local/lib/R/site-library/Rcpp/include' -I'/tmp/library/assorthead/include' -I/usr/local/include    -fpic  -g -O2 -fstack-protector-strong -Wformat -Werror=format-security -Wdate-time -D_FORTIFY_SOURCE=2 -g   -c unknown_matrix.cpp -o unknown_matrix.o
g++ -std=gnu++17 -shared -L/usr/local/lib/R/lib -L/usr/local/lib -o beachmat.so RcppExports.o constant_matrix.o delayed_isometric_binary.o delayed_isometric_math.o delayed_isometric_unary.o delayed_other.o dense_matrix.o fragment_sparse_rows.o get_executor.o na_cast.o sparse_matrix.o tatami_utils.o unknown_matrix.o -L/usr/local/lib/R/lib -lR
installing to /tmp/library/00LOCK-beachmat/00new/beachmat/libs
** R
** inst
** byte-compile and prepare package for lazy loading
** help
*** installing help indices
** building package indices
** installing vignettes
** testing if installed package can be loaded from temporary location
** checking absolute paths in shared objects and dynamic libraries
** testing if installed package can be loaded from final location
** testing if installed package keeps a record of temporary installation path
* SHA256 sums
* creating tarball
packaged installation of ‘beachmat’ as ‘beachmat_2.29.0_R_x86_64-pc-linux-gnu.tar.gz’
* DONE (beachmat)
* installing *binary* package ‘anndata’ ...
* package ‘anndata’ successfully unpacked and SHA256 sums checked
* ‘anndata’ was already a binary package and will not be rebuilt
* SHA256 sums
* creating tarball
packaged installation of ‘anndata’ as ‘anndata_0.8.0_R_x86_64-pc-linux-gnu.tar.gz’
* DONE (anndata)
* installing *source* package ‘GEOquery’ ...
** this is package ‘GEOquery’ version ‘2.81.28’
** package ‘GEOquery’ successfully unpacked and MD5 sums checked
** using staged installation
** R
** inst
** byte-compile and prepare package for lazy loading
** help
*** installing help indices
** building package indices
** installing vignettes
** testing if installed package can be loaded from temporary location
** testing if installed package can be loaded from final location
** testing if installed package keeps a record of temporary installation path
* SHA256 sums
* creating tarball
packaged installation of ‘GEOquery’ as ‘GEOquery_2.81.28_R_x86_64-pc-linux-gnu.tar.gz’
* DONE (GEOquery)
* installing *binary* package ‘ks’ ...
* package ‘ks’ successfully unpacked and SHA256 sums checked
* ‘ks’ was already a binary package and will not be rebuilt
* SHA256 sums
* creating tarball
packaged installation of ‘ks’ as ‘ks_1.15.2_R_x86_64-pc-linux-gnu.tar.gz’
* DONE (ks)
* installing *source* package ‘SingleCellExperiment’ ...
** this is package ‘SingleCellExperiment’ version ‘1.35.2’
** package ‘SingleCellExperiment’ successfully unpacked and MD5 sums checked
** using staged installation
** R
** inst
** byte-compile and prepare package for lazy loading
** help
*** installing help indices
** building package indices
** installing vignettes
** testing if installed package can be loaded from temporary location
** testing if installed package can be loaded from final location
** testing if installed package keeps a record of temporary installation path
* SHA256 sums
* creating tarball
packaged installation of ‘SingleCellExperiment’ as ‘SingleCellExperiment_1.35.2_R_x86_64-pc-linux-gnu.tar.gz’
* DONE (SingleCellExperiment)
* installing *binary* package ‘funkyheatmap’ ...
* package ‘funkyheatmap’ successfully unpacked and SHA256 sums checked
* ‘funkyheatmap’ was already a binary package and will not be rebuilt
* SHA256 sums
* creating tarball
packaged installation of ‘funkyheatmap’ as ‘funkyheatmap_0.5.2_R_x86_64-pc-linux-gnu.tar.gz’
* DONE (funkyheatmap)
* installing *source* package ‘GenomicAlignments’ ...
** this is package ‘GenomicAlignments’ version ‘1.49.1’
** package ‘GenomicAlignments’ successfully unpacked and MD5 sums checked
** using staged installation
** libs
using C compiler: ‘gcc (Ubuntu 13.3.0-6ubuntu2~24.04.1) 13.3.0’
gcc -std=gnu2x -I"/usr/local/lib/R/include" -DNDEBUG  -I'/mnt/library/S4Vectors/include' -I'/mnt/library/IRanges/include' -I/usr/local/include    -fpic  -g -O2 -fstack-protector-strong -Wformat -Werror=format-security -Wdate-time -D_FORTIFY_SOURCE=2 -g  -c IRanges_stubs.c -o IRanges_stubs.o
gcc -std=gnu2x -I"/usr/local/lib/R/include" -DNDEBUG  -I'/mnt/library/S4Vectors/include' -I'/mnt/library/IRanges/include' -I/usr/local/include    -fpic  -g -O2 -fstack-protector-strong -Wformat -Werror=format-security -Wdate-time -D_FORTIFY_SOURCE=2 -g  -c R_init_GenomicAlignments.c -o R_init_GenomicAlignments.o
gcc -std=gnu2x -I"/usr/local/lib/R/include" -DNDEBUG  -I'/mnt/library/S4Vectors/include' -I'/mnt/library/IRanges/include' -I/usr/local/include    -fpic  -g -O2 -fstack-protector-strong -Wformat -Werror=format-security -Wdate-time -D_FORTIFY_SOURCE=2 -g  -c S4Vectors_stubs.c -o S4Vectors_stubs.o
gcc -std=gnu2x -I"/usr/local/lib/R/include" -DNDEBUG  -I'/mnt/library/S4Vectors/include' -I'/mnt/library/IRanges/include' -I/usr/local/include    -fpic  -g -O2 -fstack-protector-strong -Wformat -Werror=format-security -Wdate-time -D_FORTIFY_SOURCE=2 -g  -c encodeOverlaps_methods.c -o encodeOverlaps_methods.o
gcc -std=gnu2x -shared -L/usr/local/lib/R/lib -L/usr/local/lib -o GenomicAlignments.so IRanges_stubs.o R_init_GenomicAlignments.o S4Vectors_stubs.o encodeOverlaps_methods.o -L/usr/local/lib/R/lib -lR
installing to /tmp/library/00LOCK-GenomicAlignments/00new/GenomicAlignments/libs
** R
** inst
** byte-compile and prepare package for lazy loading
** help
*** installing help indices
** building package indices
** installing vignettes
** testing if installed package can be loaded from temporary location
** checking absolute paths in shared objects and dynamic libraries
** testing if installed package can be loaded from final location
** testing if installed package keeps a record of temporary installation path
* SHA256 sums
* creating tarball
packaged installation of ‘GenomicAlignments’ as ‘GenomicAlignments_1.49.1_R_x86_64-pc-linux-gnu.tar.gz’
* DONE (GenomicAlignments)
* installing *binary* package ‘bayestestR’ ...
* package ‘bayestestR’ successfully unpacked and SHA256 sums checked
* ‘bayestestR’ was already a binary package and will not be rebuilt
* SHA256 sums
* creating tarball
packaged installation of ‘bayestestR’ as ‘bayestestR_0.18.1_R_x86_64-pc-linux-gnu.tar.gz’
* DONE (bayestestR)
* installing *source* package ‘BiocNeighbors’ ...
** this is package ‘BiocNeighbors’ version ‘2.7.2’
** package ‘BiocNeighbors’ successfully unpacked and MD5 sums checked
** using staged installation
** libs
specified C++17
using C++ compiler: ‘g++ (Ubuntu 13.3.0-6ubuntu2~24.04.1) 13.3.0’
using C++17
g++ -std=gnu++17 -I"/usr/local/lib/R/include" -DNDEBUG -I../inst/include -I'/usr/local/lib/R/site-library/Rcpp/include' -I'/tmp/library/assorthead/include' -I'/tmp/library/beachmat/include' -I/usr/local/include    -fpic  -g -O2 -fstack-protector-strong -Wformat -Werror=format-security -Wdate-time -D_FORTIFY_SOURCE=2 -g   -c RcppExports.cpp -o RcppExports.o
g++ -std=gnu++17 -I"/usr/local/lib/R/include" -DNDEBUG -I../inst/include -I'/usr/local/lib/R/site-library/Rcpp/include' -I'/tmp/library/assorthead/include' -I'/tmp/library/beachmat/include' -I/usr/local/include    -fpic  -g -O2 -fstack-protector-strong -Wformat -Werror=format-security -Wdate-time -D_FORTIFY_SOURCE=2 -g   -c annoy.cpp -o annoy.o
g++ -std=gnu++17 -I"/usr/local/lib/R/include" -DNDEBUG -I../inst/include -I'/usr/local/lib/R/site-library/Rcpp/include' -I'/tmp/library/assorthead/include' -I'/tmp/library/beachmat/include' -I/usr/local/include    -fpic  -g -O2 -fstack-protector-strong -Wformat -Werror=format-security -Wdate-time -D_FORTIFY_SOURCE=2 -g   -c exhaustive.cpp -o exhaustive.o
g++ -std=gnu++17 -I"/usr/local/lib/R/include" -DNDEBUG -I../inst/include -I'/usr/local/lib/R/site-library/Rcpp/include' -I'/tmp/library/assorthead/include' -I'/tmp/library/beachmat/include' -I/usr/local/include    -fpic  -g -O2 -fstack-protector-strong -Wformat -Werror=format-security -Wdate-time -D_FORTIFY_SOURCE=2 -g   -c find_mutual_nns.cpp -o find_mutual_nns.o
g++ -std=gnu++17 -I"/usr/local/lib/R/include" -DNDEBUG -I../inst/include -I'/usr/local/lib/R/site-library/Rcpp/include' -I'/tmp/library/assorthead/include' -I'/tmp/library/beachmat/include' -I/usr/local/include    -fpic  -g -O2 -fstack-protector-strong -Wformat -Werror=format-security -Wdate-time -D_FORTIFY_SOURCE=2 -g   -c generics.cpp -o generics.o
g++ -std=gnu++17 -I"/usr/local/lib/R/include" -DNDEBUG -I../inst/include -I'/usr/local/lib/R/site-library/Rcpp/include' -I'/tmp/library/assorthead/include' -I'/tmp/library/beachmat/include' -I/usr/local/include    -fpic  -g -O2 -fstack-protector-strong -Wformat -Werror=format-security -Wdate-time -D_FORTIFY_SOURCE=2 -g   -c hnsw.cpp -o hnsw.o
g++ -std=gnu++17 -I"/usr/local/lib/R/include" -DNDEBUG -I../inst/include -I'/usr/local/lib/R/site-library/Rcpp/include' -I'/tmp/library/assorthead/include' -I'/tmp/library/beachmat/include' -I/usr/local/include    -fpic  -g -O2 -fstack-protector-strong -Wformat -Werror=format-security -Wdate-time -D_FORTIFY_SOURCE=2 -g   -c kmknn.cpp -o kmknn.o
g++ -std=gnu++17 -I"/usr/local/lib/R/include" -DNDEBUG -I../inst/include -I'/usr/local/lib/R/site-library/Rcpp/include' -I'/tmp/library/assorthead/include' -I'/tmp/library/beachmat/include' -I/usr/local/include    -fpic  -g -O2 -fstack-protector-strong -Wformat -Werror=format-security -Wdate-time -D_FORTIFY_SOURCE=2 -g   -c load_index.cpp -o load_index.o
g++ -std=gnu++17 -I"/usr/local/lib/R/include" -DNDEBUG -I../inst/include -I'/usr/local/lib/R/site-library/Rcpp/include' -I'/tmp/library/assorthead/include' -I'/tmp/library/beachmat/include' -I/usr/local/include    -fpic  -g -O2 -fstack-protector-strong -Wformat -Werror=format-security -Wdate-time -D_FORTIFY_SOURCE=2 -g   -c vptree.cpp -o vptree.o
g++ -std=gnu++17 -shared -L/usr/local/lib/R/lib -L/usr/local/lib -o BiocNeighbors.so RcppExports.o annoy.o exhaustive.o find_mutual_nns.o generics.o hnsw.o kmknn.o load_index.o vptree.o -L/usr/local/lib/R/lib -lR
installing to /tmp/library/00LOCK-BiocNeighbors/00new/BiocNeighbors/libs
** R
** inst
** byte-compile and prepare package for lazy loading
** help
*** installing help indices
** building package indices
** installing vignettes
** testing if installed package can be loaded from temporary location
** checking absolute paths in shared objects and dynamic libraries
** testing if installed package can be loaded from final location
** testing if installed package keeps a record of temporary installation path
* SHA256 sums
* creating tarball
packaged installation of ‘BiocNeighbors’ as ‘BiocNeighbors_2.7.2_R_x86_64-pc-linux-gnu.tar.gz’
* DONE (BiocNeighbors)
* installing *binary* package ‘rms’ ...
* package ‘rms’ successfully unpacked and SHA256 sums checked
* ‘rms’ was already a binary package and will not be rebuilt
* SHA256 sums
* creating tarball
packaged installation of ‘rms’ as ‘rms_8.1-1_R_x86_64-pc-linux-gnu.tar.gz’
* DONE (rms)
* installing *source* package ‘BiocSingular’ ...
** this is package ‘BiocSingular’ version ‘1.29.0’
** package ‘BiocSingular’ successfully unpacked and MD5 sums checked
** using staged installation
** libs
specified C++17
using C++ compiler: ‘g++ (Ubuntu 13.3.0-6ubuntu2~24.04.1) 13.3.0’
using C++17
g++ -std=gnu++17 -I"/usr/local/lib/R/include" -DNDEBUG  -I'/usr/local/lib/R/site-library/Rcpp/include' -I'/tmp/library/beachmat/include' -I'/tmp/library/assorthead/include' -I/usr/local/include    -fpic  -g -O2 -fstack-protector-strong -Wformat -Werror=format-security -Wdate-time -D_FORTIFY_SOURCE=2 -g   -c RcppExports.cpp -o RcppExports.o
g++ -std=gnu++17 -I"/usr/local/lib/R/include" -DNDEBUG  -I'/usr/local/lib/R/site-library/Rcpp/include' -I'/tmp/library/beachmat/include' -I'/tmp/library/assorthead/include' -I/usr/local/include    -fpic  -g -O2 -fstack-protector-strong -Wformat -Werror=format-security -Wdate-time -D_FORTIFY_SOURCE=2 -g   -c compute_scale.cpp -o compute_scale.o
g++ -std=gnu++17 -shared -L/usr/local/lib/R/lib -L/usr/local/lib -o BiocSingular.so RcppExports.o compute_scale.o -L/usr/local/lib/R/lib -lR
installing to /tmp/library/00LOCK-BiocSingular/00new/BiocSingular/libs
** R
** inst
** byte-compile and prepare package for lazy loading
** help
*** installing help indices
** building package indices
** installing vignettes
** testing if installed package can be loaded from temporary location
** checking absolute paths in shared objects and dynamic libraries
** testing if installed package can be loaded from final location
** testing if installed package keeps a record of temporary installation path
* SHA256 sums
* creating tarball
packaged installation of ‘BiocSingular’ as ‘BiocSingular_1.29.0_R_x86_64-pc-linux-gnu.tar.gz’
* DONE (BiocSingular)
* installing *binary* package ‘googlesheets4’ ...
* package ‘googlesheets4’ successfully unpacked and SHA256 sums checked
* ‘googlesheets4’ was already a binary package and will not be rebuilt
* SHA256 sums
* creating tarball
packaged installation of ‘googlesheets4’ as ‘googlesheets4_1.1.2_R_x86_64-pc-linux-gnu.tar.gz’
* DONE (googlesheets4)
* installing *source* package ‘ExperimentHub’ ...
** this is package ‘ExperimentHub’ version ‘3.3.0’
** package ‘ExperimentHub’ successfully unpacked and MD5 sums checked
** using staged installation
** R
** inst
** byte-compile and prepare package for lazy loading
** help
*** installing help indices
*** copying figures
** building package indices
** installing vignettes
** testing if installed package can be loaded from temporary location
** testing if installed package can be loaded from final location
** testing if installed package keeps a record of temporary installation path
* SHA256 sums
* creating tarball
packaged installation of ‘ExperimentHub’ as ‘ExperimentHub_3.3.0_R_x86_64-pc-linux-gnu.tar.gz’
* DONE (ExperimentHub)
* installing *binary* package ‘cvTools’ ...
* package ‘cvTools’ successfully unpacked and SHA256 sums checked
* ‘cvTools’ was already a binary package and will not be rebuilt
* SHA256 sums
* creating tarball
packaged installation of ‘cvTools’ as ‘cvTools_0.3.3_R_x86_64-pc-linux-gnu.tar.gz’
* DONE (cvTools)
* installing *source* package ‘DOSE’ ...
** this is package ‘DOSE’ version ‘4.7.2’
** package ‘DOSE’ successfully unpacked and MD5 sums checked
** using staged installation
** R
** data
** inst
** byte-compile and prepare package for lazy loading
** help
*** installing help indices
** building package indices
** installing vignettes
** testing if installed package can be loaded from temporary location
** testing if installed package can be loaded from final location
** testing if installed package keeps a record of temporary installation path
* SHA256 sums
* creating tarball
packaged installation of ‘DOSE’ as ‘DOSE_4.7.2_R_x86_64-pc-linux-gnu.tar.gz’
* DONE (DOSE)
* installing *source* package ‘scuttle’ ...
** this is package ‘scuttle’ version ‘1.23.1’
** package ‘scuttle’ successfully unpacked and MD5 sums checked
** using staged installation
** libs
specified C++17
using C++ compiler: ‘g++ (Ubuntu 13.3.0-6ubuntu2~24.04.1) 13.3.0’
using C++17
g++ -std=gnu++17 -I"/usr/local/lib/R/include" -DNDEBUG -I../inst/include/ -I'/usr/local/lib/R/site-library/Rcpp/include' -I'/tmp/library/beachmat/include' -I'/tmp/library/assorthead/include' -I/usr/local/include    -fpic  -g -O2 -fstack-protector-strong -Wformat -Werror=format-security -Wdate-time -D_FORTIFY_SOURCE=2 -g   -c RcppExports.cpp -o RcppExports.o
g++ -std=gnu++17 -I"/usr/local/lib/R/include" -DNDEBUG -I../inst/include/ -I'/usr/local/lib/R/site-library/Rcpp/include' -I'/tmp/library/beachmat/include' -I'/tmp/library/assorthead/include' -I/usr/local/include    -fpic  -g -O2 -fstack-protector-strong -Wformat -Werror=format-security -Wdate-time -D_FORTIFY_SOURCE=2 -g   -c aggregate_across_cells.cpp -o aggregate_across_cells.o
g++ -std=gnu++17 -I"/usr/local/lib/R/include" -DNDEBUG -I../inst/include/ -I'/usr/local/lib/R/site-library/Rcpp/include' -I'/tmp/library/beachmat/include' -I'/tmp/library/assorthead/include' -I/usr/local/include    -fpic  -g -O2 -fstack-protector-strong -Wformat -Werror=format-security -Wdate-time -D_FORTIFY_SOURCE=2 -g   -c cumulative_prop.cpp -o cumulative_prop.o
g++ -std=gnu++17 -I"/usr/local/lib/R/include" -DNDEBUG -I../inst/include/ -I'/usr/local/lib/R/site-library/Rcpp/include' -I'/tmp/library/beachmat/include' -I'/tmp/library/assorthead/include' -I/usr/local/include    -fpic  -g -O2 -fstack-protector-strong -Wformat -Werror=format-security -Wdate-time -D_FORTIFY_SOURCE=2 -g   -c downsample_counts.cpp -o downsample_counts.o
g++ -std=gnu++17 -I"/usr/local/lib/R/include" -DNDEBUG -I../inst/include/ -I'/usr/local/lib/R/site-library/Rcpp/include' -I'/tmp/library/beachmat/include' -I'/tmp/library/assorthead/include' -I/usr/local/include    -fpic  -g -O2 -fstack-protector-strong -Wformat -Werror=format-security -Wdate-time -D_FORTIFY_SOURCE=2 -g   -c fit_linear_model.cpp -o fit_linear_model.o
g++ -std=gnu++17 -I"/usr/local/lib/R/include" -DNDEBUG -I../inst/include/ -I'/usr/local/lib/R/site-library/Rcpp/include' -I'/tmp/library/beachmat/include' -I'/tmp/library/assorthead/include' -I/usr/local/include    -fpic  -g -O2 -fstack-protector-strong -Wformat -Werror=format-security -Wdate-time -D_FORTIFY_SOURCE=2 -g   -c pool_size_factors.cpp -o pool_size_factors.o
g++ -std=gnu++17 -I"/usr/local/lib/R/include" -DNDEBUG -I../inst/include/ -I'/usr/local/lib/R/site-library/Rcpp/include' -I'/tmp/library/beachmat/include' -I'/tmp/library/assorthead/include' -I/usr/local/include    -fpic  -g -O2 -fstack-protector-strong -Wformat -Werror=format-security -Wdate-time -D_FORTIFY_SOURCE=2 -g   -c set_executor.cpp -o set_executor.o
g++ -std=gnu++17 -I"/usr/local/lib/R/include" -DNDEBUG -I../inst/include/ -I'/usr/local/lib/R/site-library/Rcpp/include' -I'/tmp/library/beachmat/include' -I'/tmp/library/assorthead/include' -I/usr/local/include    -fpic  -g -O2 -fstack-protector-strong -Wformat -Werror=format-security -Wdate-time -D_FORTIFY_SOURCE=2 -g   -c sum_counts.cpp -o sum_counts.o
g++ -std=gnu++17 -I"/usr/local/lib/R/include" -DNDEBUG -I../inst/include/ -I'/usr/local/lib/R/site-library/Rcpp/include' -I'/tmp/library/beachmat/include' -I'/tmp/library/assorthead/include' -I/usr/local/include    -fpic  -g -O2 -fstack-protector-strong -Wformat -Werror=format-security -Wdate-time -D_FORTIFY_SOURCE=2 -g   -c utils.cpp -o utils.o
g++ -std=gnu++17 -shared -L/usr/local/lib/R/lib -L/usr/local/lib -o scuttle.so RcppExports.o aggregate_across_cells.o cumulative_prop.o downsample_counts.o fit_linear_model.o pool_size_factors.o set_executor.o sum_counts.o utils.o -llapack -lblas -lgfortran -lm -lquadmath -L/usr/local/lib/R/lib -lR
installing to /tmp/library/00LOCK-scuttle/00new/scuttle/libs
** R
** inst
** byte-compile and prepare package for lazy loading
** help
*** installing help indices
** building package indices
** installing vignettes
** testing if installed package can be loaded from temporary location
** checking absolute paths in shared objects and dynamic libraries
** testing if installed package can be loaded from final location
** testing if installed package keeps a record of temporary installation path
* SHA256 sums
* creating tarball
packaged installation of ‘scuttle’ as ‘scuttle_1.23.1_R_x86_64-pc-linux-gnu.tar.gz’
* DONE (scuttle)
* installing *source* package ‘rtracklayer’ ...
** this is package ‘rtracklayer’ version ‘1.73.0’
** package ‘rtracklayer’ successfully unpacked and MD5 sums checked
** using staged installation
checking for pkg-config... /usr/bin/pkg-config
checking pkg-config is at least version 0.9.0... yes
checking for OPENSSL... yes
configure: creating ./config.status
config.status: creating src/Makevars
** libs
using C compiler: ‘gcc (Ubuntu 13.3.0-6ubuntu2~24.04.1) 13.3.0’
gcc -std=gnu2x -I"/usr/local/lib/R/include" -DNDEBUG -DUSE_SSL -D_FILE_OFFSET_BITS=64 -I'/mnt/library/S4Vectors/include' -I'/mnt/library/IRanges/include' -I'/mnt/library/XVector/include' -I/usr/local/include    -fpic  -g -O2 -fstack-protector-strong -Wformat -Werror=format-security -Wdate-time -D_FORTIFY_SOURCE=2 -g  -c S4Vectors_stubs.c -o S4Vectors_stubs.o
gcc -std=gnu2x -I"/usr/local/lib/R/include" -DNDEBUG -DUSE_SSL -D_FILE_OFFSET_BITS=64 -I'/mnt/library/S4Vectors/include' -I'/mnt/library/IRanges/include' -I'/mnt/library/XVector/include' -I/usr/local/include    -fpic  -g -O2 -fstack-protector-strong -Wformat -Werror=format-security -Wdate-time -D_FORTIFY_SOURCE=2 -g  -c IRanges_stubs.c -o IRanges_stubs.o
gcc -std=gnu2x -I"/usr/local/lib/R/include" -DNDEBUG -DUSE_SSL -D_FILE_OFFSET_BITS=64 -I'/mnt/library/S4Vectors/include' -I'/mnt/library/IRanges/include' -I'/mnt/library/XVector/include' -I/usr/local/include    -fpic  -g -O2 -fstack-protector-strong -Wformat -Werror=format-security -Wdate-time -D_FORTIFY_SOURCE=2 -g  -c XVector_stubs.c -o XVector_stubs.o
gcc -std=gnu2x -I"/usr/local/lib/R/include" -DNDEBUG -DUSE_SSL -D_FILE_OFFSET_BITS=64 -I'/mnt/library/S4Vectors/include' -I'/mnt/library/IRanges/include' -I'/mnt/library/XVector/include' -I/usr/local/include    -fpic  -g -O2 -fstack-protector-strong -Wformat -Werror=format-security -Wdate-time -D_FORTIFY_SOURCE=2 -g  -c R_init_rtracklayer.c -o R_init_rtracklayer.o
gcc -std=gnu2x -I"/usr/local/lib/R/include" -DNDEBUG -DUSE_SSL -D_FILE_OFFSET_BITS=64 -I'/mnt/library/S4Vectors/include' -I'/mnt/library/IRanges/include' -I'/mnt/library/XVector/include' -I/usr/local/include    -fpic  -g -O2 -fstack-protector-strong -Wformat -Werror=format-security -Wdate-time -D_FORTIFY_SOURCE=2 -g  -c readGFF.c -o readGFF.o
gcc -std=gnu2x -I"/usr/local/lib/R/include" -DNDEBUG -DUSE_SSL -D_FILE_OFFSET_BITS=64 -I'/mnt/library/S4Vectors/include' -I'/mnt/library/IRanges/include' -I'/mnt/library/XVector/include' -I/usr/local/include    -fpic  -g -O2 -fstack-protector-strong -Wformat -Werror=format-security -Wdate-time -D_FORTIFY_SOURCE=2 -g  -c bbiHelper.c -o bbiHelper.o
gcc -std=gnu2x -I"/usr/local/lib/R/include" -DNDEBUG -DUSE_SSL -D_FILE_OFFSET_BITS=64 -I'/mnt/library/S4Vectors/include' -I'/mnt/library/IRanges/include' -I'/mnt/library/XVector/include' -I/usr/local/include    -fpic  -g -O2 -fstack-protector-strong -Wformat -Werror=format-security -Wdate-time -D_FORTIFY_SOURCE=2 -g  -c bigWig.c -o bigWig.o
gcc -std=gnu2x -I"/usr/local/lib/R/include" -DNDEBUG -DUSE_SSL -D_FILE_OFFSET_BITS=64 -I'/mnt/library/S4Vectors/include' -I'/mnt/library/IRanges/include' -I'/mnt/library/XVector/include' -I/usr/local/include    -fpic  -g -O2 -fstack-protector-strong -Wformat -Werror=format-security -Wdate-time -D_FORTIFY_SOURCE=2 -g  -c bigBedHelper.c -o bigBedHelper.o
gcc -std=gnu2x -I"/usr/local/lib/R/include" -DNDEBUG -DUSE_SSL -D_FILE_OFFSET_BITS=64 -I'/mnt/library/S4Vectors/include' -I'/mnt/library/IRanges/include' -I'/mnt/library/XVector/include' -I/usr/local/include    -fpic  -g -O2 -fstack-protector-strong -Wformat -Werror=format-security -Wdate-time -D_FORTIFY_SOURCE=2 -g  -c bigBed.c -o bigBed.o
gcc -std=gnu2x -I"/usr/local/lib/R/include" -DNDEBUG -DUSE_SSL -D_FILE_OFFSET_BITS=64 -I'/mnt/library/S4Vectors/include' -I'/mnt/library/IRanges/include' -I'/mnt/library/XVector/include' -I/usr/local/include    -fpic  -g -O2 -fstack-protector-strong -Wformat -Werror=format-security -Wdate-time -D_FORTIFY_SOURCE=2 -g  -c chain_io.c -o chain_io.o
gcc -std=gnu2x -I"/usr/local/lib/R/include" -DNDEBUG -DUSE_SSL -D_FILE_OFFSET_BITS=64 -I'/mnt/library/S4Vectors/include' -I'/mnt/library/IRanges/include' -I'/mnt/library/XVector/include' -I/usr/local/include    -fpic  -g -O2 -fstack-protector-strong -Wformat -Werror=format-security -Wdate-time -D_FORTIFY_SOURCE=2 -g  -c twoBit.c -o twoBit.o
gcc -std=gnu2x -I"/usr/local/lib/R/include" -DNDEBUG -DUSE_SSL -D_FILE_OFFSET_BITS=64 -I'/mnt/library/S4Vectors/include' -I'/mnt/library/IRanges/include' -I'/mnt/library/XVector/include' -I/usr/local/include    -fpic  -g -O2 -fstack-protector-strong -Wformat -Werror=format-security -Wdate-time -D_FORTIFY_SOURCE=2 -g  -c handlers.c -o handlers.o
gcc -std=gnu2x -I"/usr/local/lib/R/include" -DNDEBUG -DUSE_SSL -D_FILE_OFFSET_BITS=64 -I'/mnt/library/S4Vectors/include' -I'/mnt/library/IRanges/include' -I'/mnt/library/XVector/include' -I/usr/local/include    -fpic  -g -O2 -fstack-protector-strong -Wformat -Werror=format-security -Wdate-time -D_FORTIFY_SOURCE=2 -g  -c utils.c -o utils.o
gcc -std=gnu2x -I"/usr/local/lib/R/include" -DNDEBUG -DUSE_SSL -D_FILE_OFFSET_BITS=64 -I'/mnt/library/S4Vectors/include' -I'/mnt/library/IRanges/include' -I'/mnt/library/XVector/include' -I/usr/local/include    -fpic  -g -O2 -fstack-protector-strong -Wformat -Werror=format-security -Wdate-time -D_FORTIFY_SOURCE=2 -g  -c ucsc/memgfx.c -o ucsc/memgfx.o
gcc -std=gnu2x -I"/usr/local/lib/R/include" -DNDEBUG -DUSE_SSL -D_FILE_OFFSET_BITS=64 -I'/mnt/library/S4Vectors/include' -I'/mnt/library/IRanges/include' -I'/mnt/library/XVector/include' -I/usr/local/include    -fpic  -g -O2 -fstack-protector-strong -Wformat -Werror=format-security -Wdate-time -D_FORTIFY_SOURCE=2 -g  -c ucsc/binRange.c -o ucsc/binRange.o
gcc -std=gnu2x -I"/usr/local/lib/R/include" -DNDEBUG -DUSE_SSL -D_FILE_OFFSET_BITS=64 -I'/mnt/library/S4Vectors/include' -I'/mnt/library/IRanges/include' -I'/mnt/library/XVector/include' -I/usr/local/include    -fpic  -g -O2 -fstack-protector-strong -Wformat -Werror=format-security -Wdate-time -D_FORTIFY_SOURCE=2 -g  -c ucsc/htmlColor.c -o ucsc/htmlColor.o
gcc -std=gnu2x -I"/usr/local/lib/R/include" -DNDEBUG -DUSE_SSL -D_FILE_OFFSET_BITS=64 -I'/mnt/library/S4Vectors/include' -I'/mnt/library/IRanges/include' -I'/mnt/library/XVector/include' -I/usr/local/include    -fpic  -g -O2 -fstack-protector-strong -Wformat -Werror=format-security -Wdate-time -D_FORTIFY_SOURCE=2 -g  -c ucsc/sqlList.c -o ucsc/sqlList.o
gcc -std=gnu2x -I"/usr/local/lib/R/include" -DNDEBUG -DUSE_SSL -D_FILE_OFFSET_BITS=64 -I'/mnt/library/S4Vectors/include' -I'/mnt/library/IRanges/include' -I'/mnt/library/XVector/include' -I/usr/local/include    -fpic  -g -O2 -fstack-protector-strong -Wformat -Werror=format-security -Wdate-time -D_FORTIFY_SOURCE=2 -g  -c ucsc/tokenizer.c -o ucsc/tokenizer.o
gcc -std=gnu2x -I"/usr/local/lib/R/include" -DNDEBUG -DUSE_SSL -D_FILE_OFFSET_BITS=64 -I'/mnt/library/S4Vectors/include' -I'/mnt/library/IRanges/include' -I'/mnt/library/XVector/include' -I/usr/local/include    -fpic  -g -O2 -fstack-protector-strong -Wformat -Werror=format-security -Wdate-time -D_FORTIFY_SOURCE=2 -g  -c ucsc/asParse.c -o ucsc/asParse.o
gcc -std=gnu2x -I"/usr/local/lib/R/include" -DNDEBUG -DUSE_SSL -D_FILE_OFFSET_BITS=64 -I'/mnt/library/S4Vectors/include' -I'/mnt/library/IRanges/include' -I'/mnt/library/XVector/include' -I/usr/local/include    -fpic  -g -O2 -fstack-protector-strong -Wformat -Werror=format-security -Wdate-time -D_FORTIFY_SOURCE=2 -g  -c ucsc/basicBed.c -o ucsc/basicBed.o
gcc -std=gnu2x -I"/usr/local/lib/R/include" -DNDEBUG -DUSE_SSL -D_FILE_OFFSET_BITS=64 -I'/mnt/library/S4Vectors/include' -I'/mnt/library/IRanges/include' -I'/mnt/library/XVector/include' -I/usr/local/include    -fpic  -g -O2 -fstack-protector-strong -Wformat -Werror=format-security -Wdate-time -D_FORTIFY_SOURCE=2 -g  -c ucsc/bigBed.c -o ucsc/bigBed.o
gcc -std=gnu2x -I"/usr/local/lib/R/include" -DNDEBUG -DUSE_SSL -D_FILE_OFFSET_BITS=64 -I'/mnt/library/S4Vectors/include' -I'/mnt/library/IRanges/include' -I'/mnt/library/XVector/include' -I/usr/local/include    -fpic  -g -O2 -fstack-protector-strong -Wformat -Werror=format-security -Wdate-time -D_FORTIFY_SOURCE=2 -g  -c ucsc/bPlusTree.c -o ucsc/bPlusTree.o
gcc -std=gnu2x -I"/usr/local/lib/R/include" -DNDEBUG -DUSE_SSL -D_FILE_OFFSET_BITS=64 -I'/mnt/library/S4Vectors/include' -I'/mnt/library/IRanges/include' -I'/mnt/library/XVector/include' -I/usr/local/include    -fpic  -g -O2 -fstack-protector-strong -Wformat -Werror=format-security -Wdate-time -D_FORTIFY_SOURCE=2 -g  -c ucsc/bbiRead.c -o ucsc/bbiRead.o
gcc -std=gnu2x -I"/usr/local/lib/R/include" -DNDEBUG -DUSE_SSL -D_FILE_OFFSET_BITS=64 -I'/mnt/library/S4Vectors/include' -I'/mnt/library/IRanges/include' -I'/mnt/library/XVector/include' -I/usr/local/include    -fpic  -g -O2 -fstack-protector-strong -Wformat -Werror=format-security -Wdate-time -D_FORTIFY_SOURCE=2 -g  -c ucsc/bbiWrite.c -o ucsc/bbiWrite.o
gcc -std=gnu2x -I"/usr/local/lib/R/include" -DNDEBUG -DUSE_SSL -D_FILE_OFFSET_BITS=64 -I'/mnt/library/S4Vectors/include' -I'/mnt/library/IRanges/include' -I'/mnt/library/XVector/include' -I/usr/local/include    -fpic  -g -O2 -fstack-protector-strong -Wformat -Werror=format-security -Wdate-time -D_FORTIFY_SOURCE=2 -g  -c ucsc/bwgCreate.c -o ucsc/bwgCreate.o
gcc -std=gnu2x -I"/usr/local/lib/R/include" -DNDEBUG -DUSE_SSL -D_FILE_OFFSET_BITS=64 -I'/mnt/library/S4Vectors/include' -I'/mnt/library/IRanges/include' -I'/mnt/library/XVector/include' -I/usr/local/include    -fpic  -g -O2 -fstack-protector-strong -Wformat -Werror=format-security -Wdate-time -D_FORTIFY_SOURCE=2 -g  -c ucsc/bwgQuery.c -o ucsc/bwgQuery.o
gcc -std=gnu2x -I"/usr/local/lib/R/include" -DNDEBUG -DUSE_SSL -D_FILE_OFFSET_BITS=64 -I'/mnt/library/S4Vectors/include' -I'/mnt/library/IRanges/include' -I'/mnt/library/XVector/include' -I/usr/local/include    -fpic  -g -O2 -fstack-protector-strong -Wformat -Werror=format-security -Wdate-time -D_FORTIFY_SOURCE=2 -g  -c ucsc/cirTree.c -o ucsc/cirTree.o
gcc -std=gnu2x -I"/usr/local/lib/R/include" -DNDEBUG -DUSE_SSL -D_FILE_OFFSET_BITS=64 -I'/mnt/library/S4Vectors/include' -I'/mnt/library/IRanges/include' -I'/mnt/library/XVector/include' -I/usr/local/include    -fpic  -g -O2 -fstack-protector-strong -Wformat -Werror=format-security -Wdate-time -D_FORTIFY_SOURCE=2 -g  -c ucsc/common.c -o ucsc/common.o
gcc -std=gnu2x -I"/usr/local/lib/R/include" -DNDEBUG -DUSE_SSL -D_FILE_OFFSET_BITS=64 -I'/mnt/library/S4Vectors/include' -I'/mnt/library/IRanges/include' -I'/mnt/library/XVector/include' -I/usr/local/include    -fpic  -g -O2 -fstack-protector-strong -Wformat -Werror=format-security -Wdate-time -D_FORTIFY_SOURCE=2 -g  -c ucsc/dnaseq.c -o ucsc/dnaseq.o
gcc -std=gnu2x -I"/usr/local/lib/R/include" -DNDEBUG -DUSE_SSL -D_FILE_OFFSET_BITS=64 -I'/mnt/library/S4Vectors/include' -I'/mnt/library/IRanges/include' -I'/mnt/library/XVector/include' -I/usr/local/include    -fpic  -g -O2 -fstack-protector-strong -Wformat -Werror=format-security -Wdate-time -D_FORTIFY_SOURCE=2 -g  -c ucsc/dnautil.c -o ucsc/dnautil.o
gcc -std=gnu2x -I"/usr/local/lib/R/include" -DNDEBUG -DUSE_SSL -D_FILE_OFFSET_BITS=64 -I'/mnt/library/S4Vectors/include' -I'/mnt/library/IRanges/include' -I'/mnt/library/XVector/include' -I/usr/local/include    -fpic  -g -O2 -fstack-protector-strong -Wformat -Werror=format-security -Wdate-time -D_FORTIFY_SOURCE=2 -g  -c ucsc/errAbort.c -o ucsc/errAbort.o
gcc -std=gnu2x -I"/usr/local/lib/R/include" -DNDEBUG -DUSE_SSL -D_FILE_OFFSET_BITS=64 -I'/mnt/library/S4Vectors/include' -I'/mnt/library/IRanges/include' -I'/mnt/library/XVector/include' -I/usr/local/include    -fpic  -g -O2 -fstack-protector-strong -Wformat -Werror=format-security -Wdate-time -D_FORTIFY_SOURCE=2 -g  -c ucsc/hash.c -o ucsc/hash.o
gcc -std=gnu2x -I"/usr/local/lib/R/include" -DNDEBUG -DUSE_SSL -D_FILE_OFFSET_BITS=64 -I'/mnt/library/S4Vectors/include' -I'/mnt/library/IRanges/include' -I'/mnt/library/XVector/include' -I/usr/local/include    -fpic  -g -O2 -fstack-protector-strong -Wformat -Werror=format-security -Wdate-time -D_FORTIFY_SOURCE=2 -g  -c ucsc/linefile.c -o ucsc/linefile.o
gcc -std=gnu2x -I"/usr/local/lib/R/include" -DNDEBUG -DUSE_SSL -D_FILE_OFFSET_BITS=64 -I'/mnt/library/S4Vectors/include' -I'/mnt/library/IRanges/include' -I'/mnt/library/XVector/include' -I/usr/local/include    -fpic  -g -O2 -fstack-protector-strong -Wformat -Werror=format-security -Wdate-time -D_FORTIFY_SOURCE=2 -g  -c ucsc/localmem.c -o ucsc/localmem.o
gcc -std=gnu2x -I"/usr/local/lib/R/include" -DNDEBUG -DUSE_SSL -D_FILE_OFFSET_BITS=64 -I'/mnt/library/S4Vectors/include' -I'/mnt/library/IRanges/include' -I'/mnt/library/XVector/include' -I/usr/local/include    -fpic  -g -O2 -fstack-protector-strong -Wformat -Werror=format-security -Wdate-time -D_FORTIFY_SOURCE=2 -g  -c ucsc/sqlNum.c -o ucsc/sqlNum.o
gcc -std=gnu2x -I"/usr/local/lib/R/include" -DNDEBUG -DUSE_SSL -D_FILE_OFFSET_BITS=64 -I'/mnt/library/S4Vectors/include' -I'/mnt/library/IRanges/include' -I'/mnt/library/XVector/include' -I/usr/local/include    -fpic  -g -O2 -fstack-protector-strong -Wformat -Werror=format-security -Wdate-time -D_FORTIFY_SOURCE=2 -g  -c ucsc/zlibFace.c -o ucsc/zlibFace.o
gcc -std=gnu2x -I"/usr/local/lib/R/include" -DNDEBUG -DUSE_SSL -D_FILE_OFFSET_BITS=64 -I'/mnt/library/S4Vectors/include' -I'/mnt/library/IRanges/include' -I'/mnt/library/XVector/include' -I/usr/local/include    -fpic  -g -O2 -fstack-protector-strong -Wformat -Werror=format-security -Wdate-time -D_FORTIFY_SOURCE=2 -g  -c ucsc/dystring.c -o ucsc/dystring.o
gcc -std=gnu2x -I"/usr/local/lib/R/include" -DNDEBUG -DUSE_SSL -D_FILE_OFFSET_BITS=64 -I'/mnt/library/S4Vectors/include' -I'/mnt/library/IRanges/include' -I'/mnt/library/XVector/include' -I/usr/local/include    -fpic  -g -O2 -fstack-protector-strong -Wformat -Werror=format-security -Wdate-time -D_FORTIFY_SOURCE=2 -g  -c ucsc/hmmstats.c -o ucsc/hmmstats.o
gcc -std=gnu2x -I"/usr/local/lib/R/include" -DNDEBUG -DUSE_SSL -D_FILE_OFFSET_BITS=64 -I'/mnt/library/S4Vectors/include' -I'/mnt/library/IRanges/include' -I'/mnt/library/XVector/include' -I/usr/local/include    -fpic  -g -O2 -fstack-protector-strong -Wformat -Werror=format-security -Wdate-time -D_FORTIFY_SOURCE=2 -g  -c ucsc/obscure.c -o ucsc/obscure.o
gcc -std=gnu2x -I"/usr/local/lib/R/include" -DNDEBUG -DUSE_SSL -D_FILE_OFFSET_BITS=64 -I'/mnt/library/S4Vectors/include' -I'/mnt/library/IRanges/include' -I'/mnt/library/XVector/include' -I/usr/local/include    -fpic  -g -O2 -fstack-protector-strong -Wformat -Werror=format-security -Wdate-time -D_FORTIFY_SOURCE=2 -g  -c ucsc/rangeTree.c -o ucsc/rangeTree.o
gcc -std=gnu2x -I"/usr/local/lib/R/include" -DNDEBUG -DUSE_SSL -D_FILE_OFFSET_BITS=64 -I'/mnt/library/S4Vectors/include' -I'/mnt/library/IRanges/include' -I'/mnt/library/XVector/include' -I/usr/local/include    -fpic  -g -O2 -fstack-protector-strong -Wformat -Werror=format-security -Wdate-time -D_FORTIFY_SOURCE=2 -g  -c ucsc/rbTree.c -o ucsc/rbTree.o
gcc -std=gnu2x -I"/usr/local/lib/R/include" -DNDEBUG -DUSE_SSL -D_FILE_OFFSET_BITS=64 -I'/mnt/library/S4Vectors/include' -I'/mnt/library/IRanges/include' -I'/mnt/library/XVector/include' -I/usr/local/include    -fpic  -g -O2 -fstack-protector-strong -Wformat -Werror=format-security -Wdate-time -D_FORTIFY_SOURCE=2 -g  -c ucsc/memalloc.c -o ucsc/memalloc.o
gcc -std=gnu2x -I"/usr/local/lib/R/include" -DNDEBUG -DUSE_SSL -D_FILE_OFFSET_BITS=64 -I'/mnt/library/S4Vectors/include' -I'/mnt/library/IRanges/include' -I'/mnt/library/XVector/include' -I/usr/local/include    -fpic  -g -O2 -fstack-protector-strong -Wformat -Werror=format-security -Wdate-time -D_FORTIFY_SOURCE=2 -g  -c ucsc/dlist.c -o ucsc/dlist.o
gcc -std=gnu2x -I"/usr/local/lib/R/include" -DNDEBUG -DUSE_SSL -D_FILE_OFFSET_BITS=64 -I'/mnt/library/S4Vectors/include' -I'/mnt/library/IRanges/include' -I'/mnt/library/XVector/include' -I/usr/local/include    -fpic  -g -O2 -fstack-protector-strong -Wformat -Werror=format-security -Wdate-time -D_FORTIFY_SOURCE=2 -g  -c ucsc/filePath.c -o ucsc/filePath.o
gcc -std=gnu2x -I"/usr/local/lib/R/include" -DNDEBUG -DUSE_SSL -D_FILE_OFFSET_BITS=64 -I'/mnt/library/S4Vectors/include' -I'/mnt/library/IRanges/include' -I'/mnt/library/XVector/include' -I/usr/local/include    -fpic  -g -O2 -fstack-protector-strong -Wformat -Werror=format-security -Wdate-time -D_FORTIFY_SOURCE=2 -g  -c ucsc/htmlPage.c -o ucsc/htmlPage.o
gcc -std=gnu2x -I"/usr/local/lib/R/include" -DNDEBUG -DUSE_SSL -D_FILE_OFFSET_BITS=64 -I'/mnt/library/S4Vectors/include' -I'/mnt/library/IRanges/include' -I'/mnt/library/XVector/include' -I/usr/local/include    -fpic  -g -O2 -fstack-protector-strong -Wformat -Werror=format-security -Wdate-time -D_FORTIFY_SOURCE=2 -g  -c ucsc/udc.c -o ucsc/udc.o
gcc -std=gnu2x -I"/usr/local/lib/R/include" -DNDEBUG -DUSE_SSL -D_FILE_OFFSET_BITS=64 -I'/mnt/library/S4Vectors/include' -I'/mnt/library/IRanges/include' -I'/mnt/library/XVector/include' -I/usr/local/include    -fpic  -g -O2 -fstack-protector-strong -Wformat -Werror=format-security -Wdate-time -D_FORTIFY_SOURCE=2 -g  -c ucsc/net.c -o ucsc/net.o
gcc -std=gnu2x -I"/usr/local/lib/R/include" -DNDEBUG -DUSE_SSL -D_FILE_OFFSET_BITS=64 -I'/mnt/library/S4Vectors/include' -I'/mnt/library/IRanges/include' -I'/mnt/library/XVector/include' -I/usr/local/include    -fpic  -g -O2 -fstack-protector-strong -Wformat -Werror=format-security -Wdate-time -D_FORTIFY_SOURCE=2 -g  -c ucsc/bits.c -o ucsc/bits.o
gcc -std=gnu2x -I"/usr/local/lib/R/include" -DNDEBUG -DUSE_SSL -D_FILE_OFFSET_BITS=64 -I'/mnt/library/S4Vectors/include' -I'/mnt/library/IRanges/include' -I'/mnt/library/XVector/include' -I/usr/local/include    -fpic  -g -O2 -fstack-protector-strong -Wformat -Werror=format-security -Wdate-time -D_FORTIFY_SOURCE=2 -g  -c ucsc/twoBit.c -o ucsc/twoBit.o
gcc -std=gnu2x -I"/usr/local/lib/R/include" -DNDEBUG -DUSE_SSL -D_FILE_OFFSET_BITS=64 -I'/mnt/library/S4Vectors/include' -I'/mnt/library/IRanges/include' -I'/mnt/library/XVector/include' -I/usr/local/include    -fpic  -g -O2 -fstack-protector-strong -Wformat -Werror=format-security -Wdate-time -D_FORTIFY_SOURCE=2 -g  -c ucsc/_cheapcgi.c -o ucsc/_cheapcgi.o
gcc -std=gnu2x -I"/usr/local/lib/R/include" -DNDEBUG -DUSE_SSL -D_FILE_OFFSET_BITS=64 -I'/mnt/library/S4Vectors/include' -I'/mnt/library/IRanges/include' -I'/mnt/library/XVector/include' -I/usr/local/include    -fpic  -g -O2 -fstack-protector-strong -Wformat -Werror=format-security -Wdate-time -D_FORTIFY_SOURCE=2 -g  -c ucsc/https.c -o ucsc/https.o
gcc -std=gnu2x -I"/usr/local/lib/R/include" -DNDEBUG -DUSE_SSL -D_FILE_OFFSET_BITS=64 -I'/mnt/library/S4Vectors/include' -I'/mnt/library/IRanges/include' -I'/mnt/library/XVector/include' -I/usr/local/include    -fpic  -g -O2 -fstack-protector-strong -Wformat -Werror=format-security -Wdate-time -D_FORTIFY_SOURCE=2 -g  -c ucsc/base64.c -o ucsc/base64.o
gcc -std=gnu2x -I"/usr/local/lib/R/include" -DNDEBUG -DUSE_SSL -D_FILE_OFFSET_BITS=64 -I'/mnt/library/S4Vectors/include' -I'/mnt/library/IRanges/include' -I'/mnt/library/XVector/include' -I/usr/local/include    -fpic  -g -O2 -fstack-protector-strong -Wformat -Werror=format-security -Wdate-time -D_FORTIFY_SOURCE=2 -g  -c ucsc/verbose.c -o ucsc/verbose.o
gcc -std=gnu2x -I"/usr/local/lib/R/include" -DNDEBUG -DUSE_SSL -D_FILE_OFFSET_BITS=64 -I'/mnt/library/S4Vectors/include' -I'/mnt/library/IRanges/include' -I'/mnt/library/XVector/include' -I/usr/local/include    -fpic  -g -O2 -fstack-protector-strong -Wformat -Werror=format-security -Wdate-time -D_FORTIFY_SOURCE=2 -g  -c ucsc/os.c -o ucsc/os.o
gcc -std=gnu2x -I"/usr/local/lib/R/include" -DNDEBUG -DUSE_SSL -D_FILE_OFFSET_BITS=64 -I'/mnt/library/S4Vectors/include' -I'/mnt/library/IRanges/include' -I'/mnt/library/XVector/include' -I/usr/local/include    -fpic  -g -O2 -fstack-protector-strong -Wformat -Werror=format-security -Wdate-time -D_FORTIFY_SOURCE=2 -g  -c ucsc/wildcmp.c -o ucsc/wildcmp.o
gcc -std=gnu2x -I"/usr/local/lib/R/include" -DNDEBUG -DUSE_SSL -D_FILE_OFFSET_BITS=64 -I'/mnt/library/S4Vectors/include' -I'/mnt/library/IRanges/include' -I'/mnt/library/XVector/include' -I/usr/local/include    -fpic  -g -O2 -fstack-protector-strong -Wformat -Werror=format-security -Wdate-time -D_FORTIFY_SOURCE=2 -g  -c ucsc/_portimpl.c -o ucsc/_portimpl.o
gcc -std=gnu2x -shared -L/usr/local/lib/R/lib -L/usr/local/lib -o rtracklayer.so S4Vectors_stubs.o IRanges_stubs.o XVector_stubs.o R_init_rtracklayer.o readGFF.o bbiHelper.o bigWig.o bigBedHelper.o bigBed.o chain_io.o twoBit.o handlers.o utils.o ucsc/memgfx.o ucsc/binRange.o ucsc/htmlColor.o ucsc/sqlList.o ucsc/tokenizer.o ucsc/asParse.o ucsc/basicBed.o ucsc/bigBed.o ucsc/bPlusTree.o ucsc/bbiRead.o ucsc/bbiWrite.o ucsc/bwgCreate.o ucsc/bwgQuery.o ucsc/cirTree.o ucsc/common.o ucsc/dnaseq.o ucsc/dnautil.o ucsc/errAbort.o ucsc/hash.o ucsc/linefile.o ucsc/localmem.o ucsc/sqlNum.o ucsc/zlibFace.o ucsc/dystring.o ucsc/hmmstats.o ucsc/obscure.o ucsc/rangeTree.o ucsc/rbTree.o ucsc/memalloc.o ucsc/dlist.o ucsc/filePath.o ucsc/htmlPage.o ucsc/udc.o ucsc/net.o ucsc/bits.o ucsc/twoBit.o ucsc/_cheapcgi.o ucsc/https.o ucsc/base64.o ucsc/verbose.o ucsc/os.o ucsc/wildcmp.o ucsc/_portimpl.o -lz -pthread -lssl -lcrypto -lcurl -L/usr/local/lib/R/lib -lR
installing to /tmp/library/00LOCK-rtracklayer/00new/rtracklayer/libs
** R
** data
** demo
** inst
** byte-compile and prepare package for lazy loading
Creating a generic function for ‘offset’ from package ‘stats’ in package ‘rtracklayer’
** help
*** installing help indices
** building package indices
** installing vignettes
** testing if installed package can be loaded from temporary location
** checking absolute paths in shared objects and dynamic libraries
** testing if installed package can be loaded from final location
** testing if installed package keeps a record of temporary installation path
* SHA256 sums
* creating tarball
packaged installation of ‘rtracklayer’ as ‘rtracklayer_1.73.0_R_x86_64-pc-linux-gnu.tar.gz’
* DONE (rtracklayer)
* installing *binary* package ‘parameters’ ...
* package ‘parameters’ successfully unpacked and SHA256 sums checked
* ‘parameters’ was already a binary package and will not be rebuilt
* SHA256 sums
* creating tarball
packaged installation of ‘parameters’ as ‘parameters_0.29.2_R_x86_64-pc-linux-gnu.tar.gz’
* DONE (parameters)
* installing *binary* package ‘performance’ ...
* package ‘performance’ successfully unpacked and SHA256 sums checked
* ‘performance’ was already a binary package and will not be rebuilt
* SHA256 sums
* creating tarball
packaged installation of ‘performance’ as ‘performance_0.17.1_R_x86_64-pc-linux-gnu.tar.gz’
* DONE (performance)
* installing *source* package ‘enrichplot’ ...
** this is package ‘enrichplot’ version ‘1.33.0’
** package ‘enrichplot’ successfully unpacked and MD5 sums checked
** using staged installation
** R
** inst
** byte-compile and prepare package for lazy loading

 *** caught segfault ***
address 0x6e50, cause 'memory not mapped'
An irrecoverable exception occurred. R is aborting now ...
Segmentation fault (core dumped)
ERROR: lazy loading failed for package ‘enrichplot’
* removing ‘/tmp/library/enrichplot’
* installing *source* package ‘bluster’ ...
** this is package ‘bluster’ version ‘1.23.0’
** package ‘bluster’ successfully unpacked and MD5 sums checked
** using staged installation
** libs
specified C++17
using C++ compiler: ‘g++ (Ubuntu 13.3.0-6ubuntu2~24.04.1) 13.3.0’
using C++17
g++ -std=gnu++17 -I"/usr/local/lib/R/include" -DNDEBUG  -I'/usr/local/lib/R/site-library/Rcpp/include' -I'/tmp/library/assorthead/include' -I/usr/local/include    -fpic  -g -O2 -fstack-protector-strong -Wformat -Werror=format-security -Wdate-time -D_FORTIFY_SOURCE=2 -g   -c RcppExports.cpp -o RcppExports.o
g++ -std=gnu++17 -I"/usr/local/lib/R/include" -DNDEBUG  -I'/usr/local/lib/R/site-library/Rcpp/include' -I'/tmp/library/assorthead/include' -I/usr/local/include    -fpic  -g -O2 -fstack-protector-strong -Wformat -Werror=format-security -Wdate-time -D_FORTIFY_SOURCE=2 -g   -c build_snn.cpp -o build_snn.o
g++ -std=gnu++17 -I"/usr/local/lib/R/include" -DNDEBUG  -I'/usr/local/lib/R/site-library/Rcpp/include' -I'/tmp/library/assorthead/include' -I/usr/local/include    -fpic  -g -O2 -fstack-protector-strong -Wformat -Werror=format-security -Wdate-time -D_FORTIFY_SOURCE=2 -g   -c sum_neighbor_weights.cpp -o sum_neighbor_weights.o
g++ -std=gnu++17 -shared -L/usr/local/lib/R/lib -L/usr/local/lib -o bluster.so RcppExports.o build_snn.o sum_neighbor_weights.o -L/usr/local/lib/R/lib -lR
installing to /tmp/library/00LOCK-bluster/00new/bluster/libs
** R
** inst
** byte-compile and prepare package for lazy loading
** help
*** installing help indices
** building package indices
** installing vignettes
** testing if installed package can be loaded from temporary location
** checking absolute paths in shared objects and dynamic libraries
** testing if installed package can be loaded from final location
** testing if installed package keeps a record of temporary installation path
* SHA256 sums
* creating tarball
packaged installation of ‘bluster’ as ‘bluster_1.23.0_R_x86_64-pc-linux-gnu.tar.gz’
* DONE (bluster)
* installing *binary* package ‘survAUC’ ...
* package ‘survAUC’ successfully unpacked and SHA256 sums checked
* ‘survAUC’ was already a binary package and will not be rebuilt
* SHA256 sums
* creating tarball
packaged installation of ‘survAUC’ as ‘survAUC_1.4-0_R_x86_64-pc-linux-gnu.tar.gz’
* DONE (survAUC)
* installing *binary* package ‘tidyverse’ ...
* package ‘tidyverse’ successfully unpacked and SHA256 sums checked
* ‘tidyverse’ was already a binary package and will not be rebuilt
* SHA256 sums
* creating tarball
packaged installation of ‘tidyverse’ as ‘tidyverse_2.0.0_R_x86_64-pc-linux-gnu.tar.gz’
* DONE (tidyverse)
* installing *source* package ‘GenomicFeatures’ ...
** this is package ‘GenomicFeatures’ version ‘1.65.0’
** package ‘GenomicFeatures’ successfully unpacked and MD5 sums checked
** using staged installation
** libs
using C compiler: ‘gcc (Ubuntu 13.3.0-6ubuntu2~24.04.1) 13.3.0’
gcc -std=gnu2x -I"/usr/local/lib/R/include" -DNDEBUG  -I'/mnt/library/S4Vectors/include' -I'/mnt/library/IRanges/include' -I/usr/local/include    -fpic  -g -O2 -fstack-protector-strong -Wformat -Werror=format-security -Wdate-time -D_FORTIFY_SOURCE=2 -g  -c IRanges_stubs.c -o IRanges_stubs.o
gcc -std=gnu2x -I"/usr/local/lib/R/include" -DNDEBUG  -I'/mnt/library/S4Vectors/include' -I'/mnt/library/IRanges/include' -I/usr/local/include    -fpic  -g -O2 -fstack-protector-strong -Wformat -Werror=format-security -Wdate-time -D_FORTIFY_SOURCE=2 -g  -c R_init_GenomicFeatures.c -o R_init_GenomicFeatures.o
gcc -std=gnu2x -I"/usr/local/lib/R/include" -DNDEBUG  -I'/mnt/library/S4Vectors/include' -I'/mnt/library/IRanges/include' -I/usr/local/include    -fpic  -g -O2 -fstack-protector-strong -Wformat -Werror=format-security -Wdate-time -D_FORTIFY_SOURCE=2 -g  -c S4Vectors_stubs.c -o S4Vectors_stubs.o
gcc -std=gnu2x -I"/usr/local/lib/R/include" -DNDEBUG  -I'/mnt/library/S4Vectors/include' -I'/mnt/library/IRanges/include' -I/usr/local/include    -fpic  -g -O2 -fstack-protector-strong -Wformat -Werror=format-security -Wdate-time -D_FORTIFY_SOURCE=2 -g  -c transcriptLocs2refLocs.c -o transcriptLocs2refLocs.o
gcc -std=gnu2x -shared -L/usr/local/lib/R/lib -L/usr/local/lib -o GenomicFeatures.so IRanges_stubs.o R_init_GenomicFeatures.o S4Vectors_stubs.o transcriptLocs2refLocs.o -L/usr/local/lib/R/lib -lR
installing to /tmp/library/00LOCK-GenomicFeatures/00new/GenomicFeatures/libs
** R
** inst
** byte-compile and prepare package for lazy loading
** help
*** installing help indices
** building package indices
** installing vignettes
** testing if installed package can be loaded from temporary location
** checking absolute paths in shared objects and dynamic libraries
** testing if installed package can be loaded from final location
** testing if installed package keeps a record of temporary installation path
* SHA256 sums
* creating tarball
packaged installation of ‘GenomicFeatures’ as ‘GenomicFeatures_1.65.0_R_x86_64-pc-linux-gnu.tar.gz’
* DONE (GenomicFeatures)
* installing *binary* package ‘dotwhisker’ ...
* package ‘dotwhisker’ successfully unpacked and SHA256 sums checked
* ‘dotwhisker’ was already a binary package and will not be rebuilt
* SHA256 sums
* creating tarball
packaged installation of ‘dotwhisker’ as ‘dotwhisker_0.8.6_R_x86_64-pc-linux-gnu.tar.gz’
* DONE (dotwhisker)
* installing *source* package ‘clusterProfiler’ ...
** this is package ‘clusterProfiler’ version ‘4.21.0’
** package ‘clusterProfiler’ successfully unpacked and MD5 sums checked
** using staged installation
** R
** data
** inst
** byte-compile and prepare package for lazy loading
** help
*** installing help indices
** building package indices
** installing vignettes
** testing if installed package can be loaded from temporary location
** testing if installed package can be loaded from final location
** testing if installed package keeps a record of temporary installation path
* SHA256 sums
* creating tarball
packaged installation of ‘clusterProfiler’ as ‘clusterProfiler_4.21.0_R_x86_64-pc-linux-gnu.tar.gz’
* DONE (clusterProfiler)
Warning: SystemRequirements specified C++11: support has been removed
* installing *source* package ‘scran’ ...
** this is package ‘scran’ version ‘1.41.1’
** package ‘scran’ successfully unpacked and MD5 sums checked
** using staged installation
** libs
specified C++11
using C++ compiler: ‘g++ (Ubuntu 13.3.0-6ubuntu2~24.04.1) 13.3.0’
g++ -std=gnu++20 -I"/usr/local/lib/R/include" -DNDEBUG  -I'/usr/local/lib/R/site-library/Rcpp/include' -I'/tmp/library/beachmat/include' -I'/mnt/library/BH/include' -I'/tmp/library/dqrng/include' -I'/tmp/library/scuttle/include' -I/usr/local/include    -fpic  -g -O2 -fstack-protector-strong -Wformat -Werror=format-security -Wdate-time -D_FORTIFY_SOURCE=2 -g   -c RcppExports.cpp -o RcppExports.o
g++ -std=gnu++20 -I"/usr/local/lib/R/include" -DNDEBUG  -I'/usr/local/lib/R/site-library/Rcpp/include' -I'/tmp/library/beachmat/include' -I'/mnt/library/BH/include' -I'/tmp/library/dqrng/include' -I'/tmp/library/scuttle/include' -I/usr/local/include    -fpic  -g -O2 -fstack-protector-strong -Wformat -Werror=format-security -Wdate-time -D_FORTIFY_SOURCE=2 -g   -c choose_effect_size.cpp -o choose_effect_size.o
g++ -std=gnu++20 -I"/usr/local/lib/R/include" -DNDEBUG  -I'/usr/local/lib/R/site-library/Rcpp/include' -I'/tmp/library/beachmat/include' -I'/mnt/library/BH/include' -I'/tmp/library/dqrng/include' -I'/tmp/library/scuttle/include' -I/usr/local/include    -fpic  -g -O2 -fstack-protector-strong -Wformat -Werror=format-security -Wdate-time -D_FORTIFY_SOURCE=2 -g   -c combine_rho.cpp -o combine_rho.o
g++ -std=gnu++20 -I"/usr/local/lib/R/include" -DNDEBUG  -I'/usr/local/lib/R/site-library/Rcpp/include' -I'/tmp/library/beachmat/include' -I'/mnt/library/BH/include' -I'/tmp/library/dqrng/include' -I'/tmp/library/scuttle/include' -I/usr/local/include    -fpic  -g -O2 -fstack-protector-strong -Wformat -Werror=format-security -Wdate-time -D_FORTIFY_SOURCE=2 -g   -c compute_blocked_stats.cpp -o compute_blocked_stats.o
g++ -std=gnu++20 -I"/usr/local/lib/R/include" -DNDEBUG  -I'/usr/local/lib/R/site-library/Rcpp/include' -I'/tmp/library/beachmat/include' -I'/mnt/library/BH/include' -I'/tmp/library/dqrng/include' -I'/tmp/library/scuttle/include' -I/usr/local/include    -fpic  -g -O2 -fstack-protector-strong -Wformat -Werror=format-security -Wdate-time -D_FORTIFY_SOURCE=2 -g   -c compute_residual_stats.cpp -o compute_residual_stats.o
g++ -std=gnu++20 -I"/usr/local/lib/R/include" -DNDEBUG  -I'/usr/local/lib/R/site-library/Rcpp/include' -I'/tmp/library/beachmat/include' -I'/mnt/library/BH/include' -I'/tmp/library/dqrng/include' -I'/tmp/library/scuttle/include' -I/usr/local/include    -fpic  -g -O2 -fstack-protector-strong -Wformat -Werror=format-security -Wdate-time -D_FORTIFY_SOURCE=2 -g   -c compute_rho_null.cpp -o compute_rho_null.o
In file included from /mnt/library/BH/include/boost/range/algorithm.hpp:64,
                 from compute_rho_null.cpp:5:
/mnt/library/BH/include/boost/range/algorithm/random_shuffle.hpp: In instantiation of ‘RandomAccessRange& boost::range::random_shuffle(RandomAccessRange&, Generator&) [with RandomAccessRange = std::vector<int>; Generator = pcg_detail::engine<unsigned int, long unsigned int, pcg_detail::xsh_rr_mixin<unsigned int, long unsigned int>, true, pcg_detail::specific_stream<long unsigned int>, pcg_detail::default_multiplier<long unsigned int> >]’:
compute_rho_null.cpp:33:37:   required from here
/mnt/library/BH/include/boost/range/algorithm/random_shuffle.hpp:124:27: warning: ‘void std::random_shuffle(_RAIter, _RAIter, _Generator&&) [with _RAIter = __gnu_cxx::__normal_iterator<int*, vector<int> >; _Generator = pcg_detail::engine<unsigned int, long unsigned int, pcg_detail::xsh_rr_mixin<unsigned int, long unsigned int>, true, pcg_detail::specific_stream<long unsigned int>, pcg_detail::default_multiplier<long unsigned int> >&]’ is deprecated: use 'std::shuffle' instead [-Wdeprecated-declarations]
  124 |     detail::random_shuffle(boost::begin(rng), boost::end(rng), gen);
      |     ~~~~~~~~~~~~~~~~~~~~~~^~~~~~~~~~~~~~~~~~~~~~~~~~~~~~~~~~~~~~~~~
In file included from /usr/include/c++/13/functional:67,
                 from /usr/local/lib/R/site-library/Rcpp/include/RcppCommon.h:66,
                 from /usr/local/lib/R/site-library/Rcpp/include/Rcpp.h:27,
                 from compute_rho_null.cpp:1:
/usr/include/c++/13/bits/stl_algo.h:4620:5: note: declared here
 4620 |     random_shuffle(_RandomAccessIterator __first, _RandomAccessIterator __last,
      |     ^~~~~~~~~~~~~~
In file included from /mnt/library/BH/include/boost/concept/assert.hpp:35,
                 from /mnt/library/BH/include/boost/concept_check.hpp:20,
                 from /mnt/library/BH/include/boost/range/concepts.hpp:19,
                 from /mnt/library/BH/include/boost/range/algorithm.hpp:29:
/mnt/library/BH/include/boost/concept/detail/general.hpp: In instantiation of ‘static void boost::concepts::requirement<boost::concepts::failed************ Model::************>::failed() [with Model = boost::concepts::usage_requirements<boost::CopyConstructible<__gnu_cxx::__normal_iterator<int*, std::vector<int> > > >]’:
/mnt/library/BH/include/boost/concept_check.hpp:167:5:   required from ‘struct boost::CopyConstructible<__gnu_cxx::__normal_iterator<int*, std::vector<int> > >’
/mnt/library/BH/include/boost/range/concepts.hpp:127:16:   required from ‘struct boost::range_detail::IncrementableIteratorConcept<__gnu_cxx::__normal_iterator<int*, std::vector<int> > >’
/mnt/library/BH/include/boost/range/concepts.hpp:149:16:   required from ‘struct boost::range_detail::SinglePassIteratorConcept<__gnu_cxx::__normal_iterator<int*, std::vector<int> > >’
/mnt/library/BH/include/boost/concept/detail/has_constraints.hpp:32:62:   required by substitution of ‘template<class Model> boost::concepts::detail::yes boost::concepts::detail::has_constraints_(Model*, wrap_constraints<Model, (& Model::constraints)>*) [with Model = boost::range_detail::SinglePassIteratorConcept<__gnu_cxx::__normal_iterator<int*, std::vector<int> > >]’
/mnt/library/BH/include/boost/concept/detail/has_constraints.hpp:42:5:   required from ‘const bool boost::concepts::not_satisfied<boost::range_detail::SinglePassIteratorConcept<__gnu_cxx::__normal_iterator<int*, std::vector<int> > > >::value’
/mnt/library/BH/include/boost/concept/detail/has_constraints.hpp:45:51:   [ skipping 6 instantiation contexts, use -ftemplate-backtrace-limit=0 to disable ]
/mnt/library/BH/include/boost/concept/detail/has_constraints.hpp:32:62:   required by substitution of ‘template<class Model> boost::concepts::detail::yes boost::concepts::detail::has_constraints_(Model*, wrap_constraints<Model, (& Model::constraints)>*) [with Model = boost::RandomAccessRangeConcept<std::vector<int> >]’
/mnt/library/BH/include/boost/concept/detail/has_constraints.hpp:42:5:   required from ‘const bool boost::concepts::not_satisfied<boost::RandomAccessRangeConcept<std::vector<int> > >::value’
/mnt/library/BH/include/boost/concept/detail/has_constraints.hpp:45:51:   required from ‘struct boost::concepts::not_satisfied<boost::RandomAccessRangeConcept<std::vector<int> > >’
/mnt/library/BH/include/boost/concept/detail/general.hpp:72:8:   required from ‘struct boost::concepts::requirement_<void (*)(boost::RandomAccessRangeConcept<std::vector<int> >)>’
/mnt/library/BH/include/boost/range/algorithm/nth_element.hpp:33:5:   required from ‘RandomAccessRange& boost::range::random_shuffle(RandomAccessRange&, Generator&) [with RandomAccessRange = std::vector<int>; Generator = pcg_detail::engine<unsigned int, long unsigned int, pcg_detail::xsh_rr_mixin<unsigned int, long unsigned int>, true, pcg_detail::specific_stream<long unsigned int>, pcg_detail::default_multiplier<long unsigned int> >]’
compute_rho_null.cpp:33:37:   required from here
/mnt/library/BH/include/boost/concept/detail/general.hpp:50:47: warning: ‘this’ pointer is null [-Wnonnull]
   50 |     static void failed() { ((Model*)0)->~Model(); }
      |                            ~~~~~~~~~~~~~~~~~~~^~
In file included from /mnt/library/BH/include/boost/concept_check.hpp:31:
/mnt/library/BH/include/boost/concept/usage.hpp:20:5: note: in a call to non-static member function ‘boost::concepts::usage_requirements<Model>::~usage_requirements() [with Model = boost::CopyConstructible<__gnu_cxx::__normal_iterator<int*, std::vector<int> > >]’
   20 |     ~usage_requirements() { ((Model*)0)->~Model(); }
      |     ^
/mnt/library/BH/include/boost/concept/detail/general.hpp: In instantiation of ‘static void boost::concepts::requirement<boost::concepts::failed************ Model::************>::failed() [with Model = boost::concepts::usage_requirements<boost::Convertible<boost::iterators::random_access_traversal_tag, boost::iterators::incrementable_traversal_tag> >]’:
/mnt/library/BH/include/boost/concept_check.hpp:208:5:   required from ‘struct boost::Convertible<boost::iterators::random_access_traversal_tag, boost::iterators::incrementable_traversal_tag>’
/mnt/library/BH/include/boost/concept/detail/has_constraints.hpp:32:62:   required by substitution of ‘template<class Model> boost::concepts::detail::yes boost::concepts::detail::has_constraints_(Model*, wrap_constraints<Model, (& Model::constraints)>*) [with Model = boost::Convertible<boost::iterators::random_access_traversal_tag, boost::iterators::incrementable_traversal_tag>]’
/mnt/library/BH/include/boost/concept/detail/has_constraints.hpp:42:5:   required from ‘const bool boost::concepts::not_satisfied<boost::Convertible<boost::iterators::random_access_traversal_tag, boost::iterators::incrementable_traversal_tag> >::value’
/mnt/library/BH/include/boost/concept/detail/has_constraints.hpp:45:51:   required from ‘struct boost::concepts::not_satisfied<boost::Convertible<boost::iterators::random_access_traversal_tag, boost::iterators::incrementable_traversal_tag> >’
/mnt/library/BH/include/boost/concept/detail/general.hpp:72:8:   required from ‘struct boost::concepts::requirement_<void (*)(boost::Convertible<boost::iterators::random_access_traversal_tag, boost::iterators::incrementable_traversal_tag>)>’
/mnt/library/BH/include/boost/iterator/iterator_concepts.hpp:106:7:   [ skipping 10 instantiation contexts, use -ftemplate-backtrace-limit=0 to disable ]
/mnt/library/BH/include/boost/concept/detail/has_constraints.hpp:32:62:   required by substitution of ‘template<class Model> boost::concepts::detail::yes boost::concepts::detail::has_constraints_(Model*, wrap_constraints<Model, (& Model::constraints)>*) [with Model = boost::RandomAccessRangeConcept<std::vector<int> >]’
/mnt/library/BH/include/boost/concept/detail/has_constraints.hpp:42:5:   required from ‘const bool boost::concepts::not_satisfied<boost::RandomAccessRangeConcept<std::vector<int> > >::value’
/mnt/library/BH/include/boost/concept/detail/has_constraints.hpp:45:51:   required from ‘struct boost::concepts::not_satisfied<boost::RandomAccessRangeConcept<std::vector<int> > >’
/mnt/library/BH/include/boost/concept/detail/general.hpp:72:8:   required from ‘struct boost::concepts::requirement_<void (*)(boost::RandomAccessRangeConcept<std::vector<int> >)>’
/mnt/library/BH/include/boost/range/algorithm/nth_element.hpp:33:5:   required from ‘RandomAccessRange& boost::range::random_shuffle(RandomAccessRange&, Generator&) [with RandomAccessRange = std::vector<int>; Generator = pcg_detail::engine<unsigned int, long unsigned int, pcg_detail::xsh_rr_mixin<unsigned int, long unsigned int>, true, pcg_detail::specific_stream<long unsigned int>, pcg_detail::default_multiplier<long unsigned int> >]’
compute_rho_null.cpp:33:37:   required from here
/mnt/library/BH/include/boost/concept/detail/general.hpp:50:47: warning: ‘this’ pointer is null [-Wnonnull]
   50 |     static void failed() { ((Model*)0)->~Model(); }
      |                            ~~~~~~~~~~~~~~~~~~~^~
/mnt/library/BH/include/boost/concept/usage.hpp:20:5: note: in a call to non-static member function ‘boost::concepts::usage_requirements<Model>::~usage_requirements() [with Model = boost::Convertible<boost::iterators::random_access_traversal_tag, boost::iterators::incrementable_traversal_tag>]’
   20 |     ~usage_requirements() { ((Model*)0)->~Model(); }
      |     ^
/mnt/library/BH/include/boost/concept/detail/general.hpp: In instantiation of ‘static void boost::concepts::requirement<boost::concepts::failed************ Model::************>::failed() [with Model = boost::Convertible<boost::iterators::random_access_traversal_tag, boost::iterators::incrementable_traversal_tag>]’:
/mnt/library/BH/include/boost/iterator/iterator_concepts.hpp:106:7:   required from ‘struct boost::range_detail::IncrementableIteratorConcept<__gnu_cxx::__normal_iterator<int*, std::vector<int> > >’
/mnt/library/BH/include/boost/range/concepts.hpp:149:16:   required from ‘struct boost::range_detail::SinglePassIteratorConcept<__gnu_cxx::__normal_iterator<int*, std::vector<int> > >’
/mnt/library/BH/include/boost/concept/detail/has_constraints.hpp:32:62:   required by substitution of ‘template<class Model> boost::concepts::detail::yes boost::concepts::detail::has_constraints_(Model*, wrap_constraints<Model, (& Model::constraints)>*) [with Model = boost::range_detail::SinglePassIteratorConcept<__gnu_cxx::__normal_iterator<int*, std::vector<int> > >]’
/mnt/library/BH/include/boost/concept/detail/has_constraints.hpp:42:5:   required from ‘const bool boost::concepts::not_satisfied<boost::range_detail::SinglePassIteratorConcept<__gnu_cxx::__normal_iterator<int*, std::vector<int> > > >::value’
/mnt/library/BH/include/boost/concept/detail/has_constraints.hpp:45:51:   required from ‘struct boost::concepts::not_satisfied<boost::range_detail::SinglePassIteratorConcept<__gnu_cxx::__normal_iterator<int*, std::vector<int> > > >’
/mnt/library/BH/include/boost/concept/detail/general.hpp:72:8:   [ skipping 5 instantiation contexts, use -ftemplate-backtrace-limit=0 to disable ]
/mnt/library/BH/include/boost/concept/detail/has_constraints.hpp:32:62:   required by substitution of ‘template<class Model> boost::concepts::detail::yes boost::concepts::detail::has_constraints_(Model*, wrap_constraints<Model, (& Model::constraints)>*) [with Model = boost::RandomAccessRangeConcept<std::vector<int> >]’
/mnt/library/BH/include/boost/concept/detail/has_constraints.hpp:42:5:   required from ‘const bool boost::concepts::not_satisfied<boost::RandomAccessRangeConcept<std::vector<int> > >::value’
/mnt/library/BH/include/boost/concept/detail/has_constraints.hpp:45:51:   required from ‘struct boost::concepts::not_satisfied<boost::RandomAccessRangeConcept<std::vector<int> > >’
/mnt/library/BH/include/boost/concept/detail/general.hpp:72:8:   required from ‘struct boost::concepts::requirement_<void (*)(boost::RandomAccessRangeConcept<std::vector<int> >)>’
/mnt/library/BH/include/boost/range/algorithm/nth_element.hpp:33:5:   required from ‘RandomAccessRange& boost::range::random_shuffle(RandomAccessRange&, Generator&) [with RandomAccessRange = std::vector<int>; Generator = pcg_detail::engine<unsigned int, long unsigned int, pcg_detail::xsh_rr_mixin<unsigned int, long unsigned int>, true, pcg_detail::specific_stream<long unsigned int>, pcg_detail::default_multiplier<long unsigned int> >]’
compute_rho_null.cpp:33:37:   required from here
/mnt/library/BH/include/boost/concept/detail/general.hpp:50:47: warning: ‘this’ pointer is null [-Wnonnull]
   50 |     static void failed() { ((Model*)0)->~Model(); }
      |                            ~~~~~~~~~~~~~~~~~~~^~
/mnt/library/BH/include/boost/concept/usage.hpp:37:7: note: in a call to non-static member function ‘boost::Convertible<X, Y>::~Convertible() [with X = boost::iterators::random_access_traversal_tag; Y = boost::iterators::incrementable_traversal_tag]’
   37 |       ~model()
      |       ^
/mnt/library/BH/include/boost/concept_check.hpp:208:5: note: in expansion of macro ‘BOOST_CONCEPT_USAGE’
  208 |     BOOST_CONCEPT_USAGE(Convertible) {
      |     ^~~~~~~~~~~~~~~~~~~
/mnt/library/BH/include/boost/concept/detail/general.hpp: In instantiation of ‘static void boost::concepts::requirement<boost::concepts::failed************ Model::************>::failed() [with Model = boost::concepts::usage_requirements<boost::range_detail::IncrementableIteratorConcept<__gnu_cxx::__normal_iterator<int*, std::vector<int> > > >]’:
/mnt/library/BH/include/boost/range/concepts.hpp:138:13:   required from ‘struct boost::range_detail::IncrementableIteratorConcept<__gnu_cxx::__normal_iterator<int*, std::vector<int> > >’
/mnt/library/BH/include/boost/range/concepts.hpp:149:16:   required from ‘struct boost::range_detail::SinglePassIteratorConcept<__gnu_cxx::__normal_iterator<int*, std::vector<int> > >’
/mnt/library/BH/include/boost/concept/detail/has_constraints.hpp:32:62:   required by substitution of ‘template<class Model> boost::concepts::detail::yes boost::concepts::detail::has_constraints_(Model*, wrap_constraints<Model, (& Model::constraints)>*) [with Model = boost::range_detail::SinglePassIteratorConcept<__gnu_cxx::__normal_iterator<int*, std::vector<int> > >]’
/mnt/library/BH/include/boost/concept/detail/has_constraints.hpp:42:5:   required from ‘const bool boost::concepts::not_satisfied<boost::range_detail::SinglePassIteratorConcept<__gnu_cxx::__normal_iterator<int*, std::vector<int> > > >::value’
/mnt/library/BH/include/boost/concept/detail/has_constraints.hpp:45:51:   required from ‘struct boost::concepts::not_satisfied<boost::range_detail::SinglePassIteratorConcept<__gnu_cxx::__normal_iterator<int*, std::vector<int> > > >’
/mnt/library/BH/include/boost/concept/detail/general.hpp:72:8:   [ skipping 5 instantiation contexts, use -ftemplate-backtrace-limit=0 to disable ]
/mnt/library/BH/include/boost/concept/detail/has_constraints.hpp:32:62:   required by substitution of ‘template<class Model> boost::concepts::detail::yes boost::concepts::detail::has_constraints_(Model*, wrap_constraints<Model, (& Model::constraints)>*) [with Model = boost::RandomAccessRangeConcept<std::vector<int> >]’
/mnt/library/BH/include/boost/concept/detail/has_constraints.hpp:42:5:   required from ‘const bool boost::concepts::not_satisfied<boost::RandomAccessRangeConcept<std::vector<int> > >::value’
/mnt/library/BH/include/boost/concept/detail/has_constraints.hpp:45:51:   required from ‘struct boost::concepts::not_satisfied<boost::RandomAccessRangeConcept<std::vector<int> > >’
/mnt/library/BH/include/boost/concept/detail/general.hpp:72:8:   required from ‘struct boost::concepts::requirement_<void (*)(boost::RandomAccessRangeConcept<std::vector<int> >)>’
/mnt/library/BH/include/boost/range/algorithm/nth_element.hpp:33:5:   required from ‘RandomAccessRange& boost::range::random_shuffle(RandomAccessRange&, Generator&) [with RandomAccessRange = std::vector<int>; Generator = pcg_detail::engine<unsigned int, long unsigned int, pcg_detail::xsh_rr_mixin<unsigned int, long unsigned int>, true, pcg_detail::specific_stream<long unsigned int>, pcg_detail::default_multiplier<long unsigned int> >]’
compute_rho_null.cpp:33:37:   required from here
/mnt/library/BH/include/boost/concept/detail/general.hpp:50:47: warning: ‘this’ pointer is null [-Wnonnull]
   50 |     static void failed() { ((Model*)0)->~Model(); }
      |                            ~~~~~~~~~~~~~~~~~~~^~
/mnt/library/BH/include/boost/concept/usage.hpp:20:5: note: in a call to non-static member function ‘boost::concepts::usage_requirements<Model>::~usage_requirements() [with Model = boost::range_detail::IncrementableIteratorConcept<__gnu_cxx::__normal_iterator<int*, std::vector<int> > >]’
   20 |     ~usage_requirements() { ((Model*)0)->~Model(); }
      |     ^
/mnt/library/BH/include/boost/concept/detail/general.hpp: In instantiation of ‘static void boost::concepts::requirement<boost::concepts::failed************ Model::************>::failed() [with Model = boost::concepts::usage_requirements<boost::EqualityComparable<__gnu_cxx::__normal_iterator<int*, std::vector<int> > > >]’:
/mnt/library/BH/include/boost/concept_check.hpp:233:5:   required from ‘struct boost::EqualityComparable<__gnu_cxx::__normal_iterator<int*, std::vector<int> > >’
/mnt/library/BH/include/boost/range/concepts.hpp:149:16:   required from ‘struct boost::range_detail::SinglePassIteratorConcept<__gnu_cxx::__normal_iterator<int*, std::vector<int> > >’
/mnt/library/BH/include/boost/concept/detail/has_constraints.hpp:32:62:   required by substitution of ‘template<class Model> boost::concepts::detail::yes boost::concepts::detail::has_constraints_(Model*, wrap_constraints<Model, (& Model::constraints)>*) [with Model = boost::range_detail::SinglePassIteratorConcept<__gnu_cxx::__normal_iterator<int*, std::vector<int> > >]’
/mnt/library/BH/include/boost/concept/detail/has_constraints.hpp:42:5:   required from ‘const bool boost::concepts::not_satisfied<boost::range_detail::SinglePassIteratorConcept<__gnu_cxx::__normal_iterator<int*, std::vector<int> > > >::value’
/mnt/library/BH/include/boost/concept/detail/has_constraints.hpp:45:51:   required from ‘struct boost::concepts::not_satisfied<boost::range_detail::SinglePassIteratorConcept<__gnu_cxx::__normal_iterator<int*, std::vector<int> > > >’
/mnt/library/BH/include/boost/concept/detail/general.hpp:72:8:   [ skipping 5 instantiation contexts, use -ftemplate-backtrace-limit=0 to disable ]
/mnt/library/BH/include/boost/concept/detail/has_constraints.hpp:32:62:   required by substitution of ‘template<class Model> boost::concepts::detail::yes boost::concepts::detail::has_constraints_(Model*, wrap_constraints<Model, (& Model::constraints)>*) [with Model = boost::RandomAccessRangeConcept<std::vector<int> >]’
/mnt/library/BH/include/boost/concept/detail/has_constraints.hpp:42:5:   required from ‘const bool boost::concepts::not_satisfied<boost::RandomAccessRangeConcept<std::vector<int> > >::value’
/mnt/library/BH/include/boost/concept/detail/has_constraints.hpp:45:51:   required from ‘struct boost::concepts::not_satisfied<boost::RandomAccessRangeConcept<std::vector<int> > >’
/mnt/library/BH/include/boost/concept/detail/general.hpp:72:8:   required from ‘struct boost::concepts::requirement_<void (*)(boost::RandomAccessRangeConcept<std::vector<int> >)>’
/mnt/library/BH/include/boost/range/algorithm/nth_element.hpp:33:5:   required from ‘RandomAccessRange& boost::range::random_shuffle(RandomAccessRange&, Generator&) [with RandomAccessRange = std::vector<int>; Generator = pcg_detail::engine<unsigned int, long unsigned int, pcg_detail::xsh_rr_mixin<unsigned int, long unsigned int>, true, pcg_detail::specific_stream<long unsigned int>, pcg_detail::default_multiplier<long unsigned int> >]’
compute_rho_null.cpp:33:37:   required from here
/mnt/library/BH/include/boost/concept/detail/general.hpp:50:47: warning: ‘this’ pointer is null [-Wnonnull]
   50 |     static void failed() { ((Model*)0)->~Model(); }
      |                            ~~~~~~~~~~~~~~~~~~~^~
/mnt/library/BH/include/boost/concept/usage.hpp:20:5: note: in a call to non-static member function ‘boost::concepts::usage_requirements<Model>::~usage_requirements() [with Model = boost::EqualityComparable<__gnu_cxx::__normal_iterator<int*, std::vector<int> > >]’
   20 |     ~usage_requirements() { ((Model*)0)->~Model(); }
      |     ^
/mnt/library/BH/include/boost/concept/detail/general.hpp: In instantiation of ‘static void boost::concepts::requirement<boost::concepts::failed************ Model::************>::failed() [with Model = boost::concepts::usage_requirements<boost::Convertible<boost::iterators::random_access_traversal_tag, boost::iterators::single_pass_traversal_tag> >]’:
/mnt/library/BH/include/boost/concept_check.hpp:208:5:   required from ‘struct boost::Convertible<boost::iterators::random_access_traversal_tag, boost::iterators::single_pass_traversal_tag>’
/mnt/library/BH/include/boost/concept/detail/has_constraints.hpp:32:62:   required by substitution of ‘template<class Model> boost::concepts::detail::yes boost::concepts::detail::has_constraints_(Model*, wrap_constraints<Model, (& Model::constraints)>*) [with Model = boost::Convertible<boost::iterators::random_access_traversal_tag, boost::iterators::single_pass_traversal_tag>]’
/mnt/library/BH/include/boost/concept/detail/has_constraints.hpp:42:5:   required from ‘const bool boost::concepts::not_satisfied<boost::Convertible<boost::iterators::random_access_traversal_tag, boost::iterators::single_pass_traversal_tag> >::value’
/mnt/library/BH/include/boost/concept/detail/has_constraints.hpp:45:51:   required from ‘struct boost::concepts::not_satisfied<boost::Convertible<boost::iterators::random_access_traversal_tag, boost::iterators::single_pass_traversal_tag> >’
/mnt/library/BH/include/boost/concept/detail/general.hpp:72:8:   required from ‘struct boost::concepts::requirement_<void (*)(boost::Convertible<boost::iterators::random_access_traversal_tag, boost::iterators::single_pass_traversal_tag>)>’
/mnt/library/BH/include/boost/range/concepts.hpp:154:13:   [ skipping 9 instantiation contexts, use -ftemplate-backtrace-limit=0 to disable ]
/mnt/library/BH/include/boost/concept/detail/has_constraints.hpp:32:62:   required by substitution of ‘template<class Model> boost::concepts::detail::yes boost::concepts::detail::has_constraints_(Model*, wrap_constraints<Model, (& Model::constraints)>*) [with Model = boost::RandomAccessRangeConcept<std::vector<int> >]’
/mnt/library/BH/include/boost/concept/detail/has_constraints.hpp:42:5:   required from ‘const bool boost::concepts::not_satisfied<boost::RandomAccessRangeConcept<std::vector<int> > >::value’
/mnt/library/BH/include/boost/concept/detail/has_constraints.hpp:45:51:   required from ‘struct boost::concepts::not_satisfied<boost::RandomAccessRangeConcept<std::vector<int> > >’
/mnt/library/BH/include/boost/concept/detail/general.hpp:72:8:   required from ‘struct boost::concepts::requirement_<void (*)(boost::RandomAccessRangeConcept<std::vector<int> >)>’
/mnt/library/BH/include/boost/range/algorithm/nth_element.hpp:33:5:   required from ‘RandomAccessRange& boost::range::random_shuffle(RandomAccessRange&, Generator&) [with RandomAccessRange = std::vector<int>; Generator = pcg_detail::engine<unsigned int, long unsigned int, pcg_detail::xsh_rr_mixin<unsigned int, long unsigned int>, true, pcg_detail::specific_stream<long unsigned int>, pcg_detail::default_multiplier<long unsigned int> >]’
compute_rho_null.cpp:33:37:   required from here
/mnt/library/BH/include/boost/concept/detail/general.hpp:50:47: warning: ‘this’ pointer is null [-Wnonnull]
   50 |     static void failed() { ((Model*)0)->~Model(); }
      |                            ~~~~~~~~~~~~~~~~~~~^~
/mnt/library/BH/include/boost/concept/usage.hpp:20:5: note: in a call to non-static member function ‘boost::concepts::usage_requirements<Model>::~usage_requirements() [with Model = boost::Convertible<boost::iterators::random_access_traversal_tag, boost::iterators::single_pass_traversal_tag>]’
   20 |     ~usage_requirements() { ((Model*)0)->~Model(); }
      |     ^
/mnt/library/BH/include/boost/concept/detail/general.hpp: In instantiation of ‘static void boost::concepts::requirement<boost::concepts::failed************ Model::************>::failed() [with Model = boost::Convertible<boost::iterators::random_access_traversal_tag, boost::iterators::single_pass_traversal_tag>]’:
/mnt/library/BH/include/boost/range/concepts.hpp:154:13:   required from ‘struct boost::range_detail::SinglePassIteratorConcept<__gnu_cxx::__normal_iterator<int*, std::vector<int> > >’
/mnt/library/BH/include/boost/concept/detail/has_constraints.hpp:32:62:   required by substitution of ‘template<class Model> boost::concepts::detail::yes boost::concepts::detail::has_constraints_(Model*, wrap_constraints<Model, (& Model::constraints)>*) [with Model = boost::range_detail::SinglePassIteratorConcept<__gnu_cxx::__normal_iterator<int*, std::vector<int> > >]’
/mnt/library/BH/include/boost/concept/detail/has_constraints.hpp:42:5:   required from ‘const bool boost::concepts::not_satisfied<boost::range_detail::SinglePassIteratorConcept<__gnu_cxx::__normal_iterator<int*, std::vector<int> > > >::value’
/mnt/library/BH/include/boost/concept/detail/has_constraints.hpp:45:51:   required from ‘struct boost::concepts::not_satisfied<boost::range_detail::SinglePassIteratorConcept<__gnu_cxx::__normal_iterator<int*, std::vector<int> > > >’
/mnt/library/BH/include/boost/concept/detail/general.hpp:72:8:   required from ‘struct boost::concepts::requirement_<void (*)(boost::range_detail::SinglePassIteratorConcept<__gnu_cxx::__normal_iterator<int*, std::vector<int> > >)>’
/mnt/library/BH/include/boost/range/concepts.hpp:280:9:   [ skipping 4 instantiation contexts, use -ftemplate-backtrace-limit=0 to disable ]
/mnt/library/BH/include/boost/concept/detail/has_constraints.hpp:32:62:   required by substitution of ‘template<class Model> boost::concepts::detail::yes boost::concepts::detail::has_constraints_(Model*, wrap_constraints<Model, (& Model::constraints)>*) [with Model = boost::RandomAccessRangeConcept<std::vector<int> >]’
/mnt/library/BH/include/boost/concept/detail/has_constraints.hpp:42:5:   required from ‘const bool boost::concepts::not_satisfied<boost::RandomAccessRangeConcept<std::vector<int> > >::value’
/mnt/library/BH/include/boost/concept/detail/has_constraints.hpp:45:51:   required from ‘struct boost::concepts::not_satisfied<boost::RandomAccessRangeConcept<std::vector<int> > >’
/mnt/library/BH/include/boost/concept/detail/general.hpp:72:8:   required from ‘struct boost::concepts::requirement_<void (*)(boost::RandomAccessRangeConcept<std::vector<int> >)>’
/mnt/library/BH/include/boost/range/algorithm/nth_element.hpp:33:5:   required from ‘RandomAccessRange& boost::range::random_shuffle(RandomAccessRange&, Generator&) [with RandomAccessRange = std::vector<int>; Generator = pcg_detail::engine<unsigned int, long unsigned int, pcg_detail::xsh_rr_mixin<unsigned int, long unsigned int>, true, pcg_detail::specific_stream<long unsigned int>, pcg_detail::default_multiplier<long unsigned int> >]’
compute_rho_null.cpp:33:37:   required from here
/mnt/library/BH/include/boost/concept/detail/general.hpp:50:47: warning: ‘this’ pointer is null [-Wnonnull]
   50 |     static void failed() { ((Model*)0)->~Model(); }
      |                            ~~~~~~~~~~~~~~~~~~~^~
/mnt/library/BH/include/boost/concept/usage.hpp:37:7: note: in a call to non-static member function ‘boost::Convertible<X, Y>::~Convertible() [with X = boost::iterators::random_access_traversal_tag; Y = boost::iterators::single_pass_traversal_tag]’
   37 |       ~model()
      |       ^
/mnt/library/BH/include/boost/concept_check.hpp:208:5: note: in expansion of macro ‘BOOST_CONCEPT_USAGE’
  208 |     BOOST_CONCEPT_USAGE(Convertible) {
      |     ^~~~~~~~~~~~~~~~~~~
/mnt/library/BH/include/boost/concept/detail/general.hpp: In instantiation of ‘static void boost::concepts::requirement<boost::concepts::failed************ Model::************>::failed() [with Model = boost::concepts::usage_requirements<boost::range_detail::SinglePassIteratorConcept<__gnu_cxx::__normal_iterator<int*, std::vector<int> > > >]’:
/mnt/library/BH/include/boost/range/concepts.hpp:160:13:   required from ‘struct boost::range_detail::SinglePassIteratorConcept<__gnu_cxx::__normal_iterator<int*, std::vector<int> > >’
/mnt/library/BH/include/boost/concept/detail/has_constraints.hpp:32:62:   required by substitution of ‘template<class Model> boost::concepts::detail::yes boost::concepts::detail::has_constraints_(Model*, wrap_constraints<Model, (& Model::constraints)>*) [with Model = boost::range_detail::SinglePassIteratorConcept<__gnu_cxx::__normal_iterator<int*, std::vector<int> > >]’
/mnt/library/BH/include/boost/concept/detail/has_constraints.hpp:42:5:   required from ‘const bool boost::concepts::not_satisfied<boost::range_detail::SinglePassIteratorConcept<__gnu_cxx::__normal_iterator<int*, std::vector<int> > > >::value’
/mnt/library/BH/include/boost/concept/detail/has_constraints.hpp:45:51:   required from ‘struct boost::concepts::not_satisfied<boost::range_detail::SinglePassIteratorConcept<__gnu_cxx::__normal_iterator<int*, std::vector<int> > > >’
/mnt/library/BH/include/boost/concept/detail/general.hpp:72:8:   required from ‘struct boost::concepts::requirement_<void (*)(boost::range_detail::SinglePassIteratorConcept<__gnu_cxx::__normal_iterator<int*, std::vector<int> > >)>’
/mnt/library/BH/include/boost/range/concepts.hpp:280:9:   [ skipping 4 instantiation contexts, use -ftemplate-backtrace-limit=0 to disable ]
/mnt/library/BH/include/boost/concept/detail/has_constraints.hpp:32:62:   required by substitution of ‘template<class Model> boost::concepts::detail::yes boost::concepts::detail::has_constraints_(Model*, wrap_constraints<Model, (& Model::constraints)>*) [with Model = boost::RandomAccessRangeConcept<std::vector<int> >]’
/mnt/library/BH/include/boost/concept/detail/has_constraints.hpp:42:5:   required from ‘const bool boost::concepts::not_satisfied<boost::RandomAccessRangeConcept<std::vector<int> > >::value’
/mnt/library/BH/include/boost/concept/detail/has_constraints.hpp:45:51:   required from ‘struct boost::concepts::not_satisfied<boost::RandomAccessRangeConcept<std::vector<int> > >’
/mnt/library/BH/include/boost/concept/detail/general.hpp:72:8:   required from ‘struct boost::concepts::requirement_<void (*)(boost::RandomAccessRangeConcept<std::vector<int> >)>’
/mnt/library/BH/include/boost/range/algorithm/nth_element.hpp:33:5:   required from ‘RandomAccessRange& boost::range::random_shuffle(RandomAccessRange&, Generator&) [with RandomAccessRange = std::vector<int>; Generator = pcg_detail::engine<unsigned int, long unsigned int, pcg_detail::xsh_rr_mixin<unsigned int, long unsigned int>, true, pcg_detail::specific_stream<long unsigned int>, pcg_detail::default_multiplier<long unsigned int> >]’
compute_rho_null.cpp:33:37:   required from here
/mnt/library/BH/include/boost/concept/detail/general.hpp:50:47: warning: ‘this’ pointer is null [-Wnonnull]
   50 |     static void failed() { ((Model*)0)->~Model(); }
      |                            ~~~~~~~~~~~~~~~~~~~^~
/mnt/library/BH/include/boost/concept/usage.hpp:20:5: note: in a call to non-static member function ‘boost::concepts::usage_requirements<Model>::~usage_requirements() [with Model = boost::range_detail::SinglePassIteratorConcept<__gnu_cxx::__normal_iterator<int*, std::vector<int> > >]’
   20 |     ~usage_requirements() { ((Model*)0)->~Model(); }
      |     ^
/mnt/library/BH/include/boost/concept/detail/general.hpp: In instantiation of ‘static void boost::concepts::requirement<boost::concepts::failed************ Model::************>::failed() [with Model = boost::range_detail::SinglePassIteratorConcept<__gnu_cxx::__normal_iterator<int*, std::vector<int> > >]’:
/mnt/library/BH/include/boost/range/concepts.hpp:280:9:   required from ‘struct boost::SinglePassRangeConcept<std::vector<int> >’
/mnt/library/BH/include/boost/range/concepts.hpp:320:12:   required from ‘struct boost::ForwardRangeConcept<std::vector<int> >’
/mnt/library/BH/include/boost/range/concepts.hpp:354:12:   required from ‘struct boost::BidirectionalRangeConcept<std::vector<int> >’
/mnt/library/BH/include/boost/range/concepts.hpp:372:12:   required from ‘struct boost::RandomAccessRangeConcept<std::vector<int> >’
/mnt/library/BH/include/boost/concept/detail/has_constraints.hpp:32:62:   required by substitution of ‘template<class Model> boost::concepts::detail::yes boost::concepts::detail::has_constraints_(Model*, wrap_constraints<Model, (& Model::constraints)>*) [with Model = boost::RandomAccessRangeConcept<std::vector<int> >]’
/mnt/library/BH/include/boost/concept/detail/has_constraints.hpp:42:5:   required from ‘const bool boost::concepts::not_satisfied<boost::RandomAccessRangeConcept<std::vector<int> > >::value’
/mnt/library/BH/include/boost/concept/detail/has_constraints.hpp:45:51:   required from ‘struct boost::concepts::not_satisfied<boost::RandomAccessRangeConcept<std::vector<int> > >’
/mnt/library/BH/include/boost/concept/detail/general.hpp:72:8:   required from ‘struct boost::concepts::requirement_<void (*)(boost::RandomAccessRangeConcept<std::vector<int> >)>’
/mnt/library/BH/include/boost/range/algorithm/nth_element.hpp:33:5:   required from ‘RandomAccessRange& boost::range::random_shuffle(RandomAccessRange&, Generator&) [with RandomAccessRange = std::vector<int>; Generator = pcg_detail::engine<unsigned int, long unsigned int, pcg_detail::xsh_rr_mixin<unsigned int, long unsigned int>, true, pcg_detail::specific_stream<long unsigned int>, pcg_detail::default_multiplier<long unsigned int> >]’
compute_rho_null.cpp:33:37:   required from here
/mnt/library/BH/include/boost/concept/detail/general.hpp:50:47: warning: ‘this’ pointer is null [-Wnonnull]
   50 |     static void failed() { ((Model*)0)->~Model(); }
      |                            ~~~~~~~~~~~~~~~~~~~^~
/mnt/library/BH/include/boost/concept/usage.hpp:37:7: note: in a call to non-static member function ‘boost::range_detail::SinglePassIteratorConcept<Iterator>::~SinglePassIteratorConcept() [with Iterator = __gnu_cxx::__normal_iterator<int*, std::vector<int> >]’
   37 |       ~model()
      |       ^
/mnt/library/BH/include/boost/range/concepts.hpp:160:13: note: in expansion of macro ‘BOOST_CONCEPT_USAGE’
  160 |             BOOST_CONCEPT_USAGE(SinglePassIteratorConcept)
      |             ^~~~~~~~~~~~~~~~~~~
/mnt/library/BH/include/boost/concept/detail/general.hpp: In instantiation of ‘static void boost::concepts::requirement<boost::concepts::failed************ Model::************>::failed() [with Model = boost::concepts::usage_requirements<boost::CopyConstructible<__gnu_cxx::__normal_iterator<const int*, std::vector<int> > > >]’:
/mnt/library/BH/include/boost/concept_check.hpp:167:5:   required from ‘struct boost::CopyConstructible<__gnu_cxx::__normal_iterator<const int*, std::vector<int> > >’
/mnt/library/BH/include/boost/range/concepts.hpp:127:16:   required from ‘struct boost::range_detail::IncrementableIteratorConcept<__gnu_cxx::__normal_iterator<const int*, std::vector<int> > >’
/mnt/library/BH/include/boost/range/concepts.hpp:149:16:   required from ‘struct boost::range_detail::SinglePassIteratorConcept<__gnu_cxx::__normal_iterator<const int*, std::vector<int> > >’
/mnt/library/BH/include/boost/concept/detail/has_constraints.hpp:32:62:   required by substitution of ‘template<class Model> boost::concepts::detail::yes boost::concepts::detail::has_constraints_(Model*, wrap_constraints<Model, (& Model::constraints)>*) [with Model = boost::range_detail::SinglePassIteratorConcept<__gnu_cxx::__normal_iterator<const int*, std::vector<int> > >]’
/mnt/library/BH/include/boost/concept/detail/has_constraints.hpp:42:5:   required from ‘const bool boost::concepts::not_satisfied<boost::range_detail::SinglePassIteratorConcept<__gnu_cxx::__normal_iterator<const int*, std::vector<int> > > >::value’
/mnt/library/BH/include/boost/concept/detail/has_constraints.hpp:45:51:   [ skipping 6 instantiation contexts, use -ftemplate-backtrace-limit=0 to disable ]
/mnt/library/BH/include/boost/concept/detail/has_constraints.hpp:32:62:   required by substitution of ‘template<class Model> boost::concepts::detail::yes boost::concepts::detail::has_constraints_(Model*, wrap_constraints<Model, (& Model::constraints)>*) [with Model = boost::RandomAccessRangeConcept<std::vector<int> >]’
/mnt/library/BH/include/boost/concept/detail/has_constraints.hpp:42:5:   required from ‘const bool boost::concepts::not_satisfied<boost::RandomAccessRangeConcept<std::vector<int> > >::value’
/mnt/library/BH/include/boost/concept/detail/has_constraints.hpp:45:51:   required from ‘struct boost::concepts::not_satisfied<boost::RandomAccessRangeConcept<std::vector<int> > >’
/mnt/library/BH/include/boost/concept/detail/general.hpp:72:8:   required from ‘struct boost::concepts::requirement_<void (*)(boost::RandomAccessRangeConcept<std::vector<int> >)>’
/mnt/library/BH/include/boost/range/algorithm/nth_element.hpp:33:5:   required from ‘RandomAccessRange& boost::range::random_shuffle(RandomAccessRange&, Generator&) [with RandomAccessRange = std::vector<int>; Generator = pcg_detail::engine<unsigned int, long unsigned int, pcg_detail::xsh_rr_mixin<unsigned int, long unsigned int>, true, pcg_detail::specific_stream<long unsigned int>, pcg_detail::default_multiplier<long unsigned int> >]’
compute_rho_null.cpp:33:37:   required from here
/mnt/library/BH/include/boost/concept/detail/general.hpp:50:47: warning: ‘this’ pointer is null [-Wnonnull]
   50 |     static void failed() { ((Model*)0)->~Model(); }
      |                            ~~~~~~~~~~~~~~~~~~~^~
/mnt/library/BH/include/boost/concept/usage.hpp:20:5: note: in a call to non-static member function ‘boost::concepts::usage_requirements<Model>::~usage_requirements() [with Model = boost::CopyConstructible<__gnu_cxx::__normal_iterator<const int*, std::vector<int> > >]’
   20 |     ~usage_requirements() { ((Model*)0)->~Model(); }
      |     ^
/mnt/library/BH/include/boost/concept/detail/general.hpp: In instantiation of ‘static void boost::concepts::requirement<boost::concepts::failed************ Model::************>::failed() [with Model = boost::concepts::usage_requirements<boost::range_detail::IncrementableIteratorConcept<__gnu_cxx::__normal_iterator<const int*, std::vector<int> > > >]’:
/mnt/library/BH/include/boost/range/concepts.hpp:138:13:   required from ‘struct boost::range_detail::IncrementableIteratorConcept<__gnu_cxx::__normal_iterator<const int*, std::vector<int> > >’
/mnt/library/BH/include/boost/range/concepts.hpp:149:16:   required from ‘struct boost::range_detail::SinglePassIteratorConcept<__gnu_cxx::__normal_iterator<const int*, std::vector<int> > >’
/mnt/library/BH/include/boost/concept/detail/has_constraints.hpp:32:62:   required by substitution of ‘template<class Model> boost::concepts::detail::yes boost::concepts::detail::has_constraints_(Model*, wrap_constraints<Model, (& Model::constraints)>*) [with Model = boost::range_detail::SinglePassIteratorConcept<__gnu_cxx::__normal_iterator<const int*, std::vector<int> > >]’
/mnt/library/BH/include/boost/concept/detail/has_constraints.hpp:42:5:   required from ‘const bool boost::concepts::not_satisfied<boost::range_detail::SinglePassIteratorConcept<__gnu_cxx::__normal_iterator<const int*, std::vector<int> > > >::value’
/mnt/library/BH/include/boost/concept/detail/has_constraints.hpp:45:51:   required from ‘struct boost::concepts::not_satisfied<boost::range_detail::SinglePassIteratorConcept<__gnu_cxx::__normal_iterator<const int*, std::vector<int> > > >’
/mnt/library/BH/include/boost/concept/detail/general.hpp:72:8:   [ skipping 5 instantiation contexts, use -ftemplate-backtrace-limit=0 to disable ]
/mnt/library/BH/include/boost/concept/detail/has_constraints.hpp:32:62:   required by substitution of ‘template<class Model> boost::concepts::detail::yes boost::concepts::detail::has_constraints_(Model*, wrap_constraints<Model, (& Model::constraints)>*) [with Model = boost::RandomAccessRangeConcept<std::vector<int> >]’
/mnt/library/BH/include/boost/concept/detail/has_constraints.hpp:42:5:   required from ‘const bool boost::concepts::not_satisfied<boost::RandomAccessRangeConcept<std::vector<int> > >::value’
/mnt/library/BH/include/boost/concept/detail/has_constraints.hpp:45:51:   required from ‘struct boost::concepts::not_satisfied<boost::RandomAccessRangeConcept<std::vector<int> > >’
/mnt/library/BH/include/boost/concept/detail/general.hpp:72:8:   required from ‘struct boost::concepts::requirement_<void (*)(boost::RandomAccessRangeConcept<std::vector<int> >)>’
/mnt/library/BH/include/boost/range/algorithm/nth_element.hpp:33:5:   required from ‘RandomAccessRange& boost::range::random_shuffle(RandomAccessRange&, Generator&) [with RandomAccessRange = std::vector<int>; Generator = pcg_detail::engine<unsigned int, long unsigned int, pcg_detail::xsh_rr_mixin<unsigned int, long unsigned int>, true, pcg_detail::specific_stream<long unsigned int>, pcg_detail::default_multiplier<long unsigned int> >]’
compute_rho_null.cpp:33:37:   required from here
/mnt/library/BH/include/boost/concept/detail/general.hpp:50:47: warning: ‘this’ pointer is null [-Wnonnull]
   50 |     static void failed() { ((Model*)0)->~Model(); }
      |                            ~~~~~~~~~~~~~~~~~~~^~
/mnt/library/BH/include/boost/concept/usage.hpp:20:5: note: in a call to non-static member function ‘boost::concepts::usage_requirements<Model>::~usage_requirements() [with Model = boost::range_detail::IncrementableIteratorConcept<__gnu_cxx::__normal_iterator<const int*, std::vector<int> > >]’
   20 |     ~usage_requirements() { ((Model*)0)->~Model(); }
      |     ^
/mnt/library/BH/include/boost/concept/detail/general.hpp: In instantiation of ‘static void boost::concepts::requirement<boost::concepts::failed************ Model::************>::failed() [with Model = boost::concepts::usage_requirements<boost::EqualityComparable<__gnu_cxx::__normal_iterator<const int*, std::vector<int> > > >]’:
/mnt/library/BH/include/boost/concept_check.hpp:233:5:   required from ‘struct boost::EqualityComparable<__gnu_cxx::__normal_iterator<const int*, std::vector<int> > >’
/mnt/library/BH/include/boost/range/concepts.hpp:149:16:   required from ‘struct boost::range_detail::SinglePassIteratorConcept<__gnu_cxx::__normal_iterator<const int*, std::vector<int> > >’
/mnt/library/BH/include/boost/concept/detail/has_constraints.hpp:32:62:   required by substitution of ‘template<class Model> boost::concepts::detail::yes boost::concepts::detail::has_constraints_(Model*, wrap_constraints<Model, (& Model::constraints)>*) [with Model = boost::range_detail::SinglePassIteratorConcept<__gnu_cxx::__normal_iterator<const int*, std::vector<int> > >]’
/mnt/library/BH/include/boost/concept/detail/has_constraints.hpp:42:5:   required from ‘const bool boost::concepts::not_satisfied<boost::range_detail::SinglePassIteratorConcept<__gnu_cxx::__normal_iterator<const int*, std::vector<int> > > >::value’
/mnt/library/BH/include/boost/concept/detail/has_constraints.hpp:45:51:   required from ‘struct boost::concepts::not_satisfied<boost::range_detail::SinglePassIteratorConcept<__gnu_cxx::__normal_iterator<const int*, std::vector<int> > > >’
/mnt/library/BH/include/boost/concept/detail/general.hpp:72:8:   [ skipping 5 instantiation contexts, use -ftemplate-backtrace-limit=0 to disable ]
/mnt/library/BH/include/boost/concept/detail/has_constraints.hpp:32:62:   required by substitution of ‘template<class Model> boost::concepts::detail::yes boost::concepts::detail::has_constraints_(Model*, wrap_constraints<Model, (& Model::constraints)>*) [with Model = boost::RandomAccessRangeConcept<std::vector<int> >]’
/mnt/library/BH/include/boost/concept/detail/has_constraints.hpp:42:5:   required from ‘const bool boost::concepts::not_satisfied<boost::RandomAccessRangeConcept<std::vector<int> > >::value’
/mnt/library/BH/include/boost/concept/detail/has_constraints.hpp:45:51:   required from ‘struct boost::concepts::not_satisfied<boost::RandomAccessRangeConcept<std::vector<int> > >’
/mnt/library/BH/include/boost/concept/detail/general.hpp:72:8:   required from ‘struct boost::concepts::requirement_<void (*)(boost::RandomAccessRangeConcept<std::vector<int> >)>’
/mnt/library/BH/include/boost/range/algorithm/nth_element.hpp:33:5:   required from ‘RandomAccessRange& boost::range::random_shuffle(RandomAccessRange&, Generator&) [with RandomAccessRange = std::vector<int>; Generator = pcg_detail::engine<unsigned int, long unsigned int, pcg_detail::xsh_rr_mixin<unsigned int, long unsigned int>, true, pcg_detail::specific_stream<long unsigned int>, pcg_detail::default_multiplier<long unsigned int> >]’
compute_rho_null.cpp:33:37:   required from here
/mnt/library/BH/include/boost/concept/detail/general.hpp:50:47: warning: ‘this’ pointer is null [-Wnonnull]
   50 |     static void failed() { ((Model*)0)->~Model(); }
      |                            ~~~~~~~~~~~~~~~~~~~^~
/mnt/library/BH/include/boost/concept/usage.hpp:20:5: note: in a call to non-static member function ‘boost::concepts::usage_requirements<Model>::~usage_requirements() [with Model = boost::EqualityComparable<__gnu_cxx::__normal_iterator<const int*, std::vector<int> > >]’
   20 |     ~usage_requirements() { ((Model*)0)->~Model(); }
      |     ^
/mnt/library/BH/include/boost/concept/detail/general.hpp: In instantiation of ‘static void boost::concepts::requirement<boost::concepts::failed************ Model::************>::failed() [with Model = boost::concepts::usage_requirements<boost::range_detail::SinglePassIteratorConcept<__gnu_cxx::__normal_iterator<const int*, std::vector<int> > > >]’:
/mnt/library/BH/include/boost/range/concepts.hpp:160:13:   required from ‘struct boost::range_detail::SinglePassIteratorConcept<__gnu_cxx::__normal_iterator<const int*, std::vector<int> > >’
/mnt/library/BH/include/boost/concept/detail/has_constraints.hpp:32:62:   required by substitution of ‘template<class Model> boost::concepts::detail::yes boost::concepts::detail::has_constraints_(Model*, wrap_constraints<Model, (& Model::constraints)>*) [with Model = boost::range_detail::SinglePassIteratorConcept<__gnu_cxx::__normal_iterator<const int*, std::vector<int> > >]’
/mnt/library/BH/include/boost/concept/detail/has_constraints.hpp:42:5:   required from ‘const bool boost::concepts::not_satisfied<boost::range_detail::SinglePassIteratorConcept<__gnu_cxx::__normal_iterator<const int*, std::vector<int> > > >::value’
/mnt/library/BH/include/boost/concept/detail/has_constraints.hpp:45:51:   required from ‘struct boost::concepts::not_satisfied<boost::range_detail::SinglePassIteratorConcept<__gnu_cxx::__normal_iterator<const int*, std::vector<int> > > >’
/mnt/library/BH/include/boost/concept/detail/general.hpp:72:8:   required from ‘struct boost::concepts::requirement_<void (*)(boost::range_detail::SinglePassIteratorConcept<__gnu_cxx::__normal_iterator<const int*, std::vector<int> > >)>’
/mnt/library/BH/include/boost/range/concepts.hpp:283:9:   [ skipping 4 instantiation contexts, use -ftemplate-backtrace-limit=0 to disable ]
/mnt/library/BH/include/boost/concept/detail/has_constraints.hpp:32:62:   required by substitution of ‘template<class Model> boost::concepts::detail::yes boost::concepts::detail::has_constraints_(Model*, wrap_constraints<Model, (& Model::constraints)>*) [with Model = boost::RandomAccessRangeConcept<std::vector<int> >]’
/mnt/library/BH/include/boost/concept/detail/has_constraints.hpp:42:5:   required from ‘const bool boost::concepts::not_satisfied<boost::RandomAccessRangeConcept<std::vector<int> > >::value’
/mnt/library/BH/include/boost/concept/detail/has_constraints.hpp:45:51:   required from ‘struct boost::concepts::not_satisfied<boost::RandomAccessRangeConcept<std::vector<int> > >’
/mnt/library/BH/include/boost/concept/detail/general.hpp:72:8:   required from ‘struct boost::concepts::requirement_<void (*)(boost::RandomAccessRangeConcept<std::vector<int> >)>’
/mnt/library/BH/include/boost/range/algorithm/nth_element.hpp:33:5:   required from ‘RandomAccessRange& boost::range::random_shuffle(RandomAccessRange&, Generator&) [with RandomAccessRange = std::vector<int>; Generator = pcg_detail::engine<unsigned int, long unsigned int, pcg_detail::xsh_rr_mixin<unsigned int, long unsigned int>, true, pcg_detail::specific_stream<long unsigned int>, pcg_detail::default_multiplier<long unsigned int> >]’
compute_rho_null.cpp:33:37:   required from here
/mnt/library/BH/include/boost/concept/detail/general.hpp:50:47: warning: ‘this’ pointer is null [-Wnonnull]
   50 |     static void failed() { ((Model*)0)->~Model(); }
      |                            ~~~~~~~~~~~~~~~~~~~^~
/mnt/library/BH/include/boost/concept/usage.hpp:20:5: note: in a call to non-static member function ‘boost::concepts::usage_requirements<Model>::~usage_requirements() [with Model = boost::range_detail::SinglePassIteratorConcept<__gnu_cxx::__normal_iterator<const int*, std::vector<int> > >]’
   20 |     ~usage_requirements() { ((Model*)0)->~Model(); }
      |     ^
/mnt/library/BH/include/boost/concept/detail/general.hpp: In instantiation of ‘static void boost::concepts::requirement<boost::concepts::failed************ Model::************>::failed() [with Model = boost::range_detail::SinglePassIteratorConcept<__gnu_cxx::__normal_iterator<const int*, std::vector<int> > >]’:
/mnt/library/BH/include/boost/range/concepts.hpp:283:9:   required from ‘struct boost::SinglePassRangeConcept<std::vector<int> >’
/mnt/library/BH/include/boost/range/concepts.hpp:320:12:   required from ‘struct boost::ForwardRangeConcept<std::vector<int> >’
/mnt/library/BH/include/boost/range/concepts.hpp:354:12:   required from ‘struct boost::BidirectionalRangeConcept<std::vector<int> >’
/mnt/library/BH/include/boost/range/concepts.hpp:372:12:   required from ‘struct boost::RandomAccessRangeConcept<std::vector<int> >’
/mnt/library/BH/include/boost/concept/detail/has_constraints.hpp:32:62:   required by substitution of ‘template<class Model> boost::concepts::detail::yes boost::concepts::detail::has_constraints_(Model*, wrap_constraints<Model, (& Model::constraints)>*) [with Model = boost::RandomAccessRangeConcept<std::vector<int> >]’
/mnt/library/BH/include/boost/concept/detail/has_constraints.hpp:42:5:   required from ‘const bool boost::concepts::not_satisfied<boost::RandomAccessRangeConcept<std::vector<int> > >::value’
/mnt/library/BH/include/boost/concept/detail/has_constraints.hpp:45:51:   required from ‘struct boost::concepts::not_satisfied<boost::RandomAccessRangeConcept<std::vector<int> > >’
/mnt/library/BH/include/boost/concept/detail/general.hpp:72:8:   required from ‘struct boost::concepts::requirement_<void (*)(boost::RandomAccessRangeConcept<std::vector<int> >)>’
/mnt/library/BH/include/boost/range/algorithm/nth_element.hpp:33:5:   required from ‘RandomAccessRange& boost::range::random_shuffle(RandomAccessRange&, Generator&) [with RandomAccessRange = std::vector<int>; Generator = pcg_detail::engine<unsigned int, long unsigned int, pcg_detail::xsh_rr_mixin<unsigned int, long unsigned int>, true, pcg_detail::specific_stream<long unsigned int>, pcg_detail::default_multiplier<long unsigned int> >]’
compute_rho_null.cpp:33:37:   required from here
/mnt/library/BH/include/boost/concept/detail/general.hpp:50:47: warning: ‘this’ pointer is null [-Wnonnull]
   50 |     static void failed() { ((Model*)0)->~Model(); }
      |                            ~~~~~~~~~~~~~~~~~~~^~
/mnt/library/BH/include/boost/concept/usage.hpp:37:7: note: in a call to non-static member function ‘boost::range_detail::SinglePassIteratorConcept<Iterator>::~SinglePassIteratorConcept() [with Iterator = __gnu_cxx::__normal_iterator<const int*, std::vector<int> >]’
   37 |       ~model()
      |       ^
/mnt/library/BH/include/boost/range/concepts.hpp:160:13: note: in expansion of macro ‘BOOST_CONCEPT_USAGE’
  160 |             BOOST_CONCEPT_USAGE(SinglePassIteratorConcept)
      |             ^~~~~~~~~~~~~~~~~~~
/mnt/library/BH/include/boost/concept/detail/general.hpp: In instantiation of ‘static void boost::concepts::requirement<boost::concepts::failed************ Model::************>::failed() [with Model = boost::concepts::usage_requirements<boost::SinglePassRangeConcept<std::vector<int> > >]’:
/mnt/library/BH/include/boost/range/concepts.hpp:286:9:   required from ‘struct boost::SinglePassRangeConcept<std::vector<int> >’
/mnt/library/BH/include/boost/range/concepts.hpp:320:12:   required from ‘struct boost::ForwardRangeConcept<std::vector<int> >’
/mnt/library/BH/include/boost/range/concepts.hpp:354:12:   required from ‘struct boost::BidirectionalRangeConcept<std::vector<int> >’
/mnt/library/BH/include/boost/range/concepts.hpp:372:12:   required from ‘struct boost::RandomAccessRangeConcept<std::vector<int> >’
/mnt/library/BH/include/boost/concept/detail/has_constraints.hpp:32:62:   required by substitution of ‘template<class Model> boost::concepts::detail::yes boost::concepts::detail::has_constraints_(Model*, wrap_constraints<Model, (& Model::constraints)>*) [with Model = boost::RandomAccessRangeConcept<std::vector<int> >]’
/mnt/library/BH/include/boost/concept/detail/has_constraints.hpp:42:5:   required from ‘const bool boost::concepts::not_satisfied<boost::RandomAccessRangeConcept<std::vector<int> > >::value’
/mnt/library/BH/include/boost/concept/detail/has_constraints.hpp:45:51:   required from ‘struct boost::concepts::not_satisfied<boost::RandomAccessRangeConcept<std::vector<int> > >’
/mnt/library/BH/include/boost/concept/detail/general.hpp:72:8:   required from ‘struct boost::concepts::requirement_<void (*)(boost::RandomAccessRangeConcept<std::vector<int> >)>’
/mnt/library/BH/include/boost/range/algorithm/nth_element.hpp:33:5:   required from ‘RandomAccessRange& boost::range::random_shuffle(RandomAccessRange&, Generator&) [with RandomAccessRange = std::vector<int>; Generator = pcg_detail::engine<unsigned int, long unsigned int, pcg_detail::xsh_rr_mixin<unsigned int, long unsigned int>, true, pcg_detail::specific_stream<long unsigned int>, pcg_detail::default_multiplier<long unsigned int> >]’
compute_rho_null.cpp:33:37:   required from here
/mnt/library/BH/include/boost/concept/detail/general.hpp:50:47: warning: ‘this’ pointer is null [-Wnonnull]
   50 |     static void failed() { ((Model*)0)->~Model(); }
      |                            ~~~~~~~~~~~~~~~~~~~^~
/mnt/library/BH/include/boost/concept/usage.hpp:20:5: note: in a call to non-static member function ‘boost::concepts::usage_requirements<Model>::~usage_requirements() [with Model = boost::SinglePassRangeConcept<std::vector<int> >]’
   20 |     ~usage_requirements() { ((Model*)0)->~Model(); }
      |     ^
/mnt/library/BH/include/boost/concept/detail/general.hpp: In instantiation of ‘static void boost::concepts::requirement<boost::concepts::failed************ Model::************>::failed() [with Model = boost::concepts::usage_requirements<boost::DefaultConstructible<__gnu_cxx::__normal_iterator<int*, std::vector<int> > > >]’:
/mnt/library/BH/include/boost/concept_check.hpp:137:5:   required from ‘struct boost::DefaultConstructible<__gnu_cxx::__normal_iterator<int*, std::vector<int> > >’
/mnt/library/BH/include/boost/range/concepts.hpp:183:16:   required from ‘struct boost::range_detail::ForwardIteratorConcept<__gnu_cxx::__normal_iterator<int*, std::vector<int> > >’
/mnt/library/BH/include/boost/concept/detail/has_constraints.hpp:32:62:   required by substitution of ‘template<class Model> boost::concepts::detail::yes boost::concepts::detail::has_constraints_(Model*, wrap_constraints<Model, (& Model::constraints)>*) [with Model = boost::range_detail::ForwardIteratorConcept<__gnu_cxx::__normal_iterator<int*, std::vector<int> > >]’
/mnt/library/BH/include/boost/concept/detail/has_constraints.hpp:42:5:   required from ‘const bool boost::concepts::not_satisfied<boost::range_detail::ForwardIteratorConcept<__gnu_cxx::__normal_iterator<int*, std::vector<int> > > >::value’
/mnt/library/BH/include/boost/concept/detail/has_constraints.hpp:45:51:   required from ‘struct boost::concepts::not_satisfied<boost::range_detail::ForwardIteratorConcept<__gnu_cxx::__normal_iterator<int*, std::vector<int> > > >’
/mnt/library/BH/include/boost/concept/detail/general.hpp:72:8:   [ skipping 4 instantiation contexts, use -ftemplate-backtrace-limit=0 to disable ]
/mnt/library/BH/include/boost/concept/detail/has_constraints.hpp:32:62:   required by substitution of ‘template<class Model> boost::concepts::detail::yes boost::concepts::detail::has_constraints_(Model*, wrap_constraints<Model, (& Model::constraints)>*) [with Model = boost::RandomAccessRangeConcept<std::vector<int> >]’
/mnt/library/BH/include/boost/concept/detail/has_constraints.hpp:42:5:   required from ‘const bool boost::concepts::not_satisfied<boost::RandomAccessRangeConcept<std::vector<int> > >::value’
/mnt/library/BH/include/boost/concept/detail/has_constraints.hpp:45:51:   required from ‘struct boost::concepts::not_satisfied<boost::RandomAccessRangeConcept<std::vector<int> > >’
/mnt/library/BH/include/boost/concept/detail/general.hpp:72:8:   required from ‘struct boost::concepts::requirement_<void (*)(boost::RandomAccessRangeConcept<std::vector<int> >)>’
/mnt/library/BH/include/boost/range/algorithm/nth_element.hpp:33:5:   required from ‘RandomAccessRange& boost::range::random_shuffle(RandomAccessRange&, Generator&) [with RandomAccessRange = std::vector<int>; Generator = pcg_detail::engine<unsigned int, long unsigned int, pcg_detail::xsh_rr_mixin<unsigned int, long unsigned int>, true, pcg_detail::specific_stream<long unsigned int>, pcg_detail::default_multiplier<long unsigned int> >]’
compute_rho_null.cpp:33:37:   required from here
/mnt/library/BH/include/boost/concept/detail/general.hpp:50:47: warning: ‘this’ pointer is null [-Wnonnull]
   50 |     static void failed() { ((Model*)0)->~Model(); }
      |                            ~~~~~~~~~~~~~~~~~~~^~
/mnt/library/BH/include/boost/concept/usage.hpp:20:5: note: in a call to non-static member function ‘boost::concepts::usage_requirements<Model>::~usage_requirements() [with Model = boost::DefaultConstructible<__gnu_cxx::__normal_iterator<int*, std::vector<int> > >]’
   20 |     ~usage_requirements() { ((Model*)0)->~Model(); }
      |     ^
/mnt/library/BH/include/boost/concept/detail/general.hpp: In instantiation of ‘static void boost::concepts::requirement<boost::concepts::failed************ Model::************>::failed() [with Model = boost::concepts::usage_requirements<boost::Convertible<boost::iterators::random_access_traversal_tag, boost::iterators::forward_traversal_tag> >]’:
/mnt/library/BH/include/boost/concept_check.hpp:208:5:   required from ‘struct boost::Convertible<boost::iterators::random_access_traversal_tag, boost::iterators::forward_traversal_tag>’
/mnt/library/BH/include/boost/concept/detail/has_constraints.hpp:32:62:   required by substitution of ‘template<class Model> boost::concepts::detail::yes boost::concepts::detail::has_constraints_(Model*, wrap_constraints<Model, (& Model::constraints)>*) [with Model = boost::Convertible<boost::iterators::random_access_traversal_tag, boost::iterators::forward_traversal_tag>]’
/mnt/library/BH/include/boost/concept/detail/has_constraints.hpp:42:5:   required from ‘const bool boost::concepts::not_satisfied<boost::Convertible<boost::iterators::random_access_traversal_tag, boost::iterators::forward_traversal_tag> >::value’
/mnt/library/BH/include/boost/concept/detail/has_constraints.hpp:45:51:   required from ‘struct boost::concepts::not_satisfied<boost::Convertible<boost::iterators::random_access_traversal_tag, boost::iterators::forward_traversal_tag> >’
/mnt/library/BH/include/boost/concept/detail/general.hpp:72:8:   required from ‘struct boost::concepts::requirement_<void (*)(boost::Convertible<boost::iterators::random_access_traversal_tag, boost::iterators::forward_traversal_tag>)>’
/mnt/library/BH/include/boost/range/concepts.hpp:193:13:   [ skipping 8 instantiation contexts, use -ftemplate-backtrace-limit=0 to disable ]
/mnt/library/BH/include/boost/concept/detail/has_constraints.hpp:32:62:   required by substitution of ‘template<class Model> boost::concepts::detail::yes boost::concepts::detail::has_constraints_(Model*, wrap_constraints<Model, (& Model::constraints)>*) [with Model = boost::RandomAccessRangeConcept<std::vector<int> >]’
/mnt/library/BH/include/boost/concept/detail/has_constraints.hpp:42:5:   required from ‘const bool boost::concepts::not_satisfied<boost::RandomAccessRangeConcept<std::vector<int> > >::value’
/mnt/library/BH/include/boost/concept/detail/has_constraints.hpp:45:51:   required from ‘struct boost::concepts::not_satisfied<boost::RandomAccessRangeConcept<std::vector<int> > >’
/mnt/library/BH/include/boost/concept/detail/general.hpp:72:8:   required from ‘struct boost::concepts::requirement_<void (*)(boost::RandomAccessRangeConcept<std::vector<int> >)>’
/mnt/library/BH/include/boost/range/algorithm/nth_element.hpp:33:5:   required from ‘RandomAccessRange& boost::range::random_shuffle(RandomAccessRange&, Generator&) [with RandomAccessRange = std::vector<int>; Generator = pcg_detail::engine<unsigned int, long unsigned int, pcg_detail::xsh_rr_mixin<unsigned int, long unsigned int>, true, pcg_detail::specific_stream<long unsigned int>, pcg_detail::default_multiplier<long unsigned int> >]’
compute_rho_null.cpp:33:37:   required from here
/mnt/library/BH/include/boost/concept/detail/general.hpp:50:47: warning: ‘this’ pointer is null [-Wnonnull]
   50 |     static void failed() { ((Model*)0)->~Model(); }
      |                            ~~~~~~~~~~~~~~~~~~~^~
/mnt/library/BH/include/boost/concept/usage.hpp:20:5: note: in a call to non-static member function ‘boost::concepts::usage_requirements<Model>::~usage_requirements() [with Model = boost::Convertible<boost::iterators::random_access_traversal_tag, boost::iterators::forward_traversal_tag>]’
   20 |     ~usage_requirements() { ((Model*)0)->~Model(); }
      |     ^
/mnt/library/BH/include/boost/concept/detail/general.hpp: In instantiation of ‘static void boost::concepts::requirement<boost::concepts::failed************ Model::************>::failed() [with Model = boost::Convertible<boost::iterators::random_access_traversal_tag, boost::iterators::forward_traversal_tag>]’:
/mnt/library/BH/include/boost/range/concepts.hpp:193:13:   required from ‘struct boost::range_detail::ForwardIteratorConcept<__gnu_cxx::__normal_iterator<int*, std::vector<int> > >’
/mnt/library/BH/include/boost/concept/detail/has_constraints.hpp:32:62:   required by substitution of ‘template<class Model> boost::concepts::detail::yes boost::concepts::detail::has_constraints_(Model*, wrap_constraints<Model, (& Model::constraints)>*) [with Model = boost::range_detail::ForwardIteratorConcept<__gnu_cxx::__normal_iterator<int*, std::vector<int> > >]’
/mnt/library/BH/include/boost/concept/detail/has_constraints.hpp:42:5:   required from ‘const bool boost::concepts::not_satisfied<boost::range_detail::ForwardIteratorConcept<__gnu_cxx::__normal_iterator<int*, std::vector<int> > > >::value’
/mnt/library/BH/include/boost/concept/detail/has_constraints.hpp:45:51:   required from ‘struct boost::concepts::not_satisfied<boost::range_detail::ForwardIteratorConcept<__gnu_cxx::__normal_iterator<int*, std::vector<int> > > >’
/mnt/library/BH/include/boost/concept/detail/general.hpp:72:8:   required from ‘struct boost::concepts::requirement_<void (*)(boost::range_detail::ForwardIteratorConcept<__gnu_cxx::__normal_iterator<int*, std::vector<int> > >)>’
/mnt/library/BH/include/boost/range/concepts.hpp:323:9:   [ skipping 3 instantiation contexts, use -ftemplate-backtrace-limit=0 to disable ]
/mnt/library/BH/include/boost/concept/detail/has_constraints.hpp:32:62:   required by substitution of ‘template<class Model> boost::concepts::detail::yes boost::concepts::detail::has_constraints_(Model*, wrap_constraints<Model, (& Model::constraints)>*) [with Model = boost::RandomAccessRangeConcept<std::vector<int> >]’
/mnt/library/BH/include/boost/concept/detail/has_constraints.hpp:42:5:   required from ‘const bool boost::concepts::not_satisfied<boost::RandomAccessRangeConcept<std::vector<int> > >::value’
/mnt/library/BH/include/boost/concept/detail/has_constraints.hpp:45:51:   required from ‘struct boost::concepts::not_satisfied<boost::RandomAccessRangeConcept<std::vector<int> > >’
/mnt/library/BH/include/boost/concept/detail/general.hpp:72:8:   required from ‘struct boost::concepts::requirement_<void (*)(boost::RandomAccessRangeConcept<std::vector<int> >)>’
/mnt/library/BH/include/boost/range/algorithm/nth_element.hpp:33:5:   required from ‘RandomAccessRange& boost::range::random_shuffle(RandomAccessRange&, Generator&) [with RandomAccessRange = std::vector<int>; Generator = pcg_detail::engine<unsigned int, long unsigned int, pcg_detail::xsh_rr_mixin<unsigned int, long unsigned int>, true, pcg_detail::specific_stream<long unsigned int>, pcg_detail::default_multiplier<long unsigned int> >]’
compute_rho_null.cpp:33:37:   required from here
/mnt/library/BH/include/boost/concept/detail/general.hpp:50:47: warning: ‘this’ pointer is null [-Wnonnull]
   50 |     static void failed() { ((Model*)0)->~Model(); }
      |                            ~~~~~~~~~~~~~~~~~~~^~
/mnt/library/BH/include/boost/concept/usage.hpp:37:7: note: in a call to non-static member function ‘boost::Convertible<X, Y>::~Convertible() [with X = boost::iterators::random_access_traversal_tag; Y = boost::iterators::forward_traversal_tag]’
   37 |       ~model()
      |       ^
/mnt/library/BH/include/boost/concept_check.hpp:208:5: note: in expansion of macro ‘BOOST_CONCEPT_USAGE’
  208 |     BOOST_CONCEPT_USAGE(Convertible) {
      |     ^~~~~~~~~~~~~~~~~~~
/mnt/library/BH/include/boost/concept/detail/general.hpp: In instantiation of ‘static void boost::concepts::requirement<boost::concepts::failed************ Model::************>::failed() [with Model = boost::concepts::usage_requirements<boost::range_detail::ForwardIteratorConcept<__gnu_cxx::__normal_iterator<int*, std::vector<int> > > >]’:
/mnt/library/BH/include/boost/range/concepts.hpp:199:13:   required from ‘struct boost::range_detail::ForwardIteratorConcept<__gnu_cxx::__normal_iterator<int*, std::vector<int> > >’
/mnt/library/BH/include/boost/concept/detail/has_constraints.hpp:32:62:   required by substitution of ‘template<class Model> boost::concepts::detail::yes boost::concepts::detail::has_constraints_(Model*, wrap_constraints<Model, (& Model::constraints)>*) [with Model = boost::range_detail::ForwardIteratorConcept<__gnu_cxx::__normal_iterator<int*, std::vector<int> > >]’
/mnt/library/BH/include/boost/concept/detail/has_constraints.hpp:42:5:   required from ‘const bool boost::concepts::not_satisfied<boost::range_detail::ForwardIteratorConcept<__gnu_cxx::__normal_iterator<int*, std::vector<int> > > >::value’
/mnt/library/BH/include/boost/concept/detail/has_constraints.hpp:45:51:   required from ‘struct boost::concepts::not_satisfied<boost::range_detail::ForwardIteratorConcept<__gnu_cxx::__normal_iterator<int*, std::vector<int> > > >’
/mnt/library/BH/include/boost/concept/detail/general.hpp:72:8:   required from ‘struct boost::concepts::requirement_<void (*)(boost::range_detail::ForwardIteratorConcept<__gnu_cxx::__normal_iterator<int*, std::vector<int> > >)>’
/mnt/library/BH/include/boost/range/concepts.hpp:323:9:   [ skipping 3 instantiation contexts, use -ftemplate-backtrace-limit=0 to disable ]
/mnt/library/BH/include/boost/concept/detail/has_constraints.hpp:32:62:   required by substitution of ‘template<class Model> boost::concepts::detail::yes boost::concepts::detail::has_constraints_(Model*, wrap_constraints<Model, (& Model::constraints)>*) [with Model = boost::RandomAccessRangeConcept<std::vector<int> >]’
/mnt/library/BH/include/boost/concept/detail/has_constraints.hpp:42:5:   required from ‘const bool boost::concepts::not_satisfied<boost::RandomAccessRangeConcept<std::vector<int> > >::value’
/mnt/library/BH/include/boost/concept/detail/has_constraints.hpp:45:51:   required from ‘struct boost::concepts::not_satisfied<boost::RandomAccessRangeConcept<std::vector<int> > >’
/mnt/library/BH/include/boost/concept/detail/general.hpp:72:8:   required from ‘struct boost::concepts::requirement_<void (*)(boost::RandomAccessRangeConcept<std::vector<int> >)>’
/mnt/library/BH/include/boost/range/algorithm/nth_element.hpp:33:5:   required from ‘RandomAccessRange& boost::range::random_shuffle(RandomAccessRange&, Generator&) [with RandomAccessRange = std::vector<int>; Generator = pcg_detail::engine<unsigned int, long unsigned int, pcg_detail::xsh_rr_mixin<unsigned int, long unsigned int>, true, pcg_detail::specific_stream<long unsigned int>, pcg_detail::default_multiplier<long unsigned int> >]’
compute_rho_null.cpp:33:37:   required from here
/mnt/library/BH/include/boost/concept/detail/general.hpp:50:47: warning: ‘this’ pointer is null [-Wnonnull]
   50 |     static void failed() { ((Model*)0)->~Model(); }
      |                            ~~~~~~~~~~~~~~~~~~~^~
/mnt/library/BH/include/boost/concept/usage.hpp:20:5: note: in a call to non-static member function ‘boost::concepts::usage_requirements<Model>::~usage_requirements() [with Model = boost::range_detail::ForwardIteratorConcept<__gnu_cxx::__normal_iterator<int*, std::vector<int> > >]’
   20 |     ~usage_requirements() { ((Model*)0)->~Model(); }
      |     ^
/mnt/library/BH/include/boost/concept/detail/general.hpp: In instantiation of ‘static void boost::concepts::requirement<boost::concepts::failed************ Model::************>::failed() [with Model = boost::range_detail::ForwardIteratorConcept<__gnu_cxx::__normal_iterator<int*, std::vector<int> > >]’:
/mnt/library/BH/include/boost/range/concepts.hpp:323:9:   required from ‘struct boost::ForwardRangeConcept<std::vector<int> >’
/mnt/library/BH/include/boost/range/concepts.hpp:354:12:   required from ‘struct boost::BidirectionalRangeConcept<std::vector<int> >’
/mnt/library/BH/include/boost/range/concepts.hpp:372:12:   required from ‘struct boost::RandomAccessRangeConcept<std::vector<int> >’
/mnt/library/BH/include/boost/concept/detail/has_constraints.hpp:32:62:   required by substitution of ‘template<class Model> boost::concepts::detail::yes boost::concepts::detail::has_constraints_(Model*, wrap_constraints<Model, (& Model::constraints)>*) [with Model = boost::RandomAccessRangeConcept<std::vector<int> >]’
/mnt/library/BH/include/boost/concept/detail/has_constraints.hpp:42:5:   required from ‘const bool boost::concepts::not_satisfied<boost::RandomAccessRangeConcept<std::vector<int> > >::value’
/mnt/library/BH/include/boost/concept/detail/has_constraints.hpp:45:51:   required from ‘struct boost::concepts::not_satisfied<boost::RandomAccessRangeConcept<std::vector<int> > >’
/mnt/library/BH/include/boost/concept/detail/general.hpp:72:8:   required from ‘struct boost::concepts::requirement_<void (*)(boost::RandomAccessRangeConcept<std::vector<int> >)>’
/mnt/library/BH/include/boost/range/algorithm/nth_element.hpp:33:5:   required from ‘RandomAccessRange& boost::range::random_shuffle(RandomAccessRange&, Generator&) [with RandomAccessRange = std::vector<int>; Generator = pcg_detail::engine<unsigned int, long unsigned int, pcg_detail::xsh_rr_mixin<unsigned int, long unsigned int>, true, pcg_detail::specific_stream<long unsigned int>, pcg_detail::default_multiplier<long unsigned int> >]’
compute_rho_null.cpp:33:37:   required from here
/mnt/library/BH/include/boost/concept/detail/general.hpp:50:47: warning: ‘this’ pointer is null [-Wnonnull]
   50 |     static void failed() { ((Model*)0)->~Model(); }
      |                            ~~~~~~~~~~~~~~~~~~~^~
/mnt/library/BH/include/boost/concept/usage.hpp:37:7: note: in a call to non-static member function ‘boost::range_detail::ForwardIteratorConcept<Iterator>::~ForwardIteratorConcept() [with Iterator = __gnu_cxx::__normal_iterator<int*, std::vector<int> >]’
   37 |       ~model()
      |       ^
/mnt/library/BH/include/boost/range/concepts.hpp:199:13: note: in expansion of macro ‘BOOST_CONCEPT_USAGE’
  199 |             BOOST_CONCEPT_USAGE(ForwardIteratorConcept)
      |             ^~~~~~~~~~~~~~~~~~~
/mnt/library/BH/include/boost/concept/detail/general.hpp: In instantiation of ‘static void boost::concepts::requirement<boost::concepts::failed************ Model::************>::failed() [with Model = boost::concepts::usage_requirements<boost::DefaultConstructible<__gnu_cxx::__normal_iterator<const int*, std::vector<int> > > >]’:
/mnt/library/BH/include/boost/concept_check.hpp:137:5:   required from ‘struct boost::DefaultConstructible<__gnu_cxx::__normal_iterator<const int*, std::vector<int> > >’
/mnt/library/BH/include/boost/range/concepts.hpp:183:16:   required from ‘struct boost::range_detail::ForwardIteratorConcept<__gnu_cxx::__normal_iterator<const int*, std::vector<int> > >’
/mnt/library/BH/include/boost/concept/detail/has_constraints.hpp:32:62:   required by substitution of ‘template<class Model> boost::concepts::detail::yes boost::concepts::detail::has_constraints_(Model*, wrap_constraints<Model, (& Model::constraints)>*) [with Model = boost::range_detail::ForwardIteratorConcept<__gnu_cxx::__normal_iterator<const int*, std::vector<int> > >]’
/mnt/library/BH/include/boost/concept/detail/has_constraints.hpp:42:5:   required from ‘const bool boost::concepts::not_satisfied<boost::range_detail::ForwardIteratorConcept<__gnu_cxx::__normal_iterator<const int*, std::vector<int> > > >::value’
/mnt/library/BH/include/boost/concept/detail/has_constraints.hpp:45:51:   required from ‘struct boost::concepts::not_satisfied<boost::range_detail::ForwardIteratorConcept<__gnu_cxx::__normal_iterator<const int*, std::vector<int> > > >’
/mnt/library/BH/include/boost/concept/detail/general.hpp:72:8:   [ skipping 4 instantiation contexts, use -ftemplate-backtrace-limit=0 to disable ]
/mnt/library/BH/include/boost/concept/detail/has_constraints.hpp:32:62:   required by substitution of ‘template<class Model> boost::concepts::detail::yes boost::concepts::detail::has_constraints_(Model*, wrap_constraints<Model, (& Model::constraints)>*) [with Model = boost::RandomAccessRangeConcept<std::vector<int> >]’
/mnt/library/BH/include/boost/concept/detail/has_constraints.hpp:42:5:   required from ‘const bool boost::concepts::not_satisfied<boost::RandomAccessRangeConcept<std::vector<int> > >::value’
/mnt/library/BH/include/boost/concept/detail/has_constraints.hpp:45:51:   required from ‘struct boost::concepts::not_satisfied<boost::RandomAccessRangeConcept<std::vector<int> > >’
/mnt/library/BH/include/boost/concept/detail/general.hpp:72:8:   required from ‘struct boost::concepts::requirement_<void (*)(boost::RandomAccessRangeConcept<std::vector<int> >)>’
/mnt/library/BH/include/boost/range/algorithm/nth_element.hpp:33:5:   required from ‘RandomAccessRange& boost::range::random_shuffle(RandomAccessRange&, Generator&) [with RandomAccessRange = std::vector<int>; Generator = pcg_detail::engine<unsigned int, long unsigned int, pcg_detail::xsh_rr_mixin<unsigned int, long unsigned int>, true, pcg_detail::specific_stream<long unsigned int>, pcg_detail::default_multiplier<long unsigned int> >]’
compute_rho_null.cpp:33:37:   required from here
/mnt/library/BH/include/boost/concept/detail/general.hpp:50:47: warning: ‘this’ pointer is null [-Wnonnull]
   50 |     static void failed() { ((Model*)0)->~Model(); }
      |                            ~~~~~~~~~~~~~~~~~~~^~
/mnt/library/BH/include/boost/concept/usage.hpp:20:5: note: in a call to non-static member function ‘boost::concepts::usage_requirements<Model>::~usage_requirements() [with Model = boost::DefaultConstructible<__gnu_cxx::__normal_iterator<const int*, std::vector<int> > >]’
   20 |     ~usage_requirements() { ((Model*)0)->~Model(); }
      |     ^
/mnt/library/BH/include/boost/concept/detail/general.hpp: In instantiation of ‘static void boost::concepts::requirement<boost::concepts::failed************ Model::************>::failed() [with Model = boost::concepts::usage_requirements<boost::range_detail::ForwardIteratorConcept<__gnu_cxx::__normal_iterator<const int*, std::vector<int> > > >]’:
/mnt/library/BH/include/boost/range/concepts.hpp:199:13:   required from ‘struct boost::range_detail::ForwardIteratorConcept<__gnu_cxx::__normal_iterator<const int*, std::vector<int> > >’
/mnt/library/BH/include/boost/concept/detail/has_constraints.hpp:32:62:   required by substitution of ‘template<class Model> boost::concepts::detail::yes boost::concepts::detail::has_constraints_(Model*, wrap_constraints<Model, (& Model::constraints)>*) [with Model = boost::range_detail::ForwardIteratorConcept<__gnu_cxx::__normal_iterator<const int*, std::vector<int> > >]’
/mnt/library/BH/include/boost/concept/detail/has_constraints.hpp:42:5:   required from ‘const bool boost::concepts::not_satisfied<boost::range_detail::ForwardIteratorConcept<__gnu_cxx::__normal_iterator<const int*, std::vector<int> > > >::value’
/mnt/library/BH/include/boost/concept/detail/has_constraints.hpp:45:51:   required from ‘struct boost::concepts::not_satisfied<boost::range_detail::ForwardIteratorConcept<__gnu_cxx::__normal_iterator<const int*, std::vector<int> > > >’
/mnt/library/BH/include/boost/concept/detail/general.hpp:72:8:   required from ‘struct boost::concepts::requirement_<void (*)(boost::range_detail::ForwardIteratorConcept<__gnu_cxx::__normal_iterator<const int*, std::vector<int> > >)>’
/mnt/library/BH/include/boost/range/concepts.hpp:324:9:   [ skipping 3 instantiation contexts, use -ftemplate-backtrace-limit=0 to disable ]
/mnt/library/BH/include/boost/concept/detail/has_constraints.hpp:32:62:   required by substitution of ‘template<class Model> boost::concepts::detail::yes boost::concepts::detail::has_constraints_(Model*, wrap_constraints<Model, (& Model::constraints)>*) [with Model = boost::RandomAccessRangeConcept<std::vector<int> >]’
/mnt/library/BH/include/boost/concept/detail/has_constraints.hpp:42:5:   required from ‘const bool boost::concepts::not_satisfied<boost::RandomAccessRangeConcept<std::vector<int> > >::value’
/mnt/library/BH/include/boost/concept/detail/has_constraints.hpp:45:51:   required from ‘struct boost::concepts::not_satisfied<boost::RandomAccessRangeConcept<std::vector<int> > >’
/mnt/library/BH/include/boost/concept/detail/general.hpp:72:8:   required from ‘struct boost::concepts::requirement_<void (*)(boost::RandomAccessRangeConcept<std::vector<int> >)>’
/mnt/library/BH/include/boost/range/algorithm/nth_element.hpp:33:5:   required from ‘RandomAccessRange& boost::range::random_shuffle(RandomAccessRange&, Generator&) [with RandomAccessRange = std::vector<int>; Generator = pcg_detail::engine<unsigned int, long unsigned int, pcg_detail::xsh_rr_mixin<unsigned int, long unsigned int>, true, pcg_detail::specific_stream<long unsigned int>, pcg_detail::default_multiplier<long unsigned int> >]’
compute_rho_null.cpp:33:37:   required from here
/mnt/library/BH/include/boost/concept/detail/general.hpp:50:47: warning: ‘this’ pointer is null [-Wnonnull]
   50 |     static void failed() { ((Model*)0)->~Model(); }
      |                            ~~~~~~~~~~~~~~~~~~~^~
/mnt/library/BH/include/boost/concept/usage.hpp:20:5: note: in a call to non-static member function ‘boost::concepts::usage_requirements<Model>::~usage_requirements() [with Model = boost::range_detail::ForwardIteratorConcept<__gnu_cxx::__normal_iterator<const int*, std::vector<int> > >]’
   20 |     ~usage_requirements() { ((Model*)0)->~Model(); }
      |     ^
/mnt/library/BH/include/boost/concept/detail/general.hpp: In instantiation of ‘static void boost::concepts::requirement<boost::concepts::failed************ Model::************>::failed() [with Model = boost::range_detail::ForwardIteratorConcept<__gnu_cxx::__normal_iterator<const int*, std::vector<int> > >]’:
/mnt/library/BH/include/boost/range/concepts.hpp:324:9:   required from ‘struct boost::ForwardRangeConcept<std::vector<int> >’
/mnt/library/BH/include/boost/range/concepts.hpp:354:12:   required from ‘struct boost::BidirectionalRangeConcept<std::vector<int> >’
/mnt/library/BH/include/boost/range/concepts.hpp:372:12:   required from ‘struct boost::RandomAccessRangeConcept<std::vector<int> >’
/mnt/library/BH/include/boost/concept/detail/has_constraints.hpp:32:62:   required by substitution of ‘template<class Model> boost::concepts::detail::yes boost::concepts::detail::has_constraints_(Model*, wrap_constraints<Model, (& Model::constraints)>*) [with Model = boost::RandomAccessRangeConcept<std::vector<int> >]’
/mnt/library/BH/include/boost/concept/detail/has_constraints.hpp:42:5:   required from ‘const bool boost::concepts::not_satisfied<boost::RandomAccessRangeConcept<std::vector<int> > >::value’
/mnt/library/BH/include/boost/concept/detail/has_constraints.hpp:45:51:   required from ‘struct boost::concepts::not_satisfied<boost::RandomAccessRangeConcept<std::vector<int> > >’
/mnt/library/BH/include/boost/concept/detail/general.hpp:72:8:   required from ‘struct boost::concepts::requirement_<void (*)(boost::RandomAccessRangeConcept<std::vector<int> >)>’
/mnt/library/BH/include/boost/range/algorithm/nth_element.hpp:33:5:   required from ‘RandomAccessRange& boost::range::random_shuffle(RandomAccessRange&, Generator&) [with RandomAccessRange = std::vector<int>; Generator = pcg_detail::engine<unsigned int, long unsigned int, pcg_detail::xsh_rr_mixin<unsigned int, long unsigned int>, true, pcg_detail::specific_stream<long unsigned int>, pcg_detail::default_multiplier<long unsigned int> >]’
compute_rho_null.cpp:33:37:   required from here
/mnt/library/BH/include/boost/concept/detail/general.hpp:50:47: warning: ‘this’ pointer is null [-Wnonnull]
   50 |     static void failed() { ((Model*)0)->~Model(); }
      |                            ~~~~~~~~~~~~~~~~~~~^~
/mnt/library/BH/include/boost/concept/usage.hpp:37:7: note: in a call to non-static member function ‘boost::range_detail::ForwardIteratorConcept<Iterator>::~ForwardIteratorConcept() [with Iterator = __gnu_cxx::__normal_iterator<const int*, std::vector<int> >]’
   37 |       ~model()
      |       ^
/mnt/library/BH/include/boost/range/concepts.hpp:199:13: note: in expansion of macro ‘BOOST_CONCEPT_USAGE’
  199 |             BOOST_CONCEPT_USAGE(ForwardIteratorConcept)
      |             ^~~~~~~~~~~~~~~~~~~
/mnt/library/BH/include/boost/concept/detail/general.hpp: In instantiation of ‘static void boost::concepts::requirement<boost::concepts::failed************ Model::************>::failed() [with Model = boost::concepts::usage_requirements<boost::Convertible<boost::iterators::random_access_traversal_tag, boost::iterators::bidirectional_traversal_tag> >]’:
/mnt/library/BH/include/boost/concept_check.hpp:208:5:   required from ‘struct boost::Convertible<boost::iterators::random_access_traversal_tag, boost::iterators::bidirectional_traversal_tag>’
/mnt/library/BH/include/boost/concept/detail/has_constraints.hpp:32:62:   required by substitution of ‘template<class Model> boost::concepts::detail::yes boost::concepts::detail::has_constraints_(Model*, wrap_constraints<Model, (& Model::constraints)>*) [with Model = boost::Convertible<boost::iterators::random_access_traversal_tag, boost::iterators::bidirectional_traversal_tag>]’
/mnt/library/BH/include/boost/concept/detail/has_constraints.hpp:42:5:   required from ‘const bool boost::concepts::not_satisfied<boost::Convertible<boost::iterators::random_access_traversal_tag, boost::iterators::bidirectional_traversal_tag> >::value’
/mnt/library/BH/include/boost/concept/detail/has_constraints.hpp:45:51:   required from ‘struct boost::concepts::not_satisfied<boost::Convertible<boost::iterators::random_access_traversal_tag, boost::iterators::bidirectional_traversal_tag> >’
/mnt/library/BH/include/boost/concept/detail/general.hpp:72:8:   required from ‘struct boost::concepts::requirement_<void (*)(boost::Convertible<boost::iterators::random_access_traversal_tag, boost::iterators::bidirectional_traversal_tag>)>’
/mnt/library/BH/include/boost/range/concepts.hpp:220:14:   [ skipping 7 instantiation contexts, use -ftemplate-backtrace-limit=0 to disable ]
/mnt/library/BH/include/boost/concept/detail/has_constraints.hpp:32:62:   required by substitution of ‘template<class Model> boost::concepts::detail::yes boost::concepts::detail::has_constraints_(Model*, wrap_constraints<Model, (& Model::constraints)>*) [with Model = boost::RandomAccessRangeConcept<std::vector<int> >]’
/mnt/library/BH/include/boost/concept/detail/has_constraints.hpp:42:5:   required from ‘const bool boost::concepts::not_satisfied<boost::RandomAccessRangeConcept<std::vector<int> > >::value’
/mnt/library/BH/include/boost/concept/detail/has_constraints.hpp:45:51:   required from ‘struct boost::concepts::not_satisfied<boost::RandomAccessRangeConcept<std::vector<int> > >’
/mnt/library/BH/include/boost/concept/detail/general.hpp:72:8:   required from ‘struct boost::concepts::requirement_<void (*)(boost::RandomAccessRangeConcept<std::vector<int> >)>’
/mnt/library/BH/include/boost/range/algorithm/nth_element.hpp:33:5:   required from ‘RandomAccessRange& boost::range::random_shuffle(RandomAccessRange&, Generator&) [with RandomAccessRange = std::vector<int>; Generator = pcg_detail::engine<unsigned int, long unsigned int, pcg_detail::xsh_rr_mixin<unsigned int, long unsigned int>, true, pcg_detail::specific_stream<long unsigned int>, pcg_detail::default_multiplier<long unsigned int> >]’
compute_rho_null.cpp:33:37:   required from here
/mnt/library/BH/include/boost/concept/detail/general.hpp:50:47: warning: ‘this’ pointer is null [-Wnonnull]
   50 |     static void failed() { ((Model*)0)->~Model(); }
      |                            ~~~~~~~~~~~~~~~~~~~^~
/mnt/library/BH/include/boost/concept/usage.hpp:20:5: note: in a call to non-static member function ‘boost::concepts::usage_requirements<Model>::~usage_requirements() [with Model = boost::Convertible<boost::iterators::random_access_traversal_tag, boost::iterators::bidirectional_traversal_tag>]’
   20 |     ~usage_requirements() { ((Model*)0)->~Model(); }
      |     ^
/mnt/library/BH/include/boost/concept/detail/general.hpp: In instantiation of ‘static void boost::concepts::requirement<boost::concepts::failed************ Model::************>::failed() [with Model = boost::Convertible<boost::iterators::random_access_traversal_tag, boost::iterators::bidirectional_traversal_tag>]’:
/mnt/library/BH/include/boost/range/concepts.hpp:220:14:   required from ‘struct boost::range_detail::BidirectionalIteratorConcept<__gnu_cxx::__normal_iterator<int*, std::vector<int> > >’
/mnt/library/BH/include/boost/concept/detail/has_constraints.hpp:32:62:   required by substitution of ‘template<class Model> boost::concepts::detail::yes boost::concepts::detail::has_constraints_(Model*, wrap_constraints<Model, (& Model::constraints)>*) [with Model = boost::range_detail::BidirectionalIteratorConcept<__gnu_cxx::__normal_iterator<int*, std::vector<int> > >]’
/mnt/library/BH/include/boost/concept/detail/has_constraints.hpp:42:5:   required from ‘const bool boost::concepts::not_satisfied<boost::range_detail::BidirectionalIteratorConcept<__gnu_cxx::__normal_iterator<int*, std::vector<int> > > >::value’
/mnt/library/BH/include/boost/concept/detail/has_constraints.hpp:45:51:   required from ‘struct boost::concepts::not_satisfied<boost::range_detail::BidirectionalIteratorConcept<__gnu_cxx::__normal_iterator<int*, std::vector<int> > > >’
/mnt/library/BH/include/boost/concept/detail/general.hpp:72:8:   required from ‘struct boost::concepts::requirement_<void (*)(boost::range_detail::BidirectionalIteratorConcept<__gnu_cxx::__normal_iterator<int*, std::vector<int> > >)>’
/mnt/library/BH/include/boost/range/concepts.hpp:357:9:   [ skipping 2 instantiation contexts, use -ftemplate-backtrace-limit=0 to disable ]
/mnt/library/BH/include/boost/concept/detail/has_constraints.hpp:32:62:   required by substitution of ‘template<class Model> boost::concepts::detail::yes boost::concepts::detail::has_constraints_(Model*, wrap_constraints<Model, (& Model::constraints)>*) [with Model = boost::RandomAccessRangeConcept<std::vector<int> >]’
/mnt/library/BH/include/boost/concept/detail/has_constraints.hpp:42:5:   required from ‘const bool boost::concepts::not_satisfied<boost::RandomAccessRangeConcept<std::vector<int> > >::value’
/mnt/library/BH/include/boost/concept/detail/has_constraints.hpp:45:51:   required from ‘struct boost::concepts::not_satisfied<boost::RandomAccessRangeConcept<std::vector<int> > >’
/mnt/library/BH/include/boost/concept/detail/general.hpp:72:8:   required from ‘struct boost::concepts::requirement_<void (*)(boost::RandomAccessRangeConcept<std::vector<int> >)>’
/mnt/library/BH/include/boost/range/algorithm/nth_element.hpp:33:5:   required from ‘RandomAccessRange& boost::range::random_shuffle(RandomAccessRange&, Generator&) [with RandomAccessRange = std::vector<int>; Generator = pcg_detail::engine<unsigned int, long unsigned int, pcg_detail::xsh_rr_mixin<unsigned int, long unsigned int>, true, pcg_detail::specific_stream<long unsigned int>, pcg_detail::default_multiplier<long unsigned int> >]’
compute_rho_null.cpp:33:37:   required from here
/mnt/library/BH/include/boost/concept/detail/general.hpp:50:47: warning: ‘this’ pointer is null [-Wnonnull]
   50 |     static void failed() { ((Model*)0)->~Model(); }
      |                            ~~~~~~~~~~~~~~~~~~~^~
/mnt/library/BH/include/boost/concept/usage.hpp:37:7: note: in a call to non-static member function ‘boost::Convertible<X, Y>::~Convertible() [with X = boost::iterators::random_access_traversal_tag; Y = boost::iterators::bidirectional_traversal_tag]’
   37 |       ~model()
      |       ^
/mnt/library/BH/include/boost/concept_check.hpp:208:5: note: in expansion of macro ‘BOOST_CONCEPT_USAGE’
  208 |     BOOST_CONCEPT_USAGE(Convertible) {
      |     ^~~~~~~~~~~~~~~~~~~
/mnt/library/BH/include/boost/concept/detail/general.hpp: In instantiation of ‘static void boost::concepts::requirement<boost::concepts::failed************ Model::************>::failed() [with Model = boost::concepts::usage_requirements<boost::range_detail::BidirectionalIteratorConcept<__gnu_cxx::__normal_iterator<int*, std::vector<int> > > >]’:
/mnt/library/BH/include/boost/range/concepts.hpp:226:14:   required from ‘struct boost::range_detail::BidirectionalIteratorConcept<__gnu_cxx::__normal_iterator<int*, std::vector<int> > >’
/mnt/library/BH/include/boost/concept/detail/has_constraints.hpp:32:62:   required by substitution of ‘template<class Model> boost::concepts::detail::yes boost::concepts::detail::has_constraints_(Model*, wrap_constraints<Model, (& Model::constraints)>*) [with Model = boost::range_detail::BidirectionalIteratorConcept<__gnu_cxx::__normal_iterator<int*, std::vector<int> > >]’
/mnt/library/BH/include/boost/concept/detail/has_constraints.hpp:42:5:   required from ‘const bool boost::concepts::not_satisfied<boost::range_detail::BidirectionalIteratorConcept<__gnu_cxx::__normal_iterator<int*, std::vector<int> > > >::value’
/mnt/library/BH/include/boost/concept/detail/has_constraints.hpp:45:51:   required from ‘struct boost::concepts::not_satisfied<boost::range_detail::BidirectionalIteratorConcept<__gnu_cxx::__normal_iterator<int*, std::vector<int> > > >’
/mnt/library/BH/include/boost/concept/detail/general.hpp:72:8:   required from ‘struct boost::concepts::requirement_<void (*)(boost::range_detail::BidirectionalIteratorConcept<__gnu_cxx::__normal_iterator<int*, std::vector<int> > >)>’
/mnt/library/BH/include/boost/range/concepts.hpp:357:9:   [ skipping 2 instantiation contexts, use -ftemplate-backtrace-limit=0 to disable ]
/mnt/library/BH/include/boost/concept/detail/has_constraints.hpp:32:62:   required by substitution of ‘template<class Model> boost::concepts::detail::yes boost::concepts::detail::has_constraints_(Model*, wrap_constraints<Model, (& Model::constraints)>*) [with Model = boost::RandomAccessRangeConcept<std::vector<int> >]’
/mnt/library/BH/include/boost/concept/detail/has_constraints.hpp:42:5:   required from ‘const bool boost::concepts::not_satisfied<boost::RandomAccessRangeConcept<std::vector<int> > >::value’
/mnt/library/BH/include/boost/concept/detail/has_constraints.hpp:45:51:   required from ‘struct boost::concepts::not_satisfied<boost::RandomAccessRangeConcept<std::vector<int> > >’
/mnt/library/BH/include/boost/concept/detail/general.hpp:72:8:   required from ‘struct boost::concepts::requirement_<void (*)(boost::RandomAccessRangeConcept<std::vector<int> >)>’
/mnt/library/BH/include/boost/range/algorithm/nth_element.hpp:33:5:   required from ‘RandomAccessRange& boost::range::random_shuffle(RandomAccessRange&, Generator&) [with RandomAccessRange = std::vector<int>; Generator = pcg_detail::engine<unsigned int, long unsigned int, pcg_detail::xsh_rr_mixin<unsigned int, long unsigned int>, true, pcg_detail::specific_stream<long unsigned int>, pcg_detail::default_multiplier<long unsigned int> >]’
compute_rho_null.cpp:33:37:   required from here
/mnt/library/BH/include/boost/concept/detail/general.hpp:50:47: warning: ‘this’ pointer is null [-Wnonnull]
   50 |     static void failed() { ((Model*)0)->~Model(); }
      |                            ~~~~~~~~~~~~~~~~~~~^~
/mnt/library/BH/include/boost/concept/usage.hpp:20:5: note: in a call to non-static member function ‘boost::concepts::usage_requirements<Model>::~usage_requirements() [with Model = boost::range_detail::BidirectionalIteratorConcept<__gnu_cxx::__normal_iterator<int*, std::vector<int> > >]’
   20 |     ~usage_requirements() { ((Model*)0)->~Model(); }
      |     ^
/mnt/library/BH/include/boost/concept/detail/general.hpp: In instantiation of ‘static void boost::concepts::requirement<boost::concepts::failed************ Model::************>::failed() [with Model = boost::range_detail::BidirectionalIteratorConcept<__gnu_cxx::__normal_iterator<int*, std::vector<int> > >]’:
/mnt/library/BH/include/boost/range/concepts.hpp:357:9:   required from ‘struct boost::BidirectionalRangeConcept<std::vector<int> >’
/mnt/library/BH/include/boost/range/concepts.hpp:372:12:   required from ‘struct boost::RandomAccessRangeConcept<std::vector<int> >’
/mnt/library/BH/include/boost/concept/detail/has_constraints.hpp:32:62:   required by substitution of ‘template<class Model> boost::concepts::detail::yes boost::concepts::detail::has_constraints_(Model*, wrap_constraints<Model, (& Model::constraints)>*) [with Model = boost::RandomAccessRangeConcept<std::vector<int> >]’
/mnt/library/BH/include/boost/concept/detail/has_constraints.hpp:42:5:   required from ‘const bool boost::concepts::not_satisfied<boost::RandomAccessRangeConcept<std::vector<int> > >::value’
/mnt/library/BH/include/boost/concept/detail/has_constraints.hpp:45:51:   required from ‘struct boost::concepts::not_satisfied<boost::RandomAccessRangeConcept<std::vector<int> > >’
/mnt/library/BH/include/boost/concept/detail/general.hpp:72:8:   required from ‘struct boost::concepts::requirement_<void (*)(boost::RandomAccessRangeConcept<std::vector<int> >)>’
/mnt/library/BH/include/boost/range/algorithm/nth_element.hpp:33:5:   required from ‘RandomAccessRange& boost::range::random_shuffle(RandomAccessRange&, Generator&) [with RandomAccessRange = std::vector<int>; Generator = pcg_detail::engine<unsigned int, long unsigned int, pcg_detail::xsh_rr_mixin<unsigned int, long unsigned int>, true, pcg_detail::specific_stream<long unsigned int>, pcg_detail::default_multiplier<long unsigned int> >]’
compute_rho_null.cpp:33:37:   required from here
/mnt/library/BH/include/boost/concept/detail/general.hpp:50:47: warning: ‘this’ pointer is null [-Wnonnull]
   50 |     static void failed() { ((Model*)0)->~Model(); }
      |                            ~~~~~~~~~~~~~~~~~~~^~
/mnt/library/BH/include/boost/concept/usage.hpp:37:7: note: in a call to non-static member function ‘boost::range_detail::BidirectionalIteratorConcept<Iterator>::~BidirectionalIteratorConcept() [with Iterator = __gnu_cxx::__normal_iterator<int*, std::vector<int> >]’
   37 |       ~model()
      |       ^
/mnt/library/BH/include/boost/range/concepts.hpp:226:14: note: in expansion of macro ‘BOOST_CONCEPT_USAGE’
  226 |              BOOST_CONCEPT_USAGE(BidirectionalIteratorConcept)
      |              ^~~~~~~~~~~~~~~~~~~
/mnt/library/BH/include/boost/concept/detail/general.hpp: In instantiation of ‘static void boost::concepts::requirement<boost::concepts::failed************ Model::************>::failed() [with Model = boost::concepts::usage_requirements<boost::range_detail::BidirectionalIteratorConcept<__gnu_cxx::__normal_iterator<const int*, std::vector<int> > > >]’:
/mnt/library/BH/include/boost/range/concepts.hpp:226:14:   required from ‘struct boost::range_detail::BidirectionalIteratorConcept<__gnu_cxx::__normal_iterator<const int*, std::vector<int> > >’
/mnt/library/BH/include/boost/concept/detail/has_constraints.hpp:32:62:   required by substitution of ‘template<class Model> boost::concepts::detail::yes boost::concepts::detail::has_constraints_(Model*, wrap_constraints<Model, (& Model::constraints)>*) [with Model = boost::range_detail::BidirectionalIteratorConcept<__gnu_cxx::__normal_iterator<const int*, std::vector<int> > >]’
/mnt/library/BH/include/boost/concept/detail/has_constraints.hpp:42:5:   required from ‘const bool boost::concepts::not_satisfied<boost::range_detail::BidirectionalIteratorConcept<__gnu_cxx::__normal_iterator<const int*, std::vector<int> > > >::value’
/mnt/library/BH/include/boost/concept/detail/has_constraints.hpp:45:51:   required from ‘struct boost::concepts::not_satisfied<boost::range_detail::BidirectionalIteratorConcept<__gnu_cxx::__normal_iterator<const int*, std::vector<int> > > >’
/mnt/library/BH/include/boost/concept/detail/general.hpp:72:8:   required from ‘struct boost::concepts::requirement_<void (*)(boost::range_detail::BidirectionalIteratorConcept<__gnu_cxx::__normal_iterator<const int*, std::vector<int> > >)>’
/mnt/library/BH/include/boost/range/concepts.hpp:358:9:   [ skipping 2 instantiation contexts, use -ftemplate-backtrace-limit=0 to disable ]
/mnt/library/BH/include/boost/concept/detail/has_constraints.hpp:32:62:   required by substitution of ‘template<class Model> boost::concepts::detail::yes boost::concepts::detail::has_constraints_(Model*, wrap_constraints<Model, (& Model::constraints)>*) [with Model = boost::RandomAccessRangeConcept<std::vector<int> >]’
/mnt/library/BH/include/boost/concept/detail/has_constraints.hpp:42:5:   required from ‘const bool boost::concepts::not_satisfied<boost::RandomAccessRangeConcept<std::vector<int> > >::value’
/mnt/library/BH/include/boost/concept/detail/has_constraints.hpp:45:51:   required from ‘struct boost::concepts::not_satisfied<boost::RandomAccessRangeConcept<std::vector<int> > >’
/mnt/library/BH/include/boost/concept/detail/general.hpp:72:8:   required from ‘struct boost::concepts::requirement_<void (*)(boost::RandomAccessRangeConcept<std::vector<int> >)>’
/mnt/library/BH/include/boost/range/algorithm/nth_element.hpp:33:5:   required from ‘RandomAccessRange& boost::range::random_shuffle(RandomAccessRange&, Generator&) [with RandomAccessRange = std::vector<int>; Generator = pcg_detail::engine<unsigned int, long unsigned int, pcg_detail::xsh_rr_mixin<unsigned int, long unsigned int>, true, pcg_detail::specific_stream<long unsigned int>, pcg_detail::default_multiplier<long unsigned int> >]’
compute_rho_null.cpp:33:37:   required from here
/mnt/library/BH/include/boost/concept/detail/general.hpp:50:47: warning: ‘this’ pointer is null [-Wnonnull]
   50 |     static void failed() { ((Model*)0)->~Model(); }
      |                            ~~~~~~~~~~~~~~~~~~~^~
/mnt/library/BH/include/boost/concept/usage.hpp:20:5: note: in a call to non-static member function ‘boost::concepts::usage_requirements<Model>::~usage_requirements() [with Model = boost::range_detail::BidirectionalIteratorConcept<__gnu_cxx::__normal_iterator<const int*, std::vector<int> > >]’
   20 |     ~usage_requirements() { ((Model*)0)->~Model(); }
      |     ^
/mnt/library/BH/include/boost/concept/detail/general.hpp: In instantiation of ‘static void boost::concepts::requirement<boost::concepts::failed************ Model::************>::failed() [with Model = boost::range_detail::BidirectionalIteratorConcept<__gnu_cxx::__normal_iterator<const int*, std::vector<int> > >]’:
/mnt/library/BH/include/boost/range/concepts.hpp:358:9:   required from ‘struct boost::BidirectionalRangeConcept<std::vector<int> >’
/mnt/library/BH/include/boost/range/concepts.hpp:372:12:   required from ‘struct boost::RandomAccessRangeConcept<std::vector<int> >’
/mnt/library/BH/include/boost/concept/detail/has_constraints.hpp:32:62:   required by substitution of ‘template<class Model> boost::concepts::detail::yes boost::concepts::detail::has_constraints_(Model*, wrap_constraints<Model, (& Model::constraints)>*) [with Model = boost::RandomAccessRangeConcept<std::vector<int> >]’
/mnt/library/BH/include/boost/concept/detail/has_constraints.hpp:42:5:   required from ‘const bool boost::concepts::not_satisfied<boost::RandomAccessRangeConcept<std::vector<int> > >::value’
/mnt/library/BH/include/boost/concept/detail/has_constraints.hpp:45:51:   required from ‘struct boost::concepts::not_satisfied<boost::RandomAccessRangeConcept<std::vector<int> > >’
/mnt/library/BH/include/boost/concept/detail/general.hpp:72:8:   required from ‘struct boost::concepts::requirement_<void (*)(boost::RandomAccessRangeConcept<std::vector<int> >)>’
/mnt/library/BH/include/boost/range/algorithm/nth_element.hpp:33:5:   required from ‘RandomAccessRange& boost::range::random_shuffle(RandomAccessRange&, Generator&) [with RandomAccessRange = std::vector<int>; Generator = pcg_detail::engine<unsigned int, long unsigned int, pcg_detail::xsh_rr_mixin<unsigned int, long unsigned int>, true, pcg_detail::specific_stream<long unsigned int>, pcg_detail::default_multiplier<long unsigned int> >]’
compute_rho_null.cpp:33:37:   required from here
/mnt/library/BH/include/boost/concept/detail/general.hpp:50:47: warning: ‘this’ pointer is null [-Wnonnull]
   50 |     static void failed() { ((Model*)0)->~Model(); }
      |                            ~~~~~~~~~~~~~~~~~~~^~
/mnt/library/BH/include/boost/concept/usage.hpp:37:7: note: in a call to non-static member function ‘boost::range_detail::BidirectionalIteratorConcept<Iterator>::~BidirectionalIteratorConcept() [with Iterator = __gnu_cxx::__normal_iterator<const int*, std::vector<int> >]’
   37 |       ~model()
      |       ^
/mnt/library/BH/include/boost/range/concepts.hpp:226:14: note: in expansion of macro ‘BOOST_CONCEPT_USAGE’
  226 |              BOOST_CONCEPT_USAGE(BidirectionalIteratorConcept)
      |              ^~~~~~~~~~~~~~~~~~~
/mnt/library/BH/include/boost/concept/detail/general.hpp: In instantiation of ‘static void boost::concepts::requirement<boost::concepts::failed************ Model::************>::failed() [with Model = boost::concepts::usage_requirements<boost::Convertible<boost::iterators::random_access_traversal_tag, boost::iterators::random_access_traversal_tag> >]’:
/mnt/library/BH/include/boost/concept_check.hpp:208:5:   required from ‘struct boost::Convertible<boost::iterators::random_access_traversal_tag, boost::iterators::random_access_traversal_tag>’
/mnt/library/BH/include/boost/concept/detail/has_constraints.hpp:32:62:   required by substitution of ‘template<class Model> boost::concepts::detail::yes boost::concepts::detail::has_constraints_(Model*, wrap_constraints<Model, (& Model::constraints)>*) [with Model = boost::Convertible<boost::iterators::random_access_traversal_tag, boost::iterators::random_access_traversal_tag>]’
/mnt/library/BH/include/boost/concept/detail/has_constraints.hpp:42:5:   required from ‘const bool boost::concepts::not_satisfied<boost::Convertible<boost::iterators::random_access_traversal_tag, boost::iterators::random_access_traversal_tag> >::value’
/mnt/library/BH/include/boost/concept/detail/has_constraints.hpp:45:51:   required from ‘struct boost::concepts::not_satisfied<boost::Convertible<boost::iterators::random_access_traversal_tag, boost::iterators::random_access_traversal_tag> >’
/mnt/library/BH/include/boost/concept/detail/general.hpp:72:8:   required from ‘struct boost::concepts::requirement_<void (*)(boost::Convertible<boost::iterators::random_access_traversal_tag, boost::iterators::random_access_traversal_tag>)>’
/mnt/library/BH/include/boost/range/concepts.hpp:241:14:   [ skipping 6 instantiation contexts, use -ftemplate-backtrace-limit=0 to disable ]
/mnt/library/BH/include/boost/concept/detail/has_constraints.hpp:32:62:   required by substitution of ‘template<class Model> boost::concepts::detail::yes boost::concepts::detail::has_constraints_(Model*, wrap_constraints<Model, (& Model::constraints)>*) [with Model = boost::RandomAccessRangeConcept<std::vector<int> >]’
/mnt/library/BH/include/boost/concept/detail/has_constraints.hpp:42:5:   required from ‘const bool boost::concepts::not_satisfied<boost::RandomAccessRangeConcept<std::vector<int> > >::value’
/mnt/library/BH/include/boost/concept/detail/has_constraints.hpp:45:51:   required from ‘struct boost::concepts::not_satisfied<boost::RandomAccessRangeConcept<std::vector<int> > >’
/mnt/library/BH/include/boost/concept/detail/general.hpp:72:8:   required from ‘struct boost::concepts::requirement_<void (*)(boost::RandomAccessRangeConcept<std::vector<int> >)>’
/mnt/library/BH/include/boost/range/algorithm/nth_element.hpp:33:5:   required from ‘RandomAccessRange& boost::range::random_shuffle(RandomAccessRange&, Generator&) [with RandomAccessRange = std::vector<int>; Generator = pcg_detail::engine<unsigned int, long unsigned int, pcg_detail::xsh_rr_mixin<unsigned int, long unsigned int>, true, pcg_detail::specific_stream<long unsigned int>, pcg_detail::default_multiplier<long unsigned int> >]’
compute_rho_null.cpp:33:37:   required from here
/mnt/library/BH/include/boost/concept/detail/general.hpp:50:47: warning: ‘this’ pointer is null [-Wnonnull]
   50 |     static void failed() { ((Model*)0)->~Model(); }
      |                            ~~~~~~~~~~~~~~~~~~~^~
/mnt/library/BH/include/boost/concept/usage.hpp:20:5: note: in a call to non-static member function ‘boost::concepts::usage_requirements<Model>::~usage_requirements() [with Model = boost::Convertible<boost::iterators::random_access_traversal_tag, boost::iterators::random_access_traversal_tag>]’
   20 |     ~usage_requirements() { ((Model*)0)->~Model(); }
      |     ^
/mnt/library/BH/include/boost/concept/detail/general.hpp: In instantiation of ‘static void boost::concepts::requirement<boost::concepts::failed************ Model::************>::failed() [with Model = boost::Convertible<boost::iterators::random_access_traversal_tag, boost::iterators::random_access_traversal_tag>]’:
/mnt/library/BH/include/boost/range/concepts.hpp:241:14:   required from ‘struct boost::range_detail::RandomAccessIteratorConcept<__gnu_cxx::__normal_iterator<int*, std::vector<int> > >’
/mnt/library/BH/include/boost/concept/detail/has_constraints.hpp:32:62:   required by substitution of ‘template<class Model> boost::concepts::detail::yes boost::concepts::detail::has_constraints_(Model*, wrap_constraints<Model, (& Model::constraints)>*) [with Model = boost::range_detail::RandomAccessIteratorConcept<__gnu_cxx::__normal_iterator<int*, std::vector<int> > >]’
/mnt/library/BH/include/boost/concept/detail/has_constraints.hpp:42:5:   required from ‘const bool boost::concepts::not_satisfied<boost::range_detail::RandomAccessIteratorConcept<__gnu_cxx::__normal_iterator<int*, std::vector<int> > > >::value’
/mnt/library/BH/include/boost/concept/detail/has_constraints.hpp:45:51:   required from ‘struct boost::concepts::not_satisfied<boost::range_detail::RandomAccessIteratorConcept<__gnu_cxx::__normal_iterator<int*, std::vector<int> > > >’
/mnt/library/BH/include/boost/concept/detail/general.hpp:72:8:   [ skipping 2 instantiation contexts, use -ftemplate-backtrace-limit=0 to disable ]
/mnt/library/BH/include/boost/concept/detail/has_constraints.hpp:32:62:   required by substitution of ‘template<class Model> boost::concepts::detail::yes boost::concepts::detail::has_constraints_(Model*, wrap_constraints<Model, (& Model::constraints)>*) [with Model = boost::RandomAccessRangeConcept<std::vector<int> >]’
/mnt/library/BH/include/boost/concept/detail/has_constraints.hpp:42:5:   required from ‘const bool boost::concepts::not_satisfied<boost::RandomAccessRangeConcept<std::vector<int> > >::value’
/mnt/library/BH/include/boost/concept/detail/has_constraints.hpp:45:51:   required from ‘struct boost::concepts::not_satisfied<boost::RandomAccessRangeConcept<std::vector<int> > >’
/mnt/library/BH/include/boost/concept/detail/general.hpp:72:8:   required from ‘struct boost::concepts::requirement_<void (*)(boost::RandomAccessRangeConcept<std::vector<int> >)>’
/mnt/library/BH/include/boost/range/algorithm/nth_element.hpp:33:5:   required from ‘RandomAccessRange& boost::range::random_shuffle(RandomAccessRange&, Generator&) [with RandomAccessRange = std::vector<int>; Generator = pcg_detail::engine<unsigned int, long unsigned int, pcg_detail::xsh_rr_mixin<unsigned int, long unsigned int>, true, pcg_detail::specific_stream<long unsigned int>, pcg_detail::default_multiplier<long unsigned int> >]’
compute_rho_null.cpp:33:37:   required from here
/mnt/library/BH/include/boost/concept/detail/general.hpp:50:47: warning: ‘this’ pointer is null [-Wnonnull]
   50 |     static void failed() { ((Model*)0)->~Model(); }
      |                            ~~~~~~~~~~~~~~~~~~~^~
/mnt/library/BH/include/boost/concept/usage.hpp:37:7: note: in a call to non-static member function ‘boost::Convertible<X, Y>::~Convertible() [with X = boost::iterators::random_access_traversal_tag; Y = boost::iterators::random_access_traversal_tag]’
   37 |       ~model()
      |       ^
/mnt/library/BH/include/boost/concept_check.hpp:208:5: note: in expansion of macro ‘BOOST_CONCEPT_USAGE’
  208 |     BOOST_CONCEPT_USAGE(Convertible) {
      |     ^~~~~~~~~~~~~~~~~~~
/mnt/library/BH/include/boost/concept/detail/general.hpp: In instantiation of ‘static void boost::concepts::requirement<boost::concepts::failed************ Model::************>::failed() [with Model = boost::concepts::usage_requirements<boost::range_detail::RandomAccessIteratorConcept<__gnu_cxx::__normal_iterator<int*, std::vector<int> > > >]’:
/mnt/library/BH/include/boost/range/concepts.hpp:247:14:   required from ‘struct boost::range_detail::RandomAccessIteratorConcept<__gnu_cxx::__normal_iterator<int*, std::vector<int> > >’
/mnt/library/BH/include/boost/concept/detail/has_constraints.hpp:32:62:   required by substitution of ‘template<class Model> boost::concepts::detail::yes boost::concepts::detail::has_constraints_(Model*, wrap_constraints<Model, (& Model::constraints)>*) [with Model = boost::range_detail::RandomAccessIteratorConcept<__gnu_cxx::__normal_iterator<int*, std::vector<int> > >]’
/mnt/library/BH/include/boost/concept/detail/has_constraints.hpp:42:5:   required from ‘const bool boost::concepts::not_satisfied<boost::range_detail::RandomAccessIteratorConcept<__gnu_cxx::__normal_iterator<int*, std::vector<int> > > >::value’
/mnt/library/BH/include/boost/concept/detail/has_constraints.hpp:45:51:   required from ‘struct boost::concepts::not_satisfied<boost::range_detail::RandomAccessIteratorConcept<__gnu_cxx::__normal_iterator<int*, std::vector<int> > > >’
/mnt/library/BH/include/boost/concept/detail/general.hpp:72:8:   [ skipping 2 instantiation contexts, use -ftemplate-backtrace-limit=0 to disable ]
/mnt/library/BH/include/boost/concept/detail/has_constraints.hpp:32:62:   required by substitution of ‘template<class Model> boost::concepts::detail::yes boost::concepts::detail::has_constraints_(Model*, wrap_constraints<Model, (& Model::constraints)>*) [with Model = boost::RandomAccessRangeConcept<std::vector<int> >]’
/mnt/library/BH/include/boost/concept/detail/has_constraints.hpp:42:5:   required from ‘const bool boost::concepts::not_satisfied<boost::RandomAccessRangeConcept<std::vector<int> > >::value’
/mnt/library/BH/include/boost/concept/detail/has_constraints.hpp:45:51:   required from ‘struct boost::concepts::not_satisfied<boost::RandomAccessRangeConcept<std::vector<int> > >’
/mnt/library/BH/include/boost/concept/detail/general.hpp:72:8:   required from ‘struct boost::concepts::requirement_<void (*)(boost::RandomAccessRangeConcept<std::vector<int> >)>’
/mnt/library/BH/include/boost/range/algorithm/nth_element.hpp:33:5:   required from ‘RandomAccessRange& boost::range::random_shuffle(RandomAccessRange&, Generator&) [with RandomAccessRange = std::vector<int>; Generator = pcg_detail::engine<unsigned int, long unsigned int, pcg_detail::xsh_rr_mixin<unsigned int, long unsigned int>, true, pcg_detail::specific_stream<long unsigned int>, pcg_detail::default_multiplier<long unsigned int> >]’
compute_rho_null.cpp:33:37:   required from here
/mnt/library/BH/include/boost/concept/detail/general.hpp:50:47: warning: ‘this’ pointer is null [-Wnonnull]
   50 |     static void failed() { ((Model*)0)->~Model(); }
      |                            ~~~~~~~~~~~~~~~~~~~^~
/mnt/library/BH/include/boost/concept/usage.hpp:20:5: note: in a call to non-static member function ‘boost::concepts::usage_requirements<Model>::~usage_requirements() [with Model = boost::range_detail::RandomAccessIteratorConcept<__gnu_cxx::__normal_iterator<int*, std::vector<int> > >]’
   20 |     ~usage_requirements() { ((Model*)0)->~Model(); }
      |     ^
/mnt/library/BH/include/boost/concept/detail/general.hpp: In instantiation of ‘static void boost::concepts::requirement<boost::concepts::failed************ Model::************>::failed() [with Model = boost::range_detail::RandomAccessIteratorConcept<__gnu_cxx::__normal_iterator<int*, std::vector<int> > >]’:
/mnt/library/BH/include/boost/range/concepts.hpp:375:9:   required from ‘struct boost::RandomAccessRangeConcept<std::vector<int> >’
/mnt/library/BH/include/boost/concept/detail/has_constraints.hpp:32:62:   required by substitution of ‘template<class Model> boost::concepts::detail::yes boost::concepts::detail::has_constraints_(Model*, wrap_constraints<Model, (& Model::constraints)>*) [with Model = boost::RandomAccessRangeConcept<std::vector<int> >]’
/mnt/library/BH/include/boost/concept/detail/has_constraints.hpp:42:5:   required from ‘const bool boost::concepts::not_satisfied<boost::RandomAccessRangeConcept<std::vector<int> > >::value’
/mnt/library/BH/include/boost/concept/detail/has_constraints.hpp:45:51:   required from ‘struct boost::concepts::not_satisfied<boost::RandomAccessRangeConcept<std::vector<int> > >’
/mnt/library/BH/include/boost/concept/detail/general.hpp:72:8:   required from ‘struct boost::concepts::requirement_<void (*)(boost::RandomAccessRangeConcept<std::vector<int> >)>’
/mnt/library/BH/include/boost/range/algorithm/nth_element.hpp:33:5:   required from ‘RandomAccessRange& boost::range::random_shuffle(RandomAccessRange&, Generator&) [with RandomAccessRange = std::vector<int>; Generator = pcg_detail::engine<unsigned int, long unsigned int, pcg_detail::xsh_rr_mixin<unsigned int, long unsigned int>, true, pcg_detail::specific_stream<long unsigned int>, pcg_detail::default_multiplier<long unsigned int> >]’
compute_rho_null.cpp:33:37:   required from here
/mnt/library/BH/include/boost/concept/detail/general.hpp:50:47: warning: ‘this’ pointer is null [-Wnonnull]
   50 |     static void failed() { ((Model*)0)->~Model(); }
      |                            ~~~~~~~~~~~~~~~~~~~^~
/mnt/library/BH/include/boost/concept/usage.hpp:37:7: note: in a call to non-static member function ‘boost::range_detail::RandomAccessIteratorConcept<Iterator>::~RandomAccessIteratorConcept() [with Iterator = __gnu_cxx::__normal_iterator<int*, std::vector<int> >]’
   37 |       ~model()
      |       ^
/mnt/library/BH/include/boost/range/concepts.hpp:247:14: note: in expansion of macro ‘BOOST_CONCEPT_USAGE’
  247 |              BOOST_CONCEPT_USAGE(RandomAccessIteratorConcept)
      |              ^~~~~~~~~~~~~~~~~~~
/mnt/library/BH/include/boost/concept/detail/general.hpp: In instantiation of ‘static void boost::concepts::requirement<boost::concepts::failed************ Model::************>::failed() [with Model = boost::concepts::usage_requirements<boost::range_detail::RandomAccessIteratorConcept<__gnu_cxx::__normal_iterator<const int*, std::vector<int> > > >]’:
/mnt/library/BH/include/boost/range/concepts.hpp:247:14:   required from ‘struct boost::range_detail::RandomAccessIteratorConcept<__gnu_cxx::__normal_iterator<const int*, std::vector<int> > >’
/mnt/library/BH/include/boost/concept/detail/has_constraints.hpp:32:62:   required by substitution of ‘template<class Model> boost::concepts::detail::yes boost::concepts::detail::has_constraints_(Model*, wrap_constraints<Model, (& Model::constraints)>*) [with Model = boost::range_detail::RandomAccessIteratorConcept<__gnu_cxx::__normal_iterator<const int*, std::vector<int> > >]’
/mnt/library/BH/include/boost/concept/detail/has_constraints.hpp:42:5:   required from ‘const bool boost::concepts::not_satisfied<boost::range_detail::RandomAccessIteratorConcept<__gnu_cxx::__normal_iterator<const int*, std::vector<int> > > >::value’
/mnt/library/BH/include/boost/concept/detail/has_constraints.hpp:45:51:   required from ‘struct boost::concepts::not_satisfied<boost::range_detail::RandomAccessIteratorConcept<__gnu_cxx::__normal_iterator<const int*, std::vector<int> > > >’
/mnt/library/BH/include/boost/concept/detail/general.hpp:72:8:   [ skipping 2 instantiation contexts, use -ftemplate-backtrace-limit=0 to disable ]
/mnt/library/BH/include/boost/concept/detail/has_constraints.hpp:32:62:   required by substitution of ‘template<class Model> boost::concepts::detail::yes boost::concepts::detail::has_constraints_(Model*, wrap_constraints<Model, (& Model::constraints)>*) [with Model = boost::RandomAccessRangeConcept<std::vector<int> >]’
/mnt/library/BH/include/boost/concept/detail/has_constraints.hpp:42:5:   required from ‘const bool boost::concepts::not_satisfied<boost::RandomAccessRangeConcept<std::vector<int> > >::value’
/mnt/library/BH/include/boost/concept/detail/has_constraints.hpp:45:51:   required from ‘struct boost::concepts::not_satisfied<boost::RandomAccessRangeConcept<std::vector<int> > >’
/mnt/library/BH/include/boost/concept/detail/general.hpp:72:8:   required from ‘struct boost::concepts::requirement_<void (*)(boost::RandomAccessRangeConcept<std::vector<int> >)>’
/mnt/library/BH/include/boost/range/algorithm/nth_element.hpp:33:5:   required from ‘RandomAccessRange& boost::range::random_shuffle(RandomAccessRange&, Generator&) [with RandomAccessRange = std::vector<int>; Generator = pcg_detail::engine<unsigned int, long unsigned int, pcg_detail::xsh_rr_mixin<unsigned int, long unsigned int>, true, pcg_detail::specific_stream<long unsigned int>, pcg_detail::default_multiplier<long unsigned int> >]’
compute_rho_null.cpp:33:37:   required from here
/mnt/library/BH/include/boost/concept/detail/general.hpp:50:47: warning: ‘this’ pointer is null [-Wnonnull]
   50 |     static void failed() { ((Model*)0)->~Model(); }
      |                            ~~~~~~~~~~~~~~~~~~~^~
/mnt/library/BH/include/boost/concept/usage.hpp:20:5: note: in a call to non-static member function ‘boost::concepts::usage_requirements<Model>::~usage_requirements() [with Model = boost::range_detail::RandomAccessIteratorConcept<__gnu_cxx::__normal_iterator<const int*, std::vector<int> > >]’
   20 |     ~usage_requirements() { ((Model*)0)->~Model(); }
      |     ^
/mnt/library/BH/include/boost/concept/detail/general.hpp: In instantiation of ‘static void boost::concepts::requirement<boost::concepts::failed************ Model::************>::failed() [with Model = boost::range_detail::RandomAccessIteratorConcept<__gnu_cxx::__normal_iterator<const int*, std::vector<int> > >]’:
/mnt/library/BH/include/boost/range/concepts.hpp:376:9:   required from ‘struct boost::RandomAccessRangeConcept<std::vector<int> >’
/mnt/library/BH/include/boost/concept/detail/has_constraints.hpp:32:62:   required by substitution of ‘template<class Model> boost::concepts::detail::yes boost::concepts::detail::has_constraints_(Model*, wrap_constraints<Model, (& Model::constraints)>*) [with Model = boost::RandomAccessRangeConcept<std::vector<int> >]’
/mnt/library/BH/include/boost/concept/detail/has_constraints.hpp:42:5:   required from ‘const bool boost::concepts::not_satisfied<boost::RandomAccessRangeConcept<std::vector<int> > >::value’
/mnt/library/BH/include/boost/concept/detail/has_constraints.hpp:45:51:   required from ‘struct boost::concepts::not_satisfied<boost::RandomAccessRangeConcept<std::vector<int> > >’
/mnt/library/BH/include/boost/concept/detail/general.hpp:72:8:   required from ‘struct boost::concepts::requirement_<void (*)(boost::RandomAccessRangeConcept<std::vector<int> >)>’
/mnt/library/BH/include/boost/range/algorithm/nth_element.hpp:33:5:   required from ‘RandomAccessRange& boost::range::random_shuffle(RandomAccessRange&, Generator&) [with RandomAccessRange = std::vector<int>; Generator = pcg_detail::engine<unsigned int, long unsigned int, pcg_detail::xsh_rr_mixin<unsigned int, long unsigned int>, true, pcg_detail::specific_stream<long unsigned int>, pcg_detail::default_multiplier<long unsigned int> >]’
compute_rho_null.cpp:33:37:   required from here
/mnt/library/BH/include/boost/concept/detail/general.hpp:50:47: warning: ‘this’ pointer is null [-Wnonnull]
   50 |     static void failed() { ((Model*)0)->~Model(); }
      |                            ~~~~~~~~~~~~~~~~~~~^~
/mnt/library/BH/include/boost/concept/usage.hpp:37:7: note: in a call to non-static member function ‘boost::range_detail::RandomAccessIteratorConcept<Iterator>::~RandomAccessIteratorConcept() [with Iterator = __gnu_cxx::__normal_iterator<const int*, std::vector<int> >]’
   37 |       ~model()
      |       ^
/mnt/library/BH/include/boost/range/concepts.hpp:247:14: note: in expansion of macro ‘BOOST_CONCEPT_USAGE’
  247 |              BOOST_CONCEPT_USAGE(RandomAccessIteratorConcept)
      |              ^~~~~~~~~~~~~~~~~~~
/mnt/library/BH/include/boost/concept/detail/general.hpp: In instantiation of ‘static void boost::concepts::requirement<boost::concepts::failed************ Model::************>::failed() [with Model = boost::RandomAccessRangeConcept<std::vector<int> >]’:
/mnt/library/BH/include/boost/range/algorithm/nth_element.hpp:33:5:   required from ‘RandomAccessRange& boost::range::random_shuffle(RandomAccessRange&, Generator&) [with RandomAccessRange = std::vector<int>; Generator = pcg_detail::engine<unsigned int, long unsigned int, pcg_detail::xsh_rr_mixin<unsigned int, long unsigned int>, true, pcg_detail::specific_stream<long unsigned int>, pcg_detail::default_multiplier<long unsigned int> >]’
compute_rho_null.cpp:33:37:   required from here
/mnt/library/BH/include/boost/concept/detail/general.hpp:50:47: warning: ‘this’ pointer is null [-Wnonnull]
   50 |     static void failed() { ((Model*)0)->~Model(); }
      |                            ~~~~~~~~~~~~~~~~~~~^~
/mnt/library/BH/include/boost/range/concepts.hpp:372:12: note: in a call to non-static member function ‘boost::RandomAccessRangeConcept<std::vector<int> >::~RandomAccessRangeConcept()’
  372 |     struct RandomAccessRangeConcept : BidirectionalRangeConcept<T>
      |            ^~~~~~~~~~~~~~~~~~~~~~~~
/mnt/library/BH/include/boost/concept/usage.hpp: In instantiation of ‘boost::concepts::usage_requirements<Model>::~usage_requirements() [with Model = boost::CopyConstructible<__gnu_cxx::__normal_iterator<int*, std::vector<int> > >]’:
/mnt/library/BH/include/boost/concept/detail/general.hpp:50:47:   required from ‘static void boost::concepts::requirement<boost::concepts::failed************ Model::************>::failed() [with Model = boost::concepts::usage_requirements<boost::CopyConstructible<__gnu_cxx::__normal_iterator<int*, std::vector<int> > > >]’
/mnt/library/BH/include/boost/concept_check.hpp:167:5:   required from ‘struct boost::CopyConstructible<__gnu_cxx::__normal_iterator<int*, std::vector<int> > >’
/mnt/library/BH/include/boost/range/concepts.hpp:127:16:   required from ‘struct boost::range_detail::IncrementableIteratorConcept<__gnu_cxx::__normal_iterator<int*, std::vector<int> > >’
/mnt/library/BH/include/boost/range/concepts.hpp:149:16:   required from ‘struct boost::range_detail::SinglePassIteratorConcept<__gnu_cxx::__normal_iterator<int*, std::vector<int> > >’
/mnt/library/BH/include/boost/concept/detail/has_constraints.hpp:32:62:   required by substitution of ‘template<class Model> boost::concepts::detail::yes boost::concepts::detail::has_constraints_(Model*, wrap_constraints<Model, (& Model::constraints)>*) [with Model = boost::range_detail::SinglePassIteratorConcept<__gnu_cxx::__normal_iterator<int*, std::vector<int> > >]’
/mnt/library/BH/include/boost/concept/detail/has_constraints.hpp:42:5:   [ skipping 7 instantiation contexts, use -ftemplate-backtrace-limit=0 to disable ]
/mnt/library/BH/include/boost/concept/detail/has_constraints.hpp:32:62:   required by substitution of ‘template<class Model> boost::concepts::detail::yes boost::concepts::detail::has_constraints_(Model*, wrap_constraints<Model, (& Model::constraints)>*) [with Model = boost::RandomAccessRangeConcept<std::vector<int> >]’
/mnt/library/BH/include/boost/concept/detail/has_constraints.hpp:42:5:   required from ‘const bool boost::concepts::not_satisfied<boost::RandomAccessRangeConcept<std::vector<int> > >::value’
/mnt/library/BH/include/boost/concept/detail/has_constraints.hpp:45:51:   required from ‘struct boost::concepts::not_satisfied<boost::RandomAccessRangeConcept<std::vector<int> > >’
/mnt/library/BH/include/boost/concept/detail/general.hpp:72:8:   required from ‘struct boost::concepts::requirement_<void (*)(boost::RandomAccessRangeConcept<std::vector<int> >)>’
/mnt/library/BH/include/boost/range/algorithm/nth_element.hpp:33:5:   required from ‘RandomAccessRange& boost::range::random_shuffle(RandomAccessRange&, Generator&) [with RandomAccessRange = std::vector<int>; Generator = pcg_detail::engine<unsigned int, long unsigned int, pcg_detail::xsh_rr_mixin<unsigned int, long unsigned int>, true, pcg_detail::specific_stream<long unsigned int>, pcg_detail::default_multiplier<long unsigned int> >]’
compute_rho_null.cpp:33:37:   required from here
/mnt/library/BH/include/boost/concept/usage.hpp:20:48: warning: ‘this’ pointer is null [-Wnonnull]
   20 |     ~usage_requirements() { ((Model*)0)->~Model(); }
      |                             ~~~~~~~~~~~~~~~~~~~^~
/mnt/library/BH/include/boost/concept/usage.hpp:37:7: note: in a call to non-static member function ‘boost::CopyConstructible<TT>::~CopyConstructible() [with TT = __gnu_cxx::__normal_iterator<int*, std::vector<int> >]’
   37 |       ~model()
      |       ^
/mnt/library/BH/include/boost/concept_check.hpp:167:5: note: in expansion of macro ‘BOOST_CONCEPT_USAGE’
  167 |     BOOST_CONCEPT_USAGE(CopyConstructible) {
      |     ^~~~~~~~~~~~~~~~~~~
/mnt/library/BH/include/boost/concept/usage.hpp: In instantiation of ‘boost::concepts::usage_requirements<Model>::~usage_requirements() [with Model = boost::Convertible<boost::iterators::random_access_traversal_tag, boost::iterators::incrementable_traversal_tag>]’:
/mnt/library/BH/include/boost/concept/detail/general.hpp:50:47:   required from ‘static void boost::concepts::requirement<boost::concepts::failed************ Model::************>::failed() [with Model = boost::concepts::usage_requirements<boost::Convertible<boost::iterators::random_access_traversal_tag, boost::iterators::incrementable_traversal_tag> >]’
/mnt/library/BH/include/boost/concept_check.hpp:208:5:   required from ‘struct boost::Convertible<boost::iterators::random_access_traversal_tag, boost::iterators::incrementable_traversal_tag>’
/mnt/library/BH/include/boost/concept/detail/has_constraints.hpp:32:62:   required by substitution of ‘template<class Model> boost::concepts::detail::yes boost::concepts::detail::has_constraints_(Model*, wrap_constraints<Model, (& Model::constraints)>*) [with Model = boost::Convertible<boost::iterators::random_access_traversal_tag, boost::iterators::incrementable_traversal_tag>]’
/mnt/library/BH/include/boost/concept/detail/has_constraints.hpp:42:5:   required from ‘const bool boost::concepts::not_satisfied<boost::Convertible<boost::iterators::random_access_traversal_tag, boost::iterators::incrementable_traversal_tag> >::value’
/mnt/library/BH/include/boost/concept/detail/has_constraints.hpp:45:51:   required from ‘struct boost::concepts::not_satisfied<boost::Convertible<boost::iterators::random_access_traversal_tag, boost::iterators::incrementable_traversal_tag> >’
/mnt/library/BH/include/boost/concept/detail/general.hpp:72:8:   [ skipping 11 instantiation contexts, use -ftemplate-backtrace-limit=0 to disable ]
/mnt/library/BH/include/boost/concept/detail/has_constraints.hpp:32:62:   required by substitution of ‘template<class Model> boost::concepts::detail::yes boost::concepts::detail::has_constraints_(Model*, wrap_constraints<Model, (& Model::constraints)>*) [with Model = boost::RandomAccessRangeConcept<std::vector<int> >]’
/mnt/library/BH/include/boost/concept/detail/has_constraints.hpp:42:5:   required from ‘const bool boost::concepts::not_satisfied<boost::RandomAccessRangeConcept<std::vector<int> > >::value’
/mnt/library/BH/include/boost/concept/detail/has_constraints.hpp:45:51:   required from ‘struct boost::concepts::not_satisfied<boost::RandomAccessRangeConcept<std::vector<int> > >’
/mnt/library/BH/include/boost/concept/detail/general.hpp:72:8:   required from ‘struct boost::concepts::requirement_<void (*)(boost::RandomAccessRangeConcept<std::vector<int> >)>’
/mnt/library/BH/include/boost/range/algorithm/nth_element.hpp:33:5:   required from ‘RandomAccessRange& boost::range::random_shuffle(RandomAccessRange&, Generator&) [with RandomAccessRange = std::vector<int>; Generator = pcg_detail::engine<unsigned int, long unsigned int, pcg_detail::xsh_rr_mixin<unsigned int, long unsigned int>, true, pcg_detail::specific_stream<long unsigned int>, pcg_detail::default_multiplier<long unsigned int> >]’
compute_rho_null.cpp:33:37:   required from here
/mnt/library/BH/include/boost/concept/usage.hpp:20:48: warning: ‘this’ pointer is null [-Wnonnull]
   20 |     ~usage_requirements() { ((Model*)0)->~Model(); }
      |                             ~~~~~~~~~~~~~~~~~~~^~
/mnt/library/BH/include/boost/concept/usage.hpp:37:7: note: in a call to non-static member function ‘boost::Convertible<X, Y>::~Convertible() [with X = boost::iterators::random_access_traversal_tag; Y = boost::iterators::incrementable_traversal_tag]’
   37 |       ~model()
      |       ^
/mnt/library/BH/include/boost/concept_check.hpp:208:5: note: in expansion of macro ‘BOOST_CONCEPT_USAGE’
  208 |     BOOST_CONCEPT_USAGE(Convertible) {
      |     ^~~~~~~~~~~~~~~~~~~
/mnt/library/BH/include/boost/concept/usage.hpp: In instantiation of ‘boost::concepts::usage_requirements<Model>::~usage_requirements() [with Model = boost::range_detail::IncrementableIteratorConcept<__gnu_cxx::__normal_iterator<int*, std::vector<int> > >]’:
/mnt/library/BH/include/boost/concept/detail/general.hpp:50:47:   required from ‘static void boost::concepts::requirement<boost::concepts::failed************ Model::************>::failed() [with Model = boost::concepts::usage_requirements<boost::range_detail::IncrementableIteratorConcept<__gnu_cxx::__normal_iterator<int*, std::vector<int> > > >]’
/mnt/library/BH/include/boost/range/concepts.hpp:138:13:   required from ‘struct boost::range_detail::IncrementableIteratorConcept<__gnu_cxx::__normal_iterator<int*, std::vector<int> > >’
/mnt/library/BH/include/boost/range/concepts.hpp:149:16:   required from ‘struct boost::range_detail::SinglePassIteratorConcept<__gnu_cxx::__normal_iterator<int*, std::vector<int> > >’
/mnt/library/BH/include/boost/concept/detail/has_constraints.hpp:32:62:   required by substitution of ‘template<class Model> boost::concepts::detail::yes boost::concepts::detail::has_constraints_(Model*, wrap_constraints<Model, (& Model::constraints)>*) [with Model = boost::range_detail::SinglePassIteratorConcept<__gnu_cxx::__normal_iterator<int*, std::vector<int> > >]’
/mnt/library/BH/include/boost/concept/detail/has_constraints.hpp:42:5:   required from ‘const bool boost::concepts::not_satisfied<boost::range_detail::SinglePassIteratorConcept<__gnu_cxx::__normal_iterator<int*, std::vector<int> > > >::value’
/mnt/library/BH/include/boost/concept/detail/has_constraints.hpp:45:51:   [ skipping 6 instantiation contexts, use -ftemplate-backtrace-limit=0 to disable ]
/mnt/library/BH/include/boost/concept/detail/has_constraints.hpp:32:62:   required by substitution of ‘template<class Model> boost::concepts::detail::yes boost::concepts::detail::has_constraints_(Model*, wrap_constraints<Model, (& Model::constraints)>*) [with Model = boost::RandomAccessRangeConcept<std::vector<int> >]’
/mnt/library/BH/include/boost/concept/detail/has_constraints.hpp:42:5:   required from ‘const bool boost::concepts::not_satisfied<boost::RandomAccessRangeConcept<std::vector<int> > >::value’
/mnt/library/BH/include/boost/concept/detail/has_constraints.hpp:45:51:   required from ‘struct boost::concepts::not_satisfied<boost::RandomAccessRangeConcept<std::vector<int> > >’
/mnt/library/BH/include/boost/concept/detail/general.hpp:72:8:   required from ‘struct boost::concepts::requirement_<void (*)(boost::RandomAccessRangeConcept<std::vector<int> >)>’
/mnt/library/BH/include/boost/range/algorithm/nth_element.hpp:33:5:   required from ‘RandomAccessRange& boost::range::random_shuffle(RandomAccessRange&, Generator&) [with RandomAccessRange = std::vector<int>; Generator = pcg_detail::engine<unsigned int, long unsigned int, pcg_detail::xsh_rr_mixin<unsigned int, long unsigned int>, true, pcg_detail::specific_stream<long unsigned int>, pcg_detail::default_multiplier<long unsigned int> >]’
compute_rho_null.cpp:33:37:   required from here
/mnt/library/BH/include/boost/concept/usage.hpp:20:48: warning: ‘this’ pointer is null [-Wnonnull]
   20 |     ~usage_requirements() { ((Model*)0)->~Model(); }
      |                             ~~~~~~~~~~~~~~~~~~~^~
/mnt/library/BH/include/boost/concept/usage.hpp:37:7: note: in a call to non-static member function ‘boost::range_detail::IncrementableIteratorConcept<Iterator>::~IncrementableIteratorConcept() [with Iterator = __gnu_cxx::__normal_iterator<int*, std::vector<int> >]’
   37 |       ~model()
      |       ^
/mnt/library/BH/include/boost/range/concepts.hpp:138:13: note: in expansion of macro ‘BOOST_CONCEPT_USAGE’
  138 |             BOOST_CONCEPT_USAGE(IncrementableIteratorConcept)
      |             ^~~~~~~~~~~~~~~~~~~
/mnt/library/BH/include/boost/concept/usage.hpp: In instantiation of ‘boost::concepts::usage_requirements<Model>::~usage_requirements() [with Model = boost::EqualityComparable<__gnu_cxx::__normal_iterator<int*, std::vector<int> > >]’:
/mnt/library/BH/include/boost/concept/detail/general.hpp:50:47:   required from ‘static void boost::concepts::requirement<boost::concepts::failed************ Model::************>::failed() [with Model = boost::concepts::usage_requirements<boost::EqualityComparable<__gnu_cxx::__normal_iterator<int*, std::vector<int> > > >]’
/mnt/library/BH/include/boost/concept_check.hpp:233:5:   required from ‘struct boost::EqualityComparable<__gnu_cxx::__normal_iterator<int*, std::vector<int> > >’
/mnt/library/BH/include/boost/range/concepts.hpp:149:16:   required from ‘struct boost::range_detail::SinglePassIteratorConcept<__gnu_cxx::__normal_iterator<int*, std::vector<int> > >’
/mnt/library/BH/include/boost/concept/detail/has_constraints.hpp:32:62:   required by substitution of ‘template<class Model> boost::concepts::detail::yes boost::concepts::detail::has_constraints_(Model*, wrap_constraints<Model, (& Model::constraints)>*) [with Model = boost::range_detail::SinglePassIteratorConcept<__gnu_cxx::__normal_iterator<int*, std::vector<int> > >]’
/mnt/library/BH/include/boost/concept/detail/has_constraints.hpp:42:5:   required from ‘const bool boost::concepts::not_satisfied<boost::range_detail::SinglePassIteratorConcept<__gnu_cxx::__normal_iterator<int*, std::vector<int> > > >::value’
/mnt/library/BH/include/boost/concept/detail/has_constraints.hpp:45:51:   [ skipping 6 instantiation contexts, use -ftemplate-backtrace-limit=0 to disable ]
/mnt/library/BH/include/boost/concept/detail/has_constraints.hpp:32:62:   required by substitution of ‘template<class Model> boost::concepts::detail::yes boost::concepts::detail::has_constraints_(Model*, wrap_constraints<Model, (& Model::constraints)>*) [with Model = boost::RandomAccessRangeConcept<std::vector<int> >]’
/mnt/library/BH/include/boost/concept/detail/has_constraints.hpp:42:5:   required from ‘const bool boost::concepts::not_satisfied<boost::RandomAccessRangeConcept<std::vector<int> > >::value’
/mnt/library/BH/include/boost/concept/detail/has_constraints.hpp:45:51:   required from ‘struct boost::concepts::not_satisfied<boost::RandomAccessRangeConcept<std::vector<int> > >’
/mnt/library/BH/include/boost/concept/detail/general.hpp:72:8:   required from ‘struct boost::concepts::requirement_<void (*)(boost::RandomAccessRangeConcept<std::vector<int> >)>’
/mnt/library/BH/include/boost/range/algorithm/nth_element.hpp:33:5:   required from ‘RandomAccessRange& boost::range::random_shuffle(RandomAccessRange&, Generator&) [with RandomAccessRange = std::vector<int>; Generator = pcg_detail::engine<unsigned int, long unsigned int, pcg_detail::xsh_rr_mixin<unsigned int, long unsigned int>, true, pcg_detail::specific_stream<long unsigned int>, pcg_detail::default_multiplier<long unsigned int> >]’
compute_rho_null.cpp:33:37:   required from here
/mnt/library/BH/include/boost/concept/usage.hpp:20:48: warning: ‘this’ pointer is null [-Wnonnull]
   20 |     ~usage_requirements() { ((Model*)0)->~Model(); }
      |                             ~~~~~~~~~~~~~~~~~~~^~
/mnt/library/BH/include/boost/concept/usage.hpp:37:7: note: in a call to non-static member function ‘boost::EqualityComparable<TT>::~EqualityComparable() [with TT = __gnu_cxx::__normal_iterator<int*, std::vector<int> >]’
   37 |       ~model()
      |       ^
/mnt/library/BH/include/boost/concept_check.hpp:233:5: note: in expansion of macro ‘BOOST_CONCEPT_USAGE’
  233 |     BOOST_CONCEPT_USAGE(EqualityComparable) {
      |     ^~~~~~~~~~~~~~~~~~~
/mnt/library/BH/include/boost/concept/usage.hpp: In instantiation of ‘boost::concepts::usage_requirements<Model>::~usage_requirements() [with Model = boost::Convertible<boost::iterators::random_access_traversal_tag, boost::iterators::single_pass_traversal_tag>]’:
/mnt/library/BH/include/boost/concept/detail/general.hpp:50:47:   required from ‘static void boost::concepts::requirement<boost::concepts::failed************ Model::************>::failed() [with Model = boost::concepts::usage_requirements<boost::Convertible<boost::iterators::random_access_traversal_tag, boost::iterators::single_pass_traversal_tag> >]’
/mnt/library/BH/include/boost/concept_check.hpp:208:5:   required from ‘struct boost::Convertible<boost::iterators::random_access_traversal_tag, boost::iterators::single_pass_traversal_tag>’
/mnt/library/BH/include/boost/concept/detail/has_constraints.hpp:32:62:   required by substitution of ‘template<class Model> boost::concepts::detail::yes boost::concepts::detail::has_constraints_(Model*, wrap_constraints<Model, (& Model::constraints)>*) [with Model = boost::Convertible<boost::iterators::random_access_traversal_tag, boost::iterators::single_pass_traversal_tag>]’
/mnt/library/BH/include/boost/concept/detail/has_constraints.hpp:42:5:   required from ‘const bool boost::concepts::not_satisfied<boost::Convertible<boost::iterators::random_access_traversal_tag, boost::iterators::single_pass_traversal_tag> >::value’
/mnt/library/BH/include/boost/concept/detail/has_constraints.hpp:45:51:   required from ‘struct boost::concepts::not_satisfied<boost::Convertible<boost::iterators::random_access_traversal_tag, boost::iterators::single_pass_traversal_tag> >’
/mnt/library/BH/include/boost/concept/detail/general.hpp:72:8:   [ skipping 10 instantiation contexts, use -ftemplate-backtrace-limit=0 to disable ]
/mnt/library/BH/include/boost/concept/detail/has_constraints.hpp:32:62:   required by substitution of ‘template<class Model> boost::concepts::detail::yes boost::concepts::detail::has_constraints_(Model*, wrap_constraints<Model, (& Model::constraints)>*) [with Model = boost::RandomAccessRangeConcept<std::vector<int> >]’
/mnt/library/BH/include/boost/concept/detail/has_constraints.hpp:42:5:   required from ‘const bool boost::concepts::not_satisfied<boost::RandomAccessRangeConcept<std::vector<int> > >::value’
/mnt/library/BH/include/boost/concept/detail/has_constraints.hpp:45:51:   required from ‘struct boost::concepts::not_satisfied<boost::RandomAccessRangeConcept<std::vector<int> > >’
/mnt/library/BH/include/boost/concept/detail/general.hpp:72:8:   required from ‘struct boost::concepts::requirement_<void (*)(boost::RandomAccessRangeConcept<std::vector<int> >)>’
/mnt/library/BH/include/boost/range/algorithm/nth_element.hpp:33:5:   required from ‘RandomAccessRange& boost::range::random_shuffle(RandomAccessRange&, Generator&) [with RandomAccessRange = std::vector<int>; Generator = pcg_detail::engine<unsigned int, long unsigned int, pcg_detail::xsh_rr_mixin<unsigned int, long unsigned int>, true, pcg_detail::specific_stream<long unsigned int>, pcg_detail::default_multiplier<long unsigned int> >]’
compute_rho_null.cpp:33:37:   required from here
/mnt/library/BH/include/boost/concept/usage.hpp:20:48: warning: ‘this’ pointer is null [-Wnonnull]
   20 |     ~usage_requirements() { ((Model*)0)->~Model(); }
      |                             ~~~~~~~~~~~~~~~~~~~^~
/mnt/library/BH/include/boost/concept/usage.hpp:37:7: note: in a call to non-static member function ‘boost::Convertible<X, Y>::~Convertible() [with X = boost::iterators::random_access_traversal_tag; Y = boost::iterators::single_pass_traversal_tag]’
   37 |       ~model()
      |       ^
/mnt/library/BH/include/boost/concept_check.hpp:208:5: note: in expansion of macro ‘BOOST_CONCEPT_USAGE’
  208 |     BOOST_CONCEPT_USAGE(Convertible) {
      |     ^~~~~~~~~~~~~~~~~~~
/mnt/library/BH/include/boost/concept/usage.hpp: In instantiation of ‘boost::concepts::usage_requirements<Model>::~usage_requirements() [with Model = boost::range_detail::SinglePassIteratorConcept<__gnu_cxx::__normal_iterator<int*, std::vector<int> > >]’:
/mnt/library/BH/include/boost/concept/detail/general.hpp:50:47:   required from ‘static void boost::concepts::requirement<boost::concepts::failed************ Model::************>::failed() [with Model = boost::concepts::usage_requirements<boost::range_detail::SinglePassIteratorConcept<__gnu_cxx::__normal_iterator<int*, std::vector<int> > > >]’
/mnt/library/BH/include/boost/range/concepts.hpp:160:13:   required from ‘struct boost::range_detail::SinglePassIteratorConcept<__gnu_cxx::__normal_iterator<int*, std::vector<int> > >’
/mnt/library/BH/include/boost/concept/detail/has_constraints.hpp:32:62:   required by substitution of ‘template<class Model> boost::concepts::detail::yes boost::concepts::detail::has_constraints_(Model*, wrap_constraints<Model, (& Model::constraints)>*) [with Model = boost::range_detail::SinglePassIteratorConcept<__gnu_cxx::__normal_iterator<int*, std::vector<int> > >]’
/mnt/library/BH/include/boost/concept/detail/has_constraints.hpp:42:5:   required from ‘const bool boost::concepts::not_satisfied<boost::range_detail::SinglePassIteratorConcept<__gnu_cxx::__normal_iterator<int*, std::vector<int> > > >::value’
/mnt/library/BH/include/boost/concept/detail/has_constraints.hpp:45:51:   required from ‘struct boost::concepts::not_satisfied<boost::range_detail::SinglePassIteratorConcept<__gnu_cxx::__normal_iterator<int*, std::vector<int> > > >’
/mnt/library/BH/include/boost/concept/detail/general.hpp:72:8:   [ skipping 5 instantiation contexts, use -ftemplate-backtrace-limit=0 to disable ]
/mnt/library/BH/include/boost/concept/detail/has_constraints.hpp:32:62:   required by substitution of ‘template<class Model> boost::concepts::detail::yes boost::concepts::detail::has_constraints_(Model*, wrap_constraints<Model, (& Model::constraints)>*) [with Model = boost::RandomAccessRangeConcept<std::vector<int> >]’
/mnt/library/BH/include/boost/concept/detail/has_constraints.hpp:42:5:   required from ‘const bool boost::concepts::not_satisfied<boost::RandomAccessRangeConcept<std::vector<int> > >::value’
/mnt/library/BH/include/boost/concept/detail/has_constraints.hpp:45:51:   required from ‘struct boost::concepts::not_satisfied<boost::RandomAccessRangeConcept<std::vector<int> > >’
/mnt/library/BH/include/boost/concept/detail/general.hpp:72:8:   required from ‘struct boost::concepts::requirement_<void (*)(boost::RandomAccessRangeConcept<std::vector<int> >)>’
/mnt/library/BH/include/boost/range/algorithm/nth_element.hpp:33:5:   required from ‘RandomAccessRange& boost::range::random_shuffle(RandomAccessRange&, Generator&) [with RandomAccessRange = std::vector<int>; Generator = pcg_detail::engine<unsigned int, long unsigned int, pcg_detail::xsh_rr_mixin<unsigned int, long unsigned int>, true, pcg_detail::specific_stream<long unsigned int>, pcg_detail::default_multiplier<long unsigned int> >]’
compute_rho_null.cpp:33:37:   required from here
/mnt/library/BH/include/boost/concept/usage.hpp:20:48: warning: ‘this’ pointer is null [-Wnonnull]
   20 |     ~usage_requirements() { ((Model*)0)->~Model(); }
      |                             ~~~~~~~~~~~~~~~~~~~^~
/mnt/library/BH/include/boost/concept/usage.hpp:37:7: note: in a call to non-static member function ‘boost::range_detail::SinglePassIteratorConcept<Iterator>::~SinglePassIteratorConcept() [with Iterator = __gnu_cxx::__normal_iterator<int*, std::vector<int> >]’
   37 |       ~model()
      |       ^
/mnt/library/BH/include/boost/range/concepts.hpp:160:13: note: in expansion of macro ‘BOOST_CONCEPT_USAGE’
  160 |             BOOST_CONCEPT_USAGE(SinglePassIteratorConcept)
      |             ^~~~~~~~~~~~~~~~~~~
/mnt/library/BH/include/boost/concept/usage.hpp: In instantiation of ‘boost::concepts::usage_requirements<Model>::~usage_requirements() [with Model = boost::CopyConstructible<__gnu_cxx::__normal_iterator<const int*, std::vector<int> > >]’:
/mnt/library/BH/include/boost/concept/detail/general.hpp:50:47:   required from ‘static void boost::concepts::requirement<boost::concepts::failed************ Model::************>::failed() [with Model = boost::concepts::usage_requirements<boost::CopyConstructible<__gnu_cxx::__normal_iterator<const int*, std::vector<int> > > >]’
/mnt/library/BH/include/boost/concept_check.hpp:167:5:   required from ‘struct boost::CopyConstructible<__gnu_cxx::__normal_iterator<const int*, std::vector<int> > >’
/mnt/library/BH/include/boost/range/concepts.hpp:127:16:   required from ‘struct boost::range_detail::IncrementableIteratorConcept<__gnu_cxx::__normal_iterator<const int*, std::vector<int> > >’
/mnt/library/BH/include/boost/range/concepts.hpp:149:16:   required from ‘struct boost::range_detail::SinglePassIteratorConcept<__gnu_cxx::__normal_iterator<const int*, std::vector<int> > >’
/mnt/library/BH/include/boost/concept/detail/has_constraints.hpp:32:62:   required by substitution of ‘template<class Model> boost::concepts::detail::yes boost::concepts::detail::has_constraints_(Model*, wrap_constraints<Model, (& Model::constraints)>*) [with Model = boost::range_detail::SinglePassIteratorConcept<__gnu_cxx::__normal_iterator<const int*, std::vector<int> > >]’
/mnt/library/BH/include/boost/concept/detail/has_constraints.hpp:42:5:   [ skipping 7 instantiation contexts, use -ftemplate-backtrace-limit=0 to disable ]
/mnt/library/BH/include/boost/concept/detail/has_constraints.hpp:32:62:   required by substitution of ‘template<class Model> boost::concepts::detail::yes boost::concepts::detail::has_constraints_(Model*, wrap_constraints<Model, (& Model::constraints)>*) [with Model = boost::RandomAccessRangeConcept<std::vector<int> >]’
/mnt/library/BH/include/boost/concept/detail/has_constraints.hpp:42:5:   required from ‘const bool boost::concepts::not_satisfied<boost::RandomAccessRangeConcept<std::vector<int> > >::value’
/mnt/library/BH/include/boost/concept/detail/has_constraints.hpp:45:51:   required from ‘struct boost::concepts::not_satisfied<boost::RandomAccessRangeConcept<std::vector<int> > >’
/mnt/library/BH/include/boost/concept/detail/general.hpp:72:8:   required from ‘struct boost::concepts::requirement_<void (*)(boost::RandomAccessRangeConcept<std::vector<int> >)>’
/mnt/library/BH/include/boost/range/algorithm/nth_element.hpp:33:5:   required from ‘RandomAccessRange& boost::range::random_shuffle(RandomAccessRange&, Generator&) [with RandomAccessRange = std::vector<int>; Generator = pcg_detail::engine<unsigned int, long unsigned int, pcg_detail::xsh_rr_mixin<unsigned int, long unsigned int>, true, pcg_detail::specific_stream<long unsigned int>, pcg_detail::default_multiplier<long unsigned int> >]’
compute_rho_null.cpp:33:37:   required from here
/mnt/library/BH/include/boost/concept/usage.hpp:20:48: warning: ‘this’ pointer is null [-Wnonnull]
   20 |     ~usage_requirements() { ((Model*)0)->~Model(); }
      |                             ~~~~~~~~~~~~~~~~~~~^~
/mnt/library/BH/include/boost/concept/usage.hpp:37:7: note: in a call to non-static member function ‘boost::CopyConstructible<TT>::~CopyConstructible() [with TT = __gnu_cxx::__normal_iterator<const int*, std::vector<int> >]’
   37 |       ~model()
      |       ^
/mnt/library/BH/include/boost/concept_check.hpp:167:5: note: in expansion of macro ‘BOOST_CONCEPT_USAGE’
  167 |     BOOST_CONCEPT_USAGE(CopyConstructible) {
      |     ^~~~~~~~~~~~~~~~~~~
/mnt/library/BH/include/boost/concept/usage.hpp: In instantiation of ‘boost::concepts::usage_requirements<Model>::~usage_requirements() [with Model = boost::range_detail::IncrementableIteratorConcept<__gnu_cxx::__normal_iterator<const int*, std::vector<int> > >]’:
/mnt/library/BH/include/boost/concept/detail/general.hpp:50:47:   required from ‘static void boost::concepts::requirement<boost::concepts::failed************ Model::************>::failed() [with Model = boost::concepts::usage_requirements<boost::range_detail::IncrementableIteratorConcept<__gnu_cxx::__normal_iterator<const int*, std::vector<int> > > >]’
/mnt/library/BH/include/boost/range/concepts.hpp:138:13:   required from ‘struct boost::range_detail::IncrementableIteratorConcept<__gnu_cxx::__normal_iterator<const int*, std::vector<int> > >’
/mnt/library/BH/include/boost/range/concepts.hpp:149:16:   required from ‘struct boost::range_detail::SinglePassIteratorConcept<__gnu_cxx::__normal_iterator<const int*, std::vector<int> > >’
/mnt/library/BH/include/boost/concept/detail/has_constraints.hpp:32:62:   required by substitution of ‘template<class Model> boost::concepts::detail::yes boost::concepts::detail::has_constraints_(Model*, wrap_constraints<Model, (& Model::constraints)>*) [with Model = boost::range_detail::SinglePassIteratorConcept<__gnu_cxx::__normal_iterator<const int*, std::vector<int> > >]’
/mnt/library/BH/include/boost/concept/detail/has_constraints.hpp:42:5:   required from ‘const bool boost::concepts::not_satisfied<boost::range_detail::SinglePassIteratorConcept<__gnu_cxx::__normal_iterator<const int*, std::vector<int> > > >::value’
/mnt/library/BH/include/boost/concept/detail/has_constraints.hpp:45:51:   [ skipping 6 instantiation contexts, use -ftemplate-backtrace-limit=0 to disable ]
/mnt/library/BH/include/boost/concept/detail/has_constraints.hpp:32:62:   required by substitution of ‘template<class Model> boost::concepts::detail::yes boost::concepts::detail::has_constraints_(Model*, wrap_constraints<Model, (& Model::constraints)>*) [with Model = boost::RandomAccessRangeConcept<std::vector<int> >]’
/mnt/library/BH/include/boost/concept/detail/has_constraints.hpp:42:5:   required from ‘const bool boost::concepts::not_satisfied<boost::RandomAccessRangeConcept<std::vector<int> > >::value’
/mnt/library/BH/include/boost/concept/detail/has_constraints.hpp:45:51:   required from ‘struct boost::concepts::not_satisfied<boost::RandomAccessRangeConcept<std::vector<int> > >’
/mnt/library/BH/include/boost/concept/detail/general.hpp:72:8:   required from ‘struct boost::concepts::requirement_<void (*)(boost::RandomAccessRangeConcept<std::vector<int> >)>’
/mnt/library/BH/include/boost/range/algorithm/nth_element.hpp:33:5:   required from ‘RandomAccessRange& boost::range::random_shuffle(RandomAccessRange&, Generator&) [with RandomAccessRange = std::vector<int>; Generator = pcg_detail::engine<unsigned int, long unsigned int, pcg_detail::xsh_rr_mixin<unsigned int, long unsigned int>, true, pcg_detail::specific_stream<long unsigned int>, pcg_detail::default_multiplier<long unsigned int> >]’
compute_rho_null.cpp:33:37:   required from here
/mnt/library/BH/include/boost/concept/usage.hpp:20:48: warning: ‘this’ pointer is null [-Wnonnull]
   20 |     ~usage_requirements() { ((Model*)0)->~Model(); }
      |                             ~~~~~~~~~~~~~~~~~~~^~
/mnt/library/BH/include/boost/concept/usage.hpp:37:7: note: in a call to non-static member function ‘boost::range_detail::IncrementableIteratorConcept<Iterator>::~IncrementableIteratorConcept() [with Iterator = __gnu_cxx::__normal_iterator<const int*, std::vector<int> >]’
   37 |       ~model()
      |       ^
/mnt/library/BH/include/boost/range/concepts.hpp:138:13: note: in expansion of macro ‘BOOST_CONCEPT_USAGE’
  138 |             BOOST_CONCEPT_USAGE(IncrementableIteratorConcept)
      |             ^~~~~~~~~~~~~~~~~~~
/mnt/library/BH/include/boost/concept/usage.hpp: In instantiation of ‘boost::concepts::usage_requirements<Model>::~usage_requirements() [with Model = boost::EqualityComparable<__gnu_cxx::__normal_iterator<const int*, std::vector<int> > >]’:
/mnt/library/BH/include/boost/concept/detail/general.hpp:50:47:   required from ‘static void boost::concepts::requirement<boost::concepts::failed************ Model::************>::failed() [with Model = boost::concepts::usage_requirements<boost::EqualityComparable<__gnu_cxx::__normal_iterator<const int*, std::vector<int> > > >]’
/mnt/library/BH/include/boost/concept_check.hpp:233:5:   required from ‘struct boost::EqualityComparable<__gnu_cxx::__normal_iterator<const int*, std::vector<int> > >’
/mnt/library/BH/include/boost/range/concepts.hpp:149:16:   required from ‘struct boost::range_detail::SinglePassIteratorConcept<__gnu_cxx::__normal_iterator<const int*, std::vector<int> > >’
/mnt/library/BH/include/boost/concept/detail/has_constraints.hpp:32:62:   required by substitution of ‘template<class Model> boost::concepts::detail::yes boost::concepts::detail::has_constraints_(Model*, wrap_constraints<Model, (& Model::constraints)>*) [with Model = boost::range_detail::SinglePassIteratorConcept<__gnu_cxx::__normal_iterator<const int*, std::vector<int> > >]’
/mnt/library/BH/include/boost/concept/detail/has_constraints.hpp:42:5:   required from ‘const bool boost::concepts::not_satisfied<boost::range_detail::SinglePassIteratorConcept<__gnu_cxx::__normal_iterator<const int*, std::vector<int> > > >::value’
/mnt/library/BH/include/boost/concept/detail/has_constraints.hpp:45:51:   [ skipping 6 instantiation contexts, use -ftemplate-backtrace-limit=0 to disable ]
/mnt/library/BH/include/boost/concept/detail/has_constraints.hpp:32:62:   required by substitution of ‘template<class Model> boost::concepts::detail::yes boost::concepts::detail::has_constraints_(Model*, wrap_constraints<Model, (& Model::constraints)>*) [with Model = boost::RandomAccessRangeConcept<std::vector<int> >]’
/mnt/library/BH/include/boost/concept/detail/has_constraints.hpp:42:5:   required from ‘const bool boost::concepts::not_satisfied<boost::RandomAccessRangeConcept<std::vector<int> > >::value’
/mnt/library/BH/include/boost/concept/detail/has_constraints.hpp:45:51:   required from ‘struct boost::concepts::not_satisfied<boost::RandomAccessRangeConcept<std::vector<int> > >’
/mnt/library/BH/include/boost/concept/detail/general.hpp:72:8:   required from ‘struct boost::concepts::requirement_<void (*)(boost::RandomAccessRangeConcept<std::vector<int> >)>’
/mnt/library/BH/include/boost/range/algorithm/nth_element.hpp:33:5:   required from ‘RandomAccessRange& boost::range::random_shuffle(RandomAccessRange&, Generator&) [with RandomAccessRange = std::vector<int>; Generator = pcg_detail::engine<unsigned int, long unsigned int, pcg_detail::xsh_rr_mixin<unsigned int, long unsigned int>, true, pcg_detail::specific_stream<long unsigned int>, pcg_detail::default_multiplier<long unsigned int> >]’
compute_rho_null.cpp:33:37:   required from here
/mnt/library/BH/include/boost/concept/usage.hpp:20:48: warning: ‘this’ pointer is null [-Wnonnull]
   20 |     ~usage_requirements() { ((Model*)0)->~Model(); }
      |                             ~~~~~~~~~~~~~~~~~~~^~
/mnt/library/BH/include/boost/concept/usage.hpp:37:7: note: in a call to non-static member function ‘boost::EqualityComparable<TT>::~EqualityComparable() [with TT = __gnu_cxx::__normal_iterator<const int*, std::vector<int> >]’
   37 |       ~model()
      |       ^
/mnt/library/BH/include/boost/concept_check.hpp:233:5: note: in expansion of macro ‘BOOST_CONCEPT_USAGE’
  233 |     BOOST_CONCEPT_USAGE(EqualityComparable) {
      |     ^~~~~~~~~~~~~~~~~~~
/mnt/library/BH/include/boost/concept/usage.hpp: In instantiation of ‘boost::concepts::usage_requirements<Model>::~usage_requirements() [with Model = boost::range_detail::SinglePassIteratorConcept<__gnu_cxx::__normal_iterator<const int*, std::vector<int> > >]’:
/mnt/library/BH/include/boost/concept/detail/general.hpp:50:47:   required from ‘static void boost::concepts::requirement<boost::concepts::failed************ Model::************>::failed() [with Model = boost::concepts::usage_requirements<boost::range_detail::SinglePassIteratorConcept<__gnu_cxx::__normal_iterator<const int*, std::vector<int> > > >]’
/mnt/library/BH/include/boost/range/concepts.hpp:160:13:   required from ‘struct boost::range_detail::SinglePassIteratorConcept<__gnu_cxx::__normal_iterator<const int*, std::vector<int> > >’
/mnt/library/BH/include/boost/concept/detail/has_constraints.hpp:32:62:   required by substitution of ‘template<class Model> boost::concepts::detail::yes boost::concepts::detail::has_constraints_(Model*, wrap_constraints<Model, (& Model::constraints)>*) [with Model = boost::range_detail::SinglePassIteratorConcept<__gnu_cxx::__normal_iterator<const int*, std::vector<int> > >]’
/mnt/library/BH/include/boost/concept/detail/has_constraints.hpp:42:5:   required from ‘const bool boost::concepts::not_satisfied<boost::range_detail::SinglePassIteratorConcept<__gnu_cxx::__normal_iterator<const int*, std::vector<int> > > >::value’
/mnt/library/BH/include/boost/concept/detail/has_constraints.hpp:45:51:   required from ‘struct boost::concepts::not_satisfied<boost::range_detail::SinglePassIteratorConcept<__gnu_cxx::__normal_iterator<const int*, std::vector<int> > > >’
/mnt/library/BH/include/boost/concept/detail/general.hpp:72:8:   [ skipping 5 instantiation contexts, use -ftemplate-backtrace-limit=0 to disable ]
/mnt/library/BH/include/boost/concept/detail/has_constraints.hpp:32:62:   required by substitution of ‘template<class Model> boost::concepts::detail::yes boost::concepts::detail::has_constraints_(Model*, wrap_constraints<Model, (& Model::constraints)>*) [with Model = boost::RandomAccessRangeConcept<std::vector<int> >]’
/mnt/library/BH/include/boost/concept/detail/has_constraints.hpp:42:5:   required from ‘const bool boost::concepts::not_satisfied<boost::RandomAccessRangeConcept<std::vector<int> > >::value’
/mnt/library/BH/include/boost/concept/detail/has_constraints.hpp:45:51:   required from ‘struct boost::concepts::not_satisfied<boost::RandomAccessRangeConcept<std::vector<int> > >’
/mnt/library/BH/include/boost/concept/detail/general.hpp:72:8:   required from ‘struct boost::concepts::requirement_<void (*)(boost::RandomAccessRangeConcept<std::vector<int> >)>’
/mnt/library/BH/include/boost/range/algorithm/nth_element.hpp:33:5:   required from ‘RandomAccessRange& boost::range::random_shuffle(RandomAccessRange&, Generator&) [with RandomAccessRange = std::vector<int>; Generator = pcg_detail::engine<unsigned int, long unsigned int, pcg_detail::xsh_rr_mixin<unsigned int, long unsigned int>, true, pcg_detail::specific_stream<long unsigned int>, pcg_detail::default_multiplier<long unsigned int> >]’
compute_rho_null.cpp:33:37:   required from here
/mnt/library/BH/include/boost/concept/usage.hpp:20:48: warning: ‘this’ pointer is null [-Wnonnull]
   20 |     ~usage_requirements() { ((Model*)0)->~Model(); }
      |                             ~~~~~~~~~~~~~~~~~~~^~
/mnt/library/BH/include/boost/concept/usage.hpp:37:7: note: in a call to non-static member function ‘boost::range_detail::SinglePassIteratorConcept<Iterator>::~SinglePassIteratorConcept() [with Iterator = __gnu_cxx::__normal_iterator<const int*, std::vector<int> >]’
   37 |       ~model()
      |       ^
/mnt/library/BH/include/boost/range/concepts.hpp:160:13: note: in expansion of macro ‘BOOST_CONCEPT_USAGE’
  160 |             BOOST_CONCEPT_USAGE(SinglePassIteratorConcept)
      |             ^~~~~~~~~~~~~~~~~~~
/mnt/library/BH/include/boost/concept/usage.hpp: In instantiation of ‘boost::concepts::usage_requirements<Model>::~usage_requirements() [with Model = boost::SinglePassRangeConcept<std::vector<int> >]’:
/mnt/library/BH/include/boost/concept/detail/general.hpp:50:47:   required from ‘static void boost::concepts::requirement<boost::concepts::failed************ Model::************>::failed() [with Model = boost::concepts::usage_requirements<boost::SinglePassRangeConcept<std::vector<int> > >]’
/mnt/library/BH/include/boost/range/concepts.hpp:286:9:   required from ‘struct boost::SinglePassRangeConcept<std::vector<int> >’
/mnt/library/BH/include/boost/range/concepts.hpp:320:12:   required from ‘struct boost::ForwardRangeConcept<std::vector<int> >’
/mnt/library/BH/include/boost/range/concepts.hpp:354:12:   required from ‘struct boost::BidirectionalRangeConcept<std::vector<int> >’
/mnt/library/BH/include/boost/range/concepts.hpp:372:12:   required from ‘struct boost::RandomAccessRangeConcept<std::vector<int> >’
/mnt/library/BH/include/boost/concept/detail/has_constraints.hpp:32:62:   required by substitution of ‘template<class Model> boost::concepts::detail::yes boost::concepts::detail::has_constraints_(Model*, wrap_constraints<Model, (& Model::constraints)>*) [with Model = boost::RandomAccessRangeConcept<std::vector<int> >]’
/mnt/library/BH/include/boost/concept/detail/has_constraints.hpp:42:5:   required from ‘const bool boost::concepts::not_satisfied<boost::RandomAccessRangeConcept<std::vector<int> > >::value’
/mnt/library/BH/include/boost/concept/detail/has_constraints.hpp:45:51:   required from ‘struct boost::concepts::not_satisfied<boost::RandomAccessRangeConcept<std::vector<int> > >’
/mnt/library/BH/include/boost/concept/detail/general.hpp:72:8:   required from ‘struct boost::concepts::requirement_<void (*)(boost::RandomAccessRangeConcept<std::vector<int> >)>’
/mnt/library/BH/include/boost/range/algorithm/nth_element.hpp:33:5:   required from ‘RandomAccessRange& boost::range::random_shuffle(RandomAccessRange&, Generator&) [with RandomAccessRange = std::vector<int>; Generator = pcg_detail::engine<unsigned int, long unsigned int, pcg_detail::xsh_rr_mixin<unsigned int, long unsigned int>, true, pcg_detail::specific_stream<long unsigned int>, pcg_detail::default_multiplier<long unsigned int> >]’
compute_rho_null.cpp:33:37:   required from here
/mnt/library/BH/include/boost/concept/usage.hpp:20:48: warning: ‘this’ pointer is null [-Wnonnull]
   20 |     ~usage_requirements() { ((Model*)0)->~Model(); }
      |                             ~~~~~~~~~~~~~~~~~~~^~
/mnt/library/BH/include/boost/concept/usage.hpp:37:7: note: in a call to non-static member function ‘boost::SinglePassRangeConcept<T>::~SinglePassRangeConcept() [with T = std::vector<int>]’
   37 |       ~model()
      |       ^
/mnt/library/BH/include/boost/range/concepts.hpp:286:9: note: in expansion of macro ‘BOOST_CONCEPT_USAGE’
  286 |         BOOST_CONCEPT_USAGE(SinglePassRangeConcept)
      |         ^~~~~~~~~~~~~~~~~~~
/mnt/library/BH/include/boost/concept/usage.hpp: In instantiation of ‘boost::concepts::usage_requirements<Model>::~usage_requirements() [with Model = boost::DefaultConstructible<__gnu_cxx::__normal_iterator<int*, std::vector<int> > >]’:
/mnt/library/BH/include/boost/concept/detail/general.hpp:50:47:   required from ‘static void boost::concepts::requirement<boost::concepts::failed************ Model::************>::failed() [with Model = boost::concepts::usage_requirements<boost::DefaultConstructible<__gnu_cxx::__normal_iterator<int*, std::vector<int> > > >]’
/mnt/library/BH/include/boost/concept_check.hpp:137:5:   required from ‘struct boost::DefaultConstructible<__gnu_cxx::__normal_iterator<int*, std::vector<int> > >’
/mnt/library/BH/include/boost/range/concepts.hpp:183:16:   required from ‘struct boost::range_detail::ForwardIteratorConcept<__gnu_cxx::__normal_iterator<int*, std::vector<int> > >’
/mnt/library/BH/include/boost/concept/detail/has_constraints.hpp:32:62:   required by substitution of ‘template<class Model> boost::concepts::detail::yes boost::concepts::detail::has_constraints_(Model*, wrap_constraints<Model, (& Model::constraints)>*) [with Model = boost::range_detail::ForwardIteratorConcept<__gnu_cxx::__normal_iterator<int*, std::vector<int> > >]’
/mnt/library/BH/include/boost/concept/detail/has_constraints.hpp:42:5:   required from ‘const bool boost::concepts::not_satisfied<boost::range_detail::ForwardIteratorConcept<__gnu_cxx::__normal_iterator<int*, std::vector<int> > > >::value’
/mnt/library/BH/include/boost/concept/detail/has_constraints.hpp:45:51:   [ skipping 5 instantiation contexts, use -ftemplate-backtrace-limit=0 to disable ]
/mnt/library/BH/include/boost/concept/detail/has_constraints.hpp:32:62:   required by substitution of ‘template<class Model> boost::concepts::detail::yes boost::concepts::detail::has_constraints_(Model*, wrap_constraints<Model, (& Model::constraints)>*) [with Model = boost::RandomAccessRangeConcept<std::vector<int> >]’
/mnt/library/BH/include/boost/concept/detail/has_constraints.hpp:42:5:   required from ‘const bool boost::concepts::not_satisfied<boost::RandomAccessRangeConcept<std::vector<int> > >::value’
/mnt/library/BH/include/boost/concept/detail/has_constraints.hpp:45:51:   required from ‘struct boost::concepts::not_satisfied<boost::RandomAccessRangeConcept<std::vector<int> > >’
/mnt/library/BH/include/boost/concept/detail/general.hpp:72:8:   required from ‘struct boost::concepts::requirement_<void (*)(boost::RandomAccessRangeConcept<std::vector<int> >)>’
/mnt/library/BH/include/boost/range/algorithm/nth_element.hpp:33:5:   required from ‘RandomAccessRange& boost::range::random_shuffle(RandomAccessRange&, Generator&) [with RandomAccessRange = std::vector<int>; Generator = pcg_detail::engine<unsigned int, long unsigned int, pcg_detail::xsh_rr_mixin<unsigned int, long unsigned int>, true, pcg_detail::specific_stream<long unsigned int>, pcg_detail::default_multiplier<long unsigned int> >]’
compute_rho_null.cpp:33:37:   required from here
/mnt/library/BH/include/boost/concept/usage.hpp:20:48: warning: ‘this’ pointer is null [-Wnonnull]
   20 |     ~usage_requirements() { ((Model*)0)->~Model(); }
      |                             ~~~~~~~~~~~~~~~~~~~^~
/mnt/library/BH/include/boost/concept/usage.hpp:37:7: note: in a call to non-static member function ‘boost::DefaultConstructible<TT>::~DefaultConstructible() [with TT = __gnu_cxx::__normal_iterator<int*, std::vector<int> >]’
   37 |       ~model()
      |       ^
/mnt/library/BH/include/boost/concept_check.hpp:137:5: note: in expansion of macro ‘BOOST_CONCEPT_USAGE’
  137 |     BOOST_CONCEPT_USAGE(DefaultConstructible) {
      |     ^~~~~~~~~~~~~~~~~~~
/mnt/library/BH/include/boost/concept/usage.hpp: In instantiation of ‘boost::concepts::usage_requirements<Model>::~usage_requirements() [with Model = boost::Convertible<boost::iterators::random_access_traversal_tag, boost::iterators::forward_traversal_tag>]’:
/mnt/library/BH/include/boost/concept/detail/general.hpp:50:47:   required from ‘static void boost::concepts::requirement<boost::concepts::failed************ Model::************>::failed() [with Model = boost::concepts::usage_requirements<boost::Convertible<boost::iterators::random_access_traversal_tag, boost::iterators::forward_traversal_tag> >]’
/mnt/library/BH/include/boost/concept_check.hpp:208:5:   required from ‘struct boost::Convertible<boost::iterators::random_access_traversal_tag, boost::iterators::forward_traversal_tag>’
/mnt/library/BH/include/boost/concept/detail/has_constraints.hpp:32:62:   required by substitution of ‘template<class Model> boost::concepts::detail::yes boost::concepts::detail::has_constraints_(Model*, wrap_constraints<Model, (& Model::constraints)>*) [with Model = boost::Convertible<boost::iterators::random_access_traversal_tag, boost::iterators::forward_traversal_tag>]’
/mnt/library/BH/include/boost/concept/detail/has_constraints.hpp:42:5:   required from ‘const bool boost::concepts::not_satisfied<boost::Convertible<boost::iterators::random_access_traversal_tag, boost::iterators::forward_traversal_tag> >::value’
/mnt/library/BH/include/boost/concept/detail/has_constraints.hpp:45:51:   required from ‘struct boost::concepts::not_satisfied<boost::Convertible<boost::iterators::random_access_traversal_tag, boost::iterators::forward_traversal_tag> >’
/mnt/library/BH/include/boost/concept/detail/general.hpp:72:8:   [ skipping 9 instantiation contexts, use -ftemplate-backtrace-limit=0 to disable ]
/mnt/library/BH/include/boost/concept/detail/has_constraints.hpp:32:62:   required by substitution of ‘template<class Model> boost::concepts::detail::yes boost::concepts::detail::has_constraints_(Model*, wrap_constraints<Model, (& Model::constraints)>*) [with Model = boost::RandomAccessRangeConcept<std::vector<int> >]’
/mnt/library/BH/include/boost/concept/detail/has_constraints.hpp:42:5:   required from ‘const bool boost::concepts::not_satisfied<boost::RandomAccessRangeConcept<std::vector<int> > >::value’
/mnt/library/BH/include/boost/concept/detail/has_constraints.hpp:45:51:   required from ‘struct boost::concepts::not_satisfied<boost::RandomAccessRangeConcept<std::vector<int> > >’
/mnt/library/BH/include/boost/concept/detail/general.hpp:72:8:   required from ‘struct boost::concepts::requirement_<void (*)(boost::RandomAccessRangeConcept<std::vector<int> >)>’
/mnt/library/BH/include/boost/range/algorithm/nth_element.hpp:33:5:   required from ‘RandomAccessRange& boost::range::random_shuffle(RandomAccessRange&, Generator&) [with RandomAccessRange = std::vector<int>; Generator = pcg_detail::engine<unsigned int, long unsigned int, pcg_detail::xsh_rr_mixin<unsigned int, long unsigned int>, true, pcg_detail::specific_stream<long unsigned int>, pcg_detail::default_multiplier<long unsigned int> >]’
compute_rho_null.cpp:33:37:   required from here
/mnt/library/BH/include/boost/concept/usage.hpp:20:48: warning: ‘this’ pointer is null [-Wnonnull]
   20 |     ~usage_requirements() { ((Model*)0)->~Model(); }
      |                             ~~~~~~~~~~~~~~~~~~~^~
/mnt/library/BH/include/boost/concept/usage.hpp:37:7: note: in a call to non-static member function ‘boost::Convertible<X, Y>::~Convertible() [with X = boost::iterators::random_access_traversal_tag; Y = boost::iterators::forward_traversal_tag]’
   37 |       ~model()
      |       ^
/mnt/library/BH/include/boost/concept_check.hpp:208:5: note: in expansion of macro ‘BOOST_CONCEPT_USAGE’
  208 |     BOOST_CONCEPT_USAGE(Convertible) {
      |     ^~~~~~~~~~~~~~~~~~~
/mnt/library/BH/include/boost/concept/usage.hpp: In instantiation of ‘boost::concepts::usage_requirements<Model>::~usage_requirements() [with Model = boost::range_detail::ForwardIteratorConcept<__gnu_cxx::__normal_iterator<int*, std::vector<int> > >]’:
/mnt/library/BH/include/boost/concept/detail/general.hpp:50:47:   required from ‘static void boost::concepts::requirement<boost::concepts::failed************ Model::************>::failed() [with Model = boost::concepts::usage_requirements<boost::range_detail::ForwardIteratorConcept<__gnu_cxx::__normal_iterator<int*, std::vector<int> > > >]’
/mnt/library/BH/include/boost/range/concepts.hpp:199:13:   required from ‘struct boost::range_detail::ForwardIteratorConcept<__gnu_cxx::__normal_iterator<int*, std::vector<int> > >’
/mnt/library/BH/include/boost/concept/detail/has_constraints.hpp:32:62:   required by substitution of ‘template<class Model> boost::concepts::detail::yes boost::concepts::detail::has_constraints_(Model*, wrap_constraints<Model, (& Model::constraints)>*) [with Model = boost::range_detail::ForwardIteratorConcept<__gnu_cxx::__normal_iterator<int*, std::vector<int> > >]’
/mnt/library/BH/include/boost/concept/detail/has_constraints.hpp:42:5:   required from ‘const bool boost::concepts::not_satisfied<boost::range_detail::ForwardIteratorConcept<__gnu_cxx::__normal_iterator<int*, std::vector<int> > > >::value’
/mnt/library/BH/include/boost/concept/detail/has_constraints.hpp:45:51:   required from ‘struct boost::concepts::not_satisfied<boost::range_detail::ForwardIteratorConcept<__gnu_cxx::__normal_iterator<int*, std::vector<int> > > >’
/mnt/library/BH/include/boost/concept/detail/general.hpp:72:8:   [ skipping 4 instantiation contexts, use -ftemplate-backtrace-limit=0 to disable ]
/mnt/library/BH/include/boost/concept/detail/has_constraints.hpp:32:62:   required by substitution of ‘template<class Model> boost::concepts::detail::yes boost::concepts::detail::has_constraints_(Model*, wrap_constraints<Model, (& Model::constraints)>*) [with Model = boost::RandomAccessRangeConcept<std::vector<int> >]’
/mnt/library/BH/include/boost/concept/detail/has_constraints.hpp:42:5:   required from ‘const bool boost::concepts::not_satisfied<boost::RandomAccessRangeConcept<std::vector<int> > >::value’
/mnt/library/BH/include/boost/concept/detail/has_constraints.hpp:45:51:   required from ‘struct boost::concepts::not_satisfied<boost::RandomAccessRangeConcept<std::vector<int> > >’
/mnt/library/BH/include/boost/concept/detail/general.hpp:72:8:   required from ‘struct boost::concepts::requirement_<void (*)(boost::RandomAccessRangeConcept<std::vector<int> >)>’
/mnt/library/BH/include/boost/range/algorithm/nth_element.hpp:33:5:   required from ‘RandomAccessRange& boost::range::random_shuffle(RandomAccessRange&, Generator&) [with RandomAccessRange = std::vector<int>; Generator = pcg_detail::engine<unsigned int, long unsigned int, pcg_detail::xsh_rr_mixin<unsigned int, long unsigned int>, true, pcg_detail::specific_stream<long unsigned int>, pcg_detail::default_multiplier<long unsigned int> >]’
compute_rho_null.cpp:33:37:   required from here
/mnt/library/BH/include/boost/concept/usage.hpp:20:48: warning: ‘this’ pointer is null [-Wnonnull]
   20 |     ~usage_requirements() { ((Model*)0)->~Model(); }
      |                             ~~~~~~~~~~~~~~~~~~~^~
/mnt/library/BH/include/boost/concept/usage.hpp:37:7: note: in a call to non-static member function ‘boost::range_detail::ForwardIteratorConcept<Iterator>::~ForwardIteratorConcept() [with Iterator = __gnu_cxx::__normal_iterator<int*, std::vector<int> >]’
   37 |       ~model()
      |       ^
/mnt/library/BH/include/boost/range/concepts.hpp:199:13: note: in expansion of macro ‘BOOST_CONCEPT_USAGE’
  199 |             BOOST_CONCEPT_USAGE(ForwardIteratorConcept)
      |             ^~~~~~~~~~~~~~~~~~~
/mnt/library/BH/include/boost/concept/usage.hpp: In instantiation of ‘boost::concepts::usage_requirements<Model>::~usage_requirements() [with Model = boost::DefaultConstructible<__gnu_cxx::__normal_iterator<const int*, std::vector<int> > >]’:
/mnt/library/BH/include/boost/concept/detail/general.hpp:50:47:   required from ‘static void boost::concepts::requirement<boost::concepts::failed************ Model::************>::failed() [with Model = boost::concepts::usage_requirements<boost::DefaultConstructible<__gnu_cxx::__normal_iterator<const int*, std::vector<int> > > >]’
/mnt/library/BH/include/boost/concept_check.hpp:137:5:   required from ‘struct boost::DefaultConstructible<__gnu_cxx::__normal_iterator<const int*, std::vector<int> > >’
/mnt/library/BH/include/boost/range/concepts.hpp:183:16:   required from ‘struct boost::range_detail::ForwardIteratorConcept<__gnu_cxx::__normal_iterator<const int*, std::vector<int> > >’
/mnt/library/BH/include/boost/concept/detail/has_constraints.hpp:32:62:   required by substitution of ‘template<class Model> boost::concepts::detail::yes boost::concepts::detail::has_constraints_(Model*, wrap_constraints<Model, (& Model::constraints)>*) [with Model = boost::range_detail::ForwardIteratorConcept<__gnu_cxx::__normal_iterator<const int*, std::vector<int> > >]’
/mnt/library/BH/include/boost/concept/detail/has_constraints.hpp:42:5:   required from ‘const bool boost::concepts::not_satisfied<boost::range_detail::ForwardIteratorConcept<__gnu_cxx::__normal_iterator<const int*, std::vector<int> > > >::value’
/mnt/library/BH/include/boost/concept/detail/has_constraints.hpp:45:51:   [ skipping 5 instantiation contexts, use -ftemplate-backtrace-limit=0 to disable ]
/mnt/library/BH/include/boost/concept/detail/has_constraints.hpp:32:62:   required by substitution of ‘template<class Model> boost::concepts::detail::yes boost::concepts::detail::has_constraints_(Model*, wrap_constraints<Model, (& Model::constraints)>*) [with Model = boost::RandomAccessRangeConcept<std::vector<int> >]’
/mnt/library/BH/include/boost/concept/detail/has_constraints.hpp:42:5:   required from ‘const bool boost::concepts::not_satisfied<boost::RandomAccessRangeConcept<std::vector<int> > >::value’
/mnt/library/BH/include/boost/concept/detail/has_constraints.hpp:45:51:   required from ‘struct boost::concepts::not_satisfied<boost::RandomAccessRangeConcept<std::vector<int> > >’
/mnt/library/BH/include/boost/concept/detail/general.hpp:72:8:   required from ‘struct boost::concepts::requirement_<void (*)(boost::RandomAccessRangeConcept<std::vector<int> >)>’
/mnt/library/BH/include/boost/range/algorithm/nth_element.hpp:33:5:   required from ‘RandomAccessRange& boost::range::random_shuffle(RandomAccessRange&, Generator&) [with RandomAccessRange = std::vector<int>; Generator = pcg_detail::engine<unsigned int, long unsigned int, pcg_detail::xsh_rr_mixin<unsigned int, long unsigned int>, true, pcg_detail::specific_stream<long unsigned int>, pcg_detail::default_multiplier<long unsigned int> >]’
compute_rho_null.cpp:33:37:   required from here
/mnt/library/BH/include/boost/concept/usage.hpp:20:48: warning: ‘this’ pointer is null [-Wnonnull]
   20 |     ~usage_requirements() { ((Model*)0)->~Model(); }
      |                             ~~~~~~~~~~~~~~~~~~~^~
/mnt/library/BH/include/boost/concept/usage.hpp:37:7: note: in a call to non-static member function ‘boost::DefaultConstructible<TT>::~DefaultConstructible() [with TT = __gnu_cxx::__normal_iterator<const int*, std::vector<int> >]’
   37 |       ~model()
      |       ^
/mnt/library/BH/include/boost/concept_check.hpp:137:5: note: in expansion of macro ‘BOOST_CONCEPT_USAGE’
  137 |     BOOST_CONCEPT_USAGE(DefaultConstructible) {
      |     ^~~~~~~~~~~~~~~~~~~
/mnt/library/BH/include/boost/concept/usage.hpp: In instantiation of ‘boost::concepts::usage_requirements<Model>::~usage_requirements() [with Model = boost::range_detail::ForwardIteratorConcept<__gnu_cxx::__normal_iterator<const int*, std::vector<int> > >]’:
/mnt/library/BH/include/boost/concept/detail/general.hpp:50:47:   required from ‘static void boost::concepts::requirement<boost::concepts::failed************ Model::************>::failed() [with Model = boost::concepts::usage_requirements<boost::range_detail::ForwardIteratorConcept<__gnu_cxx::__normal_iterator<const int*, std::vector<int> > > >]’
/mnt/library/BH/include/boost/range/concepts.hpp:199:13:   required from ‘struct boost::range_detail::ForwardIteratorConcept<__gnu_cxx::__normal_iterator<const int*, std::vector<int> > >’
/mnt/library/BH/include/boost/concept/detail/has_constraints.hpp:32:62:   required by substitution of ‘template<class Model> boost::concepts::detail::yes boost::concepts::detail::has_constraints_(Model*, wrap_constraints<Model, (& Model::constraints)>*) [with Model = boost::range_detail::ForwardIteratorConcept<__gnu_cxx::__normal_iterator<const int*, std::vector<int> > >]’
/mnt/library/BH/include/boost/concept/detail/has_constraints.hpp:42:5:   required from ‘const bool boost::concepts::not_satisfied<boost::range_detail::ForwardIteratorConcept<__gnu_cxx::__normal_iterator<const int*, std::vector<int> > > >::value’
/mnt/library/BH/include/boost/concept/detail/has_constraints.hpp:45:51:   required from ‘struct boost::concepts::not_satisfied<boost::range_detail::ForwardIteratorConcept<__gnu_cxx::__normal_iterator<const int*, std::vector<int> > > >’
/mnt/library/BH/include/boost/concept/detail/general.hpp:72:8:   [ skipping 4 instantiation contexts, use -ftemplate-backtrace-limit=0 to disable ]
/mnt/library/BH/include/boost/concept/detail/has_constraints.hpp:32:62:   required by substitution of ‘template<class Model> boost::concepts::detail::yes boost::concepts::detail::has_constraints_(Model*, wrap_constraints<Model, (& Model::constraints)>*) [with Model = boost::RandomAccessRangeConcept<std::vector<int> >]’
/mnt/library/BH/include/boost/concept/detail/has_constraints.hpp:42:5:   required from ‘const bool boost::concepts::not_satisfied<boost::RandomAccessRangeConcept<std::vector<int> > >::value’
/mnt/library/BH/include/boost/concept/detail/has_constraints.hpp:45:51:   required from ‘struct boost::concepts::not_satisfied<boost::RandomAccessRangeConcept<std::vector<int> > >’
/mnt/library/BH/include/boost/concept/detail/general.hpp:72:8:   required from ‘struct boost::concepts::requirement_<void (*)(boost::RandomAccessRangeConcept<std::vector<int> >)>’
/mnt/library/BH/include/boost/range/algorithm/nth_element.hpp:33:5:   required from ‘RandomAccessRange& boost::range::random_shuffle(RandomAccessRange&, Generator&) [with RandomAccessRange = std::vector<int>; Generator = pcg_detail::engine<unsigned int, long unsigned int, pcg_detail::xsh_rr_mixin<unsigned int, long unsigned int>, true, pcg_detail::specific_stream<long unsigned int>, pcg_detail::default_multiplier<long unsigned int> >]’
compute_rho_null.cpp:33:37:   required from here
/mnt/library/BH/include/boost/concept/usage.hpp:20:48: warning: ‘this’ pointer is null [-Wnonnull]
   20 |     ~usage_requirements() { ((Model*)0)->~Model(); }
      |                             ~~~~~~~~~~~~~~~~~~~^~
/mnt/library/BH/include/boost/concept/usage.hpp:37:7: note: in a call to non-static member function ‘boost::range_detail::ForwardIteratorConcept<Iterator>::~ForwardIteratorConcept() [with Iterator = __gnu_cxx::__normal_iterator<const int*, std::vector<int> >]’
   37 |       ~model()
      |       ^
/mnt/library/BH/include/boost/range/concepts.hpp:199:13: note: in expansion of macro ‘BOOST_CONCEPT_USAGE’
  199 |             BOOST_CONCEPT_USAGE(ForwardIteratorConcept)
      |             ^~~~~~~~~~~~~~~~~~~
/mnt/library/BH/include/boost/concept/usage.hpp: In instantiation of ‘boost::concepts::usage_requirements<Model>::~usage_requirements() [with Model = boost::Convertible<boost::iterators::random_access_traversal_tag, boost::iterators::bidirectional_traversal_tag>]’:
/mnt/library/BH/include/boost/concept/detail/general.hpp:50:47:   required from ‘static void boost::concepts::requirement<boost::concepts::failed************ Model::************>::failed() [with Model = boost::concepts::usage_requirements<boost::Convertible<boost::iterators::random_access_traversal_tag, boost::iterators::bidirectional_traversal_tag> >]’
/mnt/library/BH/include/boost/concept_check.hpp:208:5:   required from ‘struct boost::Convertible<boost::iterators::random_access_traversal_tag, boost::iterators::bidirectional_traversal_tag>’
/mnt/library/BH/include/boost/concept/detail/has_constraints.hpp:32:62:   required by substitution of ‘template<class Model> boost::concepts::detail::yes boost::concepts::detail::has_constraints_(Model*, wrap_constraints<Model, (& Model::constraints)>*) [with Model = boost::Convertible<boost::iterators::random_access_traversal_tag, boost::iterators::bidirectional_traversal_tag>]’
/mnt/library/BH/include/boost/concept/detail/has_constraints.hpp:42:5:   required from ‘const bool boost::concepts::not_satisfied<boost::Convertible<boost::iterators::random_access_traversal_tag, boost::iterators::bidirectional_traversal_tag> >::value’
/mnt/library/BH/include/boost/concept/detail/has_constraints.hpp:45:51:   required from ‘struct boost::concepts::not_satisfied<boost::Convertible<boost::iterators::random_access_traversal_tag, boost::iterators::bidirectional_traversal_tag> >’
/mnt/library/BH/include/boost/concept/detail/general.hpp:72:8:   [ skipping 8 instantiation contexts, use -ftemplate-backtrace-limit=0 to disable ]
/mnt/library/BH/include/boost/concept/detail/has_constraints.hpp:32:62:   required by substitution of ‘template<class Model> boost::concepts::detail::yes boost::concepts::detail::has_constraints_(Model*, wrap_constraints<Model, (& Model::constraints)>*) [with Model = boost::RandomAccessRangeConcept<std::vector<int> >]’
/mnt/library/BH/include/boost/concept/detail/has_constraints.hpp:42:5:   required from ‘const bool boost::concepts::not_satisfied<boost::RandomAccessRangeConcept<std::vector<int> > >::value’
/mnt/library/BH/include/boost/concept/detail/has_constraints.hpp:45:51:   required from ‘struct boost::concepts::not_satisfied<boost::RandomAccessRangeConcept<std::vector<int> > >’
/mnt/library/BH/include/boost/concept/detail/general.hpp:72:8:   required from ‘struct boost::concepts::requirement_<void (*)(boost::RandomAccessRangeConcept<std::vector<int> >)>’
/mnt/library/BH/include/boost/range/algorithm/nth_element.hpp:33:5:   required from ‘RandomAccessRange& boost::range::random_shuffle(RandomAccessRange&, Generator&) [with RandomAccessRange = std::vector<int>; Generator = pcg_detail::engine<unsigned int, long unsigned int, pcg_detail::xsh_rr_mixin<unsigned int, long unsigned int>, true, pcg_detail::specific_stream<long unsigned int>, pcg_detail::default_multiplier<long unsigned int> >]’
compute_rho_null.cpp:33:37:   required from here
/mnt/library/BH/include/boost/concept/usage.hpp:20:48: warning: ‘this’ pointer is null [-Wnonnull]
   20 |     ~usage_requirements() { ((Model*)0)->~Model(); }
      |                             ~~~~~~~~~~~~~~~~~~~^~
/mnt/library/BH/include/boost/concept/usage.hpp:37:7: note: in a call to non-static member function ‘boost::Convertible<X, Y>::~Convertible() [with X = boost::iterators::random_access_traversal_tag; Y = boost::iterators::bidirectional_traversal_tag]’
   37 |       ~model()
      |       ^
/mnt/library/BH/include/boost/concept_check.hpp:208:5: note: in expansion of macro ‘BOOST_CONCEPT_USAGE’
  208 |     BOOST_CONCEPT_USAGE(Convertible) {
      |     ^~~~~~~~~~~~~~~~~~~
/mnt/library/BH/include/boost/concept/usage.hpp: In instantiation of ‘boost::concepts::usage_requirements<Model>::~usage_requirements() [with Model = boost::range_detail::BidirectionalIteratorConcept<__gnu_cxx::__normal_iterator<int*, std::vector<int> > >]’:
/mnt/library/BH/include/boost/concept/detail/general.hpp:50:47:   required from ‘static void boost::concepts::requirement<boost::concepts::failed************ Model::************>::failed() [with Model = boost::concepts::usage_requirements<boost::range_detail::BidirectionalIteratorConcept<__gnu_cxx::__normal_iterator<int*, std::vector<int> > > >]’
/mnt/library/BH/include/boost/range/concepts.hpp:226:14:   required from ‘struct boost::range_detail::BidirectionalIteratorConcept<__gnu_cxx::__normal_iterator<int*, std::vector<int> > >’
/mnt/library/BH/include/boost/concept/detail/has_constraints.hpp:32:62:   required by substitution of ‘template<class Model> boost::concepts::detail::yes boost::concepts::detail::has_constraints_(Model*, wrap_constraints<Model, (& Model::constraints)>*) [with Model = boost::range_detail::BidirectionalIteratorConcept<__gnu_cxx::__normal_iterator<int*, std::vector<int> > >]’
/mnt/library/BH/include/boost/concept/detail/has_constraints.hpp:42:5:   required from ‘const bool boost::concepts::not_satisfied<boost::range_detail::BidirectionalIteratorConcept<__gnu_cxx::__normal_iterator<int*, std::vector<int> > > >::value’
/mnt/library/BH/include/boost/concept/detail/has_constraints.hpp:45:51:   required from ‘struct boost::concepts::not_satisfied<boost::range_detail::BidirectionalIteratorConcept<__gnu_cxx::__normal_iterator<int*, std::vector<int> > > >’
/mnt/library/BH/include/boost/concept/detail/general.hpp:72:8:   [ skipping 3 instantiation contexts, use -ftemplate-backtrace-limit=0 to disable ]
/mnt/library/BH/include/boost/concept/detail/has_constraints.hpp:32:62:   required by substitution of ‘template<class Model> boost::concepts::detail::yes boost::concepts::detail::has_constraints_(Model*, wrap_constraints<Model, (& Model::constraints)>*) [with Model = boost::RandomAccessRangeConcept<std::vector<int> >]’
/mnt/library/BH/include/boost/concept/detail/has_constraints.hpp:42:5:   required from ‘const bool boost::concepts::not_satisfied<boost::RandomAccessRangeConcept<std::vector<int> > >::value’
/mnt/library/BH/include/boost/concept/detail/has_constraints.hpp:45:51:   required from ‘struct boost::concepts::not_satisfied<boost::RandomAccessRangeConcept<std::vector<int> > >’
/mnt/library/BH/include/boost/concept/detail/general.hpp:72:8:   required from ‘struct boost::concepts::requirement_<void (*)(boost::RandomAccessRangeConcept<std::vector<int> >)>’
/mnt/library/BH/include/boost/range/algorithm/nth_element.hpp:33:5:   required from ‘RandomAccessRange& boost::range::random_shuffle(RandomAccessRange&, Generator&) [with RandomAccessRange = std::vector<int>; Generator = pcg_detail::engine<unsigned int, long unsigned int, pcg_detail::xsh_rr_mixin<unsigned int, long unsigned int>, true, pcg_detail::specific_stream<long unsigned int>, pcg_detail::default_multiplier<long unsigned int> >]’
compute_rho_null.cpp:33:37:   required from here
/mnt/library/BH/include/boost/concept/usage.hpp:20:48: warning: ‘this’ pointer is null [-Wnonnull]
   20 |     ~usage_requirements() { ((Model*)0)->~Model(); }
      |                             ~~~~~~~~~~~~~~~~~~~^~
/mnt/library/BH/include/boost/concept/usage.hpp:37:7: note: in a call to non-static member function ‘boost::range_detail::BidirectionalIteratorConcept<Iterator>::~BidirectionalIteratorConcept() [with Iterator = __gnu_cxx::__normal_iterator<int*, std::vector<int> >]’
   37 |       ~model()
      |       ^
/mnt/library/BH/include/boost/range/concepts.hpp:226:14: note: in expansion of macro ‘BOOST_CONCEPT_USAGE’
  226 |              BOOST_CONCEPT_USAGE(BidirectionalIteratorConcept)
      |              ^~~~~~~~~~~~~~~~~~~
/mnt/library/BH/include/boost/concept/usage.hpp: In instantiation of ‘boost::concepts::usage_requirements<Model>::~usage_requirements() [with Model = boost::range_detail::BidirectionalIteratorConcept<__gnu_cxx::__normal_iterator<const int*, std::vector<int> > >]’:
/mnt/library/BH/include/boost/concept/detail/general.hpp:50:47:   required from ‘static void boost::concepts::requirement<boost::concepts::failed************ Model::************>::failed() [with Model = boost::concepts::usage_requirements<boost::range_detail::BidirectionalIteratorConcept<__gnu_cxx::__normal_iterator<const int*, std::vector<int> > > >]’
/mnt/library/BH/include/boost/range/concepts.hpp:226:14:   required from ‘struct boost::range_detail::BidirectionalIteratorConcept<__gnu_cxx::__normal_iterator<const int*, std::vector<int> > >’
/mnt/library/BH/include/boost/concept/detail/has_constraints.hpp:32:62:   required by substitution of ‘template<class Model> boost::concepts::detail::yes boost::concepts::detail::has_constraints_(Model*, wrap_constraints<Model, (& Model::constraints)>*) [with Model = boost::range_detail::BidirectionalIteratorConcept<__gnu_cxx::__normal_iterator<const int*, std::vector<int> > >]’
/mnt/library/BH/include/boost/concept/detail/has_constraints.hpp:42:5:   required from ‘const bool boost::concepts::not_satisfied<boost::range_detail::BidirectionalIteratorConcept<__gnu_cxx::__normal_iterator<const int*, std::vector<int> > > >::value’
/mnt/library/BH/include/boost/concept/detail/has_constraints.hpp:45:51:   required from ‘struct boost::concepts::not_satisfied<boost::range_detail::BidirectionalIteratorConcept<__gnu_cxx::__normal_iterator<const int*, std::vector<int> > > >’
/mnt/library/BH/include/boost/concept/detail/general.hpp:72:8:   [ skipping 3 instantiation contexts, use -ftemplate-backtrace-limit=0 to disable ]
/mnt/library/BH/include/boost/concept/detail/has_constraints.hpp:32:62:   required by substitution of ‘template<class Model> boost::concepts::detail::yes boost::concepts::detail::has_constraints_(Model*, wrap_constraints<Model, (& Model::constraints)>*) [with Model = boost::RandomAccessRangeConcept<std::vector<int> >]’
/mnt/library/BH/include/boost/concept/detail/has_constraints.hpp:42:5:   required from ‘const bool boost::concepts::not_satisfied<boost::RandomAccessRangeConcept<std::vector<int> > >::value’
/mnt/library/BH/include/boost/concept/detail/has_constraints.hpp:45:51:   required from ‘struct boost::concepts::not_satisfied<boost::RandomAccessRangeConcept<std::vector<int> > >’
/mnt/library/BH/include/boost/concept/detail/general.hpp:72:8:   required from ‘struct boost::concepts::requirement_<void (*)(boost::RandomAccessRangeConcept<std::vector<int> >)>’
/mnt/library/BH/include/boost/range/algorithm/nth_element.hpp:33:5:   required from ‘RandomAccessRange& boost::range::random_shuffle(RandomAccessRange&, Generator&) [with RandomAccessRange = std::vector<int>; Generator = pcg_detail::engine<unsigned int, long unsigned int, pcg_detail::xsh_rr_mixin<unsigned int, long unsigned int>, true, pcg_detail::specific_stream<long unsigned int>, pcg_detail::default_multiplier<long unsigned int> >]’
compute_rho_null.cpp:33:37:   required from here
/mnt/library/BH/include/boost/concept/usage.hpp:20:48: warning: ‘this’ pointer is null [-Wnonnull]
   20 |     ~usage_requirements() { ((Model*)0)->~Model(); }
      |                             ~~~~~~~~~~~~~~~~~~~^~
/mnt/library/BH/include/boost/concept/usage.hpp:37:7: note: in a call to non-static member function ‘boost::range_detail::BidirectionalIteratorConcept<Iterator>::~BidirectionalIteratorConcept() [with Iterator = __gnu_cxx::__normal_iterator<const int*, std::vector<int> >]’
   37 |       ~model()
      |       ^
/mnt/library/BH/include/boost/range/concepts.hpp:226:14: note: in expansion of macro ‘BOOST_CONCEPT_USAGE’
  226 |              BOOST_CONCEPT_USAGE(BidirectionalIteratorConcept)
      |              ^~~~~~~~~~~~~~~~~~~
/mnt/library/BH/include/boost/concept/usage.hpp: In instantiation of ‘boost::concepts::usage_requirements<Model>::~usage_requirements() [with Model = boost::Convertible<boost::iterators::random_access_traversal_tag, boost::iterators::random_access_traversal_tag>]’:
/mnt/library/BH/include/boost/concept/detail/general.hpp:50:47:   required from ‘static void boost::concepts::requirement<boost::concepts::failed************ Model::************>::failed() [with Model = boost::concepts::usage_requirements<boost::Convertible<boost::iterators::random_access_traversal_tag, boost::iterators::random_access_traversal_tag> >]’
/mnt/library/BH/include/boost/concept_check.hpp:208:5:   required from ‘struct boost::Convertible<boost::iterators::random_access_traversal_tag, boost::iterators::random_access_traversal_tag>’
/mnt/library/BH/include/boost/concept/detail/has_constraints.hpp:32:62:   required by substitution of ‘template<class Model> boost::concepts::detail::yes boost::concepts::detail::has_constraints_(Model*, wrap_constraints<Model, (& Model::constraints)>*) [with Model = boost::Convertible<boost::iterators::random_access_traversal_tag, boost::iterators::random_access_traversal_tag>]’
/mnt/library/BH/include/boost/concept/detail/has_constraints.hpp:42:5:   required from ‘const bool boost::concepts::not_satisfied<boost::Convertible<boost::iterators::random_access_traversal_tag, boost::iterators::random_access_traversal_tag> >::value’
/mnt/library/BH/include/boost/concept/detail/has_constraints.hpp:45:51:   required from ‘struct boost::concepts::not_satisfied<boost::Convertible<boost::iterators::random_access_traversal_tag, boost::iterators::random_access_traversal_tag> >’
/mnt/library/BH/include/boost/concept/detail/general.hpp:72:8:   [ skipping 7 instantiation contexts, use -ftemplate-backtrace-limit=0 to disable ]
/mnt/library/BH/include/boost/concept/detail/has_constraints.hpp:32:62:   required by substitution of ‘template<class Model> boost::concepts::detail::yes boost::concepts::detail::has_constraints_(Model*, wrap_constraints<Model, (& Model::constraints)>*) [with Model = boost::RandomAccessRangeConcept<std::vector<int> >]’
/mnt/library/BH/include/boost/concept/detail/has_constraints.hpp:42:5:   required from ‘const bool boost::concepts::not_satisfied<boost::RandomAccessRangeConcept<std::vector<int> > >::value’
/mnt/library/BH/include/boost/concept/detail/has_constraints.hpp:45:51:   required from ‘struct boost::concepts::not_satisfied<boost::RandomAccessRangeConcept<std::vector<int> > >’
/mnt/library/BH/include/boost/concept/detail/general.hpp:72:8:   required from ‘struct boost::concepts::requirement_<void (*)(boost::RandomAccessRangeConcept<std::vector<int> >)>’
/mnt/library/BH/include/boost/range/algorithm/nth_element.hpp:33:5:   required from ‘RandomAccessRange& boost::range::random_shuffle(RandomAccessRange&, Generator&) [with RandomAccessRange = std::vector<int>; Generator = pcg_detail::engine<unsigned int, long unsigned int, pcg_detail::xsh_rr_mixin<unsigned int, long unsigned int>, true, pcg_detail::specific_stream<long unsigned int>, pcg_detail::default_multiplier<long unsigned int> >]’
compute_rho_null.cpp:33:37:   required from here
/mnt/library/BH/include/boost/concept/usage.hpp:20:48: warning: ‘this’ pointer is null [-Wnonnull]
   20 |     ~usage_requirements() { ((Model*)0)->~Model(); }
      |                             ~~~~~~~~~~~~~~~~~~~^~
/mnt/library/BH/include/boost/concept/usage.hpp:37:7: note: in a call to non-static member function ‘boost::Convertible<X, Y>::~Convertible() [with X = boost::iterators::random_access_traversal_tag; Y = boost::iterators::random_access_traversal_tag]’
   37 |       ~model()
      |       ^
/mnt/library/BH/include/boost/concept_check.hpp:208:5: note: in expansion of macro ‘BOOST_CONCEPT_USAGE’
  208 |     BOOST_CONCEPT_USAGE(Convertible) {
      |     ^~~~~~~~~~~~~~~~~~~
/mnt/library/BH/include/boost/concept/usage.hpp: In instantiation of ‘boost::concepts::usage_requirements<Model>::~usage_requirements() [with Model = boost::range_detail::RandomAccessIteratorConcept<__gnu_cxx::__normal_iterator<int*, std::vector<int> > >]’:
/mnt/library/BH/include/boost/concept/detail/general.hpp:50:47:   required from ‘static void boost::concepts::requirement<boost::concepts::failed************ Model::************>::failed() [with Model = boost::concepts::usage_requirements<boost::range_detail::RandomAccessIteratorConcept<__gnu_cxx::__normal_iterator<int*, std::vector<int> > > >]’
/mnt/library/BH/include/boost/range/concepts.hpp:247:14:   required from ‘struct boost::range_detail::RandomAccessIteratorConcept<__gnu_cxx::__normal_iterator<int*, std::vector<int> > >’
/mnt/library/BH/include/boost/concept/detail/has_constraints.hpp:32:62:   required by substitution of ‘template<class Model> boost::concepts::detail::yes boost::concepts::detail::has_constraints_(Model*, wrap_constraints<Model, (& Model::constraints)>*) [with Model = boost::range_detail::RandomAccessIteratorConcept<__gnu_cxx::__normal_iterator<int*, std::vector<int> > >]’
/mnt/library/BH/include/boost/concept/detail/has_constraints.hpp:42:5:   required from ‘const bool boost::concepts::not_satisfied<boost::range_detail::RandomAccessIteratorConcept<__gnu_cxx::__normal_iterator<int*, std::vector<int> > > >::value’
/mnt/library/BH/include/boost/concept/detail/has_constraints.hpp:45:51:   required from ‘struct boost::concepts::not_satisfied<boost::range_detail::RandomAccessIteratorConcept<__gnu_cxx::__normal_iterator<int*, std::vector<int> > > >’
/mnt/library/BH/include/boost/concept/detail/general.hpp:72:8:   [ skipping 2 instantiation contexts, use -ftemplate-backtrace-limit=0 to disable ]
/mnt/library/BH/include/boost/concept/detail/has_constraints.hpp:32:62:   required by substitution of ‘template<class Model> boost::concepts::detail::yes boost::concepts::detail::has_constraints_(Model*, wrap_constraints<Model, (& Model::constraints)>*) [with Model = boost::RandomAccessRangeConcept<std::vector<int> >]’
/mnt/library/BH/include/boost/concept/detail/has_constraints.hpp:42:5:   required from ‘const bool boost::concepts::not_satisfied<boost::RandomAccessRangeConcept<std::vector<int> > >::value’
/mnt/library/BH/include/boost/concept/detail/has_constraints.hpp:45:51:   required from ‘struct boost::concepts::not_satisfied<boost::RandomAccessRangeConcept<std::vector<int> > >’
/mnt/library/BH/include/boost/concept/detail/general.hpp:72:8:   required from ‘struct boost::concepts::requirement_<void (*)(boost::RandomAccessRangeConcept<std::vector<int> >)>’
/mnt/library/BH/include/boost/range/algorithm/nth_element.hpp:33:5:   required from ‘RandomAccessRange& boost::range::random_shuffle(RandomAccessRange&, Generator&) [with RandomAccessRange = std::vector<int>; Generator = pcg_detail::engine<unsigned int, long unsigned int, pcg_detail::xsh_rr_mixin<unsigned int, long unsigned int>, true, pcg_detail::specific_stream<long unsigned int>, pcg_detail::default_multiplier<long unsigned int> >]’
compute_rho_null.cpp:33:37:   required from here
/mnt/library/BH/include/boost/concept/usage.hpp:20:48: warning: ‘this’ pointer is null [-Wnonnull]
   20 |     ~usage_requirements() { ((Model*)0)->~Model(); }
      |                             ~~~~~~~~~~~~~~~~~~~^~
/mnt/library/BH/include/boost/concept/usage.hpp:37:7: note: in a call to non-static member function ‘boost::range_detail::RandomAccessIteratorConcept<Iterator>::~RandomAccessIteratorConcept() [with Iterator = __gnu_cxx::__normal_iterator<int*, std::vector<int> >]’
   37 |       ~model()
      |       ^
/mnt/library/BH/include/boost/range/concepts.hpp:247:14: note: in expansion of macro ‘BOOST_CONCEPT_USAGE’
  247 |              BOOST_CONCEPT_USAGE(RandomAccessIteratorConcept)
      |              ^~~~~~~~~~~~~~~~~~~
/mnt/library/BH/include/boost/concept/usage.hpp: In instantiation of ‘boost::concepts::usage_requirements<Model>::~usage_requirements() [with Model = boost::range_detail::RandomAccessIteratorConcept<__gnu_cxx::__normal_iterator<const int*, std::vector<int> > >]’:
/mnt/library/BH/include/boost/concept/detail/general.hpp:50:47:   required from ‘static void boost::concepts::requirement<boost::concepts::failed************ Model::************>::failed() [with Model = boost::concepts::usage_requirements<boost::range_detail::RandomAccessIteratorConcept<__gnu_cxx::__normal_iterator<const int*, std::vector<int> > > >]’
/mnt/library/BH/include/boost/range/concepts.hpp:247:14:   required from ‘struct boost::range_detail::RandomAccessIteratorConcept<__gnu_cxx::__normal_iterator<const int*, std::vector<int> > >’
/mnt/library/BH/include/boost/concept/detail/has_constraints.hpp:32:62:   required by substitution of ‘template<class Model> boost::concepts::detail::yes boost::concepts::detail::has_constraints_(Model*, wrap_constraints<Model, (& Model::constraints)>*) [with Model = boost::range_detail::RandomAccessIteratorConcept<__gnu_cxx::__normal_iterator<const int*, std::vector<int> > >]’
/mnt/library/BH/include/boost/concept/detail/has_constraints.hpp:42:5:   required from ‘const bool boost::concepts::not_satisfied<boost::range_detail::RandomAccessIteratorConcept<__gnu_cxx::__normal_iterator<const int*, std::vector<int> > > >::value’
/mnt/library/BH/include/boost/concept/detail/has_constraints.hpp:45:51:   required from ‘struct boost::concepts::not_satisfied<boost::range_detail::RandomAccessIteratorConcept<__gnu_cxx::__normal_iterator<const int*, std::vector<int> > > >’
/mnt/library/BH/include/boost/concept/detail/general.hpp:72:8:   [ skipping 2 instantiation contexts, use -ftemplate-backtrace-limit=0 to disable ]
/mnt/library/BH/include/boost/concept/detail/has_constraints.hpp:32:62:   required by substitution of ‘template<class Model> boost::concepts::detail::yes boost::concepts::detail::has_constraints_(Model*, wrap_constraints<Model, (& Model::constraints)>*) [with Model = boost::RandomAccessRangeConcept<std::vector<int> >]’
/mnt/library/BH/include/boost/concept/detail/has_constraints.hpp:42:5:   required from ‘const bool boost::concepts::not_satisfied<boost::RandomAccessRangeConcept<std::vector<int> > >::value’
/mnt/library/BH/include/boost/concept/detail/has_constraints.hpp:45:51:   required from ‘struct boost::concepts::not_satisfied<boost::RandomAccessRangeConcept<std::vector<int> > >’
/mnt/library/BH/include/boost/concept/detail/general.hpp:72:8:   required from ‘struct boost::concepts::requirement_<void (*)(boost::RandomAccessRangeConcept<std::vector<int> >)>’
/mnt/library/BH/include/boost/range/algorithm/nth_element.hpp:33:5:   required from ‘RandomAccessRange& boost::range::random_shuffle(RandomAccessRange&, Generator&) [with RandomAccessRange = std::vector<int>; Generator = pcg_detail::engine<unsigned int, long unsigned int, pcg_detail::xsh_rr_mixin<unsigned int, long unsigned int>, true, pcg_detail::specific_stream<long unsigned int>, pcg_detail::default_multiplier<long unsigned int> >]’
compute_rho_null.cpp:33:37:   required from here
/mnt/library/BH/include/boost/concept/usage.hpp:20:48: warning: ‘this’ pointer is null [-Wnonnull]
   20 |     ~usage_requirements() { ((Model*)0)->~Model(); }
      |                             ~~~~~~~~~~~~~~~~~~~^~
/mnt/library/BH/include/boost/concept/usage.hpp:37:7: note: in a call to non-static member function ‘boost::range_detail::RandomAccessIteratorConcept<Iterator>::~RandomAccessIteratorConcept() [with Iterator = __gnu_cxx::__normal_iterator<const int*, std::vector<int> >]’
   37 |       ~model()
      |       ^
/mnt/library/BH/include/boost/range/concepts.hpp:247:14: note: in expansion of macro ‘BOOST_CONCEPT_USAGE’
  247 |              BOOST_CONCEPT_USAGE(RandomAccessIteratorConcept)
      |              ^~~~~~~~~~~~~~~~~~~
g++ -std=gnu++20 -I"/usr/local/lib/R/include" -DNDEBUG  -I'/usr/local/lib/R/site-library/Rcpp/include' -I'/tmp/library/beachmat/include' -I'/mnt/library/BH/include' -I'/tmp/library/dqrng/include' -I'/tmp/library/scuttle/include' -I/usr/local/include    -fpic  -g -O2 -fstack-protector-strong -Wformat -Werror=format-security -Wdate-time -D_FORTIFY_SOURCE=2 -g   -c cyclone_scores.cpp -o cyclone_scores.o
In file included from /mnt/library/BH/include/boost/range/algorithm.hpp:64,
                 from cyclone_scores.cpp:4:
/mnt/library/BH/include/boost/range/algorithm/random_shuffle.hpp: In instantiation of ‘RandomAccessRange& boost::range::random_shuffle(RandomAccessRange&, Generator&) [with RandomAccessRange = std::vector<double>; Generator = pcg_detail::engine<unsigned int, long unsigned int, pcg_detail::xsh_rr_mixin<unsigned int, long unsigned int>, true, pcg_detail::specific_stream<long unsigned int>, pcg_detail::default_multiplier<long unsigned int> >]’:
cyclone_scores.cpp:115:41:   required from here
/mnt/library/BH/include/boost/range/algorithm/random_shuffle.hpp:124:27: warning: ‘void std::random_shuffle(_RAIter, _RAIter, _Generator&&) [with _RAIter = __gnu_cxx::__normal_iterator<double*, vector<double> >; _Generator = pcg_detail::engine<unsigned int, long unsigned int, pcg_detail::xsh_rr_mixin<unsigned int, long unsigned int>, true, pcg_detail::specific_stream<long unsigned int>, pcg_detail::default_multiplier<long unsigned int> >&]’ is deprecated: use 'std::shuffle' instead [-Wdeprecated-declarations]
  124 |     detail::random_shuffle(boost::begin(rng), boost::end(rng), gen);
      |     ~~~~~~~~~~~~~~~~~~~~~~^~~~~~~~~~~~~~~~~~~~~~~~~~~~~~~~~~~~~~~~~
In file included from /usr/include/c++/13/functional:67,
                 from /usr/local/lib/R/site-library/Rcpp/include/RcppCommon.h:66,
                 from /usr/local/lib/R/site-library/Rcpp/include/Rcpp.h:27,
                 from cyclone_scores.cpp:1:
/usr/include/c++/13/bits/stl_algo.h:4620:5: note: declared here
 4620 |     random_shuffle(_RandomAccessIterator __first, _RandomAccessIterator __last,
      |     ^~~~~~~~~~~~~~
In file included from /mnt/library/BH/include/boost/concept/assert.hpp:35,
                 from /mnt/library/BH/include/boost/concept_check.hpp:20,
                 from /mnt/library/BH/include/boost/range/concepts.hpp:19,
                 from /mnt/library/BH/include/boost/range/algorithm.hpp:29:
/mnt/library/BH/include/boost/concept/detail/general.hpp: In instantiation of ‘static void boost::concepts::requirement<boost::concepts::failed************ Model::************>::failed() [with Model = boost::concepts::usage_requirements<boost::CopyConstructible<__gnu_cxx::__normal_iterator<double*, std::vector<double> > > >]’:
/mnt/library/BH/include/boost/concept_check.hpp:167:5:   required from ‘struct boost::CopyConstructible<__gnu_cxx::__normal_iterator<double*, std::vector<double> > >’
/mnt/library/BH/include/boost/range/concepts.hpp:127:16:   required from ‘struct boost::range_detail::IncrementableIteratorConcept<__gnu_cxx::__normal_iterator<double*, std::vector<double> > >’
/mnt/library/BH/include/boost/range/concepts.hpp:149:16:   required from ‘struct boost::range_detail::SinglePassIteratorConcept<__gnu_cxx::__normal_iterator<double*, std::vector<double> > >’
/mnt/library/BH/include/boost/concept/detail/has_constraints.hpp:32:62:   required by substitution of ‘template<class Model> boost::concepts::detail::yes boost::concepts::detail::has_constraints_(Model*, wrap_constraints<Model, (& Model::constraints)>*) [with Model = boost::range_detail::SinglePassIteratorConcept<__gnu_cxx::__normal_iterator<double*, std::vector<double> > >]’
/mnt/library/BH/include/boost/concept/detail/has_constraints.hpp:42:5:   required from ‘const bool boost::concepts::not_satisfied<boost::range_detail::SinglePassIteratorConcept<__gnu_cxx::__normal_iterator<double*, std::vector<double> > > >::value’
/mnt/library/BH/include/boost/concept/detail/has_constraints.hpp:45:51:   [ skipping 6 instantiation contexts, use -ftemplate-backtrace-limit=0 to disable ]
/mnt/library/BH/include/boost/concept/detail/has_constraints.hpp:32:62:   required by substitution of ‘template<class Model> boost::concepts::detail::yes boost::concepts::detail::has_constraints_(Model*, wrap_constraints<Model, (& Model::constraints)>*) [with Model = boost::RandomAccessRangeConcept<std::vector<double> >]’
/mnt/library/BH/include/boost/concept/detail/has_constraints.hpp:42:5:   required from ‘const bool boost::concepts::not_satisfied<boost::RandomAccessRangeConcept<std::vector<double> > >::value’
/mnt/library/BH/include/boost/concept/detail/has_constraints.hpp:45:51:   required from ‘struct boost::concepts::not_satisfied<boost::RandomAccessRangeConcept<std::vector<double> > >’
/mnt/library/BH/include/boost/concept/detail/general.hpp:72:8:   required from ‘struct boost::concepts::requirement_<void (*)(boost::RandomAccessRangeConcept<std::vector<double> >)>’
/mnt/library/BH/include/boost/range/algorithm/nth_element.hpp:33:5:   required from ‘RandomAccessRange& boost::range::random_shuffle(RandomAccessRange&, Generator&) [with RandomAccessRange = std::vector<double>; Generator = pcg_detail::engine<unsigned int, long unsigned int, pcg_detail::xsh_rr_mixin<unsigned int, long unsigned int>, true, pcg_detail::specific_stream<long unsigned int>, pcg_detail::default_multiplier<long unsigned int> >]’
cyclone_scores.cpp:115:41:   required from here
/mnt/library/BH/include/boost/concept/detail/general.hpp:50:47: warning: ‘this’ pointer is null [-Wnonnull]
   50 |     static void failed() { ((Model*)0)->~Model(); }
      |                            ~~~~~~~~~~~~~~~~~~~^~
In file included from /mnt/library/BH/include/boost/concept_check.hpp:31:
/mnt/library/BH/include/boost/concept/usage.hpp:20:5: note: in a call to non-static member function ‘boost::concepts::usage_requirements<Model>::~usage_requirements() [with Model = boost::CopyConstructible<__gnu_cxx::__normal_iterator<double*, std::vector<double> > >]’
   20 |     ~usage_requirements() { ((Model*)0)->~Model(); }
      |     ^
/mnt/library/BH/include/boost/concept/detail/general.hpp: In instantiation of ‘static void boost::concepts::requirement<boost::concepts::failed************ Model::************>::failed() [with Model = boost::concepts::usage_requirements<boost::Convertible<boost::iterators::random_access_traversal_tag, boost::iterators::incrementable_traversal_tag> >]’:
/mnt/library/BH/include/boost/concept_check.hpp:208:5:   required from ‘struct boost::Convertible<boost::iterators::random_access_traversal_tag, boost::iterators::incrementable_traversal_tag>’
/mnt/library/BH/include/boost/concept/detail/has_constraints.hpp:32:62:   required by substitution of ‘template<class Model> boost::concepts::detail::yes boost::concepts::detail::has_constraints_(Model*, wrap_constraints<Model, (& Model::constraints)>*) [with Model = boost::Convertible<boost::iterators::random_access_traversal_tag, boost::iterators::incrementable_traversal_tag>]’
/mnt/library/BH/include/boost/concept/detail/has_constraints.hpp:42:5:   required from ‘const bool boost::concepts::not_satisfied<boost::Convertible<boost::iterators::random_access_traversal_tag, boost::iterators::incrementable_traversal_tag> >::value’
/mnt/library/BH/include/boost/concept/detail/has_constraints.hpp:45:51:   required from ‘struct boost::concepts::not_satisfied<boost::Convertible<boost::iterators::random_access_traversal_tag, boost::iterators::incrementable_traversal_tag> >’
/mnt/library/BH/include/boost/concept/detail/general.hpp:72:8:   required from ‘struct boost::concepts::requirement_<void (*)(boost::Convertible<boost::iterators::random_access_traversal_tag, boost::iterators::incrementable_traversal_tag>)>’
/mnt/library/BH/include/boost/iterator/iterator_concepts.hpp:106:7:   [ skipping 10 instantiation contexts, use -ftemplate-backtrace-limit=0 to disable ]
/mnt/library/BH/include/boost/concept/detail/has_constraints.hpp:32:62:   required by substitution of ‘template<class Model> boost::concepts::detail::yes boost::concepts::detail::has_constraints_(Model*, wrap_constraints<Model, (& Model::constraints)>*) [with Model = boost::RandomAccessRangeConcept<std::vector<double> >]’
/mnt/library/BH/include/boost/concept/detail/has_constraints.hpp:42:5:   required from ‘const bool boost::concepts::not_satisfied<boost::RandomAccessRangeConcept<std::vector<double> > >::value’
/mnt/library/BH/include/boost/concept/detail/has_constraints.hpp:45:51:   required from ‘struct boost::concepts::not_satisfied<boost::RandomAccessRangeConcept<std::vector<double> > >’
/mnt/library/BH/include/boost/concept/detail/general.hpp:72:8:   required from ‘struct boost::concepts::requirement_<void (*)(boost::RandomAccessRangeConcept<std::vector<double> >)>’
/mnt/library/BH/include/boost/range/algorithm/nth_element.hpp:33:5:   required from ‘RandomAccessRange& boost::range::random_shuffle(RandomAccessRange&, Generator&) [with RandomAccessRange = std::vector<double>; Generator = pcg_detail::engine<unsigned int, long unsigned int, pcg_detail::xsh_rr_mixin<unsigned int, long unsigned int>, true, pcg_detail::specific_stream<long unsigned int>, pcg_detail::default_multiplier<long unsigned int> >]’
cyclone_scores.cpp:115:41:   required from here
/mnt/library/BH/include/boost/concept/detail/general.hpp:50:47: warning: ‘this’ pointer is null [-Wnonnull]
   50 |     static void failed() { ((Model*)0)->~Model(); }
      |                            ~~~~~~~~~~~~~~~~~~~^~
/mnt/library/BH/include/boost/concept/usage.hpp:20:5: note: in a call to non-static member function ‘boost::concepts::usage_requirements<Model>::~usage_requirements() [with Model = boost::Convertible<boost::iterators::random_access_traversal_tag, boost::iterators::incrementable_traversal_tag>]’
   20 |     ~usage_requirements() { ((Model*)0)->~Model(); }
      |     ^
/mnt/library/BH/include/boost/concept/detail/general.hpp: In instantiation of ‘static void boost::concepts::requirement<boost::concepts::failed************ Model::************>::failed() [with Model = boost::Convertible<boost::iterators::random_access_traversal_tag, boost::iterators::incrementable_traversal_tag>]’:
/mnt/library/BH/include/boost/iterator/iterator_concepts.hpp:106:7:   required from ‘struct boost::range_detail::IncrementableIteratorConcept<__gnu_cxx::__normal_iterator<double*, std::vector<double> > >’
/mnt/library/BH/include/boost/range/concepts.hpp:149:16:   required from ‘struct boost::range_detail::SinglePassIteratorConcept<__gnu_cxx::__normal_iterator<double*, std::vector<double> > >’
/mnt/library/BH/include/boost/concept/detail/has_constraints.hpp:32:62:   required by substitution of ‘template<class Model> boost::concepts::detail::yes boost::concepts::detail::has_constraints_(Model*, wrap_constraints<Model, (& Model::constraints)>*) [with Model = boost::range_detail::SinglePassIteratorConcept<__gnu_cxx::__normal_iterator<double*, std::vector<double> > >]’
/mnt/library/BH/include/boost/concept/detail/has_constraints.hpp:42:5:   required from ‘const bool boost::concepts::not_satisfied<boost::range_detail::SinglePassIteratorConcept<__gnu_cxx::__normal_iterator<double*, std::vector<double> > > >::value’
/mnt/library/BH/include/boost/concept/detail/has_constraints.hpp:45:51:   required from ‘struct boost::concepts::not_satisfied<boost::range_detail::SinglePassIteratorConcept<__gnu_cxx::__normal_iterator<double*, std::vector<double> > > >’
/mnt/library/BH/include/boost/concept/detail/general.hpp:72:8:   [ skipping 5 instantiation contexts, use -ftemplate-backtrace-limit=0 to disable ]
/mnt/library/BH/include/boost/concept/detail/has_constraints.hpp:32:62:   required by substitution of ‘template<class Model> boost::concepts::detail::yes boost::concepts::detail::has_constraints_(Model*, wrap_constraints<Model, (& Model::constraints)>*) [with Model = boost::RandomAccessRangeConcept<std::vector<double> >]’
/mnt/library/BH/include/boost/concept/detail/has_constraints.hpp:42:5:   required from ‘const bool boost::concepts::not_satisfied<boost::RandomAccessRangeConcept<std::vector<double> > >::value’
/mnt/library/BH/include/boost/concept/detail/has_constraints.hpp:45:51:   required from ‘struct boost::concepts::not_satisfied<boost::RandomAccessRangeConcept<std::vector<double> > >’
/mnt/library/BH/include/boost/concept/detail/general.hpp:72:8:   required from ‘struct boost::concepts::requirement_<void (*)(boost::RandomAccessRangeConcept<std::vector<double> >)>’
/mnt/library/BH/include/boost/range/algorithm/nth_element.hpp:33:5:   required from ‘RandomAccessRange& boost::range::random_shuffle(RandomAccessRange&, Generator&) [with RandomAccessRange = std::vector<double>; Generator = pcg_detail::engine<unsigned int, long unsigned int, pcg_detail::xsh_rr_mixin<unsigned int, long unsigned int>, true, pcg_detail::specific_stream<long unsigned int>, pcg_detail::default_multiplier<long unsigned int> >]’
cyclone_scores.cpp:115:41:   required from here
/mnt/library/BH/include/boost/concept/detail/general.hpp:50:47: warning: ‘this’ pointer is null [-Wnonnull]
   50 |     static void failed() { ((Model*)0)->~Model(); }
      |                            ~~~~~~~~~~~~~~~~~~~^~
/mnt/library/BH/include/boost/concept/usage.hpp:37:7: note: in a call to non-static member function ‘boost::Convertible<X, Y>::~Convertible() [with X = boost::iterators::random_access_traversal_tag; Y = boost::iterators::incrementable_traversal_tag]’
   37 |       ~model()
      |       ^
/mnt/library/BH/include/boost/concept_check.hpp:208:5: note: in expansion of macro ‘BOOST_CONCEPT_USAGE’
  208 |     BOOST_CONCEPT_USAGE(Convertible) {
      |     ^~~~~~~~~~~~~~~~~~~
/mnt/library/BH/include/boost/concept/detail/general.hpp: In instantiation of ‘static void boost::concepts::requirement<boost::concepts::failed************ Model::************>::failed() [with Model = boost::concepts::usage_requirements<boost::range_detail::IncrementableIteratorConcept<__gnu_cxx::__normal_iterator<double*, std::vector<double> > > >]’:
/mnt/library/BH/include/boost/range/concepts.hpp:138:13:   required from ‘struct boost::range_detail::IncrementableIteratorConcept<__gnu_cxx::__normal_iterator<double*, std::vector<double> > >’
/mnt/library/BH/include/boost/range/concepts.hpp:149:16:   required from ‘struct boost::range_detail::SinglePassIteratorConcept<__gnu_cxx::__normal_iterator<double*, std::vector<double> > >’
/mnt/library/BH/include/boost/concept/detail/has_constraints.hpp:32:62:   required by substitution of ‘template<class Model> boost::concepts::detail::yes boost::concepts::detail::has_constraints_(Model*, wrap_constraints<Model, (& Model::constraints)>*) [with Model = boost::range_detail::SinglePassIteratorConcept<__gnu_cxx::__normal_iterator<double*, std::vector<double> > >]’
/mnt/library/BH/include/boost/concept/detail/has_constraints.hpp:42:5:   required from ‘const bool boost::concepts::not_satisfied<boost::range_detail::SinglePassIteratorConcept<__gnu_cxx::__normal_iterator<double*, std::vector<double> > > >::value’
/mnt/library/BH/include/boost/concept/detail/has_constraints.hpp:45:51:   required from ‘struct boost::concepts::not_satisfied<boost::range_detail::SinglePassIteratorConcept<__gnu_cxx::__normal_iterator<double*, std::vector<double> > > >’
/mnt/library/BH/include/boost/concept/detail/general.hpp:72:8:   [ skipping 5 instantiation contexts, use -ftemplate-backtrace-limit=0 to disable ]
/mnt/library/BH/include/boost/concept/detail/has_constraints.hpp:32:62:   required by substitution of ‘template<class Model> boost::concepts::detail::yes boost::concepts::detail::has_constraints_(Model*, wrap_constraints<Model, (& Model::constraints)>*) [with Model = boost::RandomAccessRangeConcept<std::vector<double> >]’
/mnt/library/BH/include/boost/concept/detail/has_constraints.hpp:42:5:   required from ‘const bool boost::concepts::not_satisfied<boost::RandomAccessRangeConcept<std::vector<double> > >::value’
/mnt/library/BH/include/boost/concept/detail/has_constraints.hpp:45:51:   required from ‘struct boost::concepts::not_satisfied<boost::RandomAccessRangeConcept<std::vector<double> > >’
/mnt/library/BH/include/boost/concept/detail/general.hpp:72:8:   required from ‘struct boost::concepts::requirement_<void (*)(boost::RandomAccessRangeConcept<std::vector<double> >)>’
/mnt/library/BH/include/boost/range/algorithm/nth_element.hpp:33:5:   required from ‘RandomAccessRange& boost::range::random_shuffle(RandomAccessRange&, Generator&) [with RandomAccessRange = std::vector<double>; Generator = pcg_detail::engine<unsigned int, long unsigned int, pcg_detail::xsh_rr_mixin<unsigned int, long unsigned int>, true, pcg_detail::specific_stream<long unsigned int>, pcg_detail::default_multiplier<long unsigned int> >]’
cyclone_scores.cpp:115:41:   required from here
/mnt/library/BH/include/boost/concept/detail/general.hpp:50:47: warning: ‘this’ pointer is null [-Wnonnull]
   50 |     static void failed() { ((Model*)0)->~Model(); }
      |                            ~~~~~~~~~~~~~~~~~~~^~
/mnt/library/BH/include/boost/concept/usage.hpp:20:5: note: in a call to non-static member function ‘boost::concepts::usage_requirements<Model>::~usage_requirements() [with Model = boost::range_detail::IncrementableIteratorConcept<__gnu_cxx::__normal_iterator<double*, std::vector<double> > >]’
   20 |     ~usage_requirements() { ((Model*)0)->~Model(); }
      |     ^
/mnt/library/BH/include/boost/concept/detail/general.hpp: In instantiation of ‘static void boost::concepts::requirement<boost::concepts::failed************ Model::************>::failed() [with Model = boost::concepts::usage_requirements<boost::EqualityComparable<__gnu_cxx::__normal_iterator<double*, std::vector<double> > > >]’:
/mnt/library/BH/include/boost/concept_check.hpp:233:5:   required from ‘struct boost::EqualityComparable<__gnu_cxx::__normal_iterator<double*, std::vector<double> > >’
/mnt/library/BH/include/boost/range/concepts.hpp:149:16:   required from ‘struct boost::range_detail::SinglePassIteratorConcept<__gnu_cxx::__normal_iterator<double*, std::vector<double> > >’
/mnt/library/BH/include/boost/concept/detail/has_constraints.hpp:32:62:   required by substitution of ‘template<class Model> boost::concepts::detail::yes boost::concepts::detail::has_constraints_(Model*, wrap_constraints<Model, (& Model::constraints)>*) [with Model = boost::range_detail::SinglePassIteratorConcept<__gnu_cxx::__normal_iterator<double*, std::vector<double> > >]’
/mnt/library/BH/include/boost/concept/detail/has_constraints.hpp:42:5:   required from ‘const bool boost::concepts::not_satisfied<boost::range_detail::SinglePassIteratorConcept<__gnu_cxx::__normal_iterator<double*, std::vector<double> > > >::value’
/mnt/library/BH/include/boost/concept/detail/has_constraints.hpp:45:51:   required from ‘struct boost::concepts::not_satisfied<boost::range_detail::SinglePassIteratorConcept<__gnu_cxx::__normal_iterator<double*, std::vector<double> > > >’
/mnt/library/BH/include/boost/concept/detail/general.hpp:72:8:   [ skipping 5 instantiation contexts, use -ftemplate-backtrace-limit=0 to disable ]
/mnt/library/BH/include/boost/concept/detail/has_constraints.hpp:32:62:   required by substitution of ‘template<class Model> boost::concepts::detail::yes boost::concepts::detail::has_constraints_(Model*, wrap_constraints<Model, (& Model::constraints)>*) [with Model = boost::RandomAccessRangeConcept<std::vector<double> >]’
/mnt/library/BH/include/boost/concept/detail/has_constraints.hpp:42:5:   required from ‘const bool boost::concepts::not_satisfied<boost::RandomAccessRangeConcept<std::vector<double> > >::value’
/mnt/library/BH/include/boost/concept/detail/has_constraints.hpp:45:51:   required from ‘struct boost::concepts::not_satisfied<boost::RandomAccessRangeConcept<std::vector<double> > >’
/mnt/library/BH/include/boost/concept/detail/general.hpp:72:8:   required from ‘struct boost::concepts::requirement_<void (*)(boost::RandomAccessRangeConcept<std::vector<double> >)>’
/mnt/library/BH/include/boost/range/algorithm/nth_element.hpp:33:5:   required from ‘RandomAccessRange& boost::range::random_shuffle(RandomAccessRange&, Generator&) [with RandomAccessRange = std::vector<double>; Generator = pcg_detail::engine<unsigned int, long unsigned int, pcg_detail::xsh_rr_mixin<unsigned int, long unsigned int>, true, pcg_detail::specific_stream<long unsigned int>, pcg_detail::default_multiplier<long unsigned int> >]’
cyclone_scores.cpp:115:41:   required from here
/mnt/library/BH/include/boost/concept/detail/general.hpp:50:47: warning: ‘this’ pointer is null [-Wnonnull]
   50 |     static void failed() { ((Model*)0)->~Model(); }
      |                            ~~~~~~~~~~~~~~~~~~~^~
/mnt/library/BH/include/boost/concept/usage.hpp:20:5: note: in a call to non-static member function ‘boost::concepts::usage_requirements<Model>::~usage_requirements() [with Model = boost::EqualityComparable<__gnu_cxx::__normal_iterator<double*, std::vector<double> > >]’
   20 |     ~usage_requirements() { ((Model*)0)->~Model(); }
      |     ^
/mnt/library/BH/include/boost/concept/detail/general.hpp: In instantiation of ‘static void boost::concepts::requirement<boost::concepts::failed************ Model::************>::failed() [with Model = boost::concepts::usage_requirements<boost::Convertible<boost::iterators::random_access_traversal_tag, boost::iterators::single_pass_traversal_tag> >]’:
/mnt/library/BH/include/boost/concept_check.hpp:208:5:   required from ‘struct boost::Convertible<boost::iterators::random_access_traversal_tag, boost::iterators::single_pass_traversal_tag>’
/mnt/library/BH/include/boost/concept/detail/has_constraints.hpp:32:62:   required by substitution of ‘template<class Model> boost::concepts::detail::yes boost::concepts::detail::has_constraints_(Model*, wrap_constraints<Model, (& Model::constraints)>*) [with Model = boost::Convertible<boost::iterators::random_access_traversal_tag, boost::iterators::single_pass_traversal_tag>]’
/mnt/library/BH/include/boost/concept/detail/has_constraints.hpp:42:5:   required from ‘const bool boost::concepts::not_satisfied<boost::Convertible<boost::iterators::random_access_traversal_tag, boost::iterators::single_pass_traversal_tag> >::value’
/mnt/library/BH/include/boost/concept/detail/has_constraints.hpp:45:51:   required from ‘struct boost::concepts::not_satisfied<boost::Convertible<boost::iterators::random_access_traversal_tag, boost::iterators::single_pass_traversal_tag> >’
/mnt/library/BH/include/boost/concept/detail/general.hpp:72:8:   required from ‘struct boost::concepts::requirement_<void (*)(boost::Convertible<boost::iterators::random_access_traversal_tag, boost::iterators::single_pass_traversal_tag>)>’
/mnt/library/BH/include/boost/range/concepts.hpp:154:13:   [ skipping 9 instantiation contexts, use -ftemplate-backtrace-limit=0 to disable ]
/mnt/library/BH/include/boost/concept/detail/has_constraints.hpp:32:62:   required by substitution of ‘template<class Model> boost::concepts::detail::yes boost::concepts::detail::has_constraints_(Model*, wrap_constraints<Model, (& Model::constraints)>*) [with Model = boost::RandomAccessRangeConcept<std::vector<double> >]’
/mnt/library/BH/include/boost/concept/detail/has_constraints.hpp:42:5:   required from ‘const bool boost::concepts::not_satisfied<boost::RandomAccessRangeConcept<std::vector<double> > >::value’
/mnt/library/BH/include/boost/concept/detail/has_constraints.hpp:45:51:   required from ‘struct boost::concepts::not_satisfied<boost::RandomAccessRangeConcept<std::vector<double> > >’
/mnt/library/BH/include/boost/concept/detail/general.hpp:72:8:   required from ‘struct boost::concepts::requirement_<void (*)(boost::RandomAccessRangeConcept<std::vector<double> >)>’
/mnt/library/BH/include/boost/range/algorithm/nth_element.hpp:33:5:   required from ‘RandomAccessRange& boost::range::random_shuffle(RandomAccessRange&, Generator&) [with RandomAccessRange = std::vector<double>; Generator = pcg_detail::engine<unsigned int, long unsigned int, pcg_detail::xsh_rr_mixin<unsigned int, long unsigned int>, true, pcg_detail::specific_stream<long unsigned int>, pcg_detail::default_multiplier<long unsigned int> >]’
cyclone_scores.cpp:115:41:   required from here
/mnt/library/BH/include/boost/concept/detail/general.hpp:50:47: warning: ‘this’ pointer is null [-Wnonnull]
   50 |     static void failed() { ((Model*)0)->~Model(); }
      |                            ~~~~~~~~~~~~~~~~~~~^~
/mnt/library/BH/include/boost/concept/usage.hpp:20:5: note: in a call to non-static member function ‘boost::concepts::usage_requirements<Model>::~usage_requirements() [with Model = boost::Convertible<boost::iterators::random_access_traversal_tag, boost::iterators::single_pass_traversal_tag>]’
   20 |     ~usage_requirements() { ((Model*)0)->~Model(); }
      |     ^
/mnt/library/BH/include/boost/concept/detail/general.hpp: In instantiation of ‘static void boost::concepts::requirement<boost::concepts::failed************ Model::************>::failed() [with Model = boost::Convertible<boost::iterators::random_access_traversal_tag, boost::iterators::single_pass_traversal_tag>]’:
/mnt/library/BH/include/boost/range/concepts.hpp:154:13:   required from ‘struct boost::range_detail::SinglePassIteratorConcept<__gnu_cxx::__normal_iterator<double*, std::vector<double> > >’
/mnt/library/BH/include/boost/concept/detail/has_constraints.hpp:32:62:   required by substitution of ‘template<class Model> boost::concepts::detail::yes boost::concepts::detail::has_constraints_(Model*, wrap_constraints<Model, (& Model::constraints)>*) [with Model = boost::range_detail::SinglePassIteratorConcept<__gnu_cxx::__normal_iterator<double*, std::vector<double> > >]’
/mnt/library/BH/include/boost/concept/detail/has_constraints.hpp:42:5:   required from ‘const bool boost::concepts::not_satisfied<boost::range_detail::SinglePassIteratorConcept<__gnu_cxx::__normal_iterator<double*, std::vector<double> > > >::value’
/mnt/library/BH/include/boost/concept/detail/has_constraints.hpp:45:51:   required from ‘struct boost::concepts::not_satisfied<boost::range_detail::SinglePassIteratorConcept<__gnu_cxx::__normal_iterator<double*, std::vector<double> > > >’
/mnt/library/BH/include/boost/concept/detail/general.hpp:72:8:   required from ‘struct boost::concepts::requirement_<void (*)(boost::range_detail::SinglePassIteratorConcept<__gnu_cxx::__normal_iterator<double*, std::vector<double> > >)>’
/mnt/library/BH/include/boost/range/concepts.hpp:280:9:   [ skipping 4 instantiation contexts, use -ftemplate-backtrace-limit=0 to disable ]
/mnt/library/BH/include/boost/concept/detail/has_constraints.hpp:32:62:   required by substitution of ‘template<class Model> boost::concepts::detail::yes boost::concepts::detail::has_constraints_(Model*, wrap_constraints<Model, (& Model::constraints)>*) [with Model = boost::RandomAccessRangeConcept<std::vector<double> >]’
/mnt/library/BH/include/boost/concept/detail/has_constraints.hpp:42:5:   required from ‘const bool boost::concepts::not_satisfied<boost::RandomAccessRangeConcept<std::vector<double> > >::value’
/mnt/library/BH/include/boost/concept/detail/has_constraints.hpp:45:51:   required from ‘struct boost::concepts::not_satisfied<boost::RandomAccessRangeConcept<std::vector<double> > >’
/mnt/library/BH/include/boost/concept/detail/general.hpp:72:8:   required from ‘struct boost::concepts::requirement_<void (*)(boost::RandomAccessRangeConcept<std::vector<double> >)>’
/mnt/library/BH/include/boost/range/algorithm/nth_element.hpp:33:5:   required from ‘RandomAccessRange& boost::range::random_shuffle(RandomAccessRange&, Generator&) [with RandomAccessRange = std::vector<double>; Generator = pcg_detail::engine<unsigned int, long unsigned int, pcg_detail::xsh_rr_mixin<unsigned int, long unsigned int>, true, pcg_detail::specific_stream<long unsigned int>, pcg_detail::default_multiplier<long unsigned int> >]’
cyclone_scores.cpp:115:41:   required from here
/mnt/library/BH/include/boost/concept/detail/general.hpp:50:47: warning: ‘this’ pointer is null [-Wnonnull]
   50 |     static void failed() { ((Model*)0)->~Model(); }
      |                            ~~~~~~~~~~~~~~~~~~~^~
/mnt/library/BH/include/boost/concept/usage.hpp:37:7: note: in a call to non-static member function ‘boost::Convertible<X, Y>::~Convertible() [with X = boost::iterators::random_access_traversal_tag; Y = boost::iterators::single_pass_traversal_tag]’
   37 |       ~model()
      |       ^
/mnt/library/BH/include/boost/concept_check.hpp:208:5: note: in expansion of macro ‘BOOST_CONCEPT_USAGE’
  208 |     BOOST_CONCEPT_USAGE(Convertible) {
      |     ^~~~~~~~~~~~~~~~~~~
/mnt/library/BH/include/boost/concept/detail/general.hpp: In instantiation of ‘static void boost::concepts::requirement<boost::concepts::failed************ Model::************>::failed() [with Model = boost::concepts::usage_requirements<boost::range_detail::SinglePassIteratorConcept<__gnu_cxx::__normal_iterator<double*, std::vector<double> > > >]’:
/mnt/library/BH/include/boost/range/concepts.hpp:160:13:   required from ‘struct boost::range_detail::SinglePassIteratorConcept<__gnu_cxx::__normal_iterator<double*, std::vector<double> > >’
/mnt/library/BH/include/boost/concept/detail/has_constraints.hpp:32:62:   required by substitution of ‘template<class Model> boost::concepts::detail::yes boost::concepts::detail::has_constraints_(Model*, wrap_constraints<Model, (& Model::constraints)>*) [with Model = boost::range_detail::SinglePassIteratorConcept<__gnu_cxx::__normal_iterator<double*, std::vector<double> > >]’
/mnt/library/BH/include/boost/concept/detail/has_constraints.hpp:42:5:   required from ‘const bool boost::concepts::not_satisfied<boost::range_detail::SinglePassIteratorConcept<__gnu_cxx::__normal_iterator<double*, std::vector<double> > > >::value’
/mnt/library/BH/include/boost/concept/detail/has_constraints.hpp:45:51:   required from ‘struct boost::concepts::not_satisfied<boost::range_detail::SinglePassIteratorConcept<__gnu_cxx::__normal_iterator<double*, std::vector<double> > > >’
/mnt/library/BH/include/boost/concept/detail/general.hpp:72:8:   required from ‘struct boost::concepts::requirement_<void (*)(boost::range_detail::SinglePassIteratorConcept<__gnu_cxx::__normal_iterator<double*, std::vector<double> > >)>’
/mnt/library/BH/include/boost/range/concepts.hpp:280:9:   [ skipping 4 instantiation contexts, use -ftemplate-backtrace-limit=0 to disable ]
/mnt/library/BH/include/boost/concept/detail/has_constraints.hpp:32:62:   required by substitution of ‘template<class Model> boost::concepts::detail::yes boost::concepts::detail::has_constraints_(Model*, wrap_constraints<Model, (& Model::constraints)>*) [with Model = boost::RandomAccessRangeConcept<std::vector<double> >]’
/mnt/library/BH/include/boost/concept/detail/has_constraints.hpp:42:5:   required from ‘const bool boost::concepts::not_satisfied<boost::RandomAccessRangeConcept<std::vector<double> > >::value’
/mnt/library/BH/include/boost/concept/detail/has_constraints.hpp:45:51:   required from ‘struct boost::concepts::not_satisfied<boost::RandomAccessRangeConcept<std::vector<double> > >’
/mnt/library/BH/include/boost/concept/detail/general.hpp:72:8:   required from ‘struct boost::concepts::requirement_<void (*)(boost::RandomAccessRangeConcept<std::vector<double> >)>’
/mnt/library/BH/include/boost/range/algorithm/nth_element.hpp:33:5:   required from ‘RandomAccessRange& boost::range::random_shuffle(RandomAccessRange&, Generator&) [with RandomAccessRange = std::vector<double>; Generator = pcg_detail::engine<unsigned int, long unsigned int, pcg_detail::xsh_rr_mixin<unsigned int, long unsigned int>, true, pcg_detail::specific_stream<long unsigned int>, pcg_detail::default_multiplier<long unsigned int> >]’
cyclone_scores.cpp:115:41:   required from here
/mnt/library/BH/include/boost/concept/detail/general.hpp:50:47: warning: ‘this’ pointer is null [-Wnonnull]
   50 |     static void failed() { ((Model*)0)->~Model(); }
      |                            ~~~~~~~~~~~~~~~~~~~^~
/mnt/library/BH/include/boost/concept/usage.hpp:20:5: note: in a call to non-static member function ‘boost::concepts::usage_requirements<Model>::~usage_requirements() [with Model = boost::range_detail::SinglePassIteratorConcept<__gnu_cxx::__normal_iterator<double*, std::vector<double> > >]’
   20 |     ~usage_requirements() { ((Model*)0)->~Model(); }
      |     ^
/mnt/library/BH/include/boost/concept/detail/general.hpp: In instantiation of ‘static void boost::concepts::requirement<boost::concepts::failed************ Model::************>::failed() [with Model = boost::range_detail::SinglePassIteratorConcept<__gnu_cxx::__normal_iterator<double*, std::vector<double> > >]’:
/mnt/library/BH/include/boost/range/concepts.hpp:280:9:   required from ‘struct boost::SinglePassRangeConcept<std::vector<double> >’
/mnt/library/BH/include/boost/range/concepts.hpp:320:12:   required from ‘struct boost::ForwardRangeConcept<std::vector<double> >’
/mnt/library/BH/include/boost/range/concepts.hpp:354:12:   required from ‘struct boost::BidirectionalRangeConcept<std::vector<double> >’
/mnt/library/BH/include/boost/range/concepts.hpp:372:12:   required from ‘struct boost::RandomAccessRangeConcept<std::vector<double> >’
/mnt/library/BH/include/boost/concept/detail/has_constraints.hpp:32:62:   required by substitution of ‘template<class Model> boost::concepts::detail::yes boost::concepts::detail::has_constraints_(Model*, wrap_constraints<Model, (& Model::constraints)>*) [with Model = boost::RandomAccessRangeConcept<std::vector<double> >]’
/mnt/library/BH/include/boost/concept/detail/has_constraints.hpp:42:5:   required from ‘const bool boost::concepts::not_satisfied<boost::RandomAccessRangeConcept<std::vector<double> > >::value’
/mnt/library/BH/include/boost/concept/detail/has_constraints.hpp:45:51:   required from ‘struct boost::concepts::not_satisfied<boost::RandomAccessRangeConcept<std::vector<double> > >’
/mnt/library/BH/include/boost/concept/detail/general.hpp:72:8:   required from ‘struct boost::concepts::requirement_<void (*)(boost::RandomAccessRangeConcept<std::vector<double> >)>’
/mnt/library/BH/include/boost/range/algorithm/nth_element.hpp:33:5:   required from ‘RandomAccessRange& boost::range::random_shuffle(RandomAccessRange&, Generator&) [with RandomAccessRange = std::vector<double>; Generator = pcg_detail::engine<unsigned int, long unsigned int, pcg_detail::xsh_rr_mixin<unsigned int, long unsigned int>, true, pcg_detail::specific_stream<long unsigned int>, pcg_detail::default_multiplier<long unsigned int> >]’
cyclone_scores.cpp:115:41:   required from here
/mnt/library/BH/include/boost/concept/detail/general.hpp:50:47: warning: ‘this’ pointer is null [-Wnonnull]
   50 |     static void failed() { ((Model*)0)->~Model(); }
      |                            ~~~~~~~~~~~~~~~~~~~^~
/mnt/library/BH/include/boost/concept/usage.hpp:37:7: note: in a call to non-static member function ‘boost::range_detail::SinglePassIteratorConcept<Iterator>::~SinglePassIteratorConcept() [with Iterator = __gnu_cxx::__normal_iterator<double*, std::vector<double> >]’
   37 |       ~model()
      |       ^
/mnt/library/BH/include/boost/range/concepts.hpp:160:13: note: in expansion of macro ‘BOOST_CONCEPT_USAGE’
  160 |             BOOST_CONCEPT_USAGE(SinglePassIteratorConcept)
      |             ^~~~~~~~~~~~~~~~~~~
/mnt/library/BH/include/boost/concept/detail/general.hpp: In instantiation of ‘static void boost::concepts::requirement<boost::concepts::failed************ Model::************>::failed() [with Model = boost::concepts::usage_requirements<boost::CopyConstructible<__gnu_cxx::__normal_iterator<const double*, std::vector<double> > > >]’:
/mnt/library/BH/include/boost/concept_check.hpp:167:5:   required from ‘struct boost::CopyConstructible<__gnu_cxx::__normal_iterator<const double*, std::vector<double> > >’
/mnt/library/BH/include/boost/range/concepts.hpp:127:16:   required from ‘struct boost::range_detail::IncrementableIteratorConcept<__gnu_cxx::__normal_iterator<const double*, std::vector<double> > >’
/mnt/library/BH/include/boost/range/concepts.hpp:149:16:   required from ‘struct boost::range_detail::SinglePassIteratorConcept<__gnu_cxx::__normal_iterator<const double*, std::vector<double> > >’
/mnt/library/BH/include/boost/concept/detail/has_constraints.hpp:32:62:   required by substitution of ‘template<class Model> boost::concepts::detail::yes boost::concepts::detail::has_constraints_(Model*, wrap_constraints<Model, (& Model::constraints)>*) [with Model = boost::range_detail::SinglePassIteratorConcept<__gnu_cxx::__normal_iterator<const double*, std::vector<double> > >]’
/mnt/library/BH/include/boost/concept/detail/has_constraints.hpp:42:5:   required from ‘const bool boost::concepts::not_satisfied<boost::range_detail::SinglePassIteratorConcept<__gnu_cxx::__normal_iterator<const double*, std::vector<double> > > >::value’
/mnt/library/BH/include/boost/concept/detail/has_constraints.hpp:45:51:   [ skipping 6 instantiation contexts, use -ftemplate-backtrace-limit=0 to disable ]
/mnt/library/BH/include/boost/concept/detail/has_constraints.hpp:32:62:   required by substitution of ‘template<class Model> boost::concepts::detail::yes boost::concepts::detail::has_constraints_(Model*, wrap_constraints<Model, (& Model::constraints)>*) [with Model = boost::RandomAccessRangeConcept<std::vector<double> >]’
/mnt/library/BH/include/boost/concept/detail/has_constraints.hpp:42:5:   required from ‘const bool boost::concepts::not_satisfied<boost::RandomAccessRangeConcept<std::vector<double> > >::value’
/mnt/library/BH/include/boost/concept/detail/has_constraints.hpp:45:51:   required from ‘struct boost::concepts::not_satisfied<boost::RandomAccessRangeConcept<std::vector<double> > >’
/mnt/library/BH/include/boost/concept/detail/general.hpp:72:8:   required from ‘struct boost::concepts::requirement_<void (*)(boost::RandomAccessRangeConcept<std::vector<double> >)>’
/mnt/library/BH/include/boost/range/algorithm/nth_element.hpp:33:5:   required from ‘RandomAccessRange& boost::range::random_shuffle(RandomAccessRange&, Generator&) [with RandomAccessRange = std::vector<double>; Generator = pcg_detail::engine<unsigned int, long unsigned int, pcg_detail::xsh_rr_mixin<unsigned int, long unsigned int>, true, pcg_detail::specific_stream<long unsigned int>, pcg_detail::default_multiplier<long unsigned int> >]’
cyclone_scores.cpp:115:41:   required from here
/mnt/library/BH/include/boost/concept/detail/general.hpp:50:47: warning: ‘this’ pointer is null [-Wnonnull]
   50 |     static void failed() { ((Model*)0)->~Model(); }
      |                            ~~~~~~~~~~~~~~~~~~~^~
/mnt/library/BH/include/boost/concept/usage.hpp:20:5: note: in a call to non-static member function ‘boost::concepts::usage_requirements<Model>::~usage_requirements() [with Model = boost::CopyConstructible<__gnu_cxx::__normal_iterator<const double*, std::vector<double> > >]’
   20 |     ~usage_requirements() { ((Model*)0)->~Model(); }
      |     ^
/mnt/library/BH/include/boost/concept/detail/general.hpp: In instantiation of ‘static void boost::concepts::requirement<boost::concepts::failed************ Model::************>::failed() [with Model = boost::concepts::usage_requirements<boost::range_detail::IncrementableIteratorConcept<__gnu_cxx::__normal_iterator<const double*, std::vector<double> > > >]’:
/mnt/library/BH/include/boost/range/concepts.hpp:138:13:   required from ‘struct boost::range_detail::IncrementableIteratorConcept<__gnu_cxx::__normal_iterator<const double*, std::vector<double> > >’
/mnt/library/BH/include/boost/range/concepts.hpp:149:16:   required from ‘struct boost::range_detail::SinglePassIteratorConcept<__gnu_cxx::__normal_iterator<const double*, std::vector<double> > >’
/mnt/library/BH/include/boost/concept/detail/has_constraints.hpp:32:62:   required by substitution of ‘template<class Model> boost::concepts::detail::yes boost::concepts::detail::has_constraints_(Model*, wrap_constraints<Model, (& Model::constraints)>*) [with Model = boost::range_detail::SinglePassIteratorConcept<__gnu_cxx::__normal_iterator<const double*, std::vector<double> > >]’
/mnt/library/BH/include/boost/concept/detail/has_constraints.hpp:42:5:   required from ‘const bool boost::concepts::not_satisfied<boost::range_detail::SinglePassIteratorConcept<__gnu_cxx::__normal_iterator<const double*, std::vector<double> > > >::value’
/mnt/library/BH/include/boost/concept/detail/has_constraints.hpp:45:51:   required from ‘struct boost::concepts::not_satisfied<boost::range_detail::SinglePassIteratorConcept<__gnu_cxx::__normal_iterator<const double*, std::vector<double> > > >’
/mnt/library/BH/include/boost/concept/detail/general.hpp:72:8:   [ skipping 5 instantiation contexts, use -ftemplate-backtrace-limit=0 to disable ]
/mnt/library/BH/include/boost/concept/detail/has_constraints.hpp:32:62:   required by substitution of ‘template<class Model> boost::concepts::detail::yes boost::concepts::detail::has_constraints_(Model*, wrap_constraints<Model, (& Model::constraints)>*) [with Model = boost::RandomAccessRangeConcept<std::vector<double> >]’
/mnt/library/BH/include/boost/concept/detail/has_constraints.hpp:42:5:   required from ‘const bool boost::concepts::not_satisfied<boost::RandomAccessRangeConcept<std::vector<double> > >::value’
/mnt/library/BH/include/boost/concept/detail/has_constraints.hpp:45:51:   required from ‘struct boost::concepts::not_satisfied<boost::RandomAccessRangeConcept<std::vector<double> > >’
/mnt/library/BH/include/boost/concept/detail/general.hpp:72:8:   required from ‘struct boost::concepts::requirement_<void (*)(boost::RandomAccessRangeConcept<std::vector<double> >)>’
/mnt/library/BH/include/boost/range/algorithm/nth_element.hpp:33:5:   required from ‘RandomAccessRange& boost::range::random_shuffle(RandomAccessRange&, Generator&) [with RandomAccessRange = std::vector<double>; Generator = pcg_detail::engine<unsigned int, long unsigned int, pcg_detail::xsh_rr_mixin<unsigned int, long unsigned int>, true, pcg_detail::specific_stream<long unsigned int>, pcg_detail::default_multiplier<long unsigned int> >]’
cyclone_scores.cpp:115:41:   required from here
/mnt/library/BH/include/boost/concept/detail/general.hpp:50:47: warning: ‘this’ pointer is null [-Wnonnull]
   50 |     static void failed() { ((Model*)0)->~Model(); }
      |                            ~~~~~~~~~~~~~~~~~~~^~
/mnt/library/BH/include/boost/concept/usage.hpp:20:5: note: in a call to non-static member function ‘boost::concepts::usage_requirements<Model>::~usage_requirements() [with Model = boost::range_detail::IncrementableIteratorConcept<__gnu_cxx::__normal_iterator<const double*, std::vector<double> > >]’
   20 |     ~usage_requirements() { ((Model*)0)->~Model(); }
      |     ^
/mnt/library/BH/include/boost/concept/detail/general.hpp: In instantiation of ‘static void boost::concepts::requirement<boost::concepts::failed************ Model::************>::failed() [with Model = boost::concepts::usage_requirements<boost::EqualityComparable<__gnu_cxx::__normal_iterator<const double*, std::vector<double> > > >]’:
/mnt/library/BH/include/boost/concept_check.hpp:233:5:   required from ‘struct boost::EqualityComparable<__gnu_cxx::__normal_iterator<const double*, std::vector<double> > >’
/mnt/library/BH/include/boost/range/concepts.hpp:149:16:   required from ‘struct boost::range_detail::SinglePassIteratorConcept<__gnu_cxx::__normal_iterator<const double*, std::vector<double> > >’
/mnt/library/BH/include/boost/concept/detail/has_constraints.hpp:32:62:   required by substitution of ‘template<class Model> boost::concepts::detail::yes boost::concepts::detail::has_constraints_(Model*, wrap_constraints<Model, (& Model::constraints)>*) [with Model = boost::range_detail::SinglePassIteratorConcept<__gnu_cxx::__normal_iterator<const double*, std::vector<double> > >]’
/mnt/library/BH/include/boost/concept/detail/has_constraints.hpp:42:5:   required from ‘const bool boost::concepts::not_satisfied<boost::range_detail::SinglePassIteratorConcept<__gnu_cxx::__normal_iterator<const double*, std::vector<double> > > >::value’
/mnt/library/BH/include/boost/concept/detail/has_constraints.hpp:45:51:   required from ‘struct boost::concepts::not_satisfied<boost::range_detail::SinglePassIteratorConcept<__gnu_cxx::__normal_iterator<const double*, std::vector<double> > > >’
/mnt/library/BH/include/boost/concept/detail/general.hpp:72:8:   [ skipping 5 instantiation contexts, use -ftemplate-backtrace-limit=0 to disable ]
/mnt/library/BH/include/boost/concept/detail/has_constraints.hpp:32:62:   required by substitution of ‘template<class Model> boost::concepts::detail::yes boost::concepts::detail::has_constraints_(Model*, wrap_constraints<Model, (& Model::constraints)>*) [with Model = boost::RandomAccessRangeConcept<std::vector<double> >]’
/mnt/library/BH/include/boost/concept/detail/has_constraints.hpp:42:5:   required from ‘const bool boost::concepts::not_satisfied<boost::RandomAccessRangeConcept<std::vector<double> > >::value’
/mnt/library/BH/include/boost/concept/detail/has_constraints.hpp:45:51:   required from ‘struct boost::concepts::not_satisfied<boost::RandomAccessRangeConcept<std::vector<double> > >’
/mnt/library/BH/include/boost/concept/detail/general.hpp:72:8:   required from ‘struct boost::concepts::requirement_<void (*)(boost::RandomAccessRangeConcept<std::vector<double> >)>’
/mnt/library/BH/include/boost/range/algorithm/nth_element.hpp:33:5:   required from ‘RandomAccessRange& boost::range::random_shuffle(RandomAccessRange&, Generator&) [with RandomAccessRange = std::vector<double>; Generator = pcg_detail::engine<unsigned int, long unsigned int, pcg_detail::xsh_rr_mixin<unsigned int, long unsigned int>, true, pcg_detail::specific_stream<long unsigned int>, pcg_detail::default_multiplier<long unsigned int> >]’
cyclone_scores.cpp:115:41:   required from here
/mnt/library/BH/include/boost/concept/detail/general.hpp:50:47: warning: ‘this’ pointer is null [-Wnonnull]
   50 |     static void failed() { ((Model*)0)->~Model(); }
      |                            ~~~~~~~~~~~~~~~~~~~^~
/mnt/library/BH/include/boost/concept/usage.hpp:20:5: note: in a call to non-static member function ‘boost::concepts::usage_requirements<Model>::~usage_requirements() [with Model = boost::EqualityComparable<__gnu_cxx::__normal_iterator<const double*, std::vector<double> > >]’
   20 |     ~usage_requirements() { ((Model*)0)->~Model(); }
      |     ^
/mnt/library/BH/include/boost/concept/detail/general.hpp: In instantiation of ‘static void boost::concepts::requirement<boost::concepts::failed************ Model::************>::failed() [with Model = boost::concepts::usage_requirements<boost::range_detail::SinglePassIteratorConcept<__gnu_cxx::__normal_iterator<const double*, std::vector<double> > > >]’:
/mnt/library/BH/include/boost/range/concepts.hpp:160:13:   required from ‘struct boost::range_detail::SinglePassIteratorConcept<__gnu_cxx::__normal_iterator<const double*, std::vector<double> > >’
/mnt/library/BH/include/boost/concept/detail/has_constraints.hpp:32:62:   required by substitution of ‘template<class Model> boost::concepts::detail::yes boost::concepts::detail::has_constraints_(Model*, wrap_constraints<Model, (& Model::constraints)>*) [with Model = boost::range_detail::SinglePassIteratorConcept<__gnu_cxx::__normal_iterator<const double*, std::vector<double> > >]’
/mnt/library/BH/include/boost/concept/detail/has_constraints.hpp:42:5:   required from ‘const bool boost::concepts::not_satisfied<boost::range_detail::SinglePassIteratorConcept<__gnu_cxx::__normal_iterator<const double*, std::vector<double> > > >::value’
/mnt/library/BH/include/boost/concept/detail/has_constraints.hpp:45:51:   required from ‘struct boost::concepts::not_satisfied<boost::range_detail::SinglePassIteratorConcept<__gnu_cxx::__normal_iterator<const double*, std::vector<double> > > >’
/mnt/library/BH/include/boost/concept/detail/general.hpp:72:8:   required from ‘struct boost::concepts::requirement_<void (*)(boost::range_detail::SinglePassIteratorConcept<__gnu_cxx::__normal_iterator<const double*, std::vector<double> > >)>’
/mnt/library/BH/include/boost/range/concepts.hpp:283:9:   [ skipping 4 instantiation contexts, use -ftemplate-backtrace-limit=0 to disable ]
/mnt/library/BH/include/boost/concept/detail/has_constraints.hpp:32:62:   required by substitution of ‘template<class Model> boost::concepts::detail::yes boost::concepts::detail::has_constraints_(Model*, wrap_constraints<Model, (& Model::constraints)>*) [with Model = boost::RandomAccessRangeConcept<std::vector<double> >]’
/mnt/library/BH/include/boost/concept/detail/has_constraints.hpp:42:5:   required from ‘const bool boost::concepts::not_satisfied<boost::RandomAccessRangeConcept<std::vector<double> > >::value’
/mnt/library/BH/include/boost/concept/detail/has_constraints.hpp:45:51:   required from ‘struct boost::concepts::not_satisfied<boost::RandomAccessRangeConcept<std::vector<double> > >’
/mnt/library/BH/include/boost/concept/detail/general.hpp:72:8:   required from ‘struct boost::concepts::requirement_<void (*)(boost::RandomAccessRangeConcept<std::vector<double> >)>’
/mnt/library/BH/include/boost/range/algorithm/nth_element.hpp:33:5:   required from ‘RandomAccessRange& boost::range::random_shuffle(RandomAccessRange&, Generator&) [with RandomAccessRange = std::vector<double>; Generator = pcg_detail::engine<unsigned int, long unsigned int, pcg_detail::xsh_rr_mixin<unsigned int, long unsigned int>, true, pcg_detail::specific_stream<long unsigned int>, pcg_detail::default_multiplier<long unsigned int> >]’
cyclone_scores.cpp:115:41:   required from here
/mnt/library/BH/include/boost/concept/detail/general.hpp:50:47: warning: ‘this’ pointer is null [-Wnonnull]
   50 |     static void failed() { ((Model*)0)->~Model(); }
      |                            ~~~~~~~~~~~~~~~~~~~^~
/mnt/library/BH/include/boost/concept/usage.hpp:20:5: note: in a call to non-static member function ‘boost::concepts::usage_requirements<Model>::~usage_requirements() [with Model = boost::range_detail::SinglePassIteratorConcept<__gnu_cxx::__normal_iterator<const double*, std::vector<double> > >]’
   20 |     ~usage_requirements() { ((Model*)0)->~Model(); }
      |     ^
/mnt/library/BH/include/boost/concept/detail/general.hpp: In instantiation of ‘static void boost::concepts::requirement<boost::concepts::failed************ Model::************>::failed() [with Model = boost::range_detail::SinglePassIteratorConcept<__gnu_cxx::__normal_iterator<const double*, std::vector<double> > >]’:
/mnt/library/BH/include/boost/range/concepts.hpp:283:9:   required from ‘struct boost::SinglePassRangeConcept<std::vector<double> >’
/mnt/library/BH/include/boost/range/concepts.hpp:320:12:   required from ‘struct boost::ForwardRangeConcept<std::vector<double> >’
/mnt/library/BH/include/boost/range/concepts.hpp:354:12:   required from ‘struct boost::BidirectionalRangeConcept<std::vector<double> >’
/mnt/library/BH/include/boost/range/concepts.hpp:372:12:   required from ‘struct boost::RandomAccessRangeConcept<std::vector<double> >’
/mnt/library/BH/include/boost/concept/detail/has_constraints.hpp:32:62:   required by substitution of ‘template<class Model> boost::concepts::detail::yes boost::concepts::detail::has_constraints_(Model*, wrap_constraints<Model, (& Model::constraints)>*) [with Model = boost::RandomAccessRangeConcept<std::vector<double> >]’
/mnt/library/BH/include/boost/concept/detail/has_constraints.hpp:42:5:   required from ‘const bool boost::concepts::not_satisfied<boost::RandomAccessRangeConcept<std::vector<double> > >::value’
/mnt/library/BH/include/boost/concept/detail/has_constraints.hpp:45:51:   required from ‘struct boost::concepts::not_satisfied<boost::RandomAccessRangeConcept<std::vector<double> > >’
/mnt/library/BH/include/boost/concept/detail/general.hpp:72:8:   required from ‘struct boost::concepts::requirement_<void (*)(boost::RandomAccessRangeConcept<std::vector<double> >)>’
/mnt/library/BH/include/boost/range/algorithm/nth_element.hpp:33:5:   required from ‘RandomAccessRange& boost::range::random_shuffle(RandomAccessRange&, Generator&) [with RandomAccessRange = std::vector<double>; Generator = pcg_detail::engine<unsigned int, long unsigned int, pcg_detail::xsh_rr_mixin<unsigned int, long unsigned int>, true, pcg_detail::specific_stream<long unsigned int>, pcg_detail::default_multiplier<long unsigned int> >]’
cyclone_scores.cpp:115:41:   required from here
/mnt/library/BH/include/boost/concept/detail/general.hpp:50:47: warning: ‘this’ pointer is null [-Wnonnull]
   50 |     static void failed() { ((Model*)0)->~Model(); }
      |                            ~~~~~~~~~~~~~~~~~~~^~
/mnt/library/BH/include/boost/concept/usage.hpp:37:7: note: in a call to non-static member function ‘boost::range_detail::SinglePassIteratorConcept<Iterator>::~SinglePassIteratorConcept() [with Iterator = __gnu_cxx::__normal_iterator<const double*, std::vector<double> >]’
   37 |       ~model()
      |       ^
/mnt/library/BH/include/boost/range/concepts.hpp:160:13: note: in expansion of macro ‘BOOST_CONCEPT_USAGE’
  160 |             BOOST_CONCEPT_USAGE(SinglePassIteratorConcept)
      |             ^~~~~~~~~~~~~~~~~~~
/mnt/library/BH/include/boost/concept/detail/general.hpp: In instantiation of ‘static void boost::concepts::requirement<boost::concepts::failed************ Model::************>::failed() [with Model = boost::concepts::usage_requirements<boost::SinglePassRangeConcept<std::vector<double> > >]’:
/mnt/library/BH/include/boost/range/concepts.hpp:286:9:   required from ‘struct boost::SinglePassRangeConcept<std::vector<double> >’
/mnt/library/BH/include/boost/range/concepts.hpp:320:12:   required from ‘struct boost::ForwardRangeConcept<std::vector<double> >’
/mnt/library/BH/include/boost/range/concepts.hpp:354:12:   required from ‘struct boost::BidirectionalRangeConcept<std::vector<double> >’
/mnt/library/BH/include/boost/range/concepts.hpp:372:12:   required from ‘struct boost::RandomAccessRangeConcept<std::vector<double> >’
/mnt/library/BH/include/boost/concept/detail/has_constraints.hpp:32:62:   required by substitution of ‘template<class Model> boost::concepts::detail::yes boost::concepts::detail::has_constraints_(Model*, wrap_constraints<Model, (& Model::constraints)>*) [with Model = boost::RandomAccessRangeConcept<std::vector<double> >]’
/mnt/library/BH/include/boost/concept/detail/has_constraints.hpp:42:5:   required from ‘const bool boost::concepts::not_satisfied<boost::RandomAccessRangeConcept<std::vector<double> > >::value’
/mnt/library/BH/include/boost/concept/detail/has_constraints.hpp:45:51:   required from ‘struct boost::concepts::not_satisfied<boost::RandomAccessRangeConcept<std::vector<double> > >’
/mnt/library/BH/include/boost/concept/detail/general.hpp:72:8:   required from ‘struct boost::concepts::requirement_<void (*)(boost::RandomAccessRangeConcept<std::vector<double> >)>’
/mnt/library/BH/include/boost/range/algorithm/nth_element.hpp:33:5:   required from ‘RandomAccessRange& boost::range::random_shuffle(RandomAccessRange&, Generator&) [with RandomAccessRange = std::vector<double>; Generator = pcg_detail::engine<unsigned int, long unsigned int, pcg_detail::xsh_rr_mixin<unsigned int, long unsigned int>, true, pcg_detail::specific_stream<long unsigned int>, pcg_detail::default_multiplier<long unsigned int> >]’
cyclone_scores.cpp:115:41:   required from here
/mnt/library/BH/include/boost/concept/detail/general.hpp:50:47: warning: ‘this’ pointer is null [-Wnonnull]
   50 |     static void failed() { ((Model*)0)->~Model(); }
      |                            ~~~~~~~~~~~~~~~~~~~^~
/mnt/library/BH/include/boost/concept/usage.hpp:20:5: note: in a call to non-static member function ‘boost::concepts::usage_requirements<Model>::~usage_requirements() [with Model = boost::SinglePassRangeConcept<std::vector<double> >]’
   20 |     ~usage_requirements() { ((Model*)0)->~Model(); }
      |     ^
/mnt/library/BH/include/boost/concept/detail/general.hpp: In instantiation of ‘static void boost::concepts::requirement<boost::concepts::failed************ Model::************>::failed() [with Model = boost::concepts::usage_requirements<boost::DefaultConstructible<__gnu_cxx::__normal_iterator<double*, std::vector<double> > > >]’:
/mnt/library/BH/include/boost/concept_check.hpp:137:5:   required from ‘struct boost::DefaultConstructible<__gnu_cxx::__normal_iterator<double*, std::vector<double> > >’
/mnt/library/BH/include/boost/range/concepts.hpp:183:16:   required from ‘struct boost::range_detail::ForwardIteratorConcept<__gnu_cxx::__normal_iterator<double*, std::vector<double> > >’
/mnt/library/BH/include/boost/concept/detail/has_constraints.hpp:32:62:   required by substitution of ‘template<class Model> boost::concepts::detail::yes boost::concepts::detail::has_constraints_(Model*, wrap_constraints<Model, (& Model::constraints)>*) [with Model = boost::range_detail::ForwardIteratorConcept<__gnu_cxx::__normal_iterator<double*, std::vector<double> > >]’
/mnt/library/BH/include/boost/concept/detail/has_constraints.hpp:42:5:   required from ‘const bool boost::concepts::not_satisfied<boost::range_detail::ForwardIteratorConcept<__gnu_cxx::__normal_iterator<double*, std::vector<double> > > >::value’
/mnt/library/BH/include/boost/concept/detail/has_constraints.hpp:45:51:   required from ‘struct boost::concepts::not_satisfied<boost::range_detail::ForwardIteratorConcept<__gnu_cxx::__normal_iterator<double*, std::vector<double> > > >’
/mnt/library/BH/include/boost/concept/detail/general.hpp:72:8:   [ skipping 4 instantiation contexts, use -ftemplate-backtrace-limit=0 to disable ]
/mnt/library/BH/include/boost/concept/detail/has_constraints.hpp:32:62:   required by substitution of ‘template<class Model> boost::concepts::detail::yes boost::concepts::detail::has_constraints_(Model*, wrap_constraints<Model, (& Model::constraints)>*) [with Model = boost::RandomAccessRangeConcept<std::vector<double> >]’
/mnt/library/BH/include/boost/concept/detail/has_constraints.hpp:42:5:   required from ‘const bool boost::concepts::not_satisfied<boost::RandomAccessRangeConcept<std::vector<double> > >::value’
/mnt/library/BH/include/boost/concept/detail/has_constraints.hpp:45:51:   required from ‘struct boost::concepts::not_satisfied<boost::RandomAccessRangeConcept<std::vector<double> > >’
/mnt/library/BH/include/boost/concept/detail/general.hpp:72:8:   required from ‘struct boost::concepts::requirement_<void (*)(boost::RandomAccessRangeConcept<std::vector<double> >)>’
/mnt/library/BH/include/boost/range/algorithm/nth_element.hpp:33:5:   required from ‘RandomAccessRange& boost::range::random_shuffle(RandomAccessRange&, Generator&) [with RandomAccessRange = std::vector<double>; Generator = pcg_detail::engine<unsigned int, long unsigned int, pcg_detail::xsh_rr_mixin<unsigned int, long unsigned int>, true, pcg_detail::specific_stream<long unsigned int>, pcg_detail::default_multiplier<long unsigned int> >]’
cyclone_scores.cpp:115:41:   required from here
/mnt/library/BH/include/boost/concept/detail/general.hpp:50:47: warning: ‘this’ pointer is null [-Wnonnull]
   50 |     static void failed() { ((Model*)0)->~Model(); }
      |                            ~~~~~~~~~~~~~~~~~~~^~
/mnt/library/BH/include/boost/concept/usage.hpp:20:5: note: in a call to non-static member function ‘boost::concepts::usage_requirements<Model>::~usage_requirements() [with Model = boost::DefaultConstructible<__gnu_cxx::__normal_iterator<double*, std::vector<double> > >]’
   20 |     ~usage_requirements() { ((Model*)0)->~Model(); }
      |     ^
/mnt/library/BH/include/boost/concept/detail/general.hpp: In instantiation of ‘static void boost::concepts::requirement<boost::concepts::failed************ Model::************>::failed() [with Model = boost::concepts::usage_requirements<boost::Convertible<boost::iterators::random_access_traversal_tag, boost::iterators::forward_traversal_tag> >]’:
/mnt/library/BH/include/boost/concept_check.hpp:208:5:   required from ‘struct boost::Convertible<boost::iterators::random_access_traversal_tag, boost::iterators::forward_traversal_tag>’
/mnt/library/BH/include/boost/concept/detail/has_constraints.hpp:32:62:   required by substitution of ‘template<class Model> boost::concepts::detail::yes boost::concepts::detail::has_constraints_(Model*, wrap_constraints<Model, (& Model::constraints)>*) [with Model = boost::Convertible<boost::iterators::random_access_traversal_tag, boost::iterators::forward_traversal_tag>]’
/mnt/library/BH/include/boost/concept/detail/has_constraints.hpp:42:5:   required from ‘const bool boost::concepts::not_satisfied<boost::Convertible<boost::iterators::random_access_traversal_tag, boost::iterators::forward_traversal_tag> >::value’
/mnt/library/BH/include/boost/concept/detail/has_constraints.hpp:45:51:   required from ‘struct boost::concepts::not_satisfied<boost::Convertible<boost::iterators::random_access_traversal_tag, boost::iterators::forward_traversal_tag> >’
/mnt/library/BH/include/boost/concept/detail/general.hpp:72:8:   required from ‘struct boost::concepts::requirement_<void (*)(boost::Convertible<boost::iterators::random_access_traversal_tag, boost::iterators::forward_traversal_tag>)>’
/mnt/library/BH/include/boost/range/concepts.hpp:193:13:   [ skipping 8 instantiation contexts, use -ftemplate-backtrace-limit=0 to disable ]
/mnt/library/BH/include/boost/concept/detail/has_constraints.hpp:32:62:   required by substitution of ‘template<class Model> boost::concepts::detail::yes boost::concepts::detail::has_constraints_(Model*, wrap_constraints<Model, (& Model::constraints)>*) [with Model = boost::RandomAccessRangeConcept<std::vector<double> >]’
/mnt/library/BH/include/boost/concept/detail/has_constraints.hpp:42:5:   required from ‘const bool boost::concepts::not_satisfied<boost::RandomAccessRangeConcept<std::vector<double> > >::value’
/mnt/library/BH/include/boost/concept/detail/has_constraints.hpp:45:51:   required from ‘struct boost::concepts::not_satisfied<boost::RandomAccessRangeConcept<std::vector<double> > >’
/mnt/library/BH/include/boost/concept/detail/general.hpp:72:8:   required from ‘struct boost::concepts::requirement_<void (*)(boost::RandomAccessRangeConcept<std::vector<double> >)>’
/mnt/library/BH/include/boost/range/algorithm/nth_element.hpp:33:5:   required from ‘RandomAccessRange& boost::range::random_shuffle(RandomAccessRange&, Generator&) [with RandomAccessRange = std::vector<double>; Generator = pcg_detail::engine<unsigned int, long unsigned int, pcg_detail::xsh_rr_mixin<unsigned int, long unsigned int>, true, pcg_detail::specific_stream<long unsigned int>, pcg_detail::default_multiplier<long unsigned int> >]’
cyclone_scores.cpp:115:41:   required from here
/mnt/library/BH/include/boost/concept/detail/general.hpp:50:47: warning: ‘this’ pointer is null [-Wnonnull]
   50 |     static void failed() { ((Model*)0)->~Model(); }
      |                            ~~~~~~~~~~~~~~~~~~~^~
/mnt/library/BH/include/boost/concept/usage.hpp:20:5: note: in a call to non-static member function ‘boost::concepts::usage_requirements<Model>::~usage_requirements() [with Model = boost::Convertible<boost::iterators::random_access_traversal_tag, boost::iterators::forward_traversal_tag>]’
   20 |     ~usage_requirements() { ((Model*)0)->~Model(); }
      |     ^
/mnt/library/BH/include/boost/concept/detail/general.hpp: In instantiation of ‘static void boost::concepts::requirement<boost::concepts::failed************ Model::************>::failed() [with Model = boost::Convertible<boost::iterators::random_access_traversal_tag, boost::iterators::forward_traversal_tag>]’:
/mnt/library/BH/include/boost/range/concepts.hpp:193:13:   required from ‘struct boost::range_detail::ForwardIteratorConcept<__gnu_cxx::__normal_iterator<double*, std::vector<double> > >’
/mnt/library/BH/include/boost/concept/detail/has_constraints.hpp:32:62:   required by substitution of ‘template<class Model> boost::concepts::detail::yes boost::concepts::detail::has_constraints_(Model*, wrap_constraints<Model, (& Model::constraints)>*) [with Model = boost::range_detail::ForwardIteratorConcept<__gnu_cxx::__normal_iterator<double*, std::vector<double> > >]’
/mnt/library/BH/include/boost/concept/detail/has_constraints.hpp:42:5:   required from ‘const bool boost::concepts::not_satisfied<boost::range_detail::ForwardIteratorConcept<__gnu_cxx::__normal_iterator<double*, std::vector<double> > > >::value’
/mnt/library/BH/include/boost/concept/detail/has_constraints.hpp:45:51:   required from ‘struct boost::concepts::not_satisfied<boost::range_detail::ForwardIteratorConcept<__gnu_cxx::__normal_iterator<double*, std::vector<double> > > >’
/mnt/library/BH/include/boost/concept/detail/general.hpp:72:8:   required from ‘struct boost::concepts::requirement_<void (*)(boost::range_detail::ForwardIteratorConcept<__gnu_cxx::__normal_iterator<double*, std::vector<double> > >)>’
/mnt/library/BH/include/boost/range/concepts.hpp:323:9:   [ skipping 3 instantiation contexts, use -ftemplate-backtrace-limit=0 to disable ]
/mnt/library/BH/include/boost/concept/detail/has_constraints.hpp:32:62:   required by substitution of ‘template<class Model> boost::concepts::detail::yes boost::concepts::detail::has_constraints_(Model*, wrap_constraints<Model, (& Model::constraints)>*) [with Model = boost::RandomAccessRangeConcept<std::vector<double> >]’
/mnt/library/BH/include/boost/concept/detail/has_constraints.hpp:42:5:   required from ‘const bool boost::concepts::not_satisfied<boost::RandomAccessRangeConcept<std::vector<double> > >::value’
/mnt/library/BH/include/boost/concept/detail/has_constraints.hpp:45:51:   required from ‘struct boost::concepts::not_satisfied<boost::RandomAccessRangeConcept<std::vector<double> > >’
/mnt/library/BH/include/boost/concept/detail/general.hpp:72:8:   required from ‘struct boost::concepts::requirement_<void (*)(boost::RandomAccessRangeConcept<std::vector<double> >)>’
/mnt/library/BH/include/boost/range/algorithm/nth_element.hpp:33:5:   required from ‘RandomAccessRange& boost::range::random_shuffle(RandomAccessRange&, Generator&) [with RandomAccessRange = std::vector<double>; Generator = pcg_detail::engine<unsigned int, long unsigned int, pcg_detail::xsh_rr_mixin<unsigned int, long unsigned int>, true, pcg_detail::specific_stream<long unsigned int>, pcg_detail::default_multiplier<long unsigned int> >]’
cyclone_scores.cpp:115:41:   required from here
/mnt/library/BH/include/boost/concept/detail/general.hpp:50:47: warning: ‘this’ pointer is null [-Wnonnull]
   50 |     static void failed() { ((Model*)0)->~Model(); }
      |                            ~~~~~~~~~~~~~~~~~~~^~
/mnt/library/BH/include/boost/concept/usage.hpp:37:7: note: in a call to non-static member function ‘boost::Convertible<X, Y>::~Convertible() [with X = boost::iterators::random_access_traversal_tag; Y = boost::iterators::forward_traversal_tag]’
   37 |       ~model()
      |       ^
/mnt/library/BH/include/boost/concept_check.hpp:208:5: note: in expansion of macro ‘BOOST_CONCEPT_USAGE’
  208 |     BOOST_CONCEPT_USAGE(Convertible) {
      |     ^~~~~~~~~~~~~~~~~~~
/mnt/library/BH/include/boost/concept/detail/general.hpp: In instantiation of ‘static void boost::concepts::requirement<boost::concepts::failed************ Model::************>::failed() [with Model = boost::concepts::usage_requirements<boost::range_detail::ForwardIteratorConcept<__gnu_cxx::__normal_iterator<double*, std::vector<double> > > >]’:
/mnt/library/BH/include/boost/range/concepts.hpp:199:13:   required from ‘struct boost::range_detail::ForwardIteratorConcept<__gnu_cxx::__normal_iterator<double*, std::vector<double> > >’
/mnt/library/BH/include/boost/concept/detail/has_constraints.hpp:32:62:   required by substitution of ‘template<class Model> boost::concepts::detail::yes boost::concepts::detail::has_constraints_(Model*, wrap_constraints<Model, (& Model::constraints)>*) [with Model = boost::range_detail::ForwardIteratorConcept<__gnu_cxx::__normal_iterator<double*, std::vector<double> > >]’
/mnt/library/BH/include/boost/concept/detail/has_constraints.hpp:42:5:   required from ‘const bool boost::concepts::not_satisfied<boost::range_detail::ForwardIteratorConcept<__gnu_cxx::__normal_iterator<double*, std::vector<double> > > >::value’
/mnt/library/BH/include/boost/concept/detail/has_constraints.hpp:45:51:   required from ‘struct boost::concepts::not_satisfied<boost::range_detail::ForwardIteratorConcept<__gnu_cxx::__normal_iterator<double*, std::vector<double> > > >’
/mnt/library/BH/include/boost/concept/detail/general.hpp:72:8:   required from ‘struct boost::concepts::requirement_<void (*)(boost::range_detail::ForwardIteratorConcept<__gnu_cxx::__normal_iterator<double*, std::vector<double> > >)>’
/mnt/library/BH/include/boost/range/concepts.hpp:323:9:   [ skipping 3 instantiation contexts, use -ftemplate-backtrace-limit=0 to disable ]
/mnt/library/BH/include/boost/concept/detail/has_constraints.hpp:32:62:   required by substitution of ‘template<class Model> boost::concepts::detail::yes boost::concepts::detail::has_constraints_(Model*, wrap_constraints<Model, (& Model::constraints)>*) [with Model = boost::RandomAccessRangeConcept<std::vector<double> >]’
/mnt/library/BH/include/boost/concept/detail/has_constraints.hpp:42:5:   required from ‘const bool boost::concepts::not_satisfied<boost::RandomAccessRangeConcept<std::vector<double> > >::value’
/mnt/library/BH/include/boost/concept/detail/has_constraints.hpp:45:51:   required from ‘struct boost::concepts::not_satisfied<boost::RandomAccessRangeConcept<std::vector<double> > >’
/mnt/library/BH/include/boost/concept/detail/general.hpp:72:8:   required from ‘struct boost::concepts::requirement_<void (*)(boost::RandomAccessRangeConcept<std::vector<double> >)>’
/mnt/library/BH/include/boost/range/algorithm/nth_element.hpp:33:5:   required from ‘RandomAccessRange& boost::range::random_shuffle(RandomAccessRange&, Generator&) [with RandomAccessRange = std::vector<double>; Generator = pcg_detail::engine<unsigned int, long unsigned int, pcg_detail::xsh_rr_mixin<unsigned int, long unsigned int>, true, pcg_detail::specific_stream<long unsigned int>, pcg_detail::default_multiplier<long unsigned int> >]’
cyclone_scores.cpp:115:41:   required from here
/mnt/library/BH/include/boost/concept/detail/general.hpp:50:47: warning: ‘this’ pointer is null [-Wnonnull]
   50 |     static void failed() { ((Model*)0)->~Model(); }
      |                            ~~~~~~~~~~~~~~~~~~~^~
/mnt/library/BH/include/boost/concept/usage.hpp:20:5: note: in a call to non-static member function ‘boost::concepts::usage_requirements<Model>::~usage_requirements() [with Model = boost::range_detail::ForwardIteratorConcept<__gnu_cxx::__normal_iterator<double*, std::vector<double> > >]’
   20 |     ~usage_requirements() { ((Model*)0)->~Model(); }
      |     ^
/mnt/library/BH/include/boost/concept/detail/general.hpp: In instantiation of ‘static void boost::concepts::requirement<boost::concepts::failed************ Model::************>::failed() [with Model = boost::range_detail::ForwardIteratorConcept<__gnu_cxx::__normal_iterator<double*, std::vector<double> > >]’:
/mnt/library/BH/include/boost/range/concepts.hpp:323:9:   required from ‘struct boost::ForwardRangeConcept<std::vector<double> >’
/mnt/library/BH/include/boost/range/concepts.hpp:354:12:   required from ‘struct boost::BidirectionalRangeConcept<std::vector<double> >’
/mnt/library/BH/include/boost/range/concepts.hpp:372:12:   required from ‘struct boost::RandomAccessRangeConcept<std::vector<double> >’
/mnt/library/BH/include/boost/concept/detail/has_constraints.hpp:32:62:   required by substitution of ‘template<class Model> boost::concepts::detail::yes boost::concepts::detail::has_constraints_(Model*, wrap_constraints<Model, (& Model::constraints)>*) [with Model = boost::RandomAccessRangeConcept<std::vector<double> >]’
/mnt/library/BH/include/boost/concept/detail/has_constraints.hpp:42:5:   required from ‘const bool boost::concepts::not_satisfied<boost::RandomAccessRangeConcept<std::vector<double> > >::value’
/mnt/library/BH/include/boost/concept/detail/has_constraints.hpp:45:51:   required from ‘struct boost::concepts::not_satisfied<boost::RandomAccessRangeConcept<std::vector<double> > >’
/mnt/library/BH/include/boost/concept/detail/general.hpp:72:8:   required from ‘struct boost::concepts::requirement_<void (*)(boost::RandomAccessRangeConcept<std::vector<double> >)>’
/mnt/library/BH/include/boost/range/algorithm/nth_element.hpp:33:5:   required from ‘RandomAccessRange& boost::range::random_shuffle(RandomAccessRange&, Generator&) [with RandomAccessRange = std::vector<double>; Generator = pcg_detail::engine<unsigned int, long unsigned int, pcg_detail::xsh_rr_mixin<unsigned int, long unsigned int>, true, pcg_detail::specific_stream<long unsigned int>, pcg_detail::default_multiplier<long unsigned int> >]’
cyclone_scores.cpp:115:41:   required from here
/mnt/library/BH/include/boost/concept/detail/general.hpp:50:47: warning: ‘this’ pointer is null [-Wnonnull]
   50 |     static void failed() { ((Model*)0)->~Model(); }
      |                            ~~~~~~~~~~~~~~~~~~~^~
/mnt/library/BH/include/boost/concept/usage.hpp:37:7: note: in a call to non-static member function ‘boost::range_detail::ForwardIteratorConcept<Iterator>::~ForwardIteratorConcept() [with Iterator = __gnu_cxx::__normal_iterator<double*, std::vector<double> >]’
   37 |       ~model()
      |       ^
/mnt/library/BH/include/boost/range/concepts.hpp:199:13: note: in expansion of macro ‘BOOST_CONCEPT_USAGE’
  199 |             BOOST_CONCEPT_USAGE(ForwardIteratorConcept)
      |             ^~~~~~~~~~~~~~~~~~~
/mnt/library/BH/include/boost/concept/detail/general.hpp: In instantiation of ‘static void boost::concepts::requirement<boost::concepts::failed************ Model::************>::failed() [with Model = boost::concepts::usage_requirements<boost::DefaultConstructible<__gnu_cxx::__normal_iterator<const double*, std::vector<double> > > >]’:
/mnt/library/BH/include/boost/concept_check.hpp:137:5:   required from ‘struct boost::DefaultConstructible<__gnu_cxx::__normal_iterator<const double*, std::vector<double> > >’
/mnt/library/BH/include/boost/range/concepts.hpp:183:16:   required from ‘struct boost::range_detail::ForwardIteratorConcept<__gnu_cxx::__normal_iterator<const double*, std::vector<double> > >’
/mnt/library/BH/include/boost/concept/detail/has_constraints.hpp:32:62:   required by substitution of ‘template<class Model> boost::concepts::detail::yes boost::concepts::detail::has_constraints_(Model*, wrap_constraints<Model, (& Model::constraints)>*) [with Model = boost::range_detail::ForwardIteratorConcept<__gnu_cxx::__normal_iterator<const double*, std::vector<double> > >]’
/mnt/library/BH/include/boost/concept/detail/has_constraints.hpp:42:5:   required from ‘const bool boost::concepts::not_satisfied<boost::range_detail::ForwardIteratorConcept<__gnu_cxx::__normal_iterator<const double*, std::vector<double> > > >::value’
/mnt/library/BH/include/boost/concept/detail/has_constraints.hpp:45:51:   required from ‘struct boost::concepts::not_satisfied<boost::range_detail::ForwardIteratorConcept<__gnu_cxx::__normal_iterator<const double*, std::vector<double> > > >’
/mnt/library/BH/include/boost/concept/detail/general.hpp:72:8:   [ skipping 4 instantiation contexts, use -ftemplate-backtrace-limit=0 to disable ]
/mnt/library/BH/include/boost/concept/detail/has_constraints.hpp:32:62:   required by substitution of ‘template<class Model> boost::concepts::detail::yes boost::concepts::detail::has_constraints_(Model*, wrap_constraints<Model, (& Model::constraints)>*) [with Model = boost::RandomAccessRangeConcept<std::vector<double> >]’
/mnt/library/BH/include/boost/concept/detail/has_constraints.hpp:42:5:   required from ‘const bool boost::concepts::not_satisfied<boost::RandomAccessRangeConcept<std::vector<double> > >::value’
/mnt/library/BH/include/boost/concept/detail/has_constraints.hpp:45:51:   required from ‘struct boost::concepts::not_satisfied<boost::RandomAccessRangeConcept<std::vector<double> > >’
/mnt/library/BH/include/boost/concept/detail/general.hpp:72:8:   required from ‘struct boost::concepts::requirement_<void (*)(boost::RandomAccessRangeConcept<std::vector<double> >)>’
/mnt/library/BH/include/boost/range/algorithm/nth_element.hpp:33:5:   required from ‘RandomAccessRange& boost::range::random_shuffle(RandomAccessRange&, Generator&) [with RandomAccessRange = std::vector<double>; Generator = pcg_detail::engine<unsigned int, long unsigned int, pcg_detail::xsh_rr_mixin<unsigned int, long unsigned int>, true, pcg_detail::specific_stream<long unsigned int>, pcg_detail::default_multiplier<long unsigned int> >]’
cyclone_scores.cpp:115:41:   required from here
/mnt/library/BH/include/boost/concept/detail/general.hpp:50:47: warning: ‘this’ pointer is null [-Wnonnull]
   50 |     static void failed() { ((Model*)0)->~Model(); }
      |                            ~~~~~~~~~~~~~~~~~~~^~
/mnt/library/BH/include/boost/concept/usage.hpp:20:5: note: in a call to non-static member function ‘boost::concepts::usage_requirements<Model>::~usage_requirements() [with Model = boost::DefaultConstructible<__gnu_cxx::__normal_iterator<const double*, std::vector<double> > >]’
   20 |     ~usage_requirements() { ((Model*)0)->~Model(); }
      |     ^
/mnt/library/BH/include/boost/concept/detail/general.hpp: In instantiation of ‘static void boost::concepts::requirement<boost::concepts::failed************ Model::************>::failed() [with Model = boost::concepts::usage_requirements<boost::range_detail::ForwardIteratorConcept<__gnu_cxx::__normal_iterator<const double*, std::vector<double> > > >]’:
/mnt/library/BH/include/boost/range/concepts.hpp:199:13:   required from ‘struct boost::range_detail::ForwardIteratorConcept<__gnu_cxx::__normal_iterator<const double*, std::vector<double> > >’
/mnt/library/BH/include/boost/concept/detail/has_constraints.hpp:32:62:   required by substitution of ‘template<class Model> boost::concepts::detail::yes boost::concepts::detail::has_constraints_(Model*, wrap_constraints<Model, (& Model::constraints)>*) [with Model = boost::range_detail::ForwardIteratorConcept<__gnu_cxx::__normal_iterator<const double*, std::vector<double> > >]’
/mnt/library/BH/include/boost/concept/detail/has_constraints.hpp:42:5:   required from ‘const bool boost::concepts::not_satisfied<boost::range_detail::ForwardIteratorConcept<__gnu_cxx::__normal_iterator<const double*, std::vector<double> > > >::value’
/mnt/library/BH/include/boost/concept/detail/has_constraints.hpp:45:51:   required from ‘struct boost::concepts::not_satisfied<boost::range_detail::ForwardIteratorConcept<__gnu_cxx::__normal_iterator<const double*, std::vector<double> > > >’
/mnt/library/BH/include/boost/concept/detail/general.hpp:72:8:   required from ‘struct boost::concepts::requirement_<void (*)(boost::range_detail::ForwardIteratorConcept<__gnu_cxx::__normal_iterator<const double*, std::vector<double> > >)>’
/mnt/library/BH/include/boost/range/concepts.hpp:324:9:   [ skipping 3 instantiation contexts, use -ftemplate-backtrace-limit=0 to disable ]
/mnt/library/BH/include/boost/concept/detail/has_constraints.hpp:32:62:   required by substitution of ‘template<class Model> boost::concepts::detail::yes boost::concepts::detail::has_constraints_(Model*, wrap_constraints<Model, (& Model::constraints)>*) [with Model = boost::RandomAccessRangeConcept<std::vector<double> >]’
/mnt/library/BH/include/boost/concept/detail/has_constraints.hpp:42:5:   required from ‘const bool boost::concepts::not_satisfied<boost::RandomAccessRangeConcept<std::vector<double> > >::value’
/mnt/library/BH/include/boost/concept/detail/has_constraints.hpp:45:51:   required from ‘struct boost::concepts::not_satisfied<boost::RandomAccessRangeConcept<std::vector<double> > >’
/mnt/library/BH/include/boost/concept/detail/general.hpp:72:8:   required from ‘struct boost::concepts::requirement_<void (*)(boost::RandomAccessRangeConcept<std::vector<double> >)>’
/mnt/library/BH/include/boost/range/algorithm/nth_element.hpp:33:5:   required from ‘RandomAccessRange& boost::range::random_shuffle(RandomAccessRange&, Generator&) [with RandomAccessRange = std::vector<double>; Generator = pcg_detail::engine<unsigned int, long unsigned int, pcg_detail::xsh_rr_mixin<unsigned int, long unsigned int>, true, pcg_detail::specific_stream<long unsigned int>, pcg_detail::default_multiplier<long unsigned int> >]’
cyclone_scores.cpp:115:41:   required from here
/mnt/library/BH/include/boost/concept/detail/general.hpp:50:47: warning: ‘this’ pointer is null [-Wnonnull]
   50 |     static void failed() { ((Model*)0)->~Model(); }
      |                            ~~~~~~~~~~~~~~~~~~~^~
/mnt/library/BH/include/boost/concept/usage.hpp:20:5: note: in a call to non-static member function ‘boost::concepts::usage_requirements<Model>::~usage_requirements() [with Model = boost::range_detail::ForwardIteratorConcept<__gnu_cxx::__normal_iterator<const double*, std::vector<double> > >]’
   20 |     ~usage_requirements() { ((Model*)0)->~Model(); }
      |     ^
/mnt/library/BH/include/boost/concept/detail/general.hpp: In instantiation of ‘static void boost::concepts::requirement<boost::concepts::failed************ Model::************>::failed() [with Model = boost::range_detail::ForwardIteratorConcept<__gnu_cxx::__normal_iterator<const double*, std::vector<double> > >]’:
/mnt/library/BH/include/boost/range/concepts.hpp:324:9:   required from ‘struct boost::ForwardRangeConcept<std::vector<double> >’
/mnt/library/BH/include/boost/range/concepts.hpp:354:12:   required from ‘struct boost::BidirectionalRangeConcept<std::vector<double> >’
/mnt/library/BH/include/boost/range/concepts.hpp:372:12:   required from ‘struct boost::RandomAccessRangeConcept<std::vector<double> >’
/mnt/library/BH/include/boost/concept/detail/has_constraints.hpp:32:62:   required by substitution of ‘template<class Model> boost::concepts::detail::yes boost::concepts::detail::has_constraints_(Model*, wrap_constraints<Model, (& Model::constraints)>*) [with Model = boost::RandomAccessRangeConcept<std::vector<double> >]’
/mnt/library/BH/include/boost/concept/detail/has_constraints.hpp:42:5:   required from ‘const bool boost::concepts::not_satisfied<boost::RandomAccessRangeConcept<std::vector<double> > >::value’
/mnt/library/BH/include/boost/concept/detail/has_constraints.hpp:45:51:   required from ‘struct boost::concepts::not_satisfied<boost::RandomAccessRangeConcept<std::vector<double> > >’
/mnt/library/BH/include/boost/concept/detail/general.hpp:72:8:   required from ‘struct boost::concepts::requirement_<void (*)(boost::RandomAccessRangeConcept<std::vector<double> >)>’
/mnt/library/BH/include/boost/range/algorithm/nth_element.hpp:33:5:   required from ‘RandomAccessRange& boost::range::random_shuffle(RandomAccessRange&, Generator&) [with RandomAccessRange = std::vector<double>; Generator = pcg_detail::engine<unsigned int, long unsigned int, pcg_detail::xsh_rr_mixin<unsigned int, long unsigned int>, true, pcg_detail::specific_stream<long unsigned int>, pcg_detail::default_multiplier<long unsigned int> >]’
cyclone_scores.cpp:115:41:   required from here
/mnt/library/BH/include/boost/concept/detail/general.hpp:50:47: warning: ‘this’ pointer is null [-Wnonnull]
   50 |     static void failed() { ((Model*)0)->~Model(); }
      |                            ~~~~~~~~~~~~~~~~~~~^~
/mnt/library/BH/include/boost/concept/usage.hpp:37:7: note: in a call to non-static member function ‘boost::range_detail::ForwardIteratorConcept<Iterator>::~ForwardIteratorConcept() [with Iterator = __gnu_cxx::__normal_iterator<const double*, std::vector<double> >]’
   37 |       ~model()
      |       ^
/mnt/library/BH/include/boost/range/concepts.hpp:199:13: note: in expansion of macro ‘BOOST_CONCEPT_USAGE’
  199 |             BOOST_CONCEPT_USAGE(ForwardIteratorConcept)
      |             ^~~~~~~~~~~~~~~~~~~
/mnt/library/BH/include/boost/concept/detail/general.hpp: In instantiation of ‘static void boost::concepts::requirement<boost::concepts::failed************ Model::************>::failed() [with Model = boost::concepts::usage_requirements<boost::Convertible<boost::iterators::random_access_traversal_tag, boost::iterators::bidirectional_traversal_tag> >]’:
/mnt/library/BH/include/boost/concept_check.hpp:208:5:   required from ‘struct boost::Convertible<boost::iterators::random_access_traversal_tag, boost::iterators::bidirectional_traversal_tag>’
/mnt/library/BH/include/boost/concept/detail/has_constraints.hpp:32:62:   required by substitution of ‘template<class Model> boost::concepts::detail::yes boost::concepts::detail::has_constraints_(Model*, wrap_constraints<Model, (& Model::constraints)>*) [with Model = boost::Convertible<boost::iterators::random_access_traversal_tag, boost::iterators::bidirectional_traversal_tag>]’
/mnt/library/BH/include/boost/concept/detail/has_constraints.hpp:42:5:   required from ‘const bool boost::concepts::not_satisfied<boost::Convertible<boost::iterators::random_access_traversal_tag, boost::iterators::bidirectional_traversal_tag> >::value’
/mnt/library/BH/include/boost/concept/detail/has_constraints.hpp:45:51:   required from ‘struct boost::concepts::not_satisfied<boost::Convertible<boost::iterators::random_access_traversal_tag, boost::iterators::bidirectional_traversal_tag> >’
/mnt/library/BH/include/boost/concept/detail/general.hpp:72:8:   required from ‘struct boost::concepts::requirement_<void (*)(boost::Convertible<boost::iterators::random_access_traversal_tag, boost::iterators::bidirectional_traversal_tag>)>’
/mnt/library/BH/include/boost/range/concepts.hpp:220:14:   [ skipping 7 instantiation contexts, use -ftemplate-backtrace-limit=0 to disable ]
/mnt/library/BH/include/boost/concept/detail/has_constraints.hpp:32:62:   required by substitution of ‘template<class Model> boost::concepts::detail::yes boost::concepts::detail::has_constraints_(Model*, wrap_constraints<Model, (& Model::constraints)>*) [with Model = boost::RandomAccessRangeConcept<std::vector<double> >]’
/mnt/library/BH/include/boost/concept/detail/has_constraints.hpp:42:5:   required from ‘const bool boost::concepts::not_satisfied<boost::RandomAccessRangeConcept<std::vector<double> > >::value’
/mnt/library/BH/include/boost/concept/detail/has_constraints.hpp:45:51:   required from ‘struct boost::concepts::not_satisfied<boost::RandomAccessRangeConcept<std::vector<double> > >’
/mnt/library/BH/include/boost/concept/detail/general.hpp:72:8:   required from ‘struct boost::concepts::requirement_<void (*)(boost::RandomAccessRangeConcept<std::vector<double> >)>’
/mnt/library/BH/include/boost/range/algorithm/nth_element.hpp:33:5:   required from ‘RandomAccessRange& boost::range::random_shuffle(RandomAccessRange&, Generator&) [with RandomAccessRange = std::vector<double>; Generator = pcg_detail::engine<unsigned int, long unsigned int, pcg_detail::xsh_rr_mixin<unsigned int, long unsigned int>, true, pcg_detail::specific_stream<long unsigned int>, pcg_detail::default_multiplier<long unsigned int> >]’
cyclone_scores.cpp:115:41:   required from here
/mnt/library/BH/include/boost/concept/detail/general.hpp:50:47: warning: ‘this’ pointer is null [-Wnonnull]
   50 |     static void failed() { ((Model*)0)->~Model(); }
      |                            ~~~~~~~~~~~~~~~~~~~^~
/mnt/library/BH/include/boost/concept/usage.hpp:20:5: note: in a call to non-static member function ‘boost::concepts::usage_requirements<Model>::~usage_requirements() [with Model = boost::Convertible<boost::iterators::random_access_traversal_tag, boost::iterators::bidirectional_traversal_tag>]’
   20 |     ~usage_requirements() { ((Model*)0)->~Model(); }
      |     ^
/mnt/library/BH/include/boost/concept/detail/general.hpp: In instantiation of ‘static void boost::concepts::requirement<boost::concepts::failed************ Model::************>::failed() [with Model = boost::Convertible<boost::iterators::random_access_traversal_tag, boost::iterators::bidirectional_traversal_tag>]’:
/mnt/library/BH/include/boost/range/concepts.hpp:220:14:   required from ‘struct boost::range_detail::BidirectionalIteratorConcept<__gnu_cxx::__normal_iterator<double*, std::vector<double> > >’
/mnt/library/BH/include/boost/concept/detail/has_constraints.hpp:32:62:   required by substitution of ‘template<class Model> boost::concepts::detail::yes boost::concepts::detail::has_constraints_(Model*, wrap_constraints<Model, (& Model::constraints)>*) [with Model = boost::range_detail::BidirectionalIteratorConcept<__gnu_cxx::__normal_iterator<double*, std::vector<double> > >]’
/mnt/library/BH/include/boost/concept/detail/has_constraints.hpp:42:5:   required from ‘const bool boost::concepts::not_satisfied<boost::range_detail::BidirectionalIteratorConcept<__gnu_cxx::__normal_iterator<double*, std::vector<double> > > >::value’
/mnt/library/BH/include/boost/concept/detail/has_constraints.hpp:45:51:   required from ‘struct boost::concepts::not_satisfied<boost::range_detail::BidirectionalIteratorConcept<__gnu_cxx::__normal_iterator<double*, std::vector<double> > > >’
/mnt/library/BH/include/boost/concept/detail/general.hpp:72:8:   required from ‘struct boost::concepts::requirement_<void (*)(boost::range_detail::BidirectionalIteratorConcept<__gnu_cxx::__normal_iterator<double*, std::vector<double> > >)>’
/mnt/library/BH/include/boost/range/concepts.hpp:357:9:   [ skipping 2 instantiation contexts, use -ftemplate-backtrace-limit=0 to disable ]
/mnt/library/BH/include/boost/concept/detail/has_constraints.hpp:32:62:   required by substitution of ‘template<class Model> boost::concepts::detail::yes boost::concepts::detail::has_constraints_(Model*, wrap_constraints<Model, (& Model::constraints)>*) [with Model = boost::RandomAccessRangeConcept<std::vector<double> >]’
/mnt/library/BH/include/boost/concept/detail/has_constraints.hpp:42:5:   required from ‘const bool boost::concepts::not_satisfied<boost::RandomAccessRangeConcept<std::vector<double> > >::value’
/mnt/library/BH/include/boost/concept/detail/has_constraints.hpp:45:51:   required from ‘struct boost::concepts::not_satisfied<boost::RandomAccessRangeConcept<std::vector<double> > >’
/mnt/library/BH/include/boost/concept/detail/general.hpp:72:8:   required from ‘struct boost::concepts::requirement_<void (*)(boost::RandomAccessRangeConcept<std::vector<double> >)>’
/mnt/library/BH/include/boost/range/algorithm/nth_element.hpp:33:5:   required from ‘RandomAccessRange& boost::range::random_shuffle(RandomAccessRange&, Generator&) [with RandomAccessRange = std::vector<double>; Generator = pcg_detail::engine<unsigned int, long unsigned int, pcg_detail::xsh_rr_mixin<unsigned int, long unsigned int>, true, pcg_detail::specific_stream<long unsigned int>, pcg_detail::default_multiplier<long unsigned int> >]’
cyclone_scores.cpp:115:41:   required from here
/mnt/library/BH/include/boost/concept/detail/general.hpp:50:47: warning: ‘this’ pointer is null [-Wnonnull]
   50 |     static void failed() { ((Model*)0)->~Model(); }
      |                            ~~~~~~~~~~~~~~~~~~~^~
/mnt/library/BH/include/boost/concept/usage.hpp:37:7: note: in a call to non-static member function ‘boost::Convertible<X, Y>::~Convertible() [with X = boost::iterators::random_access_traversal_tag; Y = boost::iterators::bidirectional_traversal_tag]’
   37 |       ~model()
      |       ^
/mnt/library/BH/include/boost/concept_check.hpp:208:5: note: in expansion of macro ‘BOOST_CONCEPT_USAGE’
  208 |     BOOST_CONCEPT_USAGE(Convertible) {
      |     ^~~~~~~~~~~~~~~~~~~
/mnt/library/BH/include/boost/concept/detail/general.hpp: In instantiation of ‘static void boost::concepts::requirement<boost::concepts::failed************ Model::************>::failed() [with Model = boost::concepts::usage_requirements<boost::range_detail::BidirectionalIteratorConcept<__gnu_cxx::__normal_iterator<double*, std::vector<double> > > >]’:
/mnt/library/BH/include/boost/range/concepts.hpp:226:14:   required from ‘struct boost::range_detail::BidirectionalIteratorConcept<__gnu_cxx::__normal_iterator<double*, std::vector<double> > >’
/mnt/library/BH/include/boost/concept/detail/has_constraints.hpp:32:62:   required by substitution of ‘template<class Model> boost::concepts::detail::yes boost::concepts::detail::has_constraints_(Model*, wrap_constraints<Model, (& Model::constraints)>*) [with Model = boost::range_detail::BidirectionalIteratorConcept<__gnu_cxx::__normal_iterator<double*, std::vector<double> > >]’
/mnt/library/BH/include/boost/concept/detail/has_constraints.hpp:42:5:   required from ‘const bool boost::concepts::not_satisfied<boost::range_detail::BidirectionalIteratorConcept<__gnu_cxx::__normal_iterator<double*, std::vector<double> > > >::value’
/mnt/library/BH/include/boost/concept/detail/has_constraints.hpp:45:51:   required from ‘struct boost::concepts::not_satisfied<boost::range_detail::BidirectionalIteratorConcept<__gnu_cxx::__normal_iterator<double*, std::vector<double> > > >’
/mnt/library/BH/include/boost/concept/detail/general.hpp:72:8:   required from ‘struct boost::concepts::requirement_<void (*)(boost::range_detail::BidirectionalIteratorConcept<__gnu_cxx::__normal_iterator<double*, std::vector<double> > >)>’
/mnt/library/BH/include/boost/range/concepts.hpp:357:9:   [ skipping 2 instantiation contexts, use -ftemplate-backtrace-limit=0 to disable ]
/mnt/library/BH/include/boost/concept/detail/has_constraints.hpp:32:62:   required by substitution of ‘template<class Model> boost::concepts::detail::yes boost::concepts::detail::has_constraints_(Model*, wrap_constraints<Model, (& Model::constraints)>*) [with Model = boost::RandomAccessRangeConcept<std::vector<double> >]’
/mnt/library/BH/include/boost/concept/detail/has_constraints.hpp:42:5:   required from ‘const bool boost::concepts::not_satisfied<boost::RandomAccessRangeConcept<std::vector<double> > >::value’
/mnt/library/BH/include/boost/concept/detail/has_constraints.hpp:45:51:   required from ‘struct boost::concepts::not_satisfied<boost::RandomAccessRangeConcept<std::vector<double> > >’
/mnt/library/BH/include/boost/concept/detail/general.hpp:72:8:   required from ‘struct boost::concepts::requirement_<void (*)(boost::RandomAccessRangeConcept<std::vector<double> >)>’
/mnt/library/BH/include/boost/range/algorithm/nth_element.hpp:33:5:   required from ‘RandomAccessRange& boost::range::random_shuffle(RandomAccessRange&, Generator&) [with RandomAccessRange = std::vector<double>; Generator = pcg_detail::engine<unsigned int, long unsigned int, pcg_detail::xsh_rr_mixin<unsigned int, long unsigned int>, true, pcg_detail::specific_stream<long unsigned int>, pcg_detail::default_multiplier<long unsigned int> >]’
cyclone_scores.cpp:115:41:   required from here
/mnt/library/BH/include/boost/concept/detail/general.hpp:50:47: warning: ‘this’ pointer is null [-Wnonnull]
   50 |     static void failed() { ((Model*)0)->~Model(); }
      |                            ~~~~~~~~~~~~~~~~~~~^~
/mnt/library/BH/include/boost/concept/usage.hpp:20:5: note: in a call to non-static member function ‘boost::concepts::usage_requirements<Model>::~usage_requirements() [with Model = boost::range_detail::BidirectionalIteratorConcept<__gnu_cxx::__normal_iterator<double*, std::vector<double> > >]’
   20 |     ~usage_requirements() { ((Model*)0)->~Model(); }
      |     ^
/mnt/library/BH/include/boost/concept/detail/general.hpp: In instantiation of ‘static void boost::concepts::requirement<boost::concepts::failed************ Model::************>::failed() [with Model = boost::range_detail::BidirectionalIteratorConcept<__gnu_cxx::__normal_iterator<double*, std::vector<double> > >]’:
/mnt/library/BH/include/boost/range/concepts.hpp:357:9:   required from ‘struct boost::BidirectionalRangeConcept<std::vector<double> >’
/mnt/library/BH/include/boost/range/concepts.hpp:372:12:   required from ‘struct boost::RandomAccessRangeConcept<std::vector<double> >’
/mnt/library/BH/include/boost/concept/detail/has_constraints.hpp:32:62:   required by substitution of ‘template<class Model> boost::concepts::detail::yes boost::concepts::detail::has_constraints_(Model*, wrap_constraints<Model, (& Model::constraints)>*) [with Model = boost::RandomAccessRangeConcept<std::vector<double> >]’
/mnt/library/BH/include/boost/concept/detail/has_constraints.hpp:42:5:   required from ‘const bool boost::concepts::not_satisfied<boost::RandomAccessRangeConcept<std::vector<double> > >::value’
/mnt/library/BH/include/boost/concept/detail/has_constraints.hpp:45:51:   required from ‘struct boost::concepts::not_satisfied<boost::RandomAccessRangeConcept<std::vector<double> > >’
/mnt/library/BH/include/boost/concept/detail/general.hpp:72:8:   required from ‘struct boost::concepts::requirement_<void (*)(boost::RandomAccessRangeConcept<std::vector<double> >)>’
/mnt/library/BH/include/boost/range/algorithm/nth_element.hpp:33:5:   required from ‘RandomAccessRange& boost::range::random_shuffle(RandomAccessRange&, Generator&) [with RandomAccessRange = std::vector<double>; Generator = pcg_detail::engine<unsigned int, long unsigned int, pcg_detail::xsh_rr_mixin<unsigned int, long unsigned int>, true, pcg_detail::specific_stream<long unsigned int>, pcg_detail::default_multiplier<long unsigned int> >]’
cyclone_scores.cpp:115:41:   required from here
/mnt/library/BH/include/boost/concept/detail/general.hpp:50:47: warning: ‘this’ pointer is null [-Wnonnull]
   50 |     static void failed() { ((Model*)0)->~Model(); }
      |                            ~~~~~~~~~~~~~~~~~~~^~
/mnt/library/BH/include/boost/concept/usage.hpp:37:7: note: in a call to non-static member function ‘boost::range_detail::BidirectionalIteratorConcept<Iterator>::~BidirectionalIteratorConcept() [with Iterator = __gnu_cxx::__normal_iterator<double*, std::vector<double> >]’
   37 |       ~model()
      |       ^
/mnt/library/BH/include/boost/range/concepts.hpp:226:14: note: in expansion of macro ‘BOOST_CONCEPT_USAGE’
  226 |              BOOST_CONCEPT_USAGE(BidirectionalIteratorConcept)
      |              ^~~~~~~~~~~~~~~~~~~
/mnt/library/BH/include/boost/concept/detail/general.hpp: In instantiation of ‘static void boost::concepts::requirement<boost::concepts::failed************ Model::************>::failed() [with Model = boost::concepts::usage_requirements<boost::range_detail::BidirectionalIteratorConcept<__gnu_cxx::__normal_iterator<const double*, std::vector<double> > > >]’:
/mnt/library/BH/include/boost/range/concepts.hpp:226:14:   required from ‘struct boost::range_detail::BidirectionalIteratorConcept<__gnu_cxx::__normal_iterator<const double*, std::vector<double> > >’
/mnt/library/BH/include/boost/concept/detail/has_constraints.hpp:32:62:   required by substitution of ‘template<class Model> boost::concepts::detail::yes boost::concepts::detail::has_constraints_(Model*, wrap_constraints<Model, (& Model::constraints)>*) [with Model = boost::range_detail::BidirectionalIteratorConcept<__gnu_cxx::__normal_iterator<const double*, std::vector<double> > >]’
/mnt/library/BH/include/boost/concept/detail/has_constraints.hpp:42:5:   required from ‘const bool boost::concepts::not_satisfied<boost::range_detail::BidirectionalIteratorConcept<__gnu_cxx::__normal_iterator<const double*, std::vector<double> > > >::value’
/mnt/library/BH/include/boost/concept/detail/has_constraints.hpp:45:51:   required from ‘struct boost::concepts::not_satisfied<boost::range_detail::BidirectionalIteratorConcept<__gnu_cxx::__normal_iterator<const double*, std::vector<double> > > >’
/mnt/library/BH/include/boost/concept/detail/general.hpp:72:8:   required from ‘struct boost::concepts::requirement_<void (*)(boost::range_detail::BidirectionalIteratorConcept<__gnu_cxx::__normal_iterator<const double*, std::vector<double> > >)>’
/mnt/library/BH/include/boost/range/concepts.hpp:358:9:   [ skipping 2 instantiation contexts, use -ftemplate-backtrace-limit=0 to disable ]
/mnt/library/BH/include/boost/concept/detail/has_constraints.hpp:32:62:   required by substitution of ‘template<class Model> boost::concepts::detail::yes boost::concepts::detail::has_constraints_(Model*, wrap_constraints<Model, (& Model::constraints)>*) [with Model = boost::RandomAccessRangeConcept<std::vector<double> >]’
/mnt/library/BH/include/boost/concept/detail/has_constraints.hpp:42:5:   required from ‘const bool boost::concepts::not_satisfied<boost::RandomAccessRangeConcept<std::vector<double> > >::value’
/mnt/library/BH/include/boost/concept/detail/has_constraints.hpp:45:51:   required from ‘struct boost::concepts::not_satisfied<boost::RandomAccessRangeConcept<std::vector<double> > >’
/mnt/library/BH/include/boost/concept/detail/general.hpp:72:8:   required from ‘struct boost::concepts::requirement_<void (*)(boost::RandomAccessRangeConcept<std::vector<double> >)>’
/mnt/library/BH/include/boost/range/algorithm/nth_element.hpp:33:5:   required from ‘RandomAccessRange& boost::range::random_shuffle(RandomAccessRange&, Generator&) [with RandomAccessRange = std::vector<double>; Generator = pcg_detail::engine<unsigned int, long unsigned int, pcg_detail::xsh_rr_mixin<unsigned int, long unsigned int>, true, pcg_detail::specific_stream<long unsigned int>, pcg_detail::default_multiplier<long unsigned int> >]’
cyclone_scores.cpp:115:41:   required from here
/mnt/library/BH/include/boost/concept/detail/general.hpp:50:47: warning: ‘this’ pointer is null [-Wnonnull]
   50 |     static void failed() { ((Model*)0)->~Model(); }
      |                            ~~~~~~~~~~~~~~~~~~~^~
/mnt/library/BH/include/boost/concept/usage.hpp:20:5: note: in a call to non-static member function ‘boost::concepts::usage_requirements<Model>::~usage_requirements() [with Model = boost::range_detail::BidirectionalIteratorConcept<__gnu_cxx::__normal_iterator<const double*, std::vector<double> > >]’
   20 |     ~usage_requirements() { ((Model*)0)->~Model(); }
      |     ^
/mnt/library/BH/include/boost/concept/detail/general.hpp: In instantiation of ‘static void boost::concepts::requirement<boost::concepts::failed************ Model::************>::failed() [with Model = boost::range_detail::BidirectionalIteratorConcept<__gnu_cxx::__normal_iterator<const double*, std::vector<double> > >]’:
/mnt/library/BH/include/boost/range/concepts.hpp:358:9:   required from ‘struct boost::BidirectionalRangeConcept<std::vector<double> >’
/mnt/library/BH/include/boost/range/concepts.hpp:372:12:   required from ‘struct boost::RandomAccessRangeConcept<std::vector<double> >’
/mnt/library/BH/include/boost/concept/detail/has_constraints.hpp:32:62:   required by substitution of ‘template<class Model> boost::concepts::detail::yes boost::concepts::detail::has_constraints_(Model*, wrap_constraints<Model, (& Model::constraints)>*) [with Model = boost::RandomAccessRangeConcept<std::vector<double> >]’
/mnt/library/BH/include/boost/concept/detail/has_constraints.hpp:42:5:   required from ‘const bool boost::concepts::not_satisfied<boost::RandomAccessRangeConcept<std::vector<double> > >::value’
/mnt/library/BH/include/boost/concept/detail/has_constraints.hpp:45:51:   required from ‘struct boost::concepts::not_satisfied<boost::RandomAccessRangeConcept<std::vector<double> > >’
/mnt/library/BH/include/boost/concept/detail/general.hpp:72:8:   required from ‘struct boost::concepts::requirement_<void (*)(boost::RandomAccessRangeConcept<std::vector<double> >)>’
/mnt/library/BH/include/boost/range/algorithm/nth_element.hpp:33:5:   required from ‘RandomAccessRange& boost::range::random_shuffle(RandomAccessRange&, Generator&) [with RandomAccessRange = std::vector<double>; Generator = pcg_detail::engine<unsigned int, long unsigned int, pcg_detail::xsh_rr_mixin<unsigned int, long unsigned int>, true, pcg_detail::specific_stream<long unsigned int>, pcg_detail::default_multiplier<long unsigned int> >]’
cyclone_scores.cpp:115:41:   required from here
/mnt/library/BH/include/boost/concept/detail/general.hpp:50:47: warning: ‘this’ pointer is null [-Wnonnull]
   50 |     static void failed() { ((Model*)0)->~Model(); }
      |                            ~~~~~~~~~~~~~~~~~~~^~
/mnt/library/BH/include/boost/concept/usage.hpp:37:7: note: in a call to non-static member function ‘boost::range_detail::BidirectionalIteratorConcept<Iterator>::~BidirectionalIteratorConcept() [with Iterator = __gnu_cxx::__normal_iterator<const double*, std::vector<double> >]’
   37 |       ~model()
      |       ^
/mnt/library/BH/include/boost/range/concepts.hpp:226:14: note: in expansion of macro ‘BOOST_CONCEPT_USAGE’
  226 |              BOOST_CONCEPT_USAGE(BidirectionalIteratorConcept)
      |              ^~~~~~~~~~~~~~~~~~~
/mnt/library/BH/include/boost/concept/detail/general.hpp: In instantiation of ‘static void boost::concepts::requirement<boost::concepts::failed************ Model::************>::failed() [with Model = boost::concepts::usage_requirements<boost::Convertible<boost::iterators::random_access_traversal_tag, boost::iterators::random_access_traversal_tag> >]’:
/mnt/library/BH/include/boost/concept_check.hpp:208:5:   required from ‘struct boost::Convertible<boost::iterators::random_access_traversal_tag, boost::iterators::random_access_traversal_tag>’
/mnt/library/BH/include/boost/concept/detail/has_constraints.hpp:32:62:   required by substitution of ‘template<class Model> boost::concepts::detail::yes boost::concepts::detail::has_constraints_(Model*, wrap_constraints<Model, (& Model::constraints)>*) [with Model = boost::Convertible<boost::iterators::random_access_traversal_tag, boost::iterators::random_access_traversal_tag>]’
/mnt/library/BH/include/boost/concept/detail/has_constraints.hpp:42:5:   required from ‘const bool boost::concepts::not_satisfied<boost::Convertible<boost::iterators::random_access_traversal_tag, boost::iterators::random_access_traversal_tag> >::value’
/mnt/library/BH/include/boost/concept/detail/has_constraints.hpp:45:51:   required from ‘struct boost::concepts::not_satisfied<boost::Convertible<boost::iterators::random_access_traversal_tag, boost::iterators::random_access_traversal_tag> >’
/mnt/library/BH/include/boost/concept/detail/general.hpp:72:8:   required from ‘struct boost::concepts::requirement_<void (*)(boost::Convertible<boost::iterators::random_access_traversal_tag, boost::iterators::random_access_traversal_tag>)>’
/mnt/library/BH/include/boost/range/concepts.hpp:241:14:   [ skipping 6 instantiation contexts, use -ftemplate-backtrace-limit=0 to disable ]
/mnt/library/BH/include/boost/concept/detail/has_constraints.hpp:32:62:   required by substitution of ‘template<class Model> boost::concepts::detail::yes boost::concepts::detail::has_constraints_(Model*, wrap_constraints<Model, (& Model::constraints)>*) [with Model = boost::RandomAccessRangeConcept<std::vector<double> >]’
/mnt/library/BH/include/boost/concept/detail/has_constraints.hpp:42:5:   required from ‘const bool boost::concepts::not_satisfied<boost::RandomAccessRangeConcept<std::vector<double> > >::value’
/mnt/library/BH/include/boost/concept/detail/has_constraints.hpp:45:51:   required from ‘struct boost::concepts::not_satisfied<boost::RandomAccessRangeConcept<std::vector<double> > >’
/mnt/library/BH/include/boost/concept/detail/general.hpp:72:8:   required from ‘struct boost::concepts::requirement_<void (*)(boost::RandomAccessRangeConcept<std::vector<double> >)>’
/mnt/library/BH/include/boost/range/algorithm/nth_element.hpp:33:5:   required from ‘RandomAccessRange& boost::range::random_shuffle(RandomAccessRange&, Generator&) [with RandomAccessRange = std::vector<double>; Generator = pcg_detail::engine<unsigned int, long unsigned int, pcg_detail::xsh_rr_mixin<unsigned int, long unsigned int>, true, pcg_detail::specific_stream<long unsigned int>, pcg_detail::default_multiplier<long unsigned int> >]’
cyclone_scores.cpp:115:41:   required from here
/mnt/library/BH/include/boost/concept/detail/general.hpp:50:47: warning: ‘this’ pointer is null [-Wnonnull]
   50 |     static void failed() { ((Model*)0)->~Model(); }
      |                            ~~~~~~~~~~~~~~~~~~~^~
/mnt/library/BH/include/boost/concept/usage.hpp:20:5: note: in a call to non-static member function ‘boost::concepts::usage_requirements<Model>::~usage_requirements() [with Model = boost::Convertible<boost::iterators::random_access_traversal_tag, boost::iterators::random_access_traversal_tag>]’
   20 |     ~usage_requirements() { ((Model*)0)->~Model(); }
      |     ^
/mnt/library/BH/include/boost/concept/detail/general.hpp: In instantiation of ‘static void boost::concepts::requirement<boost::concepts::failed************ Model::************>::failed() [with Model = boost::Convertible<boost::iterators::random_access_traversal_tag, boost::iterators::random_access_traversal_tag>]’:
/mnt/library/BH/include/boost/range/concepts.hpp:241:14:   required from ‘struct boost::range_detail::RandomAccessIteratorConcept<__gnu_cxx::__normal_iterator<double*, std::vector<double> > >’
/mnt/library/BH/include/boost/concept/detail/has_constraints.hpp:32:62:   required by substitution of ‘template<class Model> boost::concepts::detail::yes boost::concepts::detail::has_constraints_(Model*, wrap_constraints<Model, (& Model::constraints)>*) [with Model = boost::range_detail::RandomAccessIteratorConcept<__gnu_cxx::__normal_iterator<double*, std::vector<double> > >]’
/mnt/library/BH/include/boost/concept/detail/has_constraints.hpp:42:5:   required from ‘const bool boost::concepts::not_satisfied<boost::range_detail::RandomAccessIteratorConcept<__gnu_cxx::__normal_iterator<double*, std::vector<double> > > >::value’
/mnt/library/BH/include/boost/concept/detail/has_constraints.hpp:45:51:   required from ‘struct boost::concepts::not_satisfied<boost::range_detail::RandomAccessIteratorConcept<__gnu_cxx::__normal_iterator<double*, std::vector<double> > > >’
/mnt/library/BH/include/boost/concept/detail/general.hpp:72:8:   [ skipping 2 instantiation contexts, use -ftemplate-backtrace-limit=0 to disable ]
/mnt/library/BH/include/boost/concept/detail/has_constraints.hpp:32:62:   required by substitution of ‘template<class Model> boost::concepts::detail::yes boost::concepts::detail::has_constraints_(Model*, wrap_constraints<Model, (& Model::constraints)>*) [with Model = boost::RandomAccessRangeConcept<std::vector<double> >]’
/mnt/library/BH/include/boost/concept/detail/has_constraints.hpp:42:5:   required from ‘const bool boost::concepts::not_satisfied<boost::RandomAccessRangeConcept<std::vector<double> > >::value’
/mnt/library/BH/include/boost/concept/detail/has_constraints.hpp:45:51:   required from ‘struct boost::concepts::not_satisfied<boost::RandomAccessRangeConcept<std::vector<double> > >’
/mnt/library/BH/include/boost/concept/detail/general.hpp:72:8:   required from ‘struct boost::concepts::requirement_<void (*)(boost::RandomAccessRangeConcept<std::vector<double> >)>’
/mnt/library/BH/include/boost/range/algorithm/nth_element.hpp:33:5:   required from ‘RandomAccessRange& boost::range::random_shuffle(RandomAccessRange&, Generator&) [with RandomAccessRange = std::vector<double>; Generator = pcg_detail::engine<unsigned int, long unsigned int, pcg_detail::xsh_rr_mixin<unsigned int, long unsigned int>, true, pcg_detail::specific_stream<long unsigned int>, pcg_detail::default_multiplier<long unsigned int> >]’
cyclone_scores.cpp:115:41:   required from here
/mnt/library/BH/include/boost/concept/detail/general.hpp:50:47: warning: ‘this’ pointer is null [-Wnonnull]
   50 |     static void failed() { ((Model*)0)->~Model(); }
      |                            ~~~~~~~~~~~~~~~~~~~^~
/mnt/library/BH/include/boost/concept/usage.hpp:37:7: note: in a call to non-static member function ‘boost::Convertible<X, Y>::~Convertible() [with X = boost::iterators::random_access_traversal_tag; Y = boost::iterators::random_access_traversal_tag]’
   37 |       ~model()
      |       ^
/mnt/library/BH/include/boost/concept_check.hpp:208:5: note: in expansion of macro ‘BOOST_CONCEPT_USAGE’
  208 |     BOOST_CONCEPT_USAGE(Convertible) {
      |     ^~~~~~~~~~~~~~~~~~~
/mnt/library/BH/include/boost/concept/detail/general.hpp: In instantiation of ‘static void boost::concepts::requirement<boost::concepts::failed************ Model::************>::failed() [with Model = boost::concepts::usage_requirements<boost::range_detail::RandomAccessIteratorConcept<__gnu_cxx::__normal_iterator<double*, std::vector<double> > > >]’:
/mnt/library/BH/include/boost/range/concepts.hpp:247:14:   required from ‘struct boost::range_detail::RandomAccessIteratorConcept<__gnu_cxx::__normal_iterator<double*, std::vector<double> > >’
/mnt/library/BH/include/boost/concept/detail/has_constraints.hpp:32:62:   required by substitution of ‘template<class Model> boost::concepts::detail::yes boost::concepts::detail::has_constraints_(Model*, wrap_constraints<Model, (& Model::constraints)>*) [with Model = boost::range_detail::RandomAccessIteratorConcept<__gnu_cxx::__normal_iterator<double*, std::vector<double> > >]’
/mnt/library/BH/include/boost/concept/detail/has_constraints.hpp:42:5:   required from ‘const bool boost::concepts::not_satisfied<boost::range_detail::RandomAccessIteratorConcept<__gnu_cxx::__normal_iterator<double*, std::vector<double> > > >::value’
/mnt/library/BH/include/boost/concept/detail/has_constraints.hpp:45:51:   required from ‘struct boost::concepts::not_satisfied<boost::range_detail::RandomAccessIteratorConcept<__gnu_cxx::__normal_iterator<double*, std::vector<double> > > >’
/mnt/library/BH/include/boost/concept/detail/general.hpp:72:8:   [ skipping 2 instantiation contexts, use -ftemplate-backtrace-limit=0 to disable ]
/mnt/library/BH/include/boost/concept/detail/has_constraints.hpp:32:62:   required by substitution of ‘template<class Model> boost::concepts::detail::yes boost::concepts::detail::has_constraints_(Model*, wrap_constraints<Model, (& Model::constraints)>*) [with Model = boost::RandomAccessRangeConcept<std::vector<double> >]’
/mnt/library/BH/include/boost/concept/detail/has_constraints.hpp:42:5:   required from ‘const bool boost::concepts::not_satisfied<boost::RandomAccessRangeConcept<std::vector<double> > >::value’
/mnt/library/BH/include/boost/concept/detail/has_constraints.hpp:45:51:   required from ‘struct boost::concepts::not_satisfied<boost::RandomAccessRangeConcept<std::vector<double> > >’
/mnt/library/BH/include/boost/concept/detail/general.hpp:72:8:   required from ‘struct boost::concepts::requirement_<void (*)(boost::RandomAccessRangeConcept<std::vector<double> >)>’
/mnt/library/BH/include/boost/range/algorithm/nth_element.hpp:33:5:   required from ‘RandomAccessRange& boost::range::random_shuffle(RandomAccessRange&, Generator&) [with RandomAccessRange = std::vector<double>; Generator = pcg_detail::engine<unsigned int, long unsigned int, pcg_detail::xsh_rr_mixin<unsigned int, long unsigned int>, true, pcg_detail::specific_stream<long unsigned int>, pcg_detail::default_multiplier<long unsigned int> >]’
cyclone_scores.cpp:115:41:   required from here
/mnt/library/BH/include/boost/concept/detail/general.hpp:50:47: warning: ‘this’ pointer is null [-Wnonnull]
   50 |     static void failed() { ((Model*)0)->~Model(); }
      |                            ~~~~~~~~~~~~~~~~~~~^~
/mnt/library/BH/include/boost/concept/usage.hpp:20:5: note: in a call to non-static member function ‘boost::concepts::usage_requirements<Model>::~usage_requirements() [with Model = boost::range_detail::RandomAccessIteratorConcept<__gnu_cxx::__normal_iterator<double*, std::vector<double> > >]’
   20 |     ~usage_requirements() { ((Model*)0)->~Model(); }
      |     ^
/mnt/library/BH/include/boost/concept/detail/general.hpp: In instantiation of ‘static void boost::concepts::requirement<boost::concepts::failed************ Model::************>::failed() [with Model = boost::range_detail::RandomAccessIteratorConcept<__gnu_cxx::__normal_iterator<double*, std::vector<double> > >]’:
/mnt/library/BH/include/boost/range/concepts.hpp:375:9:   required from ‘struct boost::RandomAccessRangeConcept<std::vector<double> >’
/mnt/library/BH/include/boost/concept/detail/has_constraints.hpp:32:62:   required by substitution of ‘template<class Model> boost::concepts::detail::yes boost::concepts::detail::has_constraints_(Model*, wrap_constraints<Model, (& Model::constraints)>*) [with Model = boost::RandomAccessRangeConcept<std::vector<double> >]’
/mnt/library/BH/include/boost/concept/detail/has_constraints.hpp:42:5:   required from ‘const bool boost::concepts::not_satisfied<boost::RandomAccessRangeConcept<std::vector<double> > >::value’
/mnt/library/BH/include/boost/concept/detail/has_constraints.hpp:45:51:   required from ‘struct boost::concepts::not_satisfied<boost::RandomAccessRangeConcept<std::vector<double> > >’
/mnt/library/BH/include/boost/concept/detail/general.hpp:72:8:   required from ‘struct boost::concepts::requirement_<void (*)(boost::RandomAccessRangeConcept<std::vector<double> >)>’
/mnt/library/BH/include/boost/range/algorithm/nth_element.hpp:33:5:   required from ‘RandomAccessRange& boost::range::random_shuffle(RandomAccessRange&, Generator&) [with RandomAccessRange = std::vector<double>; Generator = pcg_detail::engine<unsigned int, long unsigned int, pcg_detail::xsh_rr_mixin<unsigned int, long unsigned int>, true, pcg_detail::specific_stream<long unsigned int>, pcg_detail::default_multiplier<long unsigned int> >]’
cyclone_scores.cpp:115:41:   required from here
/mnt/library/BH/include/boost/concept/detail/general.hpp:50:47: warning: ‘this’ pointer is null [-Wnonnull]
   50 |     static void failed() { ((Model*)0)->~Model(); }
      |                            ~~~~~~~~~~~~~~~~~~~^~
/mnt/library/BH/include/boost/concept/usage.hpp:37:7: note: in a call to non-static member function ‘boost::range_detail::RandomAccessIteratorConcept<Iterator>::~RandomAccessIteratorConcept() [with Iterator = __gnu_cxx::__normal_iterator<double*, std::vector<double> >]’
   37 |       ~model()
      |       ^
/mnt/library/BH/include/boost/range/concepts.hpp:247:14: note: in expansion of macro ‘BOOST_CONCEPT_USAGE’
  247 |              BOOST_CONCEPT_USAGE(RandomAccessIteratorConcept)
      |              ^~~~~~~~~~~~~~~~~~~
/mnt/library/BH/include/boost/concept/detail/general.hpp: In instantiation of ‘static void boost::concepts::requirement<boost::concepts::failed************ Model::************>::failed() [with Model = boost::concepts::usage_requirements<boost::range_detail::RandomAccessIteratorConcept<__gnu_cxx::__normal_iterator<const double*, std::vector<double> > > >]’:
/mnt/library/BH/include/boost/range/concepts.hpp:247:14:   required from ‘struct boost::range_detail::RandomAccessIteratorConcept<__gnu_cxx::__normal_iterator<const double*, std::vector<double> > >’
/mnt/library/BH/include/boost/concept/detail/has_constraints.hpp:32:62:   required by substitution of ‘template<class Model> boost::concepts::detail::yes boost::concepts::detail::has_constraints_(Model*, wrap_constraints<Model, (& Model::constraints)>*) [with Model = boost::range_detail::RandomAccessIteratorConcept<__gnu_cxx::__normal_iterator<const double*, std::vector<double> > >]’
/mnt/library/BH/include/boost/concept/detail/has_constraints.hpp:42:5:   required from ‘const bool boost::concepts::not_satisfied<boost::range_detail::RandomAccessIteratorConcept<__gnu_cxx::__normal_iterator<const double*, std::vector<double> > > >::value’
/mnt/library/BH/include/boost/concept/detail/has_constraints.hpp:45:51:   required from ‘struct boost::concepts::not_satisfied<boost::range_detail::RandomAccessIteratorConcept<__gnu_cxx::__normal_iterator<const double*, std::vector<double> > > >’
/mnt/library/BH/include/boost/concept/detail/general.hpp:72:8:   [ skipping 2 instantiation contexts, use -ftemplate-backtrace-limit=0 to disable ]
/mnt/library/BH/include/boost/concept/detail/has_constraints.hpp:32:62:   required by substitution of ‘template<class Model> boost::concepts::detail::yes boost::concepts::detail::has_constraints_(Model*, wrap_constraints<Model, (& Model::constraints)>*) [with Model = boost::RandomAccessRangeConcept<std::vector<double> >]’
/mnt/library/BH/include/boost/concept/detail/has_constraints.hpp:42:5:   required from ‘const bool boost::concepts::not_satisfied<boost::RandomAccessRangeConcept<std::vector<double> > >::value’
/mnt/library/BH/include/boost/concept/detail/has_constraints.hpp:45:51:   required from ‘struct boost::concepts::not_satisfied<boost::RandomAccessRangeConcept<std::vector<double> > >’
/mnt/library/BH/include/boost/concept/detail/general.hpp:72:8:   required from ‘struct boost::concepts::requirement_<void (*)(boost::RandomAccessRangeConcept<std::vector<double> >)>’
/mnt/library/BH/include/boost/range/algorithm/nth_element.hpp:33:5:   required from ‘RandomAccessRange& boost::range::random_shuffle(RandomAccessRange&, Generator&) [with RandomAccessRange = std::vector<double>; Generator = pcg_detail::engine<unsigned int, long unsigned int, pcg_detail::xsh_rr_mixin<unsigned int, long unsigned int>, true, pcg_detail::specific_stream<long unsigned int>, pcg_detail::default_multiplier<long unsigned int> >]’
cyclone_scores.cpp:115:41:   required from here
/mnt/library/BH/include/boost/concept/detail/general.hpp:50:47: warning: ‘this’ pointer is null [-Wnonnull]
   50 |     static void failed() { ((Model*)0)->~Model(); }
      |                            ~~~~~~~~~~~~~~~~~~~^~
/mnt/library/BH/include/boost/concept/usage.hpp:20:5: note: in a call to non-static member function ‘boost::concepts::usage_requirements<Model>::~usage_requirements() [with Model = boost::range_detail::RandomAccessIteratorConcept<__gnu_cxx::__normal_iterator<const double*, std::vector<double> > >]’
   20 |     ~usage_requirements() { ((Model*)0)->~Model(); }
      |     ^
/mnt/library/BH/include/boost/concept/detail/general.hpp: In instantiation of ‘static void boost::concepts::requirement<boost::concepts::failed************ Model::************>::failed() [with Model = boost::range_detail::RandomAccessIteratorConcept<__gnu_cxx::__normal_iterator<const double*, std::vector<double> > >]’:
/mnt/library/BH/include/boost/range/concepts.hpp:376:9:   required from ‘struct boost::RandomAccessRangeConcept<std::vector<double> >’
/mnt/library/BH/include/boost/concept/detail/has_constraints.hpp:32:62:   required by substitution of ‘template<class Model> boost::concepts::detail::yes boost::concepts::detail::has_constraints_(Model*, wrap_constraints<Model, (& Model::constraints)>*) [with Model = boost::RandomAccessRangeConcept<std::vector<double> >]’
/mnt/library/BH/include/boost/concept/detail/has_constraints.hpp:42:5:   required from ‘const bool boost::concepts::not_satisfied<boost::RandomAccessRangeConcept<std::vector<double> > >::value’
/mnt/library/BH/include/boost/concept/detail/has_constraints.hpp:45:51:   required from ‘struct boost::concepts::not_satisfied<boost::RandomAccessRangeConcept<std::vector<double> > >’
/mnt/library/BH/include/boost/concept/detail/general.hpp:72:8:   required from ‘struct boost::concepts::requirement_<void (*)(boost::RandomAccessRangeConcept<std::vector<double> >)>’
/mnt/library/BH/include/boost/range/algorithm/nth_element.hpp:33:5:   required from ‘RandomAccessRange& boost::range::random_shuffle(RandomAccessRange&, Generator&) [with RandomAccessRange = std::vector<double>; Generator = pcg_detail::engine<unsigned int, long unsigned int, pcg_detail::xsh_rr_mixin<unsigned int, long unsigned int>, true, pcg_detail::specific_stream<long unsigned int>, pcg_detail::default_multiplier<long unsigned int> >]’
cyclone_scores.cpp:115:41:   required from here
/mnt/library/BH/include/boost/concept/detail/general.hpp:50:47: warning: ‘this’ pointer is null [-Wnonnull]
   50 |     static void failed() { ((Model*)0)->~Model(); }
      |                            ~~~~~~~~~~~~~~~~~~~^~
/mnt/library/BH/include/boost/concept/usage.hpp:37:7: note: in a call to non-static member function ‘boost::range_detail::RandomAccessIteratorConcept<Iterator>::~RandomAccessIteratorConcept() [with Iterator = __gnu_cxx::__normal_iterator<const double*, std::vector<double> >]’
   37 |       ~model()
      |       ^
/mnt/library/BH/include/boost/range/concepts.hpp:247:14: note: in expansion of macro ‘BOOST_CONCEPT_USAGE’
  247 |              BOOST_CONCEPT_USAGE(RandomAccessIteratorConcept)
      |              ^~~~~~~~~~~~~~~~~~~
/mnt/library/BH/include/boost/concept/detail/general.hpp: In instantiation of ‘static void boost::concepts::requirement<boost::concepts::failed************ Model::************>::failed() [with Model = boost::RandomAccessRangeConcept<std::vector<double> >]’:
/mnt/library/BH/include/boost/range/algorithm/nth_element.hpp:33:5:   required from ‘RandomAccessRange& boost::range::random_shuffle(RandomAccessRange&, Generator&) [with RandomAccessRange = std::vector<double>; Generator = pcg_detail::engine<unsigned int, long unsigned int, pcg_detail::xsh_rr_mixin<unsigned int, long unsigned int>, true, pcg_detail::specific_stream<long unsigned int>, pcg_detail::default_multiplier<long unsigned int> >]’
cyclone_scores.cpp:115:41:   required from here
/mnt/library/BH/include/boost/concept/detail/general.hpp:50:47: warning: ‘this’ pointer is null [-Wnonnull]
   50 |     static void failed() { ((Model*)0)->~Model(); }
      |                            ~~~~~~~~~~~~~~~~~~~^~
/mnt/library/BH/include/boost/range/concepts.hpp:372:12: note: in a call to non-static member function ‘boost::RandomAccessRangeConcept<std::vector<double> >::~RandomAccessRangeConcept()’
  372 |     struct RandomAccessRangeConcept : BidirectionalRangeConcept<T>
      |            ^~~~~~~~~~~~~~~~~~~~~~~~
/mnt/library/BH/include/boost/concept/usage.hpp: In instantiation of ‘boost::concepts::usage_requirements<Model>::~usage_requirements() [with Model = boost::CopyConstructible<__gnu_cxx::__normal_iterator<double*, std::vector<double> > >]’:
/mnt/library/BH/include/boost/concept/detail/general.hpp:50:47:   required from ‘static void boost::concepts::requirement<boost::concepts::failed************ Model::************>::failed() [with Model = boost::concepts::usage_requirements<boost::CopyConstructible<__gnu_cxx::__normal_iterator<double*, std::vector<double> > > >]’
/mnt/library/BH/include/boost/concept_check.hpp:167:5:   required from ‘struct boost::CopyConstructible<__gnu_cxx::__normal_iterator<double*, std::vector<double> > >’
/mnt/library/BH/include/boost/range/concepts.hpp:127:16:   required from ‘struct boost::range_detail::IncrementableIteratorConcept<__gnu_cxx::__normal_iterator<double*, std::vector<double> > >’
/mnt/library/BH/include/boost/range/concepts.hpp:149:16:   required from ‘struct boost::range_detail::SinglePassIteratorConcept<__gnu_cxx::__normal_iterator<double*, std::vector<double> > >’
/mnt/library/BH/include/boost/concept/detail/has_constraints.hpp:32:62:   required by substitution of ‘template<class Model> boost::concepts::detail::yes boost::concepts::detail::has_constraints_(Model*, wrap_constraints<Model, (& Model::constraints)>*) [with Model = boost::range_detail::SinglePassIteratorConcept<__gnu_cxx::__normal_iterator<double*, std::vector<double> > >]’
/mnt/library/BH/include/boost/concept/detail/has_constraints.hpp:42:5:   [ skipping 7 instantiation contexts, use -ftemplate-backtrace-limit=0 to disable ]
/mnt/library/BH/include/boost/concept/detail/has_constraints.hpp:32:62:   required by substitution of ‘template<class Model> boost::concepts::detail::yes boost::concepts::detail::has_constraints_(Model*, wrap_constraints<Model, (& Model::constraints)>*) [with Model = boost::RandomAccessRangeConcept<std::vector<double> >]’
/mnt/library/BH/include/boost/concept/detail/has_constraints.hpp:42:5:   required from ‘const bool boost::concepts::not_satisfied<boost::RandomAccessRangeConcept<std::vector<double> > >::value’
/mnt/library/BH/include/boost/concept/detail/has_constraints.hpp:45:51:   required from ‘struct boost::concepts::not_satisfied<boost::RandomAccessRangeConcept<std::vector<double> > >’
/mnt/library/BH/include/boost/concept/detail/general.hpp:72:8:   required from ‘struct boost::concepts::requirement_<void (*)(boost::RandomAccessRangeConcept<std::vector<double> >)>’
/mnt/library/BH/include/boost/range/algorithm/nth_element.hpp:33:5:   required from ‘RandomAccessRange& boost::range::random_shuffle(RandomAccessRange&, Generator&) [with RandomAccessRange = std::vector<double>; Generator = pcg_detail::engine<unsigned int, long unsigned int, pcg_detail::xsh_rr_mixin<unsigned int, long unsigned int>, true, pcg_detail::specific_stream<long unsigned int>, pcg_detail::default_multiplier<long unsigned int> >]’
cyclone_scores.cpp:115:41:   required from here
/mnt/library/BH/include/boost/concept/usage.hpp:20:48: warning: ‘this’ pointer is null [-Wnonnull]
   20 |     ~usage_requirements() { ((Model*)0)->~Model(); }
      |                             ~~~~~~~~~~~~~~~~~~~^~
/mnt/library/BH/include/boost/concept/usage.hpp:37:7: note: in a call to non-static member function ‘boost::CopyConstructible<TT>::~CopyConstructible() [with TT = __gnu_cxx::__normal_iterator<double*, std::vector<double> >]’
   37 |       ~model()
      |       ^
/mnt/library/BH/include/boost/concept_check.hpp:167:5: note: in expansion of macro ‘BOOST_CONCEPT_USAGE’
  167 |     BOOST_CONCEPT_USAGE(CopyConstructible) {
      |     ^~~~~~~~~~~~~~~~~~~
/mnt/library/BH/include/boost/concept/usage.hpp: In instantiation of ‘boost::concepts::usage_requirements<Model>::~usage_requirements() [with Model = boost::Convertible<boost::iterators::random_access_traversal_tag, boost::iterators::incrementable_traversal_tag>]’:
/mnt/library/BH/include/boost/concept/detail/general.hpp:50:47:   required from ‘static void boost::concepts::requirement<boost::concepts::failed************ Model::************>::failed() [with Model = boost::concepts::usage_requirements<boost::Convertible<boost::iterators::random_access_traversal_tag, boost::iterators::incrementable_traversal_tag> >]’
/mnt/library/BH/include/boost/concept_check.hpp:208:5:   required from ‘struct boost::Convertible<boost::iterators::random_access_traversal_tag, boost::iterators::incrementable_traversal_tag>’
/mnt/library/BH/include/boost/concept/detail/has_constraints.hpp:32:62:   required by substitution of ‘template<class Model> boost::concepts::detail::yes boost::concepts::detail::has_constraints_(Model*, wrap_constraints<Model, (& Model::constraints)>*) [with Model = boost::Convertible<boost::iterators::random_access_traversal_tag, boost::iterators::incrementable_traversal_tag>]’
/mnt/library/BH/include/boost/concept/detail/has_constraints.hpp:42:5:   required from ‘const bool boost::concepts::not_satisfied<boost::Convertible<boost::iterators::random_access_traversal_tag, boost::iterators::incrementable_traversal_tag> >::value’
/mnt/library/BH/include/boost/concept/detail/has_constraints.hpp:45:51:   required from ‘struct boost::concepts::not_satisfied<boost::Convertible<boost::iterators::random_access_traversal_tag, boost::iterators::incrementable_traversal_tag> >’
/mnt/library/BH/include/boost/concept/detail/general.hpp:72:8:   [ skipping 11 instantiation contexts, use -ftemplate-backtrace-limit=0 to disable ]
/mnt/library/BH/include/boost/concept/detail/has_constraints.hpp:32:62:   required by substitution of ‘template<class Model> boost::concepts::detail::yes boost::concepts::detail::has_constraints_(Model*, wrap_constraints<Model, (& Model::constraints)>*) [with Model = boost::RandomAccessRangeConcept<std::vector<double> >]’
/mnt/library/BH/include/boost/concept/detail/has_constraints.hpp:42:5:   required from ‘const bool boost::concepts::not_satisfied<boost::RandomAccessRangeConcept<std::vector<double> > >::value’
/mnt/library/BH/include/boost/concept/detail/has_constraints.hpp:45:51:   required from ‘struct boost::concepts::not_satisfied<boost::RandomAccessRangeConcept<std::vector<double> > >’
/mnt/library/BH/include/boost/concept/detail/general.hpp:72:8:   required from ‘struct boost::concepts::requirement_<void (*)(boost::RandomAccessRangeConcept<std::vector<double> >)>’
/mnt/library/BH/include/boost/range/algorithm/nth_element.hpp:33:5:   required from ‘RandomAccessRange& boost::range::random_shuffle(RandomAccessRange&, Generator&) [with RandomAccessRange = std::vector<double>; Generator = pcg_detail::engine<unsigned int, long unsigned int, pcg_detail::xsh_rr_mixin<unsigned int, long unsigned int>, true, pcg_detail::specific_stream<long unsigned int>, pcg_detail::default_multiplier<long unsigned int> >]’
cyclone_scores.cpp:115:41:   required from here
/mnt/library/BH/include/boost/concept/usage.hpp:20:48: warning: ‘this’ pointer is null [-Wnonnull]
   20 |     ~usage_requirements() { ((Model*)0)->~Model(); }
      |                             ~~~~~~~~~~~~~~~~~~~^~
/mnt/library/BH/include/boost/concept/usage.hpp:37:7: note: in a call to non-static member function ‘boost::Convertible<X, Y>::~Convertible() [with X = boost::iterators::random_access_traversal_tag; Y = boost::iterators::incrementable_traversal_tag]’
   37 |       ~model()
      |       ^
/mnt/library/BH/include/boost/concept_check.hpp:208:5: note: in expansion of macro ‘BOOST_CONCEPT_USAGE’
  208 |     BOOST_CONCEPT_USAGE(Convertible) {
      |     ^~~~~~~~~~~~~~~~~~~
/mnt/library/BH/include/boost/concept/usage.hpp: In instantiation of ‘boost::concepts::usage_requirements<Model>::~usage_requirements() [with Model = boost::range_detail::IncrementableIteratorConcept<__gnu_cxx::__normal_iterator<double*, std::vector<double> > >]’:
/mnt/library/BH/include/boost/concept/detail/general.hpp:50:47:   required from ‘static void boost::concepts::requirement<boost::concepts::failed************ Model::************>::failed() [with Model = boost::concepts::usage_requirements<boost::range_detail::IncrementableIteratorConcept<__gnu_cxx::__normal_iterator<double*, std::vector<double> > > >]’
/mnt/library/BH/include/boost/range/concepts.hpp:138:13:   required from ‘struct boost::range_detail::IncrementableIteratorConcept<__gnu_cxx::__normal_iterator<double*, std::vector<double> > >’
/mnt/library/BH/include/boost/range/concepts.hpp:149:16:   required from ‘struct boost::range_detail::SinglePassIteratorConcept<__gnu_cxx::__normal_iterator<double*, std::vector<double> > >’
/mnt/library/BH/include/boost/concept/detail/has_constraints.hpp:32:62:   required by substitution of ‘template<class Model> boost::concepts::detail::yes boost::concepts::detail::has_constraints_(Model*, wrap_constraints<Model, (& Model::constraints)>*) [with Model = boost::range_detail::SinglePassIteratorConcept<__gnu_cxx::__normal_iterator<double*, std::vector<double> > >]’
/mnt/library/BH/include/boost/concept/detail/has_constraints.hpp:42:5:   required from ‘const bool boost::concepts::not_satisfied<boost::range_detail::SinglePassIteratorConcept<__gnu_cxx::__normal_iterator<double*, std::vector<double> > > >::value’
/mnt/library/BH/include/boost/concept/detail/has_constraints.hpp:45:51:   [ skipping 6 instantiation contexts, use -ftemplate-backtrace-limit=0 to disable ]
/mnt/library/BH/include/boost/concept/detail/has_constraints.hpp:32:62:   required by substitution of ‘template<class Model> boost::concepts::detail::yes boost::concepts::detail::has_constraints_(Model*, wrap_constraints<Model, (& Model::constraints)>*) [with Model = boost::RandomAccessRangeConcept<std::vector<double> >]’
/mnt/library/BH/include/boost/concept/detail/has_constraints.hpp:42:5:   required from ‘const bool boost::concepts::not_satisfied<boost::RandomAccessRangeConcept<std::vector<double> > >::value’
/mnt/library/BH/include/boost/concept/detail/has_constraints.hpp:45:51:   required from ‘struct boost::concepts::not_satisfied<boost::RandomAccessRangeConcept<std::vector<double> > >’
/mnt/library/BH/include/boost/concept/detail/general.hpp:72:8:   required from ‘struct boost::concepts::requirement_<void (*)(boost::RandomAccessRangeConcept<std::vector<double> >)>’
/mnt/library/BH/include/boost/range/algorithm/nth_element.hpp:33:5:   required from ‘RandomAccessRange& boost::range::random_shuffle(RandomAccessRange&, Generator&) [with RandomAccessRange = std::vector<double>; Generator = pcg_detail::engine<unsigned int, long unsigned int, pcg_detail::xsh_rr_mixin<unsigned int, long unsigned int>, true, pcg_detail::specific_stream<long unsigned int>, pcg_detail::default_multiplier<long unsigned int> >]’
cyclone_scores.cpp:115:41:   required from here
/mnt/library/BH/include/boost/concept/usage.hpp:20:48: warning: ‘this’ pointer is null [-Wnonnull]
   20 |     ~usage_requirements() { ((Model*)0)->~Model(); }
      |                             ~~~~~~~~~~~~~~~~~~~^~
/mnt/library/BH/include/boost/concept/usage.hpp:37:7: note: in a call to non-static member function ‘boost::range_detail::IncrementableIteratorConcept<Iterator>::~IncrementableIteratorConcept() [with Iterator = __gnu_cxx::__normal_iterator<double*, std::vector<double> >]’
   37 |       ~model()
      |       ^
/mnt/library/BH/include/boost/range/concepts.hpp:138:13: note: in expansion of macro ‘BOOST_CONCEPT_USAGE’
  138 |             BOOST_CONCEPT_USAGE(IncrementableIteratorConcept)
      |             ^~~~~~~~~~~~~~~~~~~
/mnt/library/BH/include/boost/concept/usage.hpp: In instantiation of ‘boost::concepts::usage_requirements<Model>::~usage_requirements() [with Model = boost::EqualityComparable<__gnu_cxx::__normal_iterator<double*, std::vector<double> > >]’:
/mnt/library/BH/include/boost/concept/detail/general.hpp:50:47:   required from ‘static void boost::concepts::requirement<boost::concepts::failed************ Model::************>::failed() [with Model = boost::concepts::usage_requirements<boost::EqualityComparable<__gnu_cxx::__normal_iterator<double*, std::vector<double> > > >]’
/mnt/library/BH/include/boost/concept_check.hpp:233:5:   required from ‘struct boost::EqualityComparable<__gnu_cxx::__normal_iterator<double*, std::vector<double> > >’
/mnt/library/BH/include/boost/range/concepts.hpp:149:16:   required from ‘struct boost::range_detail::SinglePassIteratorConcept<__gnu_cxx::__normal_iterator<double*, std::vector<double> > >’
/mnt/library/BH/include/boost/concept/detail/has_constraints.hpp:32:62:   required by substitution of ‘template<class Model> boost::concepts::detail::yes boost::concepts::detail::has_constraints_(Model*, wrap_constraints<Model, (& Model::constraints)>*) [with Model = boost::range_detail::SinglePassIteratorConcept<__gnu_cxx::__normal_iterator<double*, std::vector<double> > >]’
/mnt/library/BH/include/boost/concept/detail/has_constraints.hpp:42:5:   required from ‘const bool boost::concepts::not_satisfied<boost::range_detail::SinglePassIteratorConcept<__gnu_cxx::__normal_iterator<double*, std::vector<double> > > >::value’
/mnt/library/BH/include/boost/concept/detail/has_constraints.hpp:45:51:   [ skipping 6 instantiation contexts, use -ftemplate-backtrace-limit=0 to disable ]
/mnt/library/BH/include/boost/concept/detail/has_constraints.hpp:32:62:   required by substitution of ‘template<class Model> boost::concepts::detail::yes boost::concepts::detail::has_constraints_(Model*, wrap_constraints<Model, (& Model::constraints)>*) [with Model = boost::RandomAccessRangeConcept<std::vector<double> >]’
/mnt/library/BH/include/boost/concept/detail/has_constraints.hpp:42:5:   required from ‘const bool boost::concepts::not_satisfied<boost::RandomAccessRangeConcept<std::vector<double> > >::value’
/mnt/library/BH/include/boost/concept/detail/has_constraints.hpp:45:51:   required from ‘struct boost::concepts::not_satisfied<boost::RandomAccessRangeConcept<std::vector<double> > >’
/mnt/library/BH/include/boost/concept/detail/general.hpp:72:8:   required from ‘struct boost::concepts::requirement_<void (*)(boost::RandomAccessRangeConcept<std::vector<double> >)>’
/mnt/library/BH/include/boost/range/algorithm/nth_element.hpp:33:5:   required from ‘RandomAccessRange& boost::range::random_shuffle(RandomAccessRange&, Generator&) [with RandomAccessRange = std::vector<double>; Generator = pcg_detail::engine<unsigned int, long unsigned int, pcg_detail::xsh_rr_mixin<unsigned int, long unsigned int>, true, pcg_detail::specific_stream<long unsigned int>, pcg_detail::default_multiplier<long unsigned int> >]’
cyclone_scores.cpp:115:41:   required from here
/mnt/library/BH/include/boost/concept/usage.hpp:20:48: warning: ‘this’ pointer is null [-Wnonnull]
   20 |     ~usage_requirements() { ((Model*)0)->~Model(); }
      |                             ~~~~~~~~~~~~~~~~~~~^~
/mnt/library/BH/include/boost/concept/usage.hpp:37:7: note: in a call to non-static member function ‘boost::EqualityComparable<TT>::~EqualityComparable() [with TT = __gnu_cxx::__normal_iterator<double*, std::vector<double> >]’
   37 |       ~model()
      |       ^
/mnt/library/BH/include/boost/concept_check.hpp:233:5: note: in expansion of macro ‘BOOST_CONCEPT_USAGE’
  233 |     BOOST_CONCEPT_USAGE(EqualityComparable) {
      |     ^~~~~~~~~~~~~~~~~~~
/mnt/library/BH/include/boost/concept/usage.hpp: In instantiation of ‘boost::concepts::usage_requirements<Model>::~usage_requirements() [with Model = boost::Convertible<boost::iterators::random_access_traversal_tag, boost::iterators::single_pass_traversal_tag>]’:
/mnt/library/BH/include/boost/concept/detail/general.hpp:50:47:   required from ‘static void boost::concepts::requirement<boost::concepts::failed************ Model::************>::failed() [with Model = boost::concepts::usage_requirements<boost::Convertible<boost::iterators::random_access_traversal_tag, boost::iterators::single_pass_traversal_tag> >]’
/mnt/library/BH/include/boost/concept_check.hpp:208:5:   required from ‘struct boost::Convertible<boost::iterators::random_access_traversal_tag, boost::iterators::single_pass_traversal_tag>’
/mnt/library/BH/include/boost/concept/detail/has_constraints.hpp:32:62:   required by substitution of ‘template<class Model> boost::concepts::detail::yes boost::concepts::detail::has_constraints_(Model*, wrap_constraints<Model, (& Model::constraints)>*) [with Model = boost::Convertible<boost::iterators::random_access_traversal_tag, boost::iterators::single_pass_traversal_tag>]’
/mnt/library/BH/include/boost/concept/detail/has_constraints.hpp:42:5:   required from ‘const bool boost::concepts::not_satisfied<boost::Convertible<boost::iterators::random_access_traversal_tag, boost::iterators::single_pass_traversal_tag> >::value’
/mnt/library/BH/include/boost/concept/detail/has_constraints.hpp:45:51:   required from ‘struct boost::concepts::not_satisfied<boost::Convertible<boost::iterators::random_access_traversal_tag, boost::iterators::single_pass_traversal_tag> >’
/mnt/library/BH/include/boost/concept/detail/general.hpp:72:8:   [ skipping 10 instantiation contexts, use -ftemplate-backtrace-limit=0 to disable ]
/mnt/library/BH/include/boost/concept/detail/has_constraints.hpp:32:62:   required by substitution of ‘template<class Model> boost::concepts::detail::yes boost::concepts::detail::has_constraints_(Model*, wrap_constraints<Model, (& Model::constraints)>*) [with Model = boost::RandomAccessRangeConcept<std::vector<double> >]’
/mnt/library/BH/include/boost/concept/detail/has_constraints.hpp:42:5:   required from ‘const bool boost::concepts::not_satisfied<boost::RandomAccessRangeConcept<std::vector<double> > >::value’
/mnt/library/BH/include/boost/concept/detail/has_constraints.hpp:45:51:   required from ‘struct boost::concepts::not_satisfied<boost::RandomAccessRangeConcept<std::vector<double> > >’
/mnt/library/BH/include/boost/concept/detail/general.hpp:72:8:   required from ‘struct boost::concepts::requirement_<void (*)(boost::RandomAccessRangeConcept<std::vector<double> >)>’
/mnt/library/BH/include/boost/range/algorithm/nth_element.hpp:33:5:   required from ‘RandomAccessRange& boost::range::random_shuffle(RandomAccessRange&, Generator&) [with RandomAccessRange = std::vector<double>; Generator = pcg_detail::engine<unsigned int, long unsigned int, pcg_detail::xsh_rr_mixin<unsigned int, long unsigned int>, true, pcg_detail::specific_stream<long unsigned int>, pcg_detail::default_multiplier<long unsigned int> >]’
cyclone_scores.cpp:115:41:   required from here
/mnt/library/BH/include/boost/concept/usage.hpp:20:48: warning: ‘this’ pointer is null [-Wnonnull]
   20 |     ~usage_requirements() { ((Model*)0)->~Model(); }
      |                             ~~~~~~~~~~~~~~~~~~~^~
/mnt/library/BH/include/boost/concept/usage.hpp:37:7: note: in a call to non-static member function ‘boost::Convertible<X, Y>::~Convertible() [with X = boost::iterators::random_access_traversal_tag; Y = boost::iterators::single_pass_traversal_tag]’
   37 |       ~model()
      |       ^
/mnt/library/BH/include/boost/concept_check.hpp:208:5: note: in expansion of macro ‘BOOST_CONCEPT_USAGE’
  208 |     BOOST_CONCEPT_USAGE(Convertible) {
      |     ^~~~~~~~~~~~~~~~~~~
/mnt/library/BH/include/boost/concept/usage.hpp: In instantiation of ‘boost::concepts::usage_requirements<Model>::~usage_requirements() [with Model = boost::range_detail::SinglePassIteratorConcept<__gnu_cxx::__normal_iterator<double*, std::vector<double> > >]’:
/mnt/library/BH/include/boost/concept/detail/general.hpp:50:47:   required from ‘static void boost::concepts::requirement<boost::concepts::failed************ Model::************>::failed() [with Model = boost::concepts::usage_requirements<boost::range_detail::SinglePassIteratorConcept<__gnu_cxx::__normal_iterator<double*, std::vector<double> > > >]’
/mnt/library/BH/include/boost/range/concepts.hpp:160:13:   required from ‘struct boost::range_detail::SinglePassIteratorConcept<__gnu_cxx::__normal_iterator<double*, std::vector<double> > >’
/mnt/library/BH/include/boost/concept/detail/has_constraints.hpp:32:62:   required by substitution of ‘template<class Model> boost::concepts::detail::yes boost::concepts::detail::has_constraints_(Model*, wrap_constraints<Model, (& Model::constraints)>*) [with Model = boost::range_detail::SinglePassIteratorConcept<__gnu_cxx::__normal_iterator<double*, std::vector<double> > >]’
/mnt/library/BH/include/boost/concept/detail/has_constraints.hpp:42:5:   required from ‘const bool boost::concepts::not_satisfied<boost::range_detail::SinglePassIteratorConcept<__gnu_cxx::__normal_iterator<double*, std::vector<double> > > >::value’
/mnt/library/BH/include/boost/concept/detail/has_constraints.hpp:45:51:   required from ‘struct boost::concepts::not_satisfied<boost::range_detail::SinglePassIteratorConcept<__gnu_cxx::__normal_iterator<double*, std::vector<double> > > >’
/mnt/library/BH/include/boost/concept/detail/general.hpp:72:8:   [ skipping 5 instantiation contexts, use -ftemplate-backtrace-limit=0 to disable ]
/mnt/library/BH/include/boost/concept/detail/has_constraints.hpp:32:62:   required by substitution of ‘template<class Model> boost::concepts::detail::yes boost::concepts::detail::has_constraints_(Model*, wrap_constraints<Model, (& Model::constraints)>*) [with Model = boost::RandomAccessRangeConcept<std::vector<double> >]’
/mnt/library/BH/include/boost/concept/detail/has_constraints.hpp:42:5:   required from ‘const bool boost::concepts::not_satisfied<boost::RandomAccessRangeConcept<std::vector<double> > >::value’
/mnt/library/BH/include/boost/concept/detail/has_constraints.hpp:45:51:   required from ‘struct boost::concepts::not_satisfied<boost::RandomAccessRangeConcept<std::vector<double> > >’
/mnt/library/BH/include/boost/concept/detail/general.hpp:72:8:   required from ‘struct boost::concepts::requirement_<void (*)(boost::RandomAccessRangeConcept<std::vector<double> >)>’
/mnt/library/BH/include/boost/range/algorithm/nth_element.hpp:33:5:   required from ‘RandomAccessRange& boost::range::random_shuffle(RandomAccessRange&, Generator&) [with RandomAccessRange = std::vector<double>; Generator = pcg_detail::engine<unsigned int, long unsigned int, pcg_detail::xsh_rr_mixin<unsigned int, long unsigned int>, true, pcg_detail::specific_stream<long unsigned int>, pcg_detail::default_multiplier<long unsigned int> >]’
cyclone_scores.cpp:115:41:   required from here
/mnt/library/BH/include/boost/concept/usage.hpp:20:48: warning: ‘this’ pointer is null [-Wnonnull]
   20 |     ~usage_requirements() { ((Model*)0)->~Model(); }
      |                             ~~~~~~~~~~~~~~~~~~~^~
/mnt/library/BH/include/boost/concept/usage.hpp:37:7: note: in a call to non-static member function ‘boost::range_detail::SinglePassIteratorConcept<Iterator>::~SinglePassIteratorConcept() [with Iterator = __gnu_cxx::__normal_iterator<double*, std::vector<double> >]’
   37 |       ~model()
      |       ^
/mnt/library/BH/include/boost/range/concepts.hpp:160:13: note: in expansion of macro ‘BOOST_CONCEPT_USAGE’
  160 |             BOOST_CONCEPT_USAGE(SinglePassIteratorConcept)
      |             ^~~~~~~~~~~~~~~~~~~
/mnt/library/BH/include/boost/concept/usage.hpp: In instantiation of ‘boost::concepts::usage_requirements<Model>::~usage_requirements() [with Model = boost::CopyConstructible<__gnu_cxx::__normal_iterator<const double*, std::vector<double> > >]’:
/mnt/library/BH/include/boost/concept/detail/general.hpp:50:47:   required from ‘static void boost::concepts::requirement<boost::concepts::failed************ Model::************>::failed() [with Model = boost::concepts::usage_requirements<boost::CopyConstructible<__gnu_cxx::__normal_iterator<const double*, std::vector<double> > > >]’
/mnt/library/BH/include/boost/concept_check.hpp:167:5:   required from ‘struct boost::CopyConstructible<__gnu_cxx::__normal_iterator<const double*, std::vector<double> > >’
/mnt/library/BH/include/boost/range/concepts.hpp:127:16:   required from ‘struct boost::range_detail::IncrementableIteratorConcept<__gnu_cxx::__normal_iterator<const double*, std::vector<double> > >’
/mnt/library/BH/include/boost/range/concepts.hpp:149:16:   required from ‘struct boost::range_detail::SinglePassIteratorConcept<__gnu_cxx::__normal_iterator<const double*, std::vector<double> > >’
/mnt/library/BH/include/boost/concept/detail/has_constraints.hpp:32:62:   required by substitution of ‘template<class Model> boost::concepts::detail::yes boost::concepts::detail::has_constraints_(Model*, wrap_constraints<Model, (& Model::constraints)>*) [with Model = boost::range_detail::SinglePassIteratorConcept<__gnu_cxx::__normal_iterator<const double*, std::vector<double> > >]’
/mnt/library/BH/include/boost/concept/detail/has_constraints.hpp:42:5:   [ skipping 7 instantiation contexts, use -ftemplate-backtrace-limit=0 to disable ]
/mnt/library/BH/include/boost/concept/detail/has_constraints.hpp:32:62:   required by substitution of ‘template<class Model> boost::concepts::detail::yes boost::concepts::detail::has_constraints_(Model*, wrap_constraints<Model, (& Model::constraints)>*) [with Model = boost::RandomAccessRangeConcept<std::vector<double> >]’
/mnt/library/BH/include/boost/concept/detail/has_constraints.hpp:42:5:   required from ‘const bool boost::concepts::not_satisfied<boost::RandomAccessRangeConcept<std::vector<double> > >::value’
/mnt/library/BH/include/boost/concept/detail/has_constraints.hpp:45:51:   required from ‘struct boost::concepts::not_satisfied<boost::RandomAccessRangeConcept<std::vector<double> > >’
/mnt/library/BH/include/boost/concept/detail/general.hpp:72:8:   required from ‘struct boost::concepts::requirement_<void (*)(boost::RandomAccessRangeConcept<std::vector<double> >)>’
/mnt/library/BH/include/boost/range/algorithm/nth_element.hpp:33:5:   required from ‘RandomAccessRange& boost::range::random_shuffle(RandomAccessRange&, Generator&) [with RandomAccessRange = std::vector<double>; Generator = pcg_detail::engine<unsigned int, long unsigned int, pcg_detail::xsh_rr_mixin<unsigned int, long unsigned int>, true, pcg_detail::specific_stream<long unsigned int>, pcg_detail::default_multiplier<long unsigned int> >]’
cyclone_scores.cpp:115:41:   required from here
/mnt/library/BH/include/boost/concept/usage.hpp:20:48: warning: ‘this’ pointer is null [-Wnonnull]
   20 |     ~usage_requirements() { ((Model*)0)->~Model(); }
      |                             ~~~~~~~~~~~~~~~~~~~^~
/mnt/library/BH/include/boost/concept/usage.hpp:37:7: note: in a call to non-static member function ‘boost::CopyConstructible<TT>::~CopyConstructible() [with TT = __gnu_cxx::__normal_iterator<const double*, std::vector<double> >]’
   37 |       ~model()
      |       ^
/mnt/library/BH/include/boost/concept_check.hpp:167:5: note: in expansion of macro ‘BOOST_CONCEPT_USAGE’
  167 |     BOOST_CONCEPT_USAGE(CopyConstructible) {
      |     ^~~~~~~~~~~~~~~~~~~
/mnt/library/BH/include/boost/concept/usage.hpp: In instantiation of ‘boost::concepts::usage_requirements<Model>::~usage_requirements() [with Model = boost::range_detail::IncrementableIteratorConcept<__gnu_cxx::__normal_iterator<const double*, std::vector<double> > >]’:
/mnt/library/BH/include/boost/concept/detail/general.hpp:50:47:   required from ‘static void boost::concepts::requirement<boost::concepts::failed************ Model::************>::failed() [with Model = boost::concepts::usage_requirements<boost::range_detail::IncrementableIteratorConcept<__gnu_cxx::__normal_iterator<const double*, std::vector<double> > > >]’
/mnt/library/BH/include/boost/range/concepts.hpp:138:13:   required from ‘struct boost::range_detail::IncrementableIteratorConcept<__gnu_cxx::__normal_iterator<const double*, std::vector<double> > >’
/mnt/library/BH/include/boost/range/concepts.hpp:149:16:   required from ‘struct boost::range_detail::SinglePassIteratorConcept<__gnu_cxx::__normal_iterator<const double*, std::vector<double> > >’
/mnt/library/BH/include/boost/concept/detail/has_constraints.hpp:32:62:   required by substitution of ‘template<class Model> boost::concepts::detail::yes boost::concepts::detail::has_constraints_(Model*, wrap_constraints<Model, (& Model::constraints)>*) [with Model = boost::range_detail::SinglePassIteratorConcept<__gnu_cxx::__normal_iterator<const double*, std::vector<double> > >]’
/mnt/library/BH/include/boost/concept/detail/has_constraints.hpp:42:5:   required from ‘const bool boost::concepts::not_satisfied<boost::range_detail::SinglePassIteratorConcept<__gnu_cxx::__normal_iterator<const double*, std::vector<double> > > >::value’
/mnt/library/BH/include/boost/concept/detail/has_constraints.hpp:45:51:   [ skipping 6 instantiation contexts, use -ftemplate-backtrace-limit=0 to disable ]
/mnt/library/BH/include/boost/concept/detail/has_constraints.hpp:32:62:   required by substitution of ‘template<class Model> boost::concepts::detail::yes boost::concepts::detail::has_constraints_(Model*, wrap_constraints<Model, (& Model::constraints)>*) [with Model = boost::RandomAccessRangeConcept<std::vector<double> >]’
/mnt/library/BH/include/boost/concept/detail/has_constraints.hpp:42:5:   required from ‘const bool boost::concepts::not_satisfied<boost::RandomAccessRangeConcept<std::vector<double> > >::value’
/mnt/library/BH/include/boost/concept/detail/has_constraints.hpp:45:51:   required from ‘struct boost::concepts::not_satisfied<boost::RandomAccessRangeConcept<std::vector<double> > >’
/mnt/library/BH/include/boost/concept/detail/general.hpp:72:8:   required from ‘struct boost::concepts::requirement_<void (*)(boost::RandomAccessRangeConcept<std::vector<double> >)>’
/mnt/library/BH/include/boost/range/algorithm/nth_element.hpp:33:5:   required from ‘RandomAccessRange& boost::range::random_shuffle(RandomAccessRange&, Generator&) [with RandomAccessRange = std::vector<double>; Generator = pcg_detail::engine<unsigned int, long unsigned int, pcg_detail::xsh_rr_mixin<unsigned int, long unsigned int>, true, pcg_detail::specific_stream<long unsigned int>, pcg_detail::default_multiplier<long unsigned int> >]’
cyclone_scores.cpp:115:41:   required from here
/mnt/library/BH/include/boost/concept/usage.hpp:20:48: warning: ‘this’ pointer is null [-Wnonnull]
   20 |     ~usage_requirements() { ((Model*)0)->~Model(); }
      |                             ~~~~~~~~~~~~~~~~~~~^~
/mnt/library/BH/include/boost/concept/usage.hpp:37:7: note: in a call to non-static member function ‘boost::range_detail::IncrementableIteratorConcept<Iterator>::~IncrementableIteratorConcept() [with Iterator = __gnu_cxx::__normal_iterator<const double*, std::vector<double> >]’
   37 |       ~model()
      |       ^
/mnt/library/BH/include/boost/range/concepts.hpp:138:13: note: in expansion of macro ‘BOOST_CONCEPT_USAGE’
  138 |             BOOST_CONCEPT_USAGE(IncrementableIteratorConcept)
      |             ^~~~~~~~~~~~~~~~~~~
/mnt/library/BH/include/boost/concept/usage.hpp: In instantiation of ‘boost::concepts::usage_requirements<Model>::~usage_requirements() [with Model = boost::EqualityComparable<__gnu_cxx::__normal_iterator<const double*, std::vector<double> > >]’:
/mnt/library/BH/include/boost/concept/detail/general.hpp:50:47:   required from ‘static void boost::concepts::requirement<boost::concepts::failed************ Model::************>::failed() [with Model = boost::concepts::usage_requirements<boost::EqualityComparable<__gnu_cxx::__normal_iterator<const double*, std::vector<double> > > >]’
/mnt/library/BH/include/boost/concept_check.hpp:233:5:   required from ‘struct boost::EqualityComparable<__gnu_cxx::__normal_iterator<const double*, std::vector<double> > >’
/mnt/library/BH/include/boost/range/concepts.hpp:149:16:   required from ‘struct boost::range_detail::SinglePassIteratorConcept<__gnu_cxx::__normal_iterator<const double*, std::vector<double> > >’
/mnt/library/BH/include/boost/concept/detail/has_constraints.hpp:32:62:   required by substitution of ‘template<class Model> boost::concepts::detail::yes boost::concepts::detail::has_constraints_(Model*, wrap_constraints<Model, (& Model::constraints)>*) [with Model = boost::range_detail::SinglePassIteratorConcept<__gnu_cxx::__normal_iterator<const double*, std::vector<double> > >]’
/mnt/library/BH/include/boost/concept/detail/has_constraints.hpp:42:5:   required from ‘const bool boost::concepts::not_satisfied<boost::range_detail::SinglePassIteratorConcept<__gnu_cxx::__normal_iterator<const double*, std::vector<double> > > >::value’
/mnt/library/BH/include/boost/concept/detail/has_constraints.hpp:45:51:   [ skipping 6 instantiation contexts, use -ftemplate-backtrace-limit=0 to disable ]
/mnt/library/BH/include/boost/concept/detail/has_constraints.hpp:32:62:   required by substitution of ‘template<class Model> boost::concepts::detail::yes boost::concepts::detail::has_constraints_(Model*, wrap_constraints<Model, (& Model::constraints)>*) [with Model = boost::RandomAccessRangeConcept<std::vector<double> >]’
/mnt/library/BH/include/boost/concept/detail/has_constraints.hpp:42:5:   required from ‘const bool boost::concepts::not_satisfied<boost::RandomAccessRangeConcept<std::vector<double> > >::value’
/mnt/library/BH/include/boost/concept/detail/has_constraints.hpp:45:51:   required from ‘struct boost::concepts::not_satisfied<boost::RandomAccessRangeConcept<std::vector<double> > >’
/mnt/library/BH/include/boost/concept/detail/general.hpp:72:8:   required from ‘struct boost::concepts::requirement_<void (*)(boost::RandomAccessRangeConcept<std::vector<double> >)>’
/mnt/library/BH/include/boost/range/algorithm/nth_element.hpp:33:5:   required from ‘RandomAccessRange& boost::range::random_shuffle(RandomAccessRange&, Generator&) [with RandomAccessRange = std::vector<double>; Generator = pcg_detail::engine<unsigned int, long unsigned int, pcg_detail::xsh_rr_mixin<unsigned int, long unsigned int>, true, pcg_detail::specific_stream<long unsigned int>, pcg_detail::default_multiplier<long unsigned int> >]’
cyclone_scores.cpp:115:41:   required from here
/mnt/library/BH/include/boost/concept/usage.hpp:20:48: warning: ‘this’ pointer is null [-Wnonnull]
   20 |     ~usage_requirements() { ((Model*)0)->~Model(); }
      |                             ~~~~~~~~~~~~~~~~~~~^~
/mnt/library/BH/include/boost/concept/usage.hpp:37:7: note: in a call to non-static member function ‘boost::EqualityComparable<TT>::~EqualityComparable() [with TT = __gnu_cxx::__normal_iterator<const double*, std::vector<double> >]’
   37 |       ~model()
      |       ^
/mnt/library/BH/include/boost/concept_check.hpp:233:5: note: in expansion of macro ‘BOOST_CONCEPT_USAGE’
  233 |     BOOST_CONCEPT_USAGE(EqualityComparable) {
      |     ^~~~~~~~~~~~~~~~~~~
/mnt/library/BH/include/boost/concept/usage.hpp: In instantiation of ‘boost::concepts::usage_requirements<Model>::~usage_requirements() [with Model = boost::range_detail::SinglePassIteratorConcept<__gnu_cxx::__normal_iterator<const double*, std::vector<double> > >]’:
/mnt/library/BH/include/boost/concept/detail/general.hpp:50:47:   required from ‘static void boost::concepts::requirement<boost::concepts::failed************ Model::************>::failed() [with Model = boost::concepts::usage_requirements<boost::range_detail::SinglePassIteratorConcept<__gnu_cxx::__normal_iterator<const double*, std::vector<double> > > >]’
/mnt/library/BH/include/boost/range/concepts.hpp:160:13:   required from ‘struct boost::range_detail::SinglePassIteratorConcept<__gnu_cxx::__normal_iterator<const double*, std::vector<double> > >’
/mnt/library/BH/include/boost/concept/detail/has_constraints.hpp:32:62:   required by substitution of ‘template<class Model> boost::concepts::detail::yes boost::concepts::detail::has_constraints_(Model*, wrap_constraints<Model, (& Model::constraints)>*) [with Model = boost::range_detail::SinglePassIteratorConcept<__gnu_cxx::__normal_iterator<const double*, std::vector<double> > >]’
/mnt/library/BH/include/boost/concept/detail/has_constraints.hpp:42:5:   required from ‘const bool boost::concepts::not_satisfied<boost::range_detail::SinglePassIteratorConcept<__gnu_cxx::__normal_iterator<const double*, std::vector<double> > > >::value’
/mnt/library/BH/include/boost/concept/detail/has_constraints.hpp:45:51:   required from ‘struct boost::concepts::not_satisfied<boost::range_detail::SinglePassIteratorConcept<__gnu_cxx::__normal_iterator<const double*, std::vector<double> > > >’
/mnt/library/BH/include/boost/concept/detail/general.hpp:72:8:   [ skipping 5 instantiation contexts, use -ftemplate-backtrace-limit=0 to disable ]
/mnt/library/BH/include/boost/concept/detail/has_constraints.hpp:32:62:   required by substitution of ‘template<class Model> boost::concepts::detail::yes boost::concepts::detail::has_constraints_(Model*, wrap_constraints<Model, (& Model::constraints)>*) [with Model = boost::RandomAccessRangeConcept<std::vector<double> >]’
/mnt/library/BH/include/boost/concept/detail/has_constraints.hpp:42:5:   required from ‘const bool boost::concepts::not_satisfied<boost::RandomAccessRangeConcept<std::vector<double> > >::value’
/mnt/library/BH/include/boost/concept/detail/has_constraints.hpp:45:51:   required from ‘struct boost::concepts::not_satisfied<boost::RandomAccessRangeConcept<std::vector<double> > >’
/mnt/library/BH/include/boost/concept/detail/general.hpp:72:8:   required from ‘struct boost::concepts::requirement_<void (*)(boost::RandomAccessRangeConcept<std::vector<double> >)>’
/mnt/library/BH/include/boost/range/algorithm/nth_element.hpp:33:5:   required from ‘RandomAccessRange& boost::range::random_shuffle(RandomAccessRange&, Generator&) [with RandomAccessRange = std::vector<double>; Generator = pcg_detail::engine<unsigned int, long unsigned int, pcg_detail::xsh_rr_mixin<unsigned int, long unsigned int>, true, pcg_detail::specific_stream<long unsigned int>, pcg_detail::default_multiplier<long unsigned int> >]’
cyclone_scores.cpp:115:41:   required from here
/mnt/library/BH/include/boost/concept/usage.hpp:20:48: warning: ‘this’ pointer is null [-Wnonnull]
   20 |     ~usage_requirements() { ((Model*)0)->~Model(); }
      |                             ~~~~~~~~~~~~~~~~~~~^~
/mnt/library/BH/include/boost/concept/usage.hpp:37:7: note: in a call to non-static member function ‘boost::range_detail::SinglePassIteratorConcept<Iterator>::~SinglePassIteratorConcept() [with Iterator = __gnu_cxx::__normal_iterator<const double*, std::vector<double> >]’
   37 |       ~model()
      |       ^
/mnt/library/BH/include/boost/range/concepts.hpp:160:13: note: in expansion of macro ‘BOOST_CONCEPT_USAGE’
  160 |             BOOST_CONCEPT_USAGE(SinglePassIteratorConcept)
      |             ^~~~~~~~~~~~~~~~~~~
/mnt/library/BH/include/boost/concept/usage.hpp: In instantiation of ‘boost::concepts::usage_requirements<Model>::~usage_requirements() [with Model = boost::SinglePassRangeConcept<std::vector<double> >]’:
/mnt/library/BH/include/boost/concept/detail/general.hpp:50:47:   required from ‘static void boost::concepts::requirement<boost::concepts::failed************ Model::************>::failed() [with Model = boost::concepts::usage_requirements<boost::SinglePassRangeConcept<std::vector<double> > >]’
/mnt/library/BH/include/boost/range/concepts.hpp:286:9:   required from ‘struct boost::SinglePassRangeConcept<std::vector<double> >’
/mnt/library/BH/include/boost/range/concepts.hpp:320:12:   required from ‘struct boost::ForwardRangeConcept<std::vector<double> >’
/mnt/library/BH/include/boost/range/concepts.hpp:354:12:   required from ‘struct boost::BidirectionalRangeConcept<std::vector<double> >’
/mnt/library/BH/include/boost/range/concepts.hpp:372:12:   required from ‘struct boost::RandomAccessRangeConcept<std::vector<double> >’
/mnt/library/BH/include/boost/concept/detail/has_constraints.hpp:32:62:   required by substitution of ‘template<class Model> boost::concepts::detail::yes boost::concepts::detail::has_constraints_(Model*, wrap_constraints<Model, (& Model::constraints)>*) [with Model = boost::RandomAccessRangeConcept<std::vector<double> >]’
/mnt/library/BH/include/boost/concept/detail/has_constraints.hpp:42:5:   required from ‘const bool boost::concepts::not_satisfied<boost::RandomAccessRangeConcept<std::vector<double> > >::value’
/mnt/library/BH/include/boost/concept/detail/has_constraints.hpp:45:51:   required from ‘struct boost::concepts::not_satisfied<boost::RandomAccessRangeConcept<std::vector<double> > >’
/mnt/library/BH/include/boost/concept/detail/general.hpp:72:8:   required from ‘struct boost::concepts::requirement_<void (*)(boost::RandomAccessRangeConcept<std::vector<double> >)>’
/mnt/library/BH/include/boost/range/algorithm/nth_element.hpp:33:5:   required from ‘RandomAccessRange& boost::range::random_shuffle(RandomAccessRange&, Generator&) [with RandomAccessRange = std::vector<double>; Generator = pcg_detail::engine<unsigned int, long unsigned int, pcg_detail::xsh_rr_mixin<unsigned int, long unsigned int>, true, pcg_detail::specific_stream<long unsigned int>, pcg_detail::default_multiplier<long unsigned int> >]’
cyclone_scores.cpp:115:41:   required from here
/mnt/library/BH/include/boost/concept/usage.hpp:20:48: warning: ‘this’ pointer is null [-Wnonnull]
   20 |     ~usage_requirements() { ((Model*)0)->~Model(); }
      |                             ~~~~~~~~~~~~~~~~~~~^~
/mnt/library/BH/include/boost/concept/usage.hpp:37:7: note: in a call to non-static member function ‘boost::SinglePassRangeConcept<T>::~SinglePassRangeConcept() [with T = std::vector<double>]’
   37 |       ~model()
      |       ^
/mnt/library/BH/include/boost/range/concepts.hpp:286:9: note: in expansion of macro ‘BOOST_CONCEPT_USAGE’
  286 |         BOOST_CONCEPT_USAGE(SinglePassRangeConcept)
      |         ^~~~~~~~~~~~~~~~~~~
/mnt/library/BH/include/boost/concept/usage.hpp: In instantiation of ‘boost::concepts::usage_requirements<Model>::~usage_requirements() [with Model = boost::DefaultConstructible<__gnu_cxx::__normal_iterator<double*, std::vector<double> > >]’:
/mnt/library/BH/include/boost/concept/detail/general.hpp:50:47:   required from ‘static void boost::concepts::requirement<boost::concepts::failed************ Model::************>::failed() [with Model = boost::concepts::usage_requirements<boost::DefaultConstructible<__gnu_cxx::__normal_iterator<double*, std::vector<double> > > >]’
/mnt/library/BH/include/boost/concept_check.hpp:137:5:   required from ‘struct boost::DefaultConstructible<__gnu_cxx::__normal_iterator<double*, std::vector<double> > >’
/mnt/library/BH/include/boost/range/concepts.hpp:183:16:   required from ‘struct boost::range_detail::ForwardIteratorConcept<__gnu_cxx::__normal_iterator<double*, std::vector<double> > >’
/mnt/library/BH/include/boost/concept/detail/has_constraints.hpp:32:62:   required by substitution of ‘template<class Model> boost::concepts::detail::yes boost::concepts::detail::has_constraints_(Model*, wrap_constraints<Model, (& Model::constraints)>*) [with Model = boost::range_detail::ForwardIteratorConcept<__gnu_cxx::__normal_iterator<double*, std::vector<double> > >]’
/mnt/library/BH/include/boost/concept/detail/has_constraints.hpp:42:5:   required from ‘const bool boost::concepts::not_satisfied<boost::range_detail::ForwardIteratorConcept<__gnu_cxx::__normal_iterator<double*, std::vector<double> > > >::value’
/mnt/library/BH/include/boost/concept/detail/has_constraints.hpp:45:51:   [ skipping 5 instantiation contexts, use -ftemplate-backtrace-limit=0 to disable ]
/mnt/library/BH/include/boost/concept/detail/has_constraints.hpp:32:62:   required by substitution of ‘template<class Model> boost::concepts::detail::yes boost::concepts::detail::has_constraints_(Model*, wrap_constraints<Model, (& Model::constraints)>*) [with Model = boost::RandomAccessRangeConcept<std::vector<double> >]’
/mnt/library/BH/include/boost/concept/detail/has_constraints.hpp:42:5:   required from ‘const bool boost::concepts::not_satisfied<boost::RandomAccessRangeConcept<std::vector<double> > >::value’
/mnt/library/BH/include/boost/concept/detail/has_constraints.hpp:45:51:   required from ‘struct boost::concepts::not_satisfied<boost::RandomAccessRangeConcept<std::vector<double> > >’
/mnt/library/BH/include/boost/concept/detail/general.hpp:72:8:   required from ‘struct boost::concepts::requirement_<void (*)(boost::RandomAccessRangeConcept<std::vector<double> >)>’
/mnt/library/BH/include/boost/range/algorithm/nth_element.hpp:33:5:   required from ‘RandomAccessRange& boost::range::random_shuffle(RandomAccessRange&, Generator&) [with RandomAccessRange = std::vector<double>; Generator = pcg_detail::engine<unsigned int, long unsigned int, pcg_detail::xsh_rr_mixin<unsigned int, long unsigned int>, true, pcg_detail::specific_stream<long unsigned int>, pcg_detail::default_multiplier<long unsigned int> >]’
cyclone_scores.cpp:115:41:   required from here
/mnt/library/BH/include/boost/concept/usage.hpp:20:48: warning: ‘this’ pointer is null [-Wnonnull]
   20 |     ~usage_requirements() { ((Model*)0)->~Model(); }
      |                             ~~~~~~~~~~~~~~~~~~~^~
/mnt/library/BH/include/boost/concept/usage.hpp:37:7: note: in a call to non-static member function ‘boost::DefaultConstructible<TT>::~DefaultConstructible() [with TT = __gnu_cxx::__normal_iterator<double*, std::vector<double> >]’
   37 |       ~model()
      |       ^
/mnt/library/BH/include/boost/concept_check.hpp:137:5: note: in expansion of macro ‘BOOST_CONCEPT_USAGE’
  137 |     BOOST_CONCEPT_USAGE(DefaultConstructible) {
      |     ^~~~~~~~~~~~~~~~~~~
/mnt/library/BH/include/boost/concept/usage.hpp: In instantiation of ‘boost::concepts::usage_requirements<Model>::~usage_requirements() [with Model = boost::Convertible<boost::iterators::random_access_traversal_tag, boost::iterators::forward_traversal_tag>]’:
/mnt/library/BH/include/boost/concept/detail/general.hpp:50:47:   required from ‘static void boost::concepts::requirement<boost::concepts::failed************ Model::************>::failed() [with Model = boost::concepts::usage_requirements<boost::Convertible<boost::iterators::random_access_traversal_tag, boost::iterators::forward_traversal_tag> >]’
/mnt/library/BH/include/boost/concept_check.hpp:208:5:   required from ‘struct boost::Convertible<boost::iterators::random_access_traversal_tag, boost::iterators::forward_traversal_tag>’
/mnt/library/BH/include/boost/concept/detail/has_constraints.hpp:32:62:   required by substitution of ‘template<class Model> boost::concepts::detail::yes boost::concepts::detail::has_constraints_(Model*, wrap_constraints<Model, (& Model::constraints)>*) [with Model = boost::Convertible<boost::iterators::random_access_traversal_tag, boost::iterators::forward_traversal_tag>]’
/mnt/library/BH/include/boost/concept/detail/has_constraints.hpp:42:5:   required from ‘const bool boost::concepts::not_satisfied<boost::Convertible<boost::iterators::random_access_traversal_tag, boost::iterators::forward_traversal_tag> >::value’
/mnt/library/BH/include/boost/concept/detail/has_constraints.hpp:45:51:   required from ‘struct boost::concepts::not_satisfied<boost::Convertible<boost::iterators::random_access_traversal_tag, boost::iterators::forward_traversal_tag> >’
/mnt/library/BH/include/boost/concept/detail/general.hpp:72:8:   [ skipping 9 instantiation contexts, use -ftemplate-backtrace-limit=0 to disable ]
/mnt/library/BH/include/boost/concept/detail/has_constraints.hpp:32:62:   required by substitution of ‘template<class Model> boost::concepts::detail::yes boost::concepts::detail::has_constraints_(Model*, wrap_constraints<Model, (& Model::constraints)>*) [with Model = boost::RandomAccessRangeConcept<std::vector<double> >]’
/mnt/library/BH/include/boost/concept/detail/has_constraints.hpp:42:5:   required from ‘const bool boost::concepts::not_satisfied<boost::RandomAccessRangeConcept<std::vector<double> > >::value’
/mnt/library/BH/include/boost/concept/detail/has_constraints.hpp:45:51:   required from ‘struct boost::concepts::not_satisfied<boost::RandomAccessRangeConcept<std::vector<double> > >’
/mnt/library/BH/include/boost/concept/detail/general.hpp:72:8:   required from ‘struct boost::concepts::requirement_<void (*)(boost::RandomAccessRangeConcept<std::vector<double> >)>’
/mnt/library/BH/include/boost/range/algorithm/nth_element.hpp:33:5:   required from ‘RandomAccessRange& boost::range::random_shuffle(RandomAccessRange&, Generator&) [with RandomAccessRange = std::vector<double>; Generator = pcg_detail::engine<unsigned int, long unsigned int, pcg_detail::xsh_rr_mixin<unsigned int, long unsigned int>, true, pcg_detail::specific_stream<long unsigned int>, pcg_detail::default_multiplier<long unsigned int> >]’
cyclone_scores.cpp:115:41:   required from here
/mnt/library/BH/include/boost/concept/usage.hpp:20:48: warning: ‘this’ pointer is null [-Wnonnull]
   20 |     ~usage_requirements() { ((Model*)0)->~Model(); }
      |                             ~~~~~~~~~~~~~~~~~~~^~
/mnt/library/BH/include/boost/concept/usage.hpp:37:7: note: in a call to non-static member function ‘boost::Convertible<X, Y>::~Convertible() [with X = boost::iterators::random_access_traversal_tag; Y = boost::iterators::forward_traversal_tag]’
   37 |       ~model()
      |       ^
/mnt/library/BH/include/boost/concept_check.hpp:208:5: note: in expansion of macro ‘BOOST_CONCEPT_USAGE’
  208 |     BOOST_CONCEPT_USAGE(Convertible) {
      |     ^~~~~~~~~~~~~~~~~~~
/mnt/library/BH/include/boost/concept/usage.hpp: In instantiation of ‘boost::concepts::usage_requirements<Model>::~usage_requirements() [with Model = boost::range_detail::ForwardIteratorConcept<__gnu_cxx::__normal_iterator<double*, std::vector<double> > >]’:
/mnt/library/BH/include/boost/concept/detail/general.hpp:50:47:   required from ‘static void boost::concepts::requirement<boost::concepts::failed************ Model::************>::failed() [with Model = boost::concepts::usage_requirements<boost::range_detail::ForwardIteratorConcept<__gnu_cxx::__normal_iterator<double*, std::vector<double> > > >]’
/mnt/library/BH/include/boost/range/concepts.hpp:199:13:   required from ‘struct boost::range_detail::ForwardIteratorConcept<__gnu_cxx::__normal_iterator<double*, std::vector<double> > >’
/mnt/library/BH/include/boost/concept/detail/has_constraints.hpp:32:62:   required by substitution of ‘template<class Model> boost::concepts::detail::yes boost::concepts::detail::has_constraints_(Model*, wrap_constraints<Model, (& Model::constraints)>*) [with Model = boost::range_detail::ForwardIteratorConcept<__gnu_cxx::__normal_iterator<double*, std::vector<double> > >]’
/mnt/library/BH/include/boost/concept/detail/has_constraints.hpp:42:5:   required from ‘const bool boost::concepts::not_satisfied<boost::range_detail::ForwardIteratorConcept<__gnu_cxx::__normal_iterator<double*, std::vector<double> > > >::value’
/mnt/library/BH/include/boost/concept/detail/has_constraints.hpp:45:51:   required from ‘struct boost::concepts::not_satisfied<boost::range_detail::ForwardIteratorConcept<__gnu_cxx::__normal_iterator<double*, std::vector<double> > > >’
/mnt/library/BH/include/boost/concept/detail/general.hpp:72:8:   [ skipping 4 instantiation contexts, use -ftemplate-backtrace-limit=0 to disable ]
/mnt/library/BH/include/boost/concept/detail/has_constraints.hpp:32:62:   required by substitution of ‘template<class Model> boost::concepts::detail::yes boost::concepts::detail::has_constraints_(Model*, wrap_constraints<Model, (& Model::constraints)>*) [with Model = boost::RandomAccessRangeConcept<std::vector<double> >]’
/mnt/library/BH/include/boost/concept/detail/has_constraints.hpp:42:5:   required from ‘const bool boost::concepts::not_satisfied<boost::RandomAccessRangeConcept<std::vector<double> > >::value’
/mnt/library/BH/include/boost/concept/detail/has_constraints.hpp:45:51:   required from ‘struct boost::concepts::not_satisfied<boost::RandomAccessRangeConcept<std::vector<double> > >’
/mnt/library/BH/include/boost/concept/detail/general.hpp:72:8:   required from ‘struct boost::concepts::requirement_<void (*)(boost::RandomAccessRangeConcept<std::vector<double> >)>’
/mnt/library/BH/include/boost/range/algorithm/nth_element.hpp:33:5:   required from ‘RandomAccessRange& boost::range::random_shuffle(RandomAccessRange&, Generator&) [with RandomAccessRange = std::vector<double>; Generator = pcg_detail::engine<unsigned int, long unsigned int, pcg_detail::xsh_rr_mixin<unsigned int, long unsigned int>, true, pcg_detail::specific_stream<long unsigned int>, pcg_detail::default_multiplier<long unsigned int> >]’
cyclone_scores.cpp:115:41:   required from here
/mnt/library/BH/include/boost/concept/usage.hpp:20:48: warning: ‘this’ pointer is null [-Wnonnull]
   20 |     ~usage_requirements() { ((Model*)0)->~Model(); }
      |                             ~~~~~~~~~~~~~~~~~~~^~
/mnt/library/BH/include/boost/concept/usage.hpp:37:7: note: in a call to non-static member function ‘boost::range_detail::ForwardIteratorConcept<Iterator>::~ForwardIteratorConcept() [with Iterator = __gnu_cxx::__normal_iterator<double*, std::vector<double> >]’
   37 |       ~model()
      |       ^
/mnt/library/BH/include/boost/range/concepts.hpp:199:13: note: in expansion of macro ‘BOOST_CONCEPT_USAGE’
  199 |             BOOST_CONCEPT_USAGE(ForwardIteratorConcept)
      |             ^~~~~~~~~~~~~~~~~~~
/mnt/library/BH/include/boost/concept/usage.hpp: In instantiation of ‘boost::concepts::usage_requirements<Model>::~usage_requirements() [with Model = boost::DefaultConstructible<__gnu_cxx::__normal_iterator<const double*, std::vector<double> > >]’:
/mnt/library/BH/include/boost/concept/detail/general.hpp:50:47:   required from ‘static void boost::concepts::requirement<boost::concepts::failed************ Model::************>::failed() [with Model = boost::concepts::usage_requirements<boost::DefaultConstructible<__gnu_cxx::__normal_iterator<const double*, std::vector<double> > > >]’
/mnt/library/BH/include/boost/concept_check.hpp:137:5:   required from ‘struct boost::DefaultConstructible<__gnu_cxx::__normal_iterator<const double*, std::vector<double> > >’
/mnt/library/BH/include/boost/range/concepts.hpp:183:16:   required from ‘struct boost::range_detail::ForwardIteratorConcept<__gnu_cxx::__normal_iterator<const double*, std::vector<double> > >’
/mnt/library/BH/include/boost/concept/detail/has_constraints.hpp:32:62:   required by substitution of ‘template<class Model> boost::concepts::detail::yes boost::concepts::detail::has_constraints_(Model*, wrap_constraints<Model, (& Model::constraints)>*) [with Model = boost::range_detail::ForwardIteratorConcept<__gnu_cxx::__normal_iterator<const double*, std::vector<double> > >]’
/mnt/library/BH/include/boost/concept/detail/has_constraints.hpp:42:5:   required from ‘const bool boost::concepts::not_satisfied<boost::range_detail::ForwardIteratorConcept<__gnu_cxx::__normal_iterator<const double*, std::vector<double> > > >::value’
/mnt/library/BH/include/boost/concept/detail/has_constraints.hpp:45:51:   [ skipping 5 instantiation contexts, use -ftemplate-backtrace-limit=0 to disable ]
/mnt/library/BH/include/boost/concept/detail/has_constraints.hpp:32:62:   required by substitution of ‘template<class Model> boost::concepts::detail::yes boost::concepts::detail::has_constraints_(Model*, wrap_constraints<Model, (& Model::constraints)>*) [with Model = boost::RandomAccessRangeConcept<std::vector<double> >]’
/mnt/library/BH/include/boost/concept/detail/has_constraints.hpp:42:5:   required from ‘const bool boost::concepts::not_satisfied<boost::RandomAccessRangeConcept<std::vector<double> > >::value’
/mnt/library/BH/include/boost/concept/detail/has_constraints.hpp:45:51:   required from ‘struct boost::concepts::not_satisfied<boost::RandomAccessRangeConcept<std::vector<double> > >’
/mnt/library/BH/include/boost/concept/detail/general.hpp:72:8:   required from ‘struct boost::concepts::requirement_<void (*)(boost::RandomAccessRangeConcept<std::vector<double> >)>’
/mnt/library/BH/include/boost/range/algorithm/nth_element.hpp:33:5:   required from ‘RandomAccessRange& boost::range::random_shuffle(RandomAccessRange&, Generator&) [with RandomAccessRange = std::vector<double>; Generator = pcg_detail::engine<unsigned int, long unsigned int, pcg_detail::xsh_rr_mixin<unsigned int, long unsigned int>, true, pcg_detail::specific_stream<long unsigned int>, pcg_detail::default_multiplier<long unsigned int> >]’
cyclone_scores.cpp:115:41:   required from here
/mnt/library/BH/include/boost/concept/usage.hpp:20:48: warning: ‘this’ pointer is null [-Wnonnull]
   20 |     ~usage_requirements() { ((Model*)0)->~Model(); }
      |                             ~~~~~~~~~~~~~~~~~~~^~
/mnt/library/BH/include/boost/concept/usage.hpp:37:7: note: in a call to non-static member function ‘boost::DefaultConstructible<TT>::~DefaultConstructible() [with TT = __gnu_cxx::__normal_iterator<const double*, std::vector<double> >]’
   37 |       ~model()
      |       ^
/mnt/library/BH/include/boost/concept_check.hpp:137:5: note: in expansion of macro ‘BOOST_CONCEPT_USAGE’
  137 |     BOOST_CONCEPT_USAGE(DefaultConstructible) {
      |     ^~~~~~~~~~~~~~~~~~~
/mnt/library/BH/include/boost/concept/usage.hpp: In instantiation of ‘boost::concepts::usage_requirements<Model>::~usage_requirements() [with Model = boost::range_detail::ForwardIteratorConcept<__gnu_cxx::__normal_iterator<const double*, std::vector<double> > >]’:
/mnt/library/BH/include/boost/concept/detail/general.hpp:50:47:   required from ‘static void boost::concepts::requirement<boost::concepts::failed************ Model::************>::failed() [with Model = boost::concepts::usage_requirements<boost::range_detail::ForwardIteratorConcept<__gnu_cxx::__normal_iterator<const double*, std::vector<double> > > >]’
/mnt/library/BH/include/boost/range/concepts.hpp:199:13:   required from ‘struct boost::range_detail::ForwardIteratorConcept<__gnu_cxx::__normal_iterator<const double*, std::vector<double> > >’
/mnt/library/BH/include/boost/concept/detail/has_constraints.hpp:32:62:   required by substitution of ‘template<class Model> boost::concepts::detail::yes boost::concepts::detail::has_constraints_(Model*, wrap_constraints<Model, (& Model::constraints)>*) [with Model = boost::range_detail::ForwardIteratorConcept<__gnu_cxx::__normal_iterator<const double*, std::vector<double> > >]’
/mnt/library/BH/include/boost/concept/detail/has_constraints.hpp:42:5:   required from ‘const bool boost::concepts::not_satisfied<boost::range_detail::ForwardIteratorConcept<__gnu_cxx::__normal_iterator<const double*, std::vector<double> > > >::value’
/mnt/library/BH/include/boost/concept/detail/has_constraints.hpp:45:51:   required from ‘struct boost::concepts::not_satisfied<boost::range_detail::ForwardIteratorConcept<__gnu_cxx::__normal_iterator<const double*, std::vector<double> > > >’
/mnt/library/BH/include/boost/concept/detail/general.hpp:72:8:   [ skipping 4 instantiation contexts, use -ftemplate-backtrace-limit=0 to disable ]
/mnt/library/BH/include/boost/concept/detail/has_constraints.hpp:32:62:   required by substitution of ‘template<class Model> boost::concepts::detail::yes boost::concepts::detail::has_constraints_(Model*, wrap_constraints<Model, (& Model::constraints)>*) [with Model = boost::RandomAccessRangeConcept<std::vector<double> >]’
/mnt/library/BH/include/boost/concept/detail/has_constraints.hpp:42:5:   required from ‘const bool boost::concepts::not_satisfied<boost::RandomAccessRangeConcept<std::vector<double> > >::value’
/mnt/library/BH/include/boost/concept/detail/has_constraints.hpp:45:51:   required from ‘struct boost::concepts::not_satisfied<boost::RandomAccessRangeConcept<std::vector<double> > >’
/mnt/library/BH/include/boost/concept/detail/general.hpp:72:8:   required from ‘struct boost::concepts::requirement_<void (*)(boost::RandomAccessRangeConcept<std::vector<double> >)>’
/mnt/library/BH/include/boost/range/algorithm/nth_element.hpp:33:5:   required from ‘RandomAccessRange& boost::range::random_shuffle(RandomAccessRange&, Generator&) [with RandomAccessRange = std::vector<double>; Generator = pcg_detail::engine<unsigned int, long unsigned int, pcg_detail::xsh_rr_mixin<unsigned int, long unsigned int>, true, pcg_detail::specific_stream<long unsigned int>, pcg_detail::default_multiplier<long unsigned int> >]’
cyclone_scores.cpp:115:41:   required from here
/mnt/library/BH/include/boost/concept/usage.hpp:20:48: warning: ‘this’ pointer is null [-Wnonnull]
   20 |     ~usage_requirements() { ((Model*)0)->~Model(); }
      |                             ~~~~~~~~~~~~~~~~~~~^~
/mnt/library/BH/include/boost/concept/usage.hpp:37:7: note: in a call to non-static member function ‘boost::range_detail::ForwardIteratorConcept<Iterator>::~ForwardIteratorConcept() [with Iterator = __gnu_cxx::__normal_iterator<const double*, std::vector<double> >]’
   37 |       ~model()
      |       ^
/mnt/library/BH/include/boost/range/concepts.hpp:199:13: note: in expansion of macro ‘BOOST_CONCEPT_USAGE’
  199 |             BOOST_CONCEPT_USAGE(ForwardIteratorConcept)
      |             ^~~~~~~~~~~~~~~~~~~
/mnt/library/BH/include/boost/concept/usage.hpp: In instantiation of ‘boost::concepts::usage_requirements<Model>::~usage_requirements() [with Model = boost::Convertible<boost::iterators::random_access_traversal_tag, boost::iterators::bidirectional_traversal_tag>]’:
/mnt/library/BH/include/boost/concept/detail/general.hpp:50:47:   required from ‘static void boost::concepts::requirement<boost::concepts::failed************ Model::************>::failed() [with Model = boost::concepts::usage_requirements<boost::Convertible<boost::iterators::random_access_traversal_tag, boost::iterators::bidirectional_traversal_tag> >]’
/mnt/library/BH/include/boost/concept_check.hpp:208:5:   required from ‘struct boost::Convertible<boost::iterators::random_access_traversal_tag, boost::iterators::bidirectional_traversal_tag>’
/mnt/library/BH/include/boost/concept/detail/has_constraints.hpp:32:62:   required by substitution of ‘template<class Model> boost::concepts::detail::yes boost::concepts::detail::has_constraints_(Model*, wrap_constraints<Model, (& Model::constraints)>*) [with Model = boost::Convertible<boost::iterators::random_access_traversal_tag, boost::iterators::bidirectional_traversal_tag>]’
/mnt/library/BH/include/boost/concept/detail/has_constraints.hpp:42:5:   required from ‘const bool boost::concepts::not_satisfied<boost::Convertible<boost::iterators::random_access_traversal_tag, boost::iterators::bidirectional_traversal_tag> >::value’
/mnt/library/BH/include/boost/concept/detail/has_constraints.hpp:45:51:   required from ‘struct boost::concepts::not_satisfied<boost::Convertible<boost::iterators::random_access_traversal_tag, boost::iterators::bidirectional_traversal_tag> >’
/mnt/library/BH/include/boost/concept/detail/general.hpp:72:8:   [ skipping 8 instantiation contexts, use -ftemplate-backtrace-limit=0 to disable ]
/mnt/library/BH/include/boost/concept/detail/has_constraints.hpp:32:62:   required by substitution of ‘template<class Model> boost::concepts::detail::yes boost::concepts::detail::has_constraints_(Model*, wrap_constraints<Model, (& Model::constraints)>*) [with Model = boost::RandomAccessRangeConcept<std::vector<double> >]’
/mnt/library/BH/include/boost/concept/detail/has_constraints.hpp:42:5:   required from ‘const bool boost::concepts::not_satisfied<boost::RandomAccessRangeConcept<std::vector<double> > >::value’
/mnt/library/BH/include/boost/concept/detail/has_constraints.hpp:45:51:   required from ‘struct boost::concepts::not_satisfied<boost::RandomAccessRangeConcept<std::vector<double> > >’
/mnt/library/BH/include/boost/concept/detail/general.hpp:72:8:   required from ‘struct boost::concepts::requirement_<void (*)(boost::RandomAccessRangeConcept<std::vector<double> >)>’
/mnt/library/BH/include/boost/range/algorithm/nth_element.hpp:33:5:   required from ‘RandomAccessRange& boost::range::random_shuffle(RandomAccessRange&, Generator&) [with RandomAccessRange = std::vector<double>; Generator = pcg_detail::engine<unsigned int, long unsigned int, pcg_detail::xsh_rr_mixin<unsigned int, long unsigned int>, true, pcg_detail::specific_stream<long unsigned int>, pcg_detail::default_multiplier<long unsigned int> >]’
cyclone_scores.cpp:115:41:   required from here
/mnt/library/BH/include/boost/concept/usage.hpp:20:48: warning: ‘this’ pointer is null [-Wnonnull]
   20 |     ~usage_requirements() { ((Model*)0)->~Model(); }
      |                             ~~~~~~~~~~~~~~~~~~~^~
/mnt/library/BH/include/boost/concept/usage.hpp:37:7: note: in a call to non-static member function ‘boost::Convertible<X, Y>::~Convertible() [with X = boost::iterators::random_access_traversal_tag; Y = boost::iterators::bidirectional_traversal_tag]’
   37 |       ~model()
      |       ^
/mnt/library/BH/include/boost/concept_check.hpp:208:5: note: in expansion of macro ‘BOOST_CONCEPT_USAGE’
  208 |     BOOST_CONCEPT_USAGE(Convertible) {
      |     ^~~~~~~~~~~~~~~~~~~
/mnt/library/BH/include/boost/concept/usage.hpp: In instantiation of ‘boost::concepts::usage_requirements<Model>::~usage_requirements() [with Model = boost::range_detail::BidirectionalIteratorConcept<__gnu_cxx::__normal_iterator<double*, std::vector<double> > >]’:
/mnt/library/BH/include/boost/concept/detail/general.hpp:50:47:   required from ‘static void boost::concepts::requirement<boost::concepts::failed************ Model::************>::failed() [with Model = boost::concepts::usage_requirements<boost::range_detail::BidirectionalIteratorConcept<__gnu_cxx::__normal_iterator<double*, std::vector<double> > > >]’
/mnt/library/BH/include/boost/range/concepts.hpp:226:14:   required from ‘struct boost::range_detail::BidirectionalIteratorConcept<__gnu_cxx::__normal_iterator<double*, std::vector<double> > >’
/mnt/library/BH/include/boost/concept/detail/has_constraints.hpp:32:62:   required by substitution of ‘template<class Model> boost::concepts::detail::yes boost::concepts::detail::has_constraints_(Model*, wrap_constraints<Model, (& Model::constraints)>*) [with Model = boost::range_detail::BidirectionalIteratorConcept<__gnu_cxx::__normal_iterator<double*, std::vector<double> > >]’
/mnt/library/BH/include/boost/concept/detail/has_constraints.hpp:42:5:   required from ‘const bool boost::concepts::not_satisfied<boost::range_detail::BidirectionalIteratorConcept<__gnu_cxx::__normal_iterator<double*, std::vector<double> > > >::value’
/mnt/library/BH/include/boost/concept/detail/has_constraints.hpp:45:51:   required from ‘struct boost::concepts::not_satisfied<boost::range_detail::BidirectionalIteratorConcept<__gnu_cxx::__normal_iterator<double*, std::vector<double> > > >’
/mnt/library/BH/include/boost/concept/detail/general.hpp:72:8:   [ skipping 3 instantiation contexts, use -ftemplate-backtrace-limit=0 to disable ]
/mnt/library/BH/include/boost/concept/detail/has_constraints.hpp:32:62:   required by substitution of ‘template<class Model> boost::concepts::detail::yes boost::concepts::detail::has_constraints_(Model*, wrap_constraints<Model, (& Model::constraints)>*) [with Model = boost::RandomAccessRangeConcept<std::vector<double> >]’
/mnt/library/BH/include/boost/concept/detail/has_constraints.hpp:42:5:   required from ‘const bool boost::concepts::not_satisfied<boost::RandomAccessRangeConcept<std::vector<double> > >::value’
/mnt/library/BH/include/boost/concept/detail/has_constraints.hpp:45:51:   required from ‘struct boost::concepts::not_satisfied<boost::RandomAccessRangeConcept<std::vector<double> > >’
/mnt/library/BH/include/boost/concept/detail/general.hpp:72:8:   required from ‘struct boost::concepts::requirement_<void (*)(boost::RandomAccessRangeConcept<std::vector<double> >)>’
/mnt/library/BH/include/boost/range/algorithm/nth_element.hpp:33:5:   required from ‘RandomAccessRange& boost::range::random_shuffle(RandomAccessRange&, Generator&) [with RandomAccessRange = std::vector<double>; Generator = pcg_detail::engine<unsigned int, long unsigned int, pcg_detail::xsh_rr_mixin<unsigned int, long unsigned int>, true, pcg_detail::specific_stream<long unsigned int>, pcg_detail::default_multiplier<long unsigned int> >]’
cyclone_scores.cpp:115:41:   required from here
/mnt/library/BH/include/boost/concept/usage.hpp:20:48: warning: ‘this’ pointer is null [-Wnonnull]
   20 |     ~usage_requirements() { ((Model*)0)->~Model(); }
      |                             ~~~~~~~~~~~~~~~~~~~^~
/mnt/library/BH/include/boost/concept/usage.hpp:37:7: note: in a call to non-static member function ‘boost::range_detail::BidirectionalIteratorConcept<Iterator>::~BidirectionalIteratorConcept() [with Iterator = __gnu_cxx::__normal_iterator<double*, std::vector<double> >]’
   37 |       ~model()
      |       ^
/mnt/library/BH/include/boost/range/concepts.hpp:226:14: note: in expansion of macro ‘BOOST_CONCEPT_USAGE’
  226 |              BOOST_CONCEPT_USAGE(BidirectionalIteratorConcept)
      |              ^~~~~~~~~~~~~~~~~~~
/mnt/library/BH/include/boost/concept/usage.hpp: In instantiation of ‘boost::concepts::usage_requirements<Model>::~usage_requirements() [with Model = boost::range_detail::BidirectionalIteratorConcept<__gnu_cxx::__normal_iterator<const double*, std::vector<double> > >]’:
/mnt/library/BH/include/boost/concept/detail/general.hpp:50:47:   required from ‘static void boost::concepts::requirement<boost::concepts::failed************ Model::************>::failed() [with Model = boost::concepts::usage_requirements<boost::range_detail::BidirectionalIteratorConcept<__gnu_cxx::__normal_iterator<const double*, std::vector<double> > > >]’
/mnt/library/BH/include/boost/range/concepts.hpp:226:14:   required from ‘struct boost::range_detail::BidirectionalIteratorConcept<__gnu_cxx::__normal_iterator<const double*, std::vector<double> > >’
/mnt/library/BH/include/boost/concept/detail/has_constraints.hpp:32:62:   required by substitution of ‘template<class Model> boost::concepts::detail::yes boost::concepts::detail::has_constraints_(Model*, wrap_constraints<Model, (& Model::constraints)>*) [with Model = boost::range_detail::BidirectionalIteratorConcept<__gnu_cxx::__normal_iterator<const double*, std::vector<double> > >]’
/mnt/library/BH/include/boost/concept/detail/has_constraints.hpp:42:5:   required from ‘const bool boost::concepts::not_satisfied<boost::range_detail::BidirectionalIteratorConcept<__gnu_cxx::__normal_iterator<const double*, std::vector<double> > > >::value’
/mnt/library/BH/include/boost/concept/detail/has_constraints.hpp:45:51:   required from ‘struct boost::concepts::not_satisfied<boost::range_detail::BidirectionalIteratorConcept<__gnu_cxx::__normal_iterator<const double*, std::vector<double> > > >’
/mnt/library/BH/include/boost/concept/detail/general.hpp:72:8:   [ skipping 3 instantiation contexts, use -ftemplate-backtrace-limit=0 to disable ]
/mnt/library/BH/include/boost/concept/detail/has_constraints.hpp:32:62:   required by substitution of ‘template<class Model> boost::concepts::detail::yes boost::concepts::detail::has_constraints_(Model*, wrap_constraints<Model, (& Model::constraints)>*) [with Model = boost::RandomAccessRangeConcept<std::vector<double> >]’
/mnt/library/BH/include/boost/concept/detail/has_constraints.hpp:42:5:   required from ‘const bool boost::concepts::not_satisfied<boost::RandomAccessRangeConcept<std::vector<double> > >::value’
/mnt/library/BH/include/boost/concept/detail/has_constraints.hpp:45:51:   required from ‘struct boost::concepts::not_satisfied<boost::RandomAccessRangeConcept<std::vector<double> > >’
/mnt/library/BH/include/boost/concept/detail/general.hpp:72:8:   required from ‘struct boost::concepts::requirement_<void (*)(boost::RandomAccessRangeConcept<std::vector<double> >)>’
/mnt/library/BH/include/boost/range/algorithm/nth_element.hpp:33:5:   required from ‘RandomAccessRange& boost::range::random_shuffle(RandomAccessRange&, Generator&) [with RandomAccessRange = std::vector<double>; Generator = pcg_detail::engine<unsigned int, long unsigned int, pcg_detail::xsh_rr_mixin<unsigned int, long unsigned int>, true, pcg_detail::specific_stream<long unsigned int>, pcg_detail::default_multiplier<long unsigned int> >]’
cyclone_scores.cpp:115:41:   required from here
/mnt/library/BH/include/boost/concept/usage.hpp:20:48: warning: ‘this’ pointer is null [-Wnonnull]
   20 |     ~usage_requirements() { ((Model*)0)->~Model(); }
      |                             ~~~~~~~~~~~~~~~~~~~^~
/mnt/library/BH/include/boost/concept/usage.hpp:37:7: note: in a call to non-static member function ‘boost::range_detail::BidirectionalIteratorConcept<Iterator>::~BidirectionalIteratorConcept() [with Iterator = __gnu_cxx::__normal_iterator<const double*, std::vector<double> >]’
   37 |       ~model()
      |       ^
/mnt/library/BH/include/boost/range/concepts.hpp:226:14: note: in expansion of macro ‘BOOST_CONCEPT_USAGE’
  226 |              BOOST_CONCEPT_USAGE(BidirectionalIteratorConcept)
      |              ^~~~~~~~~~~~~~~~~~~
/mnt/library/BH/include/boost/concept/usage.hpp: In instantiation of ‘boost::concepts::usage_requirements<Model>::~usage_requirements() [with Model = boost::Convertible<boost::iterators::random_access_traversal_tag, boost::iterators::random_access_traversal_tag>]’:
/mnt/library/BH/include/boost/concept/detail/general.hpp:50:47:   required from ‘static void boost::concepts::requirement<boost::concepts::failed************ Model::************>::failed() [with Model = boost::concepts::usage_requirements<boost::Convertible<boost::iterators::random_access_traversal_tag, boost::iterators::random_access_traversal_tag> >]’
/mnt/library/BH/include/boost/concept_check.hpp:208:5:   required from ‘struct boost::Convertible<boost::iterators::random_access_traversal_tag, boost::iterators::random_access_traversal_tag>’
/mnt/library/BH/include/boost/concept/detail/has_constraints.hpp:32:62:   required by substitution of ‘template<class Model> boost::concepts::detail::yes boost::concepts::detail::has_constraints_(Model*, wrap_constraints<Model, (& Model::constraints)>*) [with Model = boost::Convertible<boost::iterators::random_access_traversal_tag, boost::iterators::random_access_traversal_tag>]’
/mnt/library/BH/include/boost/concept/detail/has_constraints.hpp:42:5:   required from ‘const bool boost::concepts::not_satisfied<boost::Convertible<boost::iterators::random_access_traversal_tag, boost::iterators::random_access_traversal_tag> >::value’
/mnt/library/BH/include/boost/concept/detail/has_constraints.hpp:45:51:   required from ‘struct boost::concepts::not_satisfied<boost::Convertible<boost::iterators::random_access_traversal_tag, boost::iterators::random_access_traversal_tag> >’
/mnt/library/BH/include/boost/concept/detail/general.hpp:72:8:   [ skipping 7 instantiation contexts, use -ftemplate-backtrace-limit=0 to disable ]
/mnt/library/BH/include/boost/concept/detail/has_constraints.hpp:32:62:   required by substitution of ‘template<class Model> boost::concepts::detail::yes boost::concepts::detail::has_constraints_(Model*, wrap_constraints<Model, (& Model::constraints)>*) [with Model = boost::RandomAccessRangeConcept<std::vector<double> >]’
/mnt/library/BH/include/boost/concept/detail/has_constraints.hpp:42:5:   required from ‘const bool boost::concepts::not_satisfied<boost::RandomAccessRangeConcept<std::vector<double> > >::value’
/mnt/library/BH/include/boost/concept/detail/has_constraints.hpp:45:51:   required from ‘struct boost::concepts::not_satisfied<boost::RandomAccessRangeConcept<std::vector<double> > >’
/mnt/library/BH/include/boost/concept/detail/general.hpp:72:8:   required from ‘struct boost::concepts::requirement_<void (*)(boost::RandomAccessRangeConcept<std::vector<double> >)>’
/mnt/library/BH/include/boost/range/algorithm/nth_element.hpp:33:5:   required from ‘RandomAccessRange& boost::range::random_shuffle(RandomAccessRange&, Generator&) [with RandomAccessRange = std::vector<double>; Generator = pcg_detail::engine<unsigned int, long unsigned int, pcg_detail::xsh_rr_mixin<unsigned int, long unsigned int>, true, pcg_detail::specific_stream<long unsigned int>, pcg_detail::default_multiplier<long unsigned int> >]’
cyclone_scores.cpp:115:41:   required from here
/mnt/library/BH/include/boost/concept/usage.hpp:20:48: warning: ‘this’ pointer is null [-Wnonnull]
   20 |     ~usage_requirements() { ((Model*)0)->~Model(); }
      |                             ~~~~~~~~~~~~~~~~~~~^~
/mnt/library/BH/include/boost/concept/usage.hpp:37:7: note: in a call to non-static member function ‘boost::Convertible<X, Y>::~Convertible() [with X = boost::iterators::random_access_traversal_tag; Y = boost::iterators::random_access_traversal_tag]’
   37 |       ~model()
      |       ^
/mnt/library/BH/include/boost/concept_check.hpp:208:5: note: in expansion of macro ‘BOOST_CONCEPT_USAGE’
  208 |     BOOST_CONCEPT_USAGE(Convertible) {
      |     ^~~~~~~~~~~~~~~~~~~
/mnt/library/BH/include/boost/concept/usage.hpp: In instantiation of ‘boost::concepts::usage_requirements<Model>::~usage_requirements() [with Model = boost::range_detail::RandomAccessIteratorConcept<__gnu_cxx::__normal_iterator<double*, std::vector<double> > >]’:
/mnt/library/BH/include/boost/concept/detail/general.hpp:50:47:   required from ‘static void boost::concepts::requirement<boost::concepts::failed************ Model::************>::failed() [with Model = boost::concepts::usage_requirements<boost::range_detail::RandomAccessIteratorConcept<__gnu_cxx::__normal_iterator<double*, std::vector<double> > > >]’
/mnt/library/BH/include/boost/range/concepts.hpp:247:14:   required from ‘struct boost::range_detail::RandomAccessIteratorConcept<__gnu_cxx::__normal_iterator<double*, std::vector<double> > >’
/mnt/library/BH/include/boost/concept/detail/has_constraints.hpp:32:62:   required by substitution of ‘template<class Model> boost::concepts::detail::yes boost::concepts::detail::has_constraints_(Model*, wrap_constraints<Model, (& Model::constraints)>*) [with Model = boost::range_detail::RandomAccessIteratorConcept<__gnu_cxx::__normal_iterator<double*, std::vector<double> > >]’
/mnt/library/BH/include/boost/concept/detail/has_constraints.hpp:42:5:   required from ‘const bool boost::concepts::not_satisfied<boost::range_detail::RandomAccessIteratorConcept<__gnu_cxx::__normal_iterator<double*, std::vector<double> > > >::value’
/mnt/library/BH/include/boost/concept/detail/has_constraints.hpp:45:51:   required from ‘struct boost::concepts::not_satisfied<boost::range_detail::RandomAccessIteratorConcept<__gnu_cxx::__normal_iterator<double*, std::vector<double> > > >’
/mnt/library/BH/include/boost/concept/detail/general.hpp:72:8:   [ skipping 2 instantiation contexts, use -ftemplate-backtrace-limit=0 to disable ]
/mnt/library/BH/include/boost/concept/detail/has_constraints.hpp:32:62:   required by substitution of ‘template<class Model> boost::concepts::detail::yes boost::concepts::detail::has_constraints_(Model*, wrap_constraints<Model, (& Model::constraints)>*) [with Model = boost::RandomAccessRangeConcept<std::vector<double> >]’
/mnt/library/BH/include/boost/concept/detail/has_constraints.hpp:42:5:   required from ‘const bool boost::concepts::not_satisfied<boost::RandomAccessRangeConcept<std::vector<double> > >::value’
/mnt/library/BH/include/boost/concept/detail/has_constraints.hpp:45:51:   required from ‘struct boost::concepts::not_satisfied<boost::RandomAccessRangeConcept<std::vector<double> > >’
/mnt/library/BH/include/boost/concept/detail/general.hpp:72:8:   required from ‘struct boost::concepts::requirement_<void (*)(boost::RandomAccessRangeConcept<std::vector<double> >)>’
/mnt/library/BH/include/boost/range/algorithm/nth_element.hpp:33:5:   required from ‘RandomAccessRange& boost::range::random_shuffle(RandomAccessRange&, Generator&) [with RandomAccessRange = std::vector<double>; Generator = pcg_detail::engine<unsigned int, long unsigned int, pcg_detail::xsh_rr_mixin<unsigned int, long unsigned int>, true, pcg_detail::specific_stream<long unsigned int>, pcg_detail::default_multiplier<long unsigned int> >]’
cyclone_scores.cpp:115:41:   required from here
/mnt/library/BH/include/boost/concept/usage.hpp:20:48: warning: ‘this’ pointer is null [-Wnonnull]
   20 |     ~usage_requirements() { ((Model*)0)->~Model(); }
      |                             ~~~~~~~~~~~~~~~~~~~^~
/mnt/library/BH/include/boost/concept/usage.hpp:37:7: note: in a call to non-static member function ‘boost::range_detail::RandomAccessIteratorConcept<Iterator>::~RandomAccessIteratorConcept() [with Iterator = __gnu_cxx::__normal_iterator<double*, std::vector<double> >]’
   37 |       ~model()
      |       ^
/mnt/library/BH/include/boost/range/concepts.hpp:247:14: note: in expansion of macro ‘BOOST_CONCEPT_USAGE’
  247 |              BOOST_CONCEPT_USAGE(RandomAccessIteratorConcept)
      |              ^~~~~~~~~~~~~~~~~~~
/mnt/library/BH/include/boost/concept/usage.hpp: In instantiation of ‘boost::concepts::usage_requirements<Model>::~usage_requirements() [with Model = boost::range_detail::RandomAccessIteratorConcept<__gnu_cxx::__normal_iterator<const double*, std::vector<double> > >]’:
/mnt/library/BH/include/boost/concept/detail/general.hpp:50:47:   required from ‘static void boost::concepts::requirement<boost::concepts::failed************ Model::************>::failed() [with Model = boost::concepts::usage_requirements<boost::range_detail::RandomAccessIteratorConcept<__gnu_cxx::__normal_iterator<const double*, std::vector<double> > > >]’
/mnt/library/BH/include/boost/range/concepts.hpp:247:14:   required from ‘struct boost::range_detail::RandomAccessIteratorConcept<__gnu_cxx::__normal_iterator<const double*, std::vector<double> > >’
/mnt/library/BH/include/boost/concept/detail/has_constraints.hpp:32:62:   required by substitution of ‘template<class Model> boost::concepts::detail::yes boost::concepts::detail::has_constraints_(Model*, wrap_constraints<Model, (& Model::constraints)>*) [with Model = boost::range_detail::RandomAccessIteratorConcept<__gnu_cxx::__normal_iterator<const double*, std::vector<double> > >]’
/mnt/library/BH/include/boost/concept/detail/has_constraints.hpp:42:5:   required from ‘const bool boost::concepts::not_satisfied<boost::range_detail::RandomAccessIteratorConcept<__gnu_cxx::__normal_iterator<const double*, std::vector<double> > > >::value’
/mnt/library/BH/include/boost/concept/detail/has_constraints.hpp:45:51:   required from ‘struct boost::concepts::not_satisfied<boost::range_detail::RandomAccessIteratorConcept<__gnu_cxx::__normal_iterator<const double*, std::vector<double> > > >’
/mnt/library/BH/include/boost/concept/detail/general.hpp:72:8:   [ skipping 2 instantiation contexts, use -ftemplate-backtrace-limit=0 to disable ]
/mnt/library/BH/include/boost/concept/detail/has_constraints.hpp:32:62:   required by substitution of ‘template<class Model> boost::concepts::detail::yes boost::concepts::detail::has_constraints_(Model*, wrap_constraints<Model, (& Model::constraints)>*) [with Model = boost::RandomAccessRangeConcept<std::vector<double> >]’
/mnt/library/BH/include/boost/concept/detail/has_constraints.hpp:42:5:   required from ‘const bool boost::concepts::not_satisfied<boost::RandomAccessRangeConcept<std::vector<double> > >::value’
/mnt/library/BH/include/boost/concept/detail/has_constraints.hpp:45:51:   required from ‘struct boost::concepts::not_satisfied<boost::RandomAccessRangeConcept<std::vector<double> > >’
/mnt/library/BH/include/boost/concept/detail/general.hpp:72:8:   required from ‘struct boost::concepts::requirement_<void (*)(boost::RandomAccessRangeConcept<std::vector<double> >)>’
/mnt/library/BH/include/boost/range/algorithm/nth_element.hpp:33:5:   required from ‘RandomAccessRange& boost::range::random_shuffle(RandomAccessRange&, Generator&) [with RandomAccessRange = std::vector<double>; Generator = pcg_detail::engine<unsigned int, long unsigned int, pcg_detail::xsh_rr_mixin<unsigned int, long unsigned int>, true, pcg_detail::specific_stream<long unsigned int>, pcg_detail::default_multiplier<long unsigned int> >]’
cyclone_scores.cpp:115:41:   required from here
/mnt/library/BH/include/boost/concept/usage.hpp:20:48: warning: ‘this’ pointer is null [-Wnonnull]
   20 |     ~usage_requirements() { ((Model*)0)->~Model(); }
      |                             ~~~~~~~~~~~~~~~~~~~^~
/mnt/library/BH/include/boost/concept/usage.hpp:37:7: note: in a call to non-static member function ‘boost::range_detail::RandomAccessIteratorConcept<Iterator>::~RandomAccessIteratorConcept() [with Iterator = __gnu_cxx::__normal_iterator<const double*, std::vector<double> >]’
   37 |       ~model()
      |       ^
/mnt/library/BH/include/boost/range/concepts.hpp:247:14: note: in expansion of macro ‘BOOST_CONCEPT_USAGE’
  247 |              BOOST_CONCEPT_USAGE(RandomAccessIteratorConcept)
      |              ^~~~~~~~~~~~~~~~~~~
g++ -std=gnu++20 -I"/usr/local/lib/R/include" -DNDEBUG  -I'/usr/local/lib/R/site-library/Rcpp/include' -I'/tmp/library/beachmat/include' -I'/mnt/library/BH/include' -I'/tmp/library/dqrng/include' -I'/tmp/library/scuttle/include' -I/usr/local/include    -fpic  -g -O2 -fstack-protector-strong -Wformat -Werror=format-security -Wdate-time -D_FORTIFY_SOURCE=2 -g   -c overlap_exprs.cpp -o overlap_exprs.o
g++ -std=gnu++20 -I"/usr/local/lib/R/include" -DNDEBUG  -I'/usr/local/lib/R/site-library/Rcpp/include' -I'/tmp/library/beachmat/include' -I'/mnt/library/BH/include' -I'/tmp/library/dqrng/include' -I'/tmp/library/scuttle/include' -I/usr/local/include    -fpic  -g -O2 -fstack-protector-strong -Wformat -Werror=format-security -Wdate-time -D_FORTIFY_SOURCE=2 -g   -c rand_custom.cpp -o rand_custom.o
g++ -std=gnu++20 -shared -L/usr/local/lib/R/lib -L/usr/local/lib -o scran.so RcppExports.o choose_effect_size.o combine_rho.o compute_blocked_stats.o compute_residual_stats.o compute_rho_null.o cyclone_scores.o overlap_exprs.o rand_custom.o -llapack -lblas -lgfortran -lm -lquadmath -L/usr/local/lib/R/lib -lR
installing to /tmp/library/00LOCK-scran/00new/scran/libs
** R
** inst
** byte-compile and prepare package for lazy loading
** help
*** installing help indices
** building package indices
** installing vignettes
** testing if installed package can be loaded from temporary location
** checking absolute paths in shared objects and dynamic libraries
** testing if installed package can be loaded from final location
** testing if installed package keeps a record of temporary installation path
* SHA256 sums
* creating tarball
packaged installation of ‘scran’ as ‘scran_1.41.1_R_x86_64-pc-linux-gnu.tar.gz’
* DONE (scran)
* installing *source* package ‘ensembldb’ ...
** this is package ‘ensembldb’ version ‘2.37.3’
** package ‘ensembldb’ successfully unpacked and MD5 sums checked
** using staged installation
** R
** inst
** byte-compile and prepare package for lazy loading
Creating a generic function from function ‘.cds_for_id2’ in package ‘ensembldb’
** help
*** installing help indices
** building package indices
** installing vignettes
** testing if installed package can be loaded from temporary location
** testing if installed package can be loaded from final location
** testing if installed package keeps a record of temporary installation path
* SHA256 sums
* creating tarball
packaged installation of ‘ensembldb’ as ‘ensembldb_2.37.3_R_x86_64-pc-linux-gnu.tar.gz’
* DONE (ensembldb)
* installing *source* package ‘BenchHub’ ...
** this is package ‘BenchHub’ version ‘0.99.15’
** package ‘BenchHub’ successfully unpacked and MD5 sums checked
** using staged installation
** R
** data
** inst
** byte-compile and prepare package for lazy loading
** help
*** installing help indices
** building package indices
** installing vignettes
** testing if installed package can be loaded from temporary location
** testing if installed package can be loaded from final location
** testing if installed package keeps a record of temporary installation path
* SHA256 sums
* creating tarball
packaged installation of ‘BenchHub’ as ‘BenchHub_0.99.15_R_x86_64-pc-linux-gnu.tar.gz’
* DONE (BenchHub)
* installing *source* package ‘EnsDb.Hsapiens.v86’ ...
** this is package ‘EnsDb.Hsapiens.v86’ version ‘2.99.0’
** using staged installation
** R
** inst
** byte-compile and prepare package for lazy loading
** help
*** installing help indices
** building package indices
** testing if installed package can be loaded from temporary location
** testing if installed package can be loaded from final location
** testing if installed package keeps a record of temporary installation path
* SHA256 sums
* creating tarball
packaged installation of ‘EnsDb.Hsapiens.v86’ as ‘EnsDb.Hsapiens.v86_2.99.0_R_x86_64-pc-linux-gnu.tar.gz’
* DONE (EnsDb.Hsapiens.v86)

The downloaded source packages are in
	‘/tmp/RtmpwGg5vU/downloaded_packages’
Old packages: 'diffobj'
Warning messages:
1: In install.packages(...) :
  installation of package ‘AnnotationHub’ had non-zero exit status
2: In install.packages(...) :
  installation of package ‘enrichplot’ had non-zero exit status

real	20m6.283s
user	16m22.250s
sys	2m6.645s
