+ Rscript -e 'Sys.setenv(BIOCONDUCTOR_USE_CONTAINER_REPOSITORY=FALSE);
  p <- .libPaths();
  p <- c('\''/tmp/library'\'', '\''/mnt/library'\'', p);
  .libPaths(p);
  if(BiocManager::install('\''flowPeaks'\'', INSTALL_opts = '\''--build'\'', update = TRUE, quiet = FALSE, dependencies=TRUE, force = TRUE, keep_outputs = TRUE) %in% rownames(installed.packages())) q(status = 0) else q(status = 1)'
'getOption("repos")' replaces Bioconductor standard repositories, see
'help("repositories", package = "BiocManager")' for details.
Replacement repositories:
    CRAN: https://p3m.dev/cran/__linux__/noble/latest
Bioconductor version 3.23 (BiocManager 1.30.27), R 4.6.1 (2026-06-24)
Installing package(s) 'flowPeaks'
also installing the dependencies ‘biocmake’, ‘Rhdf5lib’, ‘cytolib’, ‘RProtoBufLib’, ‘flowCore’

trying URL 'https://bioconductor.org/packages/3.23/bioc/src/contrib/biocmake_1.4.0.tar.gz'
trying URL 'https://bioconductor.org/packages/3.23/bioc/src/contrib/Rhdf5lib_2.0.0.tar.gz'
trying URL 'https://bioconductor.org/packages/3.23/bioc/src/contrib/cytolib_2.24.0.tar.gz'
trying URL 'https://bioconductor.org/packages/3.23/bioc/src/contrib/RProtoBufLib_2.24.0.tar.gz'
trying URL 'https://bioconductor.org/packages/3.23/bioc/src/contrib/flowCore_2.24.0.tar.gz'
trying URL 'https://bioconductor.org/packages/3.23/bioc/src/contrib/flowPeaks_1.58.0.tar.gz'
* installing *source* package ‘biocmake’ ...
** this is package ‘biocmake’ version ‘1.4.0’
** using staged installation
** R
** inst
** byte-compile and prepare package for lazy loading
** help
*** installing help indices
** building package indices
** installing vignettes
** testing if installed package can be loaded from temporary location
** testing if installed package can be loaded from final location
** testing if installed package keeps a record of temporary installation path
* SHA256 sums
* creating tarball
packaged installation of ‘biocmake’ as ‘biocmake_1.4.0_R_x86_64-pc-linux-gnu.tar.gz’
* DONE (biocmake)
* installing *source* package ‘RProtoBufLib’ ...
** this is package ‘RProtoBufLib’ version ‘2.24.0’
** using staged installation
checking for gcc... gcc -std=gnu2x
checking whether the C compiler works... yes
checking for C compiler default output file name... a.out
checking for suffix of executables... 
checking whether we are cross compiling... no
checking for suffix of object files... o
checking whether we are using the GNU C compiler... yes
checking whether gcc -std=gnu2x accepts -g... yes
checking for gcc -std=gnu2x option to accept ISO C89... none needed
checking whether we are using the GNU C++ compiler... yes
checking whether g++ -std=gnu++20 accepts -g... yes
untarring protobuf ...
building protobuf...
checking whether to enable maintainer-specific portions of Makefiles... yes
checking build system type... x86_64-pc-linux-gnu
checking host system type... x86_64-pc-linux-gnu
checking target system type... x86_64-pc-linux-gnu
checking for a BSD-compatible install... /usr/bin/install -c
checking whether build environment is sane... yes
checking for a thread-safe mkdir -p... /usr/bin/mkdir -p
checking for gawk... no
checking for mawk... mawk
checking whether make sets $(MAKE)... yes
checking whether make supports nested variables... yes
checking whether UID '0' is supported by ustar format... yes
checking whether GID '0' is supported by ustar format... yes
checking how to create a ustar tar archive... gnutar
checking for gcc... gcc -std=gnu2x
checking whether the C compiler works... yes
checking for C compiler default output file name... a.out
checking for suffix of executables... 
checking whether we are cross compiling... no
checking for suffix of object files... o
checking whether we are using the GNU C compiler... yes
checking whether gcc -std=gnu2x accepts -g... yes
checking for gcc -std=gnu2x option to accept ISO C89... none needed
checking whether gcc -std=gnu2x understands -c and -o together... yes
checking whether make supports the include directive... yes (GNU style)
checking dependency style of gcc -std=gnu2x... gcc3
checking whether we are using the GNU C++ compiler... yes
checking whether g++ -std=gnu++20 accepts -g... yes
checking dependency style of g++ -std=gnu++20... gcc3
checking how to run the C preprocessor... gcc -std=gnu2x -E
checking for gcc... gcc
checking whether we are using the GNU C compiler... (cached) yes
checking whether gcc accepts -g... yes
checking for gcc option to accept ISO C89... (cached) none needed
checking whether gcc understands -c and -o together... (cached) yes
checking dependency style of gcc... (cached) gcc3
checking how to run the C preprocessor... gcc -E
checking how to run the C++ preprocessor... g++ -std=gnu++20 -E
checking for g++... g++
checking whether we are using the GNU C++ compiler... (cached) yes
checking whether g++ accepts -g... yes
checking dependency style of g++... (cached) gcc3
checking how to run the C++ preprocessor... g++ -E
checking for grep that handles long lines and -e... /usr/bin/grep
checking for egrep... /usr/bin/grep -E
checking for ANSI C header files... yes
checking for sys/types.h... yes
checking for sys/stat.h... yes
checking for stdlib.h... yes
checking for string.h... yes
checking for memory.h... yes
checking for strings.h... yes
checking for inttypes.h... yes
checking for stdint.h... yes
checking for unistd.h... yes
checking minix/config.h usability... no
checking minix/config.h presence... no
checking for minix/config.h... no
checking whether it is safe to define __EXTENSIONS__... yes
checking for ar... ar
checking the archiver (ar) interface... ar
checking for gcc... gcc
checking whether we are using the GNU Objective C compiler... no
checking whether gcc accepts -g... no
checking dependency style of gcc... gcc3
checking C++ compiler flags...... use user-supplied: -g -O2 -fstack-protector-strong -Wformat -Werror=format-security -Wdate-time -D_FORTIFY_SOURCE=2 -g
checking whether __SUNPRO_CC is declared... no
checking how to print strings... printf
checking for a sed that does not truncate output... /usr/bin/sed
checking for fgrep... /usr/bin/grep -F
checking for ld used by gcc -std=gnu2x... /usr/bin/ld
checking if the linker (/usr/bin/ld) is GNU ld... yes
checking for BSD- or MS-compatible name lister (nm)... /usr/bin/nm -B
checking the name lister (/usr/bin/nm -B) interface... BSD nm
checking whether ln -s works... yes
checking the maximum length of command line arguments... 1572864
checking how to convert x86_64-pc-linux-gnu file names to x86_64-pc-linux-gnu format... func_convert_file_noop
checking how to convert x86_64-pc-linux-gnu file names to toolchain format... func_convert_file_noop
checking for /usr/bin/ld option to reload object files... -r
checking for objdump... objdump
checking how to recognize dependent libraries... pass_all
checking for dlltool... no
checking how to associate runtime and link libraries... printf %s\n
checking for archiver @FILE support... @
checking for strip... strip
checking for ranlib... ranlib
checking command to parse /usr/bin/nm -B output from gcc -std=gnu2x object... ok
checking for sysroot... no
checking for a working dd... /usr/bin/dd
checking how to truncate binary pipes... /usr/bin/dd bs=4096 count=1
checking for mt... no
checking if : is a manifest tool... no
checking for dlfcn.h... yes
checking for objdir... .libs
checking if gcc -std=gnu2x supports -fno-rtti -fno-exceptions... no
checking for gcc -std=gnu2x option to produce PIC... -fPIC -DPIC
checking if gcc -std=gnu2x PIC flag -fPIC -DPIC works... yes
checking if gcc -std=gnu2x static flag -static works... yes
checking if gcc -std=gnu2x supports -c -o file.o... yes
checking if gcc -std=gnu2x supports -c -o file.o... (cached) yes
checking whether the gcc -std=gnu2x linker (/usr/bin/ld -m elf_x86_64) supports shared libraries... yes
checking whether -lc should be explicitly linked in... no
checking dynamic linker characteristics... GNU/Linux ld.so
checking how to hardcode library paths into programs... immediate
checking whether stripping libraries is possible... yes
checking if libtool supports shared libraries... yes
checking whether to build shared libraries... yes
checking whether to build static libraries... no
checking how to run the C++ preprocessor... g++ -std=gnu++20 -E
checking for ld used by g++ -std=gnu++20... /usr/bin/ld -m elf_x86_64
checking if the linker (/usr/bin/ld -m elf_x86_64) is GNU ld... yes
checking whether the g++ -std=gnu++20 linker (/usr/bin/ld -m elf_x86_64) supports shared libraries... yes
checking for g++ -std=gnu++20 option to produce PIC... -fPIC -DPIC
checking if g++ -std=gnu++20 PIC flag -fPIC -DPIC works... yes
checking if g++ -std=gnu++20 static flag -static works... yes
checking if g++ -std=gnu++20 supports -c -o file.o... yes
checking if g++ -std=gnu++20 supports -c -o file.o... (cached) yes
checking whether the g++ -std=gnu++20 linker (/usr/bin/ld -m elf_x86_64) supports shared libraries... yes
checking dynamic linker characteristics... (cached) GNU/Linux ld.so
checking how to hardcode library paths into programs... immediate
checking whether the linker supports version scripts... yes
checking for ANSI C header files... (cached) yes
checking fcntl.h usability... yes
checking fcntl.h presence... yes
checking for fcntl.h... yes
checking for inttypes.h... (cached) yes
checking limits.h usability... yes
checking limits.h presence... yes
checking for limits.h... yes
checking for stdlib.h... (cached) yes
checking for unistd.h... (cached) yes
checking for working memcmp... yes
checking for working strtod... yes
checking for ftruncate... yes
checking for memset... yes
checking for mkdir... yes
checking for strchr... yes
checking for strerror... yes
checking for strtol... yes
checking zlib version... ok (1.2.0.4 or later)
checking for library containing zlibVersion... -lz
checking whether g++ -std=gnu++20 supports C++11 features by default... yes
checking whether -latomic is needed... no
checking whether gcc -std=gnu2x is Clang... no
checking whether pthreads work with -pthread... yes
checking for joinable pthread attribute... PTHREAD_CREATE_JOINABLE
checking whether more special flags are required for pthreads... no
checking for PTHREAD_PRIO_INHERIT... yes
checking the location of hash_map... <unordered_map>
checking that generated files are newer than configure... done
configure: creating ./config.status
config.status: creating Makefile
config.status: creating src/Makefile
config.status: creating benchmarks/Makefile
config.status: creating conformance/Makefile
config.status: creating protobuf.pc
config.status: creating protobuf-lite.pc
config.status: creating config.h
config.status: executing depfiles commands
config.status: executing libtool commands
=== configuring in third_party/googletest (/tmp/RtmpGMpJPD/R.INSTALL6d214aad9c/RProtoBufLib/src/protobuf-3.8.0/third_party/googletest)
configure: WARNING: no configuration information is in third_party/googletest
Making install in .
make[1]: Entering directory '/tmp/RtmpGMpJPD/R.INSTALL6d214aad9c/RProtoBufLib/src/protobuf-3.8.0'
make[2]: Entering directory '/tmp/RtmpGMpJPD/R.INSTALL6d214aad9c/RProtoBufLib/src/protobuf-3.8.0'
make[2]: Nothing to be done for 'install-exec-am'.
 /usr/bin/mkdir -p '/tmp/RtmpGMpJPD/R.INSTALL6d214aad9c/RProtoBufLib/src/pb_build/lib/pkgconfig'
 /usr/bin/install -c -m 644 protobuf.pc protobuf-lite.pc '/tmp/RtmpGMpJPD/R.INSTALL6d214aad9c/RProtoBufLib/src/pb_build/lib/pkgconfig'
make[2]: Leaving directory '/tmp/RtmpGMpJPD/R.INSTALL6d214aad9c/RProtoBufLib/src/protobuf-3.8.0'
make[1]: Leaving directory '/tmp/RtmpGMpJPD/R.INSTALL6d214aad9c/RProtoBufLib/src/protobuf-3.8.0'
Making install in src
make[1]: Entering directory '/tmp/RtmpGMpJPD/R.INSTALL6d214aad9c/RProtoBufLib/src/protobuf-3.8.0/src'
depbase=`echo google/protobuf/compiler/main.o | sed 's|[^/]*$|.deps/&|;s|\.o$||'`;\
g++ -std=gnu++20 -DHAVE_CONFIG_H -I. -I..   -I/usr/local/include -pthread -DHAVE_PTHREAD=1 -DHAVE_ZLIB=1 -Wall -Wno-sign-compare  -g -O2 -fstack-protector-strong -Wformat -Werror=format-security -Wdate-time -D_FORTIFY_SOURCE=2 -g -MT google/protobuf/compiler/main.o -MD -MP -MF $depbase.Tpo -c -o google/protobuf/compiler/main.o google/protobuf/compiler/main.cc &&\
mv -f $depbase.Tpo $depbase.Po
depbase=`echo google/protobuf/stubs/bytestream.lo | sed 's|[^/]*$|.deps/&|;s|\.lo$||'`;\
/bin/bash ../libtool  --tag=CXX   --mode=compile g++ -std=gnu++20 -DHAVE_CONFIG_H -I. -I..   -I/usr/local/include -pthread -DHAVE_PTHREAD=1 -DHAVE_ZLIB=1 -Wall -Wno-sign-compare  -g -O2 -fstack-protector-strong -Wformat -Werror=format-security -Wdate-time -D_FORTIFY_SOURCE=2 -g -MT google/protobuf/stubs/bytestream.lo -MD -MP -MF $depbase.Tpo -c -o google/protobuf/stubs/bytestream.lo google/protobuf/stubs/bytestream.cc &&\
mv -f $depbase.Tpo $depbase.Plo
libtool: compile:  g++ -std=gnu++20 -DHAVE_CONFIG_H -I. -I.. -I/usr/local/include -pthread -DHAVE_PTHREAD=1 -DHAVE_ZLIB=1 -Wall -Wno-sign-compare -g -O2 -fstack-protector-strong -Wformat -Werror=format-security -Wdate-time -D_FORTIFY_SOURCE=2 -g -MT google/protobuf/stubs/bytestream.lo -MD -MP -MF google/protobuf/stubs/.deps/bytestream.Tpo -c google/protobuf/stubs/bytestream.cc  -fPIC -DPIC -o google/protobuf/stubs/.libs/bytestream.o
depbase=`echo google/protobuf/stubs/common.lo | sed 's|[^/]*$|.deps/&|;s|\.lo$||'`;\
/bin/bash ../libtool  --tag=CXX   --mode=compile g++ -std=gnu++20 -DHAVE_CONFIG_H -I. -I..   -I/usr/local/include -pthread -DHAVE_PTHREAD=1 -DHAVE_ZLIB=1 -Wall -Wno-sign-compare  -g -O2 -fstack-protector-strong -Wformat -Werror=format-security -Wdate-time -D_FORTIFY_SOURCE=2 -g -MT google/protobuf/stubs/common.lo -MD -MP -MF $depbase.Tpo -c -o google/protobuf/stubs/common.lo google/protobuf/stubs/common.cc &&\
mv -f $depbase.Tpo $depbase.Plo
libtool: compile:  g++ -std=gnu++20 -DHAVE_CONFIG_H -I. -I.. -I/usr/local/include -pthread -DHAVE_PTHREAD=1 -DHAVE_ZLIB=1 -Wall -Wno-sign-compare -g -O2 -fstack-protector-strong -Wformat -Werror=format-security -Wdate-time -D_FORTIFY_SOURCE=2 -g -MT google/protobuf/stubs/common.lo -MD -MP -MF google/protobuf/stubs/.deps/common.Tpo -c google/protobuf/stubs/common.cc  -fPIC -DPIC -o google/protobuf/stubs/.libs/common.o
depbase=`echo google/protobuf/stubs/int128.lo | sed 's|[^/]*$|.deps/&|;s|\.lo$||'`;\
/bin/bash ../libtool  --tag=CXX   --mode=compile g++ -std=gnu++20 -DHAVE_CONFIG_H -I. -I..   -I/usr/local/include -pthread -DHAVE_PTHREAD=1 -DHAVE_ZLIB=1 -Wall -Wno-sign-compare  -g -O2 -fstack-protector-strong -Wformat -Werror=format-security -Wdate-time -D_FORTIFY_SOURCE=2 -g -MT google/protobuf/stubs/int128.lo -MD -MP -MF $depbase.Tpo -c -o google/protobuf/stubs/int128.lo google/protobuf/stubs/int128.cc &&\
mv -f $depbase.Tpo $depbase.Plo
libtool: compile:  g++ -std=gnu++20 -DHAVE_CONFIG_H -I. -I.. -I/usr/local/include -pthread -DHAVE_PTHREAD=1 -DHAVE_ZLIB=1 -Wall -Wno-sign-compare -g -O2 -fstack-protector-strong -Wformat -Werror=format-security -Wdate-time -D_FORTIFY_SOURCE=2 -g -MT google/protobuf/stubs/int128.lo -MD -MP -MF google/protobuf/stubs/.deps/int128.Tpo -c google/protobuf/stubs/int128.cc  -fPIC -DPIC -o google/protobuf/stubs/.libs/int128.o
depbase=`echo google/protobuf/io/io_win32.lo | sed 's|[^/]*$|.deps/&|;s|\.lo$||'`;\
/bin/bash ../libtool  --tag=CXX   --mode=compile g++ -std=gnu++20 -DHAVE_CONFIG_H -I. -I..   -I/usr/local/include -pthread -DHAVE_PTHREAD=1 -DHAVE_ZLIB=1 -Wall -Wno-sign-compare  -g -O2 -fstack-protector-strong -Wformat -Werror=format-security -Wdate-time -D_FORTIFY_SOURCE=2 -g -MT google/protobuf/io/io_win32.lo -MD -MP -MF $depbase.Tpo -c -o google/protobuf/io/io_win32.lo google/protobuf/io/io_win32.cc &&\
mv -f $depbase.Tpo $depbase.Plo
libtool: compile:  g++ -std=gnu++20 -DHAVE_CONFIG_H -I. -I.. -I/usr/local/include -pthread -DHAVE_PTHREAD=1 -DHAVE_ZLIB=1 -Wall -Wno-sign-compare -g -O2 -fstack-protector-strong -Wformat -Werror=format-security -Wdate-time -D_FORTIFY_SOURCE=2 -g -MT google/protobuf/io/io_win32.lo -MD -MP -MF google/protobuf/io/.deps/io_win32.Tpo -c google/protobuf/io/io_win32.cc  -fPIC -DPIC -o google/protobuf/io/.libs/io_win32.o
depbase=`echo google/protobuf/stubs/status.lo | sed 's|[^/]*$|.deps/&|;s|\.lo$||'`;\
/bin/bash ../libtool  --tag=CXX   --mode=compile g++ -std=gnu++20 -DHAVE_CONFIG_H -I. -I..   -I/usr/local/include -pthread -DHAVE_PTHREAD=1 -DHAVE_ZLIB=1 -Wall -Wno-sign-compare  -g -O2 -fstack-protector-strong -Wformat -Werror=format-security -Wdate-time -D_FORTIFY_SOURCE=2 -g -MT google/protobuf/stubs/status.lo -MD -MP -MF $depbase.Tpo -c -o google/protobuf/stubs/status.lo google/protobuf/stubs/status.cc &&\
mv -f $depbase.Tpo $depbase.Plo
libtool: compile:  g++ -std=gnu++20 -DHAVE_CONFIG_H -I. -I.. -I/usr/local/include -pthread -DHAVE_PTHREAD=1 -DHAVE_ZLIB=1 -Wall -Wno-sign-compare -g -O2 -fstack-protector-strong -Wformat -Werror=format-security -Wdate-time -D_FORTIFY_SOURCE=2 -g -MT google/protobuf/stubs/status.lo -MD -MP -MF google/protobuf/stubs/.deps/status.Tpo -c google/protobuf/stubs/status.cc  -fPIC -DPIC -o google/protobuf/stubs/.libs/status.o
depbase=`echo google/protobuf/stubs/statusor.lo | sed 's|[^/]*$|.deps/&|;s|\.lo$||'`;\
/bin/bash ../libtool  --tag=CXX   --mode=compile g++ -std=gnu++20 -DHAVE_CONFIG_H -I. -I..   -I/usr/local/include -pthread -DHAVE_PTHREAD=1 -DHAVE_ZLIB=1 -Wall -Wno-sign-compare  -g -O2 -fstack-protector-strong -Wformat -Werror=format-security -Wdate-time -D_FORTIFY_SOURCE=2 -g -MT google/protobuf/stubs/statusor.lo -MD -MP -MF $depbase.Tpo -c -o google/protobuf/stubs/statusor.lo google/protobuf/stubs/statusor.cc &&\
mv -f $depbase.Tpo $depbase.Plo
libtool: compile:  g++ -std=gnu++20 -DHAVE_CONFIG_H -I. -I.. -I/usr/local/include -pthread -DHAVE_PTHREAD=1 -DHAVE_ZLIB=1 -Wall -Wno-sign-compare -g -O2 -fstack-protector-strong -Wformat -Werror=format-security -Wdate-time -D_FORTIFY_SOURCE=2 -g -MT google/protobuf/stubs/statusor.lo -MD -MP -MF google/protobuf/stubs/.deps/statusor.Tpo -c google/protobuf/stubs/statusor.cc  -fPIC -DPIC -o google/protobuf/stubs/.libs/statusor.o
depbase=`echo google/protobuf/stubs/stringpiece.lo | sed 's|[^/]*$|.deps/&|;s|\.lo$||'`;\
/bin/bash ../libtool  --tag=CXX   --mode=compile g++ -std=gnu++20 -DHAVE_CONFIG_H -I. -I..   -I/usr/local/include -pthread -DHAVE_PTHREAD=1 -DHAVE_ZLIB=1 -Wall -Wno-sign-compare  -g -O2 -fstack-protector-strong -Wformat -Werror=format-security -Wdate-time -D_FORTIFY_SOURCE=2 -g -MT google/protobuf/stubs/stringpiece.lo -MD -MP -MF $depbase.Tpo -c -o google/protobuf/stubs/stringpiece.lo google/protobuf/stubs/stringpiece.cc &&\
mv -f $depbase.Tpo $depbase.Plo
libtool: compile:  g++ -std=gnu++20 -DHAVE_CONFIG_H -I. -I.. -I/usr/local/include -pthread -DHAVE_PTHREAD=1 -DHAVE_ZLIB=1 -Wall -Wno-sign-compare -g -O2 -fstack-protector-strong -Wformat -Werror=format-security -Wdate-time -D_FORTIFY_SOURCE=2 -g -MT google/protobuf/stubs/stringpiece.lo -MD -MP -MF google/protobuf/stubs/.deps/stringpiece.Tpo -c google/protobuf/stubs/stringpiece.cc  -fPIC -DPIC -o google/protobuf/stubs/.libs/stringpiece.o
depbase=`echo google/protobuf/stubs/stringprintf.lo | sed 's|[^/]*$|.deps/&|;s|\.lo$||'`;\
/bin/bash ../libtool  --tag=CXX   --mode=compile g++ -std=gnu++20 -DHAVE_CONFIG_H -I. -I..   -I/usr/local/include -pthread -DHAVE_PTHREAD=1 -DHAVE_ZLIB=1 -Wall -Wno-sign-compare  -g -O2 -fstack-protector-strong -Wformat -Werror=format-security -Wdate-time -D_FORTIFY_SOURCE=2 -g -MT google/protobuf/stubs/stringprintf.lo -MD -MP -MF $depbase.Tpo -c -o google/protobuf/stubs/stringprintf.lo google/protobuf/stubs/stringprintf.cc &&\
mv -f $depbase.Tpo $depbase.Plo
libtool: compile:  g++ -std=gnu++20 -DHAVE_CONFIG_H -I. -I.. -I/usr/local/include -pthread -DHAVE_PTHREAD=1 -DHAVE_ZLIB=1 -Wall -Wno-sign-compare -g -O2 -fstack-protector-strong -Wformat -Werror=format-security -Wdate-time -D_FORTIFY_SOURCE=2 -g -MT google/protobuf/stubs/stringprintf.lo -MD -MP -MF google/protobuf/stubs/.deps/stringprintf.Tpo -c google/protobuf/stubs/stringprintf.cc  -fPIC -DPIC -o google/protobuf/stubs/.libs/stringprintf.o
depbase=`echo google/protobuf/stubs/structurally_valid.lo | sed 's|[^/]*$|.deps/&|;s|\.lo$||'`;\
/bin/bash ../libtool  --tag=CXX   --mode=compile g++ -std=gnu++20 -DHAVE_CONFIG_H -I. -I..   -I/usr/local/include -pthread -DHAVE_PTHREAD=1 -DHAVE_ZLIB=1 -Wall -Wno-sign-compare  -g -O2 -fstack-protector-strong -Wformat -Werror=format-security -Wdate-time -D_FORTIFY_SOURCE=2 -g -MT google/protobuf/stubs/structurally_valid.lo -MD -MP -MF $depbase.Tpo -c -o google/protobuf/stubs/structurally_valid.lo google/protobuf/stubs/structurally_valid.cc &&\
mv -f $depbase.Tpo $depbase.Plo
libtool: compile:  g++ -std=gnu++20 -DHAVE_CONFIG_H -I. -I.. -I/usr/local/include -pthread -DHAVE_PTHREAD=1 -DHAVE_ZLIB=1 -Wall -Wno-sign-compare -g -O2 -fstack-protector-strong -Wformat -Werror=format-security -Wdate-time -D_FORTIFY_SOURCE=2 -g -MT google/protobuf/stubs/structurally_valid.lo -MD -MP -MF google/protobuf/stubs/.deps/structurally_valid.Tpo -c google/protobuf/stubs/structurally_valid.cc  -fPIC -DPIC -o google/protobuf/stubs/.libs/structurally_valid.o
depbase=`echo google/protobuf/stubs/strutil.lo | sed 's|[^/]*$|.deps/&|;s|\.lo$||'`;\
/bin/bash ../libtool  --tag=CXX   --mode=compile g++ -std=gnu++20 -DHAVE_CONFIG_H -I. -I..   -I/usr/local/include -pthread -DHAVE_PTHREAD=1 -DHAVE_ZLIB=1 -Wall -Wno-sign-compare  -g -O2 -fstack-protector-strong -Wformat -Werror=format-security -Wdate-time -D_FORTIFY_SOURCE=2 -g -MT google/protobuf/stubs/strutil.lo -MD -MP -MF $depbase.Tpo -c -o google/protobuf/stubs/strutil.lo google/protobuf/stubs/strutil.cc &&\
mv -f $depbase.Tpo $depbase.Plo
libtool: compile:  g++ -std=gnu++20 -DHAVE_CONFIG_H -I. -I.. -I/usr/local/include -pthread -DHAVE_PTHREAD=1 -DHAVE_ZLIB=1 -Wall -Wno-sign-compare -g -O2 -fstack-protector-strong -Wformat -Werror=format-security -Wdate-time -D_FORTIFY_SOURCE=2 -g -MT google/protobuf/stubs/strutil.lo -MD -MP -MF google/protobuf/stubs/.deps/strutil.Tpo -c google/protobuf/stubs/strutil.cc  -fPIC -DPIC -o google/protobuf/stubs/.libs/strutil.o
depbase=`echo google/protobuf/stubs/time.lo | sed 's|[^/]*$|.deps/&|;s|\.lo$||'`;\
/bin/bash ../libtool  --tag=CXX   --mode=compile g++ -std=gnu++20 -DHAVE_CONFIG_H -I. -I..   -I/usr/local/include -pthread -DHAVE_PTHREAD=1 -DHAVE_ZLIB=1 -Wall -Wno-sign-compare  -g -O2 -fstack-protector-strong -Wformat -Werror=format-security -Wdate-time -D_FORTIFY_SOURCE=2 -g -MT google/protobuf/stubs/time.lo -MD -MP -MF $depbase.Tpo -c -o google/protobuf/stubs/time.lo google/protobuf/stubs/time.cc &&\
mv -f $depbase.Tpo $depbase.Plo
libtool: compile:  g++ -std=gnu++20 -DHAVE_CONFIG_H -I. -I.. -I/usr/local/include -pthread -DHAVE_PTHREAD=1 -DHAVE_ZLIB=1 -Wall -Wno-sign-compare -g -O2 -fstack-protector-strong -Wformat -Werror=format-security -Wdate-time -D_FORTIFY_SOURCE=2 -g -MT google/protobuf/stubs/time.lo -MD -MP -MF google/protobuf/stubs/.deps/time.Tpo -c google/protobuf/stubs/time.cc  -fPIC -DPIC -o google/protobuf/stubs/.libs/time.o
depbase=`echo google/protobuf/any_lite.lo | sed 's|[^/]*$|.deps/&|;s|\.lo$||'`;\
/bin/bash ../libtool  --tag=CXX   --mode=compile g++ -std=gnu++20 -DHAVE_CONFIG_H -I. -I..   -I/usr/local/include -pthread -DHAVE_PTHREAD=1 -DHAVE_ZLIB=1 -Wall -Wno-sign-compare  -g -O2 -fstack-protector-strong -Wformat -Werror=format-security -Wdate-time -D_FORTIFY_SOURCE=2 -g -MT google/protobuf/any_lite.lo -MD -MP -MF $depbase.Tpo -c -o google/protobuf/any_lite.lo google/protobuf/any_lite.cc &&\
mv -f $depbase.Tpo $depbase.Plo
libtool: compile:  g++ -std=gnu++20 -DHAVE_CONFIG_H -I. -I.. -I/usr/local/include -pthread -DHAVE_PTHREAD=1 -DHAVE_ZLIB=1 -Wall -Wno-sign-compare -g -O2 -fstack-protector-strong -Wformat -Werror=format-security -Wdate-time -D_FORTIFY_SOURCE=2 -g -MT google/protobuf/any_lite.lo -MD -MP -MF google/protobuf/.deps/any_lite.Tpo -c google/protobuf/any_lite.cc  -fPIC -DPIC -o google/protobuf/.libs/any_lite.o
In file included from ./google/protobuf/arenastring.h:36,
                 from ./google/protobuf/any.h:37,
                 from google/protobuf/any_lite.cc:31:
./google/protobuf/arena.h: In static member function 'static T* google::protobuf::Arena::CreateArray(google::protobuf::Arena*, size_t)':
./google/protobuf/arena.h:338:24: warning: 'template<class _Tp> struct std::is_pod' is deprecated: use 'is_standard_layout && is_trivial' instead [-Wdeprecated-declarations]
  338 |     static_assert(std::is_pod<T>::value,
      |                        ^~~~~~
In file included from /usr/include/c++/13/bits/char_traits.h:50,
                 from /usr/include/c++/13/string:42,
                 from ./google/protobuf/any.h:34:
/usr/include/c++/13/type_traits:819:5: note: declared here
  819 |     is_pod
      |     ^~~~~~
In file included from ./google/protobuf/wire_format_lite.h:51,
                 from ./google/protobuf/generated_message_util.h:53,
                 from google/protobuf/any_lite.cc:35:
./google/protobuf/repeated_field.h: At global scope:
./google/protobuf/repeated_field.h:367:20: warning: 'template<class _Tp> struct std::is_pod' is deprecated: use 'is_standard_layout && is_trivial' instead [-Wdeprecated-declarations]
  367 |               std::is_pod<Element>::value>
      |                    ^~~~~~
/usr/include/c++/13/type_traits:819:5: note: declared here
  819 |     is_pod
      |     ^~~~~~
./google/protobuf/repeated_field.h:2494:19: warning: 'template<class _Category, class _Tp, class _Distance, class _Pointer, class _Reference> struct std::iterator' is deprecated [-Wdeprecated-declarations]
 2494 |     : public std::iterator<std::output_iterator_tag, T> {
      |                   ^~~~~~~~
In file included from /usr/include/c++/13/bits/stl_construct.h:61,
                 from /usr/include/c++/13/bits/char_traits.h:57:
/usr/include/c++/13/bits/stl_iterator_base_types.h:127:34: note: declared here
  127 |     struct _GLIBCXX17_DEPRECATED iterator
      |                                  ^~~~~~~~
./google/protobuf/repeated_field.h:2516:19: warning: 'template<class _Category, class _Tp, class _Distance, class _Pointer, class _Reference> struct std::iterator' is deprecated [-Wdeprecated-declarations]
 2516 |     : public std::iterator<std::output_iterator_tag, T> {
      |                   ^~~~~~~~
/usr/include/c++/13/bits/stl_iterator_base_types.h:127:34: note: declared here
  127 |     struct _GLIBCXX17_DEPRECATED iterator
      |                                  ^~~~~~~~
./google/protobuf/repeated_field.h:2547:19: warning: 'template<class _Category, class _Tp, class _Distance, class _Pointer, class _Reference> struct std::iterator' is deprecated [-Wdeprecated-declarations]
 2547 |     : public std::iterator<std::output_iterator_tag, T> {
      |                   ^~~~~~~~
/usr/include/c++/13/bits/stl_iterator_base_types.h:127:34: note: declared here
  127 |     struct _GLIBCXX17_DEPRECATED iterator
      |                                  ^~~~~~~~
./google/protobuf/repeated_field.h:2571:19: warning: 'template<class _Category, class _Tp, class _Distance, class _Pointer, class _Reference> struct std::iterator' is deprecated [-Wdeprecated-declarations]
 2571 |     : public std::iterator<std::output_iterator_tag, T> {
      |                   ^~~~~~~~
/usr/include/c++/13/bits/stl_iterator_base_types.h:127:34: note: declared here
  127 |     struct _GLIBCXX17_DEPRECATED iterator
      |                                  ^~~~~~~~
depbase=`echo google/protobuf/arena.lo | sed 's|[^/]*$|.deps/&|;s|\.lo$||'`;\
/bin/bash ../libtool  --tag=CXX   --mode=compile g++ -std=gnu++20 -DHAVE_CONFIG_H -I. -I..   -I/usr/local/include -pthread -DHAVE_PTHREAD=1 -DHAVE_ZLIB=1 -Wall -Wno-sign-compare  -g -O2 -fstack-protector-strong -Wformat -Werror=format-security -Wdate-time -D_FORTIFY_SOURCE=2 -g -MT google/protobuf/arena.lo -MD -MP -MF $depbase.Tpo -c -o google/protobuf/arena.lo google/protobuf/arena.cc &&\
mv -f $depbase.Tpo $depbase.Plo
libtool: compile:  g++ -std=gnu++20 -DHAVE_CONFIG_H -I. -I.. -I/usr/local/include -pthread -DHAVE_PTHREAD=1 -DHAVE_ZLIB=1 -Wall -Wno-sign-compare -g -O2 -fstack-protector-strong -Wformat -Werror=format-security -Wdate-time -D_FORTIFY_SOURCE=2 -g -MT google/protobuf/arena.lo -MD -MP -MF google/protobuf/.deps/arena.Tpo -c google/protobuf/arena.cc  -fPIC -DPIC -o google/protobuf/.libs/arena.o
In file included from google/protobuf/arena.cc:31:
./google/protobuf/arena.h: In static member function 'static T* google::protobuf::Arena::CreateArray(google::protobuf::Arena*, size_t)':
./google/protobuf/arena.h:338:24: warning: 'template<class _Tp> struct std::is_pod' is deprecated: use 'is_standard_layout && is_trivial' instead [-Wdeprecated-declarations]
  338 |     static_assert(std::is_pod<T>::value,
      |                        ^~~~~~
In file included from ./google/protobuf/arena.h:37:
/usr/include/c++/13/type_traits:819:5: note: declared here
  819 |     is_pod
      |     ^~~~~~
depbase=`echo google/protobuf/extension_set.lo | sed 's|[^/]*$|.deps/&|;s|\.lo$||'`;\
/bin/bash ../libtool  --tag=CXX   --mode=compile g++ -std=gnu++20 -DHAVE_CONFIG_H -I. -I..   -I/usr/local/include -pthread -DHAVE_PTHREAD=1 -DHAVE_ZLIB=1 -Wall -Wno-sign-compare  -g -O2 -fstack-protector-strong -Wformat -Werror=format-security -Wdate-time -D_FORTIFY_SOURCE=2 -g -MT google/protobuf/extension_set.lo -MD -MP -MF $depbase.Tpo -c -o google/protobuf/extension_set.lo google/protobuf/extension_set.cc &&\
mv -f $depbase.Tpo $depbase.Plo
libtool: compile:  g++ -std=gnu++20 -DHAVE_CONFIG_H -I. -I.. -I/usr/local/include -pthread -DHAVE_PTHREAD=1 -DHAVE_ZLIB=1 -Wall -Wno-sign-compare -g -O2 -fstack-protector-strong -Wformat -Werror=format-security -Wdate-time -D_FORTIFY_SOURCE=2 -g -MT google/protobuf/extension_set.lo -MD -MP -MF google/protobuf/.deps/extension_set.Tpo -c google/protobuf/extension_set.cc  -fPIC -DPIC -o google/protobuf/.libs/extension_set.o
In file included from ./google/protobuf/arenastring.h:36,
                 from ./google/protobuf/parse_context.h:39,
                 from ./google/protobuf/extension_set.h:50,
                 from google/protobuf/extension_set.cc:35:
./google/protobuf/arena.h: In static member function 'static T* google::protobuf::Arena::CreateArray(google::protobuf::Arena*, size_t)':
./google/protobuf/arena.h:338:24: warning: 'template<class _Tp> struct std::is_pod' is deprecated: use 'is_standard_layout && is_trivial' instead [-Wdeprecated-declarations]
  338 |     static_assert(std::is_pod<T>::value,
      |                        ^~~~~~
In file included from /usr/include/c++/13/bits/stl_pair.h:60,
                 from /usr/include/c++/13/bits/stl_algobase.h:64,
                 from /usr/include/c++/13/algorithm:60,
                 from ./google/protobuf/extension_set.h:41:
/usr/include/c++/13/type_traits:819:5: note: declared here
  819 |     is_pod
      |     ^~~~~~
In file included from ./google/protobuf/wire_format_lite.h:51,
                 from ./google/protobuf/generated_message_util.h:53,
                 from ./google/protobuf/metadata_lite.h:37,
                 from ./google/protobuf/parse_context.h:41:
./google/protobuf/repeated_field.h: At global scope:
./google/protobuf/repeated_field.h:367:20: warning: 'template<class _Tp> struct std::is_pod' is deprecated: use 'is_standard_layout && is_trivial' instead [-Wdeprecated-declarations]
  367 |               std::is_pod<Element>::value>
      |                    ^~~~~~
/usr/include/c++/13/type_traits:819:5: note: declared here
  819 |     is_pod
      |     ^~~~~~
./google/protobuf/repeated_field.h:2494:19: warning: 'template<class _Category, class _Tp, class _Distance, class _Pointer, class _Reference> struct std::iterator' is deprecated [-Wdeprecated-declarations]
 2494 |     : public std::iterator<std::output_iterator_tag, T> {
      |                   ^~~~~~~~
In file included from /usr/include/c++/13/bits/stl_algobase.h:65:
/usr/include/c++/13/bits/stl_iterator_base_types.h:127:34: note: declared here
  127 |     struct _GLIBCXX17_DEPRECATED iterator
      |                                  ^~~~~~~~
./google/protobuf/repeated_field.h:2516:19: warning: 'template<class _Category, class _Tp, class _Distance, class _Pointer, class _Reference> struct std::iterator' is deprecated [-Wdeprecated-declarations]
 2516 |     : public std::iterator<std::output_iterator_tag, T> {
      |                   ^~~~~~~~
/usr/include/c++/13/bits/stl_iterator_base_types.h:127:34: note: declared here
  127 |     struct _GLIBCXX17_DEPRECATED iterator
      |                                  ^~~~~~~~
./google/protobuf/repeated_field.h:2547:19: warning: 'template<class _Category, class _Tp, class _Distance, class _Pointer, class _Reference> struct std::iterator' is deprecated [-Wdeprecated-declarations]
 2547 |     : public std::iterator<std::output_iterator_tag, T> {
      |                   ^~~~~~~~
/usr/include/c++/13/bits/stl_iterator_base_types.h:127:34: note: declared here
  127 |     struct _GLIBCXX17_DEPRECATED iterator
      |                                  ^~~~~~~~
./google/protobuf/repeated_field.h:2571:19: warning: 'template<class _Category, class _Tp, class _Distance, class _Pointer, class _Reference> struct std::iterator' is deprecated [-Wdeprecated-declarations]
 2571 |     : public std::iterator<std::output_iterator_tag, T> {
      |                   ^~~~~~~~
/usr/include/c++/13/bits/stl_iterator_base_types.h:127:34: note: declared here
  127 |     struct _GLIBCXX17_DEPRECATED iterator
      |                                  ^~~~~~~~
depbase=`echo google/protobuf/generated_message_util.lo | sed 's|[^/]*$|.deps/&|;s|\.lo$||'`;\
/bin/bash ../libtool  --tag=CXX   --mode=compile g++ -std=gnu++20 -DHAVE_CONFIG_H -I. -I..   -I/usr/local/include -pthread -DHAVE_PTHREAD=1 -DHAVE_ZLIB=1 -Wall -Wno-sign-compare  -g -O2 -fstack-protector-strong -Wformat -Werror=format-security -Wdate-time -D_FORTIFY_SOURCE=2 -g -MT google/protobuf/generated_message_util.lo -MD -MP -MF $depbase.Tpo -c -o google/protobuf/generated_message_util.lo google/protobuf/generated_message_util.cc &&\
mv -f $depbase.Tpo $depbase.Plo
libtool: compile:  g++ -std=gnu++20 -DHAVE_CONFIG_H -I. -I.. -I/usr/local/include -pthread -DHAVE_PTHREAD=1 -DHAVE_ZLIB=1 -Wall -Wno-sign-compare -g -O2 -fstack-protector-strong -Wformat -Werror=format-security -Wdate-time -D_FORTIFY_SOURCE=2 -g -MT google/protobuf/generated_message_util.lo -MD -MP -MF google/protobuf/.deps/generated_message_util.Tpo -c google/protobuf/generated_message_util.cc  -fPIC -DPIC -o google/protobuf/.libs/generated_message_util.o
In file included from ./google/protobuf/implicit_weak_message.h:36,
                 from ./google/protobuf/generated_message_util.h:49,
                 from google/protobuf/generated_message_util.cc:35:
./google/protobuf/arena.h: In static member function 'static T* google::protobuf::Arena::CreateArray(google::protobuf::Arena*, size_t)':
./google/protobuf/arena.h:338:24: warning: 'template<class _Tp> struct std::is_pod' is deprecated: use 'is_standard_layout && is_trivial' instead [-Wdeprecated-declarations]
  338 |     static_assert(std::is_pod<T>::value,
      |                        ^~~~~~
In file included from /usr/include/c++/13/bits/move.h:37,
                 from /usr/include/c++/13/bits/atomic_base.h:39,
                 from /usr/include/c++/13/atomic:41,
                 from ./google/protobuf/generated_message_util.h:42:
/usr/include/c++/13/type_traits:819:5: note: declared here
  819 |     is_pod
      |     ^~~~~~
In file included from ./google/protobuf/wire_format_lite.h:51,
                 from ./google/protobuf/generated_message_util.h:53:
./google/protobuf/repeated_field.h: At global scope:
./google/protobuf/repeated_field.h:367:20: warning: 'template<class _Tp> struct std::is_pod' is deprecated: use 'is_standard_layout && is_trivial' instead [-Wdeprecated-declarations]
  367 |               std::is_pod<Element>::value>
      |                    ^~~~~~
/usr/include/c++/13/type_traits:819:5: note: declared here
  819 |     is_pod
      |     ^~~~~~
./google/protobuf/repeated_field.h:2494:19: warning: 'template<class _Category, class _Tp, class _Distance, class _Pointer, class _Reference> struct std::iterator' is deprecated [-Wdeprecated-declarations]
 2494 |     : public std::iterator<std::output_iterator_tag, T> {
      |                   ^~~~~~~~
In file included from /usr/include/c++/13/bits/stl_construct.h:61,
                 from /usr/include/c++/13/bits/char_traits.h:57,
                 from /usr/include/c++/13/string:42,
                 from ./google/protobuf/generated_message_util.h:44:
/usr/include/c++/13/bits/stl_iterator_base_types.h:127:34: note: declared here
  127 |     struct _GLIBCXX17_DEPRECATED iterator
      |                                  ^~~~~~~~
./google/protobuf/repeated_field.h:2516:19: warning: 'template<class _Category, class _Tp, class _Distance, class _Pointer, class _Reference> struct std::iterator' is deprecated [-Wdeprecated-declarations]
 2516 |     : public std::iterator<std::output_iterator_tag, T> {
      |                   ^~~~~~~~
/usr/include/c++/13/bits/stl_iterator_base_types.h:127:34: note: declared here
  127 |     struct _GLIBCXX17_DEPRECATED iterator
      |                                  ^~~~~~~~
./google/protobuf/repeated_field.h:2547:19: warning: 'template<class _Category, class _Tp, class _Distance, class _Pointer, class _Reference> struct std::iterator' is deprecated [-Wdeprecated-declarations]
 2547 |     : public std::iterator<std::output_iterator_tag, T> {
      |                   ^~~~~~~~
/usr/include/c++/13/bits/stl_iterator_base_types.h:127:34: note: declared here
  127 |     struct _GLIBCXX17_DEPRECATED iterator
      |                                  ^~~~~~~~
./google/protobuf/repeated_field.h:2571:19: warning: 'template<class _Category, class _Tp, class _Distance, class _Pointer, class _Reference> struct std::iterator' is deprecated [-Wdeprecated-declarations]
 2571 |     : public std::iterator<std::output_iterator_tag, T> {
      |                   ^~~~~~~~
/usr/include/c++/13/bits/stl_iterator_base_types.h:127:34: note: declared here
  127 |     struct _GLIBCXX17_DEPRECATED iterator
      |                                  ^~~~~~~~
In file included from google/protobuf/generated_message_util.cc:51:
./google/protobuf/generated_message_table_driven.h:209:20: warning: 'template<class _Tp> struct std::is_pod' is deprecated: use 'is_standard_layout && is_trivial' instead [-Wdeprecated-declarations]
  209 | static_assert(std::is_pod<ParseTableField>::value, "");
      |                    ^~~~~~
/usr/include/c++/13/type_traits:819:5: note: declared here
  819 |     is_pod
      |     ^~~~~~
./google/protobuf/generated_message_table_driven.h:210:20: warning: 'template<class _Tp> struct std::is_pod' is deprecated: use 'is_standard_layout && is_trivial' instead [-Wdeprecated-declarations]
  210 | static_assert(std::is_pod<AuxillaryParseTableField>::value, "");
      |                    ^~~~~~
/usr/include/c++/13/type_traits:819:5: note: declared here
  819 |     is_pod
      |     ^~~~~~
./google/protobuf/generated_message_table_driven.h:211:20: warning: 'template<class _Tp> struct std::is_pod' is deprecated: use 'is_standard_layout && is_trivial' instead [-Wdeprecated-declarations]
  211 | static_assert(std::is_pod<AuxillaryParseTableField::enum_aux>::value, "");
      |                    ^~~~~~
/usr/include/c++/13/type_traits:819:5: note: declared here
  819 |     is_pod
      |     ^~~~~~
./google/protobuf/generated_message_table_driven.h:212:20: warning: 'template<class _Tp> struct std::is_pod' is deprecated: use 'is_standard_layout && is_trivial' instead [-Wdeprecated-declarations]
  212 | static_assert(std::is_pod<AuxillaryParseTableField::message_aux>::value, "");
      |                    ^~~~~~
/usr/include/c++/13/type_traits:819:5: note: declared here
  819 |     is_pod
      |     ^~~~~~
./google/protobuf/generated_message_table_driven.h:213:20: warning: 'template<class _Tp> struct std::is_pod' is deprecated: use 'is_standard_layout && is_trivial' instead [-Wdeprecated-declarations]
  213 | static_assert(std::is_pod<AuxillaryParseTableField::string_aux>::value, "");
      |                    ^~~~~~
/usr/include/c++/13/type_traits:819:5: note: declared here
  819 |     is_pod
      |     ^~~~~~
./google/protobuf/generated_message_table_driven.h:214:20: warning: 'template<class _Tp> struct std::is_pod' is deprecated: use 'is_standard_layout && is_trivial' instead [-Wdeprecated-declarations]
  214 | static_assert(std::is_pod<ParseTable>::value, "");
      |                    ^~~~~~
/usr/include/c++/13/type_traits:819:5: note: declared here
  819 |     is_pod
      |     ^~~~~~
depbase=`echo google/protobuf/generated_message_table_driven_lite.lo | sed 's|[^/]*$|.deps/&|;s|\.lo$||'`;\
/bin/bash ../libtool  --tag=CXX   --mode=compile g++ -std=gnu++20 -DHAVE_CONFIG_H -I. -I..   -I/usr/local/include -pthread -DHAVE_PTHREAD=1 -DHAVE_ZLIB=1 -Wall -Wno-sign-compare  -g -O2 -fstack-protector-strong -Wformat -Werror=format-security -Wdate-time -D_FORTIFY_SOURCE=2 -g -MT google/protobuf/generated_message_table_driven_lite.lo -MD -MP -MF $depbase.Tpo -c -o google/protobuf/generated_message_table_driven_lite.lo google/protobuf/generated_message_table_driven_lite.cc &&\
mv -f $depbase.Tpo $depbase.Plo
libtool: compile:  g++ -std=gnu++20 -DHAVE_CONFIG_H -I. -I.. -I/usr/local/include -pthread -DHAVE_PTHREAD=1 -DHAVE_ZLIB=1 -Wall -Wno-sign-compare -g -O2 -fstack-protector-strong -Wformat -Werror=format-security -Wdate-time -D_FORTIFY_SOURCE=2 -g -MT google/protobuf/generated_message_table_driven_lite.lo -MD -MP -MF google/protobuf/.deps/generated_message_table_driven_lite.Tpo -c google/protobuf/generated_message_table_driven_lite.cc  -fPIC -DPIC -o google/protobuf/.libs/generated_message_table_driven_lite.o
In file included from ./google/protobuf/map.h:47,
                 from ./google/protobuf/generated_message_table_driven.h:34,
                 from ./google/protobuf/generated_message_table_driven_lite.h:34,
                 from google/protobuf/generated_message_table_driven_lite.cc:31:
./google/protobuf/arena.h: In static member function 'static T* google::protobuf::Arena::CreateArray(google::protobuf::Arena*, size_t)':
./google/protobuf/arena.h:338:24: warning: 'template<class _Tp> struct std::is_pod' is deprecated: use 'is_standard_layout && is_trivial' instead [-Wdeprecated-declarations]
  338 |     static_assert(std::is_pod<T>::value,
      |                        ^~~~~~
In file included from /usr/include/c++/13/bits/stl_iterator_base_types.h:67,
                 from /usr/include/c++/13/iterator:61,
                 from ./google/protobuf/map.h:41:
/usr/include/c++/13/type_traits:819:5: note: declared here
  819 |     is_pod
      |     ^~~~~~
In file included from ./google/protobuf/wire_format_lite.h:51,
                 from ./google/protobuf/generated_message_util.h:53,
                 from ./google/protobuf/metadata_lite.h:37,
                 from ./google/protobuf/parse_context.h:41,
                 from ./google/protobuf/map_type_handler.h:34,
                 from ./google/protobuf/map.h:49:
./google/protobuf/repeated_field.h: At global scope:
./google/protobuf/repeated_field.h:367:20: warning: 'template<class _Tp> struct std::is_pod' is deprecated: use 'is_standard_layout && is_trivial' instead [-Wdeprecated-declarations]
  367 |               std::is_pod<Element>::value>
      |                    ^~~~~~
/usr/include/c++/13/type_traits:819:5: note: declared here
  819 |     is_pod
      |     ^~~~~~
./google/protobuf/repeated_field.h:2494:19: warning: 'template<class _Category, class _Tp, class _Distance, class _Pointer, class _Reference> struct std::iterator' is deprecated [-Wdeprecated-declarations]
 2494 |     : public std::iterator<std::output_iterator_tag, T> {
      |                   ^~~~~~~~
/usr/include/c++/13/bits/stl_iterator_base_types.h:127:34: note: declared here
  127 |     struct _GLIBCXX17_DEPRECATED iterator
      |                                  ^~~~~~~~
./google/protobuf/repeated_field.h:2516:19: warning: 'template<class _Category, class _Tp, class _Distance, class _Pointer, class _Reference> struct std::iterator' is deprecated [-Wdeprecated-declarations]
 2516 |     : public std::iterator<std::output_iterator_tag, T> {
      |                   ^~~~~~~~
/usr/include/c++/13/bits/stl_iterator_base_types.h:127:34: note: declared here
  127 |     struct _GLIBCXX17_DEPRECATED iterator
      |                                  ^~~~~~~~
./google/protobuf/repeated_field.h:2547:19: warning: 'template<class _Category, class _Tp, class _Distance, class _Pointer, class _Reference> struct std::iterator' is deprecated [-Wdeprecated-declarations]
 2547 |     : public std::iterator<std::output_iterator_tag, T> {
      |                   ^~~~~~~~
/usr/include/c++/13/bits/stl_iterator_base_types.h:127:34: note: declared here
  127 |     struct _GLIBCXX17_DEPRECATED iterator
      |                                  ^~~~~~~~
./google/protobuf/repeated_field.h:2571:19: warning: 'template<class _Category, class _Tp, class _Distance, class _Pointer, class _Reference> struct std::iterator' is deprecated [-Wdeprecated-declarations]
 2571 |     : public std::iterator<std::output_iterator_tag, T> {
      |                   ^~~~~~~~
/usr/include/c++/13/bits/stl_iterator_base_types.h:127:34: note: declared here
  127 |     struct _GLIBCXX17_DEPRECATED iterator
      |                                  ^~~~~~~~
./google/protobuf/generated_message_table_driven.h:209:20: warning: 'template<class _Tp> struct std::is_pod' is deprecated: use 'is_standard_layout && is_trivial' instead [-Wdeprecated-declarations]
  209 | static_assert(std::is_pod<ParseTableField>::value, "");
      |                    ^~~~~~
/usr/include/c++/13/type_traits:819:5: note: declared here
  819 |     is_pod
      |     ^~~~~~
./google/protobuf/generated_message_table_driven.h:210:20: warning: 'template<class _Tp> struct std::is_pod' is deprecated: use 'is_standard_layout && is_trivial' instead [-Wdeprecated-declarations]
  210 | static_assert(std::is_pod<AuxillaryParseTableField>::value, "");
      |                    ^~~~~~
/usr/include/c++/13/type_traits:819:5: note: declared here
  819 |     is_pod
      |     ^~~~~~
./google/protobuf/generated_message_table_driven.h:211:20: warning: 'template<class _Tp> struct std::is_pod' is deprecated: use 'is_standard_layout && is_trivial' instead [-Wdeprecated-declarations]
  211 | static_assert(std::is_pod<AuxillaryParseTableField::enum_aux>::value, "");
      |                    ^~~~~~
/usr/include/c++/13/type_traits:819:5: note: declared here
  819 |     is_pod
      |     ^~~~~~
./google/protobuf/generated_message_table_driven.h:212:20: warning: 'template<class _Tp> struct std::is_pod' is deprecated: use 'is_standard_layout && is_trivial' instead [-Wdeprecated-declarations]
  212 | static_assert(std::is_pod<AuxillaryParseTableField::message_aux>::value, "");
      |                    ^~~~~~
/usr/include/c++/13/type_traits:819:5: note: declared here
  819 |     is_pod
      |     ^~~~~~
./google/protobuf/generated_message_table_driven.h:213:20: warning: 'template<class _Tp> struct std::is_pod' is deprecated: use 'is_standard_layout && is_trivial' instead [-Wdeprecated-declarations]
  213 | static_assert(std::is_pod<AuxillaryParseTableField::string_aux>::value, "");
      |                    ^~~~~~
/usr/include/c++/13/type_traits:819:5: note: declared here
  819 |     is_pod
      |     ^~~~~~
./google/protobuf/generated_message_table_driven.h:214:20: warning: 'template<class _Tp> struct std::is_pod' is deprecated: use 'is_standard_layout && is_trivial' instead [-Wdeprecated-declarations]
  214 | static_assert(std::is_pod<ParseTable>::value, "");
      |                    ^~~~~~
/usr/include/c++/13/type_traits:819:5: note: declared here
  819 |     is_pod
      |     ^~~~~~
./google/protobuf/generated_message_table_driven_lite.h: In function 'Type* google::protobuf::internal::AddField(google::protobuf::MessageLite*, google::protobuf::int64)':
./google/protobuf/generated_message_table_driven_lite.h:104:22: warning: 'template<class _Tp> struct std::is_pod' is deprecated: use 'is_standard_layout && is_trivial' instead [-Wdeprecated-declarations]
  104 |   static_assert(std::is_pod<Type>::value ||
      |                      ^~~~~~
/usr/include/c++/13/type_traits:819:5: note: declared here
  819 |     is_pod
      |     ^~~~~~
./google/protobuf/generated_message_table_driven_lite.h: In function 'void google::protobuf::internal::AddField(google::protobuf::MessageLite*, google::protobuf::int64, Type)':
./google/protobuf/generated_message_table_driven_lite.h:122:22: warning: 'template<class _Tp> struct std::is_pod' is deprecated: use 'is_standard_layout && is_trivial' instead [-Wdeprecated-declarations]
  122 |   static_assert(std::is_pod<Type>::value,
      |                      ^~~~~~
/usr/include/c++/13/type_traits:819:5: note: declared here
  819 |     is_pod
      |     ^~~~~~
./google/protobuf/generated_message_table_driven_lite.h: In function 'void google::protobuf::internal::SetField(google::protobuf::MessageLite*, google::protobuf::uint32*, google::protobuf::uint32, google::protobuf::int64, Type)':
./google/protobuf/generated_message_table_driven_lite.h:144:22: warning: 'template<class _Tp> struct std::is_pod' is deprecated: use 'is_standard_layout && is_trivial' instead [-Wdeprecated-declarations]
  144 |   static_assert(std::is_pod<Type>::value,
      |                      ^~~~~~
/usr/include/c++/13/type_traits:819:5: note: declared here
  819 |     is_pod
      |     ^~~~~~
depbase=`echo google/protobuf/implicit_weak_message.lo | sed 's|[^/]*$|.deps/&|;s|\.lo$||'`;\
/bin/bash ../libtool  --tag=CXX   --mode=compile g++ -std=gnu++20 -DHAVE_CONFIG_H -I. -I..   -I/usr/local/include -pthread -DHAVE_PTHREAD=1 -DHAVE_ZLIB=1 -Wall -Wno-sign-compare  -g -O2 -fstack-protector-strong -Wformat -Werror=format-security -Wdate-time -D_FORTIFY_SOURCE=2 -g -MT google/protobuf/implicit_weak_message.lo -MD -MP -MF $depbase.Tpo -c -o google/protobuf/implicit_weak_message.lo google/protobuf/implicit_weak_message.cc &&\
mv -f $depbase.Tpo $depbase.Plo
libtool: compile:  g++ -std=gnu++20 -DHAVE_CONFIG_H -I. -I.. -I/usr/local/include -pthread -DHAVE_PTHREAD=1 -DHAVE_ZLIB=1 -Wall -Wno-sign-compare -g -O2 -fstack-protector-strong -Wformat -Werror=format-security -Wdate-time -D_FORTIFY_SOURCE=2 -g -MT google/protobuf/implicit_weak_message.lo -MD -MP -MF google/protobuf/.deps/implicit_weak_message.Tpo -c google/protobuf/implicit_weak_message.cc  -fPIC -DPIC -o google/protobuf/.libs/implicit_weak_message.o
In file included from ./google/protobuf/implicit_weak_message.h:36,
                 from google/protobuf/implicit_weak_message.cc:31:
./google/protobuf/arena.h: In static member function 'static T* google::protobuf::Arena::CreateArray(google::protobuf::Arena*, size_t)':
./google/protobuf/arena.h:338:24: warning: 'template<class _Tp> struct std::is_pod' is deprecated: use 'is_standard_layout && is_trivial' instead [-Wdeprecated-declarations]
  338 |     static_assert(std::is_pod<T>::value,
      |                        ^~~~~~
In file included from /usr/include/c++/13/bits/char_traits.h:50,
                 from /usr/include/c++/13/string:42,
                 from ./google/protobuf/implicit_weak_message.h:34:
/usr/include/c++/13/type_traits:819:5: note: declared here
  819 |     is_pod
      |     ^~~~~~
In file included from ./google/protobuf/wire_format_lite.h:51,
                 from ./google/protobuf/generated_message_util.h:53,
                 from ./google/protobuf/metadata_lite.h:37,
                 from ./google/protobuf/parse_context.h:41,
                 from google/protobuf/implicit_weak_message.cc:33:
./google/protobuf/repeated_field.h: At global scope:
./google/protobuf/repeated_field.h:367:20: warning: 'template<class _Tp> struct std::is_pod' is deprecated: use 'is_standard_layout && is_trivial' instead [-Wdeprecated-declarations]
  367 |               std::is_pod<Element>::value>
      |                    ^~~~~~
/usr/include/c++/13/type_traits:819:5: note: declared here
  819 |     is_pod
      |     ^~~~~~
./google/protobuf/repeated_field.h:2494:19: warning: 'template<class _Category, class _Tp, class _Distance, class _Pointer, class _Reference> struct std::iterator' is deprecated [-Wdeprecated-declarations]
 2494 |     : public std::iterator<std::output_iterator_tag, T> {
      |                   ^~~~~~~~
In file included from /usr/include/c++/13/bits/stl_construct.h:61,
                 from /usr/include/c++/13/bits/char_traits.h:57:
/usr/include/c++/13/bits/stl_iterator_base_types.h:127:34: note: declared here
  127 |     struct _GLIBCXX17_DEPRECATED iterator
      |                                  ^~~~~~~~
./google/protobuf/repeated_field.h:2516:19: warning: 'template<class _Category, class _Tp, class _Distance, class _Pointer, class _Reference> struct std::iterator' is deprecated [-Wdeprecated-declarations]
 2516 |     : public std::iterator<std::output_iterator_tag, T> {
      |                   ^~~~~~~~
/usr/include/c++/13/bits/stl_iterator_base_types.h:127:34: note: declared here
  127 |     struct _GLIBCXX17_DEPRECATED iterator
      |                                  ^~~~~~~~
./google/protobuf/repeated_field.h:2547:19: warning: 'template<class _Category, class _Tp, class _Distance, class _Pointer, class _Reference> struct std::iterator' is deprecated [-Wdeprecated-declarations]
 2547 |     : public std::iterator<std::output_iterator_tag, T> {
      |                   ^~~~~~~~
/usr/include/c++/13/bits/stl_iterator_base_types.h:127:34: note: declared here
  127 |     struct _GLIBCXX17_DEPRECATED iterator
      |                                  ^~~~~~~~
./google/protobuf/repeated_field.h:2571:19: warning: 'template<class _Category, class _Tp, class _Distance, class _Pointer, class _Reference> struct std::iterator' is deprecated [-Wdeprecated-declarations]
 2571 |     : public std::iterator<std::output_iterator_tag, T> {
      |                   ^~~~~~~~
/usr/include/c++/13/bits/stl_iterator_base_types.h:127:34: note: declared here
  127 |     struct _GLIBCXX17_DEPRECATED iterator
      |                                  ^~~~~~~~
depbase=`echo google/protobuf/message_lite.lo | sed 's|[^/]*$|.deps/&|;s|\.lo$||'`;\
/bin/bash ../libtool  --tag=CXX   --mode=compile g++ -std=gnu++20 -DHAVE_CONFIG_H -I. -I..   -I/usr/local/include -pthread -DHAVE_PTHREAD=1 -DHAVE_ZLIB=1 -Wall -Wno-sign-compare  -g -O2 -fstack-protector-strong -Wformat -Werror=format-security -Wdate-time -D_FORTIFY_SOURCE=2 -g -MT google/protobuf/message_lite.lo -MD -MP -MF $depbase.Tpo -c -o google/protobuf/message_lite.lo google/protobuf/message_lite.cc &&\
mv -f $depbase.Tpo $depbase.Plo
libtool: compile:  g++ -std=gnu++20 -DHAVE_CONFIG_H -I. -I.. -I/usr/local/include -pthread -DHAVE_PTHREAD=1 -DHAVE_ZLIB=1 -Wall -Wno-sign-compare -g -O2 -fstack-protector-strong -Wformat -Werror=format-security -Wdate-time -D_FORTIFY_SOURCE=2 -g -MT google/protobuf/message_lite.lo -MD -MP -MF google/protobuf/.deps/message_lite.Tpo -c google/protobuf/message_lite.cc  -fPIC -DPIC -o google/protobuf/.libs/message_lite.o
In file included from ./google/protobuf/arenastring.h:36,
                 from ./google/protobuf/parse_context.h:39,
                 from google/protobuf/message_lite.cc:43:
./google/protobuf/arena.h: In static member function 'static T* google::protobuf::Arena::CreateArray(google::protobuf::Arena*, size_t)':
./google/protobuf/arena.h:338:24: warning: 'template<class _Tp> struct std::is_pod' is deprecated: use 'is_standard_layout && is_trivial' instead [-Wdeprecated-declarations]
  338 |     static_assert(std::is_pod<T>::value,
      |                        ^~~~~~
In file included from /usr/include/c++/13/bits/char_traits.h:50,
                 from /usr/include/c++/13/string:42,
                 from google/protobuf/message_lite.cc:38:
/usr/include/c++/13/type_traits:819:5: note: declared here
  819 |     is_pod
      |     ^~~~~~
In file included from ./google/protobuf/wire_format_lite.h:51,
                 from ./google/protobuf/generated_message_util.h:53,
                 from ./google/protobuf/metadata_lite.h:37,
                 from ./google/protobuf/parse_context.h:41:
./google/protobuf/repeated_field.h: At global scope:
./google/protobuf/repeated_field.h:367:20: warning: 'template<class _Tp> struct std::is_pod' is deprecated: use 'is_standard_layout && is_trivial' instead [-Wdeprecated-declarations]
  367 |               std::is_pod<Element>::value>
      |                    ^~~~~~
/usr/include/c++/13/type_traits:819:5: note: declared here
  819 |     is_pod
      |     ^~~~~~
./google/protobuf/repeated_field.h:2494:19: warning: 'template<class _Category, class _Tp, class _Distance, class _Pointer, class _Reference> struct std::iterator' is deprecated [-Wdeprecated-declarations]
 2494 |     : public std::iterator<std::output_iterator_tag, T> {
      |                   ^~~~~~~~
In file included from /usr/include/c++/13/bits/stl_construct.h:61,
                 from /usr/include/c++/13/bits/char_traits.h:57:
/usr/include/c++/13/bits/stl_iterator_base_types.h:127:34: note: declared here
  127 |     struct _GLIBCXX17_DEPRECATED iterator
      |                                  ^~~~~~~~
./google/protobuf/repeated_field.h:2516:19: warning: 'template<class _Category, class _Tp, class _Distance, class _Pointer, class _Reference> struct std::iterator' is deprecated [-Wdeprecated-declarations]
 2516 |     : public std::iterator<std::output_iterator_tag, T> {
      |                   ^~~~~~~~
/usr/include/c++/13/bits/stl_iterator_base_types.h:127:34: note: declared here
  127 |     struct _GLIBCXX17_DEPRECATED iterator
      |                                  ^~~~~~~~
./google/protobuf/repeated_field.h:2547:19: warning: 'template<class _Category, class _Tp, class _Distance, class _Pointer, class _Reference> struct std::iterator' is deprecated [-Wdeprecated-declarations]
 2547 |     : public std::iterator<std::output_iterator_tag, T> {
      |                   ^~~~~~~~
/usr/include/c++/13/bits/stl_iterator_base_types.h:127:34: note: declared here
  127 |     struct _GLIBCXX17_DEPRECATED iterator
      |                                  ^~~~~~~~
./google/protobuf/repeated_field.h:2571:19: warning: 'template<class _Category, class _Tp, class _Distance, class _Pointer, class _Reference> struct std::iterator' is deprecated [-Wdeprecated-declarations]
 2571 |     : public std::iterator<std::output_iterator_tag, T> {
      |                   ^~~~~~~~
/usr/include/c++/13/bits/stl_iterator_base_types.h:127:34: note: declared here
  127 |     struct _GLIBCXX17_DEPRECATED iterator
      |                                  ^~~~~~~~
In file included from google/protobuf/message_lite.cc:48:
./google/protobuf/generated_message_table_driven.h:209:20: warning: 'template<class _Tp> struct std::is_pod' is deprecated: use 'is_standard_layout && is_trivial' instead [-Wdeprecated-declarations]
  209 | static_assert(std::is_pod<ParseTableField>::value, "");
      |                    ^~~~~~
/usr/include/c++/13/type_traits:819:5: note: declared here
  819 |     is_pod
      |     ^~~~~~
./google/protobuf/generated_message_table_driven.h:210:20: warning: 'template<class _Tp> struct std::is_pod' is deprecated: use 'is_standard_layout && is_trivial' instead [-Wdeprecated-declarations]
  210 | static_assert(std::is_pod<AuxillaryParseTableField>::value, "");
      |                    ^~~~~~
/usr/include/c++/13/type_traits:819:5: note: declared here
  819 |     is_pod
      |     ^~~~~~
./google/protobuf/generated_message_table_driven.h:211:20: warning: 'template<class _Tp> struct std::is_pod' is deprecated: use 'is_standard_layout && is_trivial' instead [-Wdeprecated-declarations]
  211 | static_assert(std::is_pod<AuxillaryParseTableField::enum_aux>::value, "");
      |                    ^~~~~~
/usr/include/c++/13/type_traits:819:5: note: declared here
  819 |     is_pod
      |     ^~~~~~
./google/protobuf/generated_message_table_driven.h:212:20: warning: 'template<class _Tp> struct std::is_pod' is deprecated: use 'is_standard_layout && is_trivial' instead [-Wdeprecated-declarations]
  212 | static_assert(std::is_pod<AuxillaryParseTableField::message_aux>::value, "");
      |                    ^~~~~~
/usr/include/c++/13/type_traits:819:5: note: declared here
  819 |     is_pod
      |     ^~~~~~
./google/protobuf/generated_message_table_driven.h:213:20: warning: 'template<class _Tp> struct std::is_pod' is deprecated: use 'is_standard_layout && is_trivial' instead [-Wdeprecated-declarations]
  213 | static_assert(std::is_pod<AuxillaryParseTableField::string_aux>::value, "");
      |                    ^~~~~~
/usr/include/c++/13/type_traits:819:5: note: declared here
  819 |     is_pod
      |     ^~~~~~
./google/protobuf/generated_message_table_driven.h:214:20: warning: 'template<class _Tp> struct std::is_pod' is deprecated: use 'is_standard_layout && is_trivial' instead [-Wdeprecated-declarations]
  214 | static_assert(std::is_pod<ParseTable>::value, "");
      |                    ^~~~~~
/usr/include/c++/13/type_traits:819:5: note: declared here
  819 |     is_pod
      |     ^~~~~~
depbase=`echo google/protobuf/parse_context.lo | sed 's|[^/]*$|.deps/&|;s|\.lo$||'`;\
/bin/bash ../libtool  --tag=CXX   --mode=compile g++ -std=gnu++20 -DHAVE_CONFIG_H -I. -I..   -I/usr/local/include -pthread -DHAVE_PTHREAD=1 -DHAVE_ZLIB=1 -Wall -Wno-sign-compare  -g -O2 -fstack-protector-strong -Wformat -Werror=format-security -Wdate-time -D_FORTIFY_SOURCE=2 -g -MT google/protobuf/parse_context.lo -MD -MP -MF $depbase.Tpo -c -o google/protobuf/parse_context.lo google/protobuf/parse_context.cc &&\
mv -f $depbase.Tpo $depbase.Plo
libtool: compile:  g++ -std=gnu++20 -DHAVE_CONFIG_H -I. -I.. -I/usr/local/include -pthread -DHAVE_PTHREAD=1 -DHAVE_ZLIB=1 -Wall -Wno-sign-compare -g -O2 -fstack-protector-strong -Wformat -Werror=format-security -Wdate-time -D_FORTIFY_SOURCE=2 -g -MT google/protobuf/parse_context.lo -MD -MP -MF google/protobuf/.deps/parse_context.Tpo -c google/protobuf/parse_context.cc  -fPIC -DPIC -o google/protobuf/.libs/parse_context.o
In file included from ./google/protobuf/arenastring.h:36,
                 from ./google/protobuf/parse_context.h:39,
                 from google/protobuf/parse_context.cc:31:
./google/protobuf/arena.h: In static member function 'static T* google::protobuf::Arena::CreateArray(google::protobuf::Arena*, size_t)':
./google/protobuf/arena.h:338:24: warning: 'template<class _Tp> struct std::is_pod' is deprecated: use 'is_standard_layout && is_trivial' instead [-Wdeprecated-declarations]
  338 |     static_assert(std::is_pod<T>::value,
      |                        ^~~~~~
In file included from /usr/include/c++/13/bits/char_traits.h:50,
                 from /usr/include/c++/13/string:42,
                 from ./google/protobuf/parse_context.h:35:
/usr/include/c++/13/type_traits:819:5: note: declared here
  819 |     is_pod
      |     ^~~~~~
In file included from ./google/protobuf/wire_format_lite.h:51,
                 from ./google/protobuf/generated_message_util.h:53,
                 from ./google/protobuf/metadata_lite.h:37,
                 from ./google/protobuf/parse_context.h:41:
./google/protobuf/repeated_field.h: At global scope:
./google/protobuf/repeated_field.h:367:20: warning: 'template<class _Tp> struct std::is_pod' is deprecated: use 'is_standard_layout && is_trivial' instead [-Wdeprecated-declarations]
  367 |               std::is_pod<Element>::value>
      |                    ^~~~~~
/usr/include/c++/13/type_traits:819:5: note: declared here
  819 |     is_pod
      |     ^~~~~~
./google/protobuf/repeated_field.h:2494:19: warning: 'template<class _Category, class _Tp, class _Distance, class _Pointer, class _Reference> struct std::iterator' is deprecated [-Wdeprecated-declarations]
 2494 |     : public std::iterator<std::output_iterator_tag, T> {
      |                   ^~~~~~~~
In file included from /usr/include/c++/13/bits/stl_construct.h:61,
                 from /usr/include/c++/13/bits/char_traits.h:57:
/usr/include/c++/13/bits/stl_iterator_base_types.h:127:34: note: declared here
  127 |     struct _GLIBCXX17_DEPRECATED iterator
      |                                  ^~~~~~~~
./google/protobuf/repeated_field.h:2516:19: warning: 'template<class _Category, class _Tp, class _Distance, class _Pointer, class _Reference> struct std::iterator' is deprecated [-Wdeprecated-declarations]
 2516 |     : public std::iterator<std::output_iterator_tag, T> {
      |                   ^~~~~~~~
/usr/include/c++/13/bits/stl_iterator_base_types.h:127:34: note: declared here
  127 |     struct _GLIBCXX17_DEPRECATED iterator
      |                                  ^~~~~~~~
./google/protobuf/repeated_field.h:2547:19: warning: 'template<class _Category, class _Tp, class _Distance, class _Pointer, class _Reference> struct std::iterator' is deprecated [-Wdeprecated-declarations]
 2547 |     : public std::iterator<std::output_iterator_tag, T> {
      |                   ^~~~~~~~
/usr/include/c++/13/bits/stl_iterator_base_types.h:127:34: note: declared here
  127 |     struct _GLIBCXX17_DEPRECATED iterator
      |                                  ^~~~~~~~
./google/protobuf/repeated_field.h:2571:19: warning: 'template<class _Category, class _Tp, class _Distance, class _Pointer, class _Reference> struct std::iterator' is deprecated [-Wdeprecated-declarations]
 2571 |     : public std::iterator<std::output_iterator_tag, T> {
      |                   ^~~~~~~~
/usr/include/c++/13/bits/stl_iterator_base_types.h:127:34: note: declared here
  127 |     struct _GLIBCXX17_DEPRECATED iterator
      |                                  ^~~~~~~~
depbase=`echo google/protobuf/repeated_field.lo | sed 's|[^/]*$|.deps/&|;s|\.lo$||'`;\
/bin/bash ../libtool  --tag=CXX   --mode=compile g++ -std=gnu++20 -DHAVE_CONFIG_H -I. -I..   -I/usr/local/include -pthread -DHAVE_PTHREAD=1 -DHAVE_ZLIB=1 -Wall -Wno-sign-compare  -g -O2 -fstack-protector-strong -Wformat -Werror=format-security -Wdate-time -D_FORTIFY_SOURCE=2 -g -MT google/protobuf/repeated_field.lo -MD -MP -MF $depbase.Tpo -c -o google/protobuf/repeated_field.lo google/protobuf/repeated_field.cc &&\
mv -f $depbase.Tpo $depbase.Plo
libtool: compile:  g++ -std=gnu++20 -DHAVE_CONFIG_H -I. -I.. -I/usr/local/include -pthread -DHAVE_PTHREAD=1 -DHAVE_ZLIB=1 -Wall -Wno-sign-compare -g -O2 -fstack-protector-strong -Wformat -Werror=format-security -Wdate-time -D_FORTIFY_SOURCE=2 -g -MT google/protobuf/repeated_field.lo -MD -MP -MF google/protobuf/.deps/repeated_field.Tpo -c google/protobuf/repeated_field.cc  -fPIC -DPIC -o google/protobuf/.libs/repeated_field.o
In file included from ./google/protobuf/repeated_field.h:61,
                 from google/protobuf/repeated_field.cc:39:
./google/protobuf/arena.h: In static member function 'static T* google::protobuf::Arena::CreateArray(google::protobuf::Arena*, size_t)':
./google/protobuf/arena.h:338:24: warning: 'template<class _Tp> struct std::is_pod' is deprecated: use 'is_standard_layout && is_trivial' instead [-Wdeprecated-declarations]
  338 |     static_assert(std::is_pod<T>::value,
      |                        ^~~~~~
In file included from /usr/include/c++/13/bits/stl_pair.h:60,
                 from /usr/include/c++/13/bits/stl_algobase.h:64,
                 from /usr/include/c++/13/algorithm:60,
                 from google/protobuf/repeated_field.cc:35:
/usr/include/c++/13/type_traits:819:5: note: declared here
  819 |     is_pod
      |     ^~~~~~
./google/protobuf/repeated_field.h: At global scope:
./google/protobuf/repeated_field.h:367:20: warning: 'template<class _Tp> struct std::is_pod' is deprecated: use 'is_standard_layout && is_trivial' instead [-Wdeprecated-declarations]
  367 |               std::is_pod<Element>::value>
      |                    ^~~~~~
/usr/include/c++/13/type_traits:819:5: note: declared here
  819 |     is_pod
      |     ^~~~~~
./google/protobuf/repeated_field.h:2494:19: warning: 'template<class _Category, class _Tp, class _Distance, class _Pointer, class _Reference> struct std::iterator' is deprecated [-Wdeprecated-declarations]
 2494 |     : public std::iterator<std::output_iterator_tag, T> {
      |                   ^~~~~~~~
In file included from /usr/include/c++/13/bits/stl_algobase.h:65:
/usr/include/c++/13/bits/stl_iterator_base_types.h:127:34: note: declared here
  127 |     struct _GLIBCXX17_DEPRECATED iterator
      |                                  ^~~~~~~~
./google/protobuf/repeated_field.h:2516:19: warning: 'template<class _Category, class _Tp, class _Distance, class _Pointer, class _Reference> struct std::iterator' is deprecated [-Wdeprecated-declarations]
 2516 |     : public std::iterator<std::output_iterator_tag, T> {
      |                   ^~~~~~~~
/usr/include/c++/13/bits/stl_iterator_base_types.h:127:34: note: declared here
  127 |     struct _GLIBCXX17_DEPRECATED iterator
      |                                  ^~~~~~~~
./google/protobuf/repeated_field.h:2547:19: warning: 'template<class _Category, class _Tp, class _Distance, class _Pointer, class _Reference> struct std::iterator' is deprecated [-Wdeprecated-declarations]
 2547 |     : public std::iterator<std::output_iterator_tag, T> {
      |                   ^~~~~~~~
/usr/include/c++/13/bits/stl_iterator_base_types.h:127:34: note: declared here
  127 |     struct _GLIBCXX17_DEPRECATED iterator
      |                                  ^~~~~~~~
./google/protobuf/repeated_field.h:2571:19: warning: 'template<class _Category, class _Tp, class _Distance, class _Pointer, class _Reference> struct std::iterator' is deprecated [-Wdeprecated-declarations]
 2571 |     : public std::iterator<std::output_iterator_tag, T> {
      |                   ^~~~~~~~
/usr/include/c++/13/bits/stl_iterator_base_types.h:127:34: note: declared here
  127 |     struct _GLIBCXX17_DEPRECATED iterator
      |                                  ^~~~~~~~
depbase=`echo google/protobuf/wire_format_lite.lo | sed 's|[^/]*$|.deps/&|;s|\.lo$||'`;\
/bin/bash ../libtool  --tag=CXX   --mode=compile g++ -std=gnu++20 -DHAVE_CONFIG_H -I. -I..   -I/usr/local/include -pthread -DHAVE_PTHREAD=1 -DHAVE_ZLIB=1 -Wall -Wno-sign-compare  -g -O2 -fstack-protector-strong -Wformat -Werror=format-security -Wdate-time -D_FORTIFY_SOURCE=2 -g -MT google/protobuf/wire_format_lite.lo -MD -MP -MF $depbase.Tpo -c -o google/protobuf/wire_format_lite.lo google/protobuf/wire_format_lite.cc &&\
mv -f $depbase.Tpo $depbase.Plo
libtool: compile:  g++ -std=gnu++20 -DHAVE_CONFIG_H -I. -I.. -I/usr/local/include -pthread -DHAVE_PTHREAD=1 -DHAVE_ZLIB=1 -Wall -Wno-sign-compare -g -O2 -fstack-protector-strong -Wformat -Werror=format-security -Wdate-time -D_FORTIFY_SOURCE=2 -g -MT google/protobuf/wire_format_lite.lo -MD -MP -MF google/protobuf/.deps/wire_format_lite.Tpo -c google/protobuf/wire_format_lite.cc  -fPIC -DPIC -o google/protobuf/.libs/wire_format_lite.o
In file included from ./google/protobuf/arenastring.h:36,
                 from ./google/protobuf/wire_format_lite.h:48,
                 from google/protobuf/wire_format_lite.cc:35:
./google/protobuf/arena.h: In static member function 'static T* google::protobuf::Arena::CreateArray(google::protobuf::Arena*, size_t)':
./google/protobuf/arena.h:338:24: warning: 'template<class _Tp> struct std::is_pod' is deprecated: use 'is_standard_layout && is_trivial' instead [-Wdeprecated-declarations]
  338 |     static_assert(std::is_pod<T>::value,
      |                        ^~~~~~
In file included from /usr/include/c++/13/bits/char_traits.h:50,
                 from /usr/include/c++/13/string:42,
                 from ./google/protobuf/wire_format_lite.h:43:
/usr/include/c++/13/type_traits:819:5: note: declared here
  819 |     is_pod
      |     ^~~~~~
In file included from ./google/protobuf/wire_format_lite.h:51:
./google/protobuf/repeated_field.h: At global scope:
./google/protobuf/repeated_field.h:367:20: warning: 'template<class _Tp> struct std::is_pod' is deprecated: use 'is_standard_layout && is_trivial' instead [-Wdeprecated-declarations]
  367 |               std::is_pod<Element>::value>
      |                    ^~~~~~
/usr/include/c++/13/type_traits:819:5: note: declared here
  819 |     is_pod
      |     ^~~~~~
./google/protobuf/repeated_field.h:2494:19: warning: 'template<class _Category, class _Tp, class _Distance, class _Pointer, class _Reference> struct std::iterator' is deprecated [-Wdeprecated-declarations]
 2494 |     : public std::iterator<std::output_iterator_tag, T> {
      |                   ^~~~~~~~
In file included from /usr/include/c++/13/bits/stl_construct.h:61,
                 from /usr/include/c++/13/bits/char_traits.h:57:
/usr/include/c++/13/bits/stl_iterator_base_types.h:127:34: note: declared here
  127 |     struct _GLIBCXX17_DEPRECATED iterator
      |                                  ^~~~~~~~
./google/protobuf/repeated_field.h:2516:19: warning: 'template<class _Category, class _Tp, class _Distance, class _Pointer, class _Reference> struct std::iterator' is deprecated [-Wdeprecated-declarations]
 2516 |     : public std::iterator<std::output_iterator_tag, T> {
      |                   ^~~~~~~~
/usr/include/c++/13/bits/stl_iterator_base_types.h:127:34: note: declared here
  127 |     struct _GLIBCXX17_DEPRECATED iterator
      |                                  ^~~~~~~~
./google/protobuf/repeated_field.h:2547:19: warning: 'template<class _Category, class _Tp, class _Distance, class _Pointer, class _Reference> struct std::iterator' is deprecated [-Wdeprecated-declarations]
 2547 |     : public std::iterator<std::output_iterator_tag, T> {
      |                   ^~~~~~~~
/usr/include/c++/13/bits/stl_iterator_base_types.h:127:34: note: declared here
  127 |     struct _GLIBCXX17_DEPRECATED iterator
      |                                  ^~~~~~~~
./google/protobuf/repeated_field.h:2571:19: warning: 'template<class _Category, class _Tp, class _Distance, class _Pointer, class _Reference> struct std::iterator' is deprecated [-Wdeprecated-declarations]
 2571 |     : public std::iterator<std::output_iterator_tag, T> {
      |                   ^~~~~~~~
/usr/include/c++/13/bits/stl_iterator_base_types.h:127:34: note: declared here
  127 |     struct _GLIBCXX17_DEPRECATED iterator
      |                                  ^~~~~~~~
depbase=`echo google/protobuf/io/coded_stream.lo | sed 's|[^/]*$|.deps/&|;s|\.lo$||'`;\
/bin/bash ../libtool  --tag=CXX   --mode=compile g++ -std=gnu++20 -DHAVE_CONFIG_H -I. -I..   -I/usr/local/include -pthread -DHAVE_PTHREAD=1 -DHAVE_ZLIB=1 -Wall -Wno-sign-compare  -g -O2 -fstack-protector-strong -Wformat -Werror=format-security -Wdate-time -D_FORTIFY_SOURCE=2 -g -MT google/protobuf/io/coded_stream.lo -MD -MP -MF $depbase.Tpo -c -o google/protobuf/io/coded_stream.lo google/protobuf/io/coded_stream.cc &&\
mv -f $depbase.Tpo $depbase.Plo
libtool: compile:  g++ -std=gnu++20 -DHAVE_CONFIG_H -I. -I.. -I/usr/local/include -pthread -DHAVE_PTHREAD=1 -DHAVE_ZLIB=1 -Wall -Wno-sign-compare -g -O2 -fstack-protector-strong -Wformat -Werror=format-security -Wdate-time -D_FORTIFY_SOURCE=2 -g -MT google/protobuf/io/coded_stream.lo -MD -MP -MF google/protobuf/io/.deps/coded_stream.Tpo -c google/protobuf/io/coded_stream.cc  -fPIC -DPIC -o google/protobuf/io/.libs/coded_stream.o
In file included from google/protobuf/io/coded_stream.cc:48:
./google/protobuf/arena.h: In static member function 'static T* google::protobuf::Arena::CreateArray(google::protobuf::Arena*, size_t)':
./google/protobuf/arena.h:338:24: warning: 'template<class _Tp> struct std::is_pod' is deprecated: use 'is_standard_layout && is_trivial' instead [-Wdeprecated-declarations]
  338 |     static_assert(std::is_pod<T>::value,
      |                        ^~~~~~
In file included from /usr/include/c++/13/bits/stl_pair.h:60,
                 from /usr/include/c++/13/bits/stl_algobase.h:64,
                 from /usr/include/c++/13/algorithm:60,
                 from google/protobuf/io/coded_stream.cc:42:
/usr/include/c++/13/type_traits:819:5: note: declared here
  819 |     is_pod
      |     ^~~~~~
depbase=`echo google/protobuf/io/strtod.lo | sed 's|[^/]*$|.deps/&|;s|\.lo$||'`;\
/bin/bash ../libtool  --tag=CXX   --mode=compile g++ -std=gnu++20 -DHAVE_CONFIG_H -I. -I..   -I/usr/local/include -pthread -DHAVE_PTHREAD=1 -DHAVE_ZLIB=1 -Wall -Wno-sign-compare  -g -O2 -fstack-protector-strong -Wformat -Werror=format-security -Wdate-time -D_FORTIFY_SOURCE=2 -g -MT google/protobuf/io/strtod.lo -MD -MP -MF $depbase.Tpo -c -o google/protobuf/io/strtod.lo google/protobuf/io/strtod.cc &&\
mv -f $depbase.Tpo $depbase.Plo
libtool: compile:  g++ -std=gnu++20 -DHAVE_CONFIG_H -I. -I.. -I/usr/local/include -pthread -DHAVE_PTHREAD=1 -DHAVE_ZLIB=1 -Wall -Wno-sign-compare -g -O2 -fstack-protector-strong -Wformat -Werror=format-security -Wdate-time -D_FORTIFY_SOURCE=2 -g -MT google/protobuf/io/strtod.lo -MD -MP -MF google/protobuf/io/.deps/strtod.Tpo -c google/protobuf/io/strtod.cc  -fPIC -DPIC -o google/protobuf/io/.libs/strtod.o
depbase=`echo google/protobuf/io/zero_copy_stream.lo | sed 's|[^/]*$|.deps/&|;s|\.lo$||'`;\
/bin/bash ../libtool  --tag=CXX   --mode=compile g++ -std=gnu++20 -DHAVE_CONFIG_H -I. -I..   -I/usr/local/include -pthread -DHAVE_PTHREAD=1 -DHAVE_ZLIB=1 -Wall -Wno-sign-compare  -g -O2 -fstack-protector-strong -Wformat -Werror=format-security -Wdate-time -D_FORTIFY_SOURCE=2 -g -MT google/protobuf/io/zero_copy_stream.lo -MD -MP -MF $depbase.Tpo -c -o google/protobuf/io/zero_copy_stream.lo google/protobuf/io/zero_copy_stream.cc &&\
mv -f $depbase.Tpo $depbase.Plo
libtool: compile:  g++ -std=gnu++20 -DHAVE_CONFIG_H -I. -I.. -I/usr/local/include -pthread -DHAVE_PTHREAD=1 -DHAVE_ZLIB=1 -Wall -Wno-sign-compare -g -O2 -fstack-protector-strong -Wformat -Werror=format-security -Wdate-time -D_FORTIFY_SOURCE=2 -g -MT google/protobuf/io/zero_copy_stream.lo -MD -MP -MF google/protobuf/io/.deps/zero_copy_stream.Tpo -c google/protobuf/io/zero_copy_stream.cc  -fPIC -DPIC -o google/protobuf/io/.libs/zero_copy_stream.o
depbase=`echo google/protobuf/io/zero_copy_stream_impl_lite.lo | sed 's|[^/]*$|.deps/&|;s|\.lo$||'`;\
/bin/bash ../libtool  --tag=CXX   --mode=compile g++ -std=gnu++20 -DHAVE_CONFIG_H -I. -I..   -I/usr/local/include -pthread -DHAVE_PTHREAD=1 -DHAVE_ZLIB=1 -Wall -Wno-sign-compare  -g -O2 -fstack-protector-strong -Wformat -Werror=format-security -Wdate-time -D_FORTIFY_SOURCE=2 -g -MT google/protobuf/io/zero_copy_stream_impl_lite.lo -MD -MP -MF $depbase.Tpo -c -o google/protobuf/io/zero_copy_stream_impl_lite.lo google/protobuf/io/zero_copy_stream_impl_lite.cc &&\
mv -f $depbase.Tpo $depbase.Plo
libtool: compile:  g++ -std=gnu++20 -DHAVE_CONFIG_H -I. -I.. -I/usr/local/include -pthread -DHAVE_PTHREAD=1 -DHAVE_ZLIB=1 -Wall -Wno-sign-compare -g -O2 -fstack-protector-strong -Wformat -Werror=format-security -Wdate-time -D_FORTIFY_SOURCE=2 -g -MT google/protobuf/io/zero_copy_stream_impl_lite.lo -MD -MP -MF google/protobuf/io/.deps/zero_copy_stream_impl_lite.Tpo -c google/protobuf/io/zero_copy_stream_impl_lite.cc  -fPIC -DPIC -o google/protobuf/io/.libs/zero_copy_stream_impl_lite.o
depbase=`echo google/protobuf/any.pb.lo | sed 's|[^/]*$|.deps/&|;s|\.lo$||'`;\
/bin/bash ../libtool  --tag=CXX   --mode=compile g++ -std=gnu++20 -DHAVE_CONFIG_H -I. -I..   -I/usr/local/include -pthread -DHAVE_PTHREAD=1 -DHAVE_ZLIB=1 -Wall -Wno-sign-compare  -g -O2 -fstack-protector-strong -Wformat -Werror=format-security -Wdate-time -D_FORTIFY_SOURCE=2 -g -MT google/protobuf/any.pb.lo -MD -MP -MF $depbase.Tpo -c -o google/protobuf/any.pb.lo google/protobuf/any.pb.cc &&\
mv -f $depbase.Tpo $depbase.Plo
libtool: compile:  g++ -std=gnu++20 -DHAVE_CONFIG_H -I. -I.. -I/usr/local/include -pthread -DHAVE_PTHREAD=1 -DHAVE_ZLIB=1 -Wall -Wno-sign-compare -g -O2 -fstack-protector-strong -Wformat -Werror=format-security -Wdate-time -D_FORTIFY_SOURCE=2 -g -MT google/protobuf/any.pb.lo -MD -MP -MF google/protobuf/.deps/any.pb.Tpo -c google/protobuf/any.pb.cc  -fPIC -DPIC -o google/protobuf/.libs/any.pb.o
In file included from ./google/protobuf/any.pb.h:24,
                 from google/protobuf/any.pb.cc:4:
./google/protobuf/arena.h: In static member function 'static T* google::protobuf::Arena::CreateArray(google::protobuf::Arena*, size_t)':
./google/protobuf/arena.h:338:24: warning: 'template<class _Tp> struct std::is_pod' is deprecated: use 'is_standard_layout && is_trivial' instead [-Wdeprecated-declarations]
  338 |     static_assert(std::is_pod<T>::value,
      |                        ^~~~~~
In file included from /usr/include/c++/13/bits/char_traits.h:50,
                 from /usr/include/c++/13/string:42,
                 from ./google/protobuf/any.pb.h:8:
/usr/include/c++/13/type_traits:819:5: note: declared here
  819 |     is_pod
      |     ^~~~~~
In file included from ./google/protobuf/wire_format_lite.h:51,
                 from ./google/protobuf/generated_message_util.h:53,
                 from ./google/protobuf/metadata_lite.h:37,
                 from ./google/protobuf/parse_context.h:41,
                 from ./google/protobuf/map_type_handler.h:34,
                 from ./google/protobuf/map.h:49,
                 from ./google/protobuf/generated_message_table_driven.h:34,
                 from ./google/protobuf/any.pb.h:26:
./google/protobuf/repeated_field.h: At global scope:
./google/protobuf/repeated_field.h:367:20: warning: 'template<class _Tp> struct std::is_pod' is deprecated: use 'is_standard_layout && is_trivial' instead [-Wdeprecated-declarations]
  367 |               std::is_pod<Element>::value>
      |                    ^~~~~~
/usr/include/c++/13/type_traits:819:5: note: declared here
  819 |     is_pod
      |     ^~~~~~
./google/protobuf/repeated_field.h:2494:19: warning: 'template<class _Category, class _Tp, class _Distance, class _Pointer, class _Reference> struct std::iterator' is deprecated [-Wdeprecated-declarations]
 2494 |     : public std::iterator<std::output_iterator_tag, T> {
      |                   ^~~~~~~~
In file included from /usr/include/c++/13/bits/stl_construct.h:61,
                 from /usr/include/c++/13/bits/char_traits.h:57:
/usr/include/c++/13/bits/stl_iterator_base_types.h:127:34: note: declared here
  127 |     struct _GLIBCXX17_DEPRECATED iterator
      |                                  ^~~~~~~~
./google/protobuf/repeated_field.h:2516:19: warning: 'template<class _Category, class _Tp, class _Distance, class _Pointer, class _Reference> struct std::iterator' is deprecated [-Wdeprecated-declarations]
 2516 |     : public std::iterator<std::output_iterator_tag, T> {
      |                   ^~~~~~~~
/usr/include/c++/13/bits/stl_iterator_base_types.h:127:34: note: declared here
  127 |     struct _GLIBCXX17_DEPRECATED iterator
      |                                  ^~~~~~~~
./google/protobuf/repeated_field.h:2547:19: warning: 'template<class _Category, class _Tp, class _Distance, class _Pointer, class _Reference> struct std::iterator' is deprecated [-Wdeprecated-declarations]
 2547 |     : public std::iterator<std::output_iterator_tag, T> {
      |                   ^~~~~~~~
/usr/include/c++/13/bits/stl_iterator_base_types.h:127:34: note: declared here
  127 |     struct _GLIBCXX17_DEPRECATED iterator
      |                                  ^~~~~~~~
./google/protobuf/repeated_field.h:2571:19: warning: 'template<class _Category, class _Tp, class _Distance, class _Pointer, class _Reference> struct std::iterator' is deprecated [-Wdeprecated-declarations]
 2571 |     : public std::iterator<std::output_iterator_tag, T> {
      |                   ^~~~~~~~
/usr/include/c++/13/bits/stl_iterator_base_types.h:127:34: note: declared here
  127 |     struct _GLIBCXX17_DEPRECATED iterator
      |                                  ^~~~~~~~
./google/protobuf/generated_message_table_driven.h:209:20: warning: 'template<class _Tp> struct std::is_pod' is deprecated: use 'is_standard_layout && is_trivial' instead [-Wdeprecated-declarations]
  209 | static_assert(std::is_pod<ParseTableField>::value, "");
      |                    ^~~~~~
/usr/include/c++/13/type_traits:819:5: note: declared here
  819 |     is_pod
      |     ^~~~~~
./google/protobuf/generated_message_table_driven.h:210:20: warning: 'template<class _Tp> struct std::is_pod' is deprecated: use 'is_standard_layout && is_trivial' instead [-Wdeprecated-declarations]
  210 | static_assert(std::is_pod<AuxillaryParseTableField>::value, "");
      |                    ^~~~~~
/usr/include/c++/13/type_traits:819:5: note: declared here
  819 |     is_pod
      |     ^~~~~~
./google/protobuf/generated_message_table_driven.h:211:20: warning: 'template<class _Tp> struct std::is_pod' is deprecated: use 'is_standard_layout && is_trivial' instead [-Wdeprecated-declarations]
  211 | static_assert(std::is_pod<AuxillaryParseTableField::enum_aux>::value, "");
      |                    ^~~~~~
/usr/include/c++/13/type_traits:819:5: note: declared here
  819 |     is_pod
      |     ^~~~~~
./google/protobuf/generated_message_table_driven.h:212:20: warning: 'template<class _Tp> struct std::is_pod' is deprecated: use 'is_standard_layout && is_trivial' instead [-Wdeprecated-declarations]
  212 | static_assert(std::is_pod<AuxillaryParseTableField::message_aux>::value, "");
      |                    ^~~~~~
/usr/include/c++/13/type_traits:819:5: note: declared here
  819 |     is_pod
      |     ^~~~~~
./google/protobuf/generated_message_table_driven.h:213:20: warning: 'template<class _Tp> struct std::is_pod' is deprecated: use 'is_standard_layout && is_trivial' instead [-Wdeprecated-declarations]
  213 | static_assert(std::is_pod<AuxillaryParseTableField::string_aux>::value, "");
      |                    ^~~~~~
/usr/include/c++/13/type_traits:819:5: note: declared here
  819 |     is_pod
      |     ^~~~~~
./google/protobuf/generated_message_table_driven.h:214:20: warning: 'template<class _Tp> struct std::is_pod' is deprecated: use 'is_standard_layout && is_trivial' instead [-Wdeprecated-declarations]
  214 | static_assert(std::is_pod<ParseTable>::value, "");
      |                    ^~~~~~
/usr/include/c++/13/type_traits:819:5: note: declared here
  819 |     is_pod
      |     ^~~~~~
depbase=`echo google/protobuf/api.pb.lo | sed 's|[^/]*$|.deps/&|;s|\.lo$||'`;\
/bin/bash ../libtool  --tag=CXX   --mode=compile g++ -std=gnu++20 -DHAVE_CONFIG_H -I. -I..   -I/usr/local/include -pthread -DHAVE_PTHREAD=1 -DHAVE_ZLIB=1 -Wall -Wno-sign-compare  -g -O2 -fstack-protector-strong -Wformat -Werror=format-security -Wdate-time -D_FORTIFY_SOURCE=2 -g -MT google/protobuf/api.pb.lo -MD -MP -MF $depbase.Tpo -c -o google/protobuf/api.pb.lo google/protobuf/api.pb.cc &&\
mv -f $depbase.Tpo $depbase.Plo
libtool: compile:  g++ -std=gnu++20 -DHAVE_CONFIG_H -I. -I.. -I/usr/local/include -pthread -DHAVE_PTHREAD=1 -DHAVE_ZLIB=1 -Wall -Wno-sign-compare -g -O2 -fstack-protector-strong -Wformat -Werror=format-security -Wdate-time -D_FORTIFY_SOURCE=2 -g -MT google/protobuf/api.pb.lo -MD -MP -MF google/protobuf/.deps/api.pb.Tpo -c google/protobuf/api.pb.cc  -fPIC -DPIC -o google/protobuf/.libs/api.pb.o
In file included from ./google/protobuf/api.pb.h:24,
                 from google/protobuf/api.pb.cc:4:
./google/protobuf/arena.h: In static member function 'static T* google::protobuf::Arena::CreateArray(google::protobuf::Arena*, size_t)':
./google/protobuf/arena.h:338:24: warning: 'template<class _Tp> struct std::is_pod' is deprecated: use 'is_standard_layout && is_trivial' instead [-Wdeprecated-declarations]
  338 |     static_assert(std::is_pod<T>::value,
      |                        ^~~~~~
In file included from /usr/include/c++/13/bits/char_traits.h:50,
                 from /usr/include/c++/13/string:42,
                 from ./google/protobuf/api.pb.h:8:
/usr/include/c++/13/type_traits:819:5: note: declared here
  819 |     is_pod
      |     ^~~~~~
In file included from ./google/protobuf/wire_format_lite.h:51,
                 from ./google/protobuf/generated_message_util.h:53,
                 from ./google/protobuf/metadata_lite.h:37,
                 from ./google/protobuf/parse_context.h:41,
                 from ./google/protobuf/map_type_handler.h:34,
                 from ./google/protobuf/map.h:49,
                 from ./google/protobuf/generated_message_table_driven.h:34,
                 from ./google/protobuf/api.pb.h:26:
./google/protobuf/repeated_field.h: At global scope:
./google/protobuf/repeated_field.h:367:20: warning: 'template<class _Tp> struct std::is_pod' is deprecated: use 'is_standard_layout && is_trivial' instead [-Wdeprecated-declarations]
  367 |               std::is_pod<Element>::value>
      |                    ^~~~~~
/usr/include/c++/13/type_traits:819:5: note: declared here
  819 |     is_pod
      |     ^~~~~~
./google/protobuf/repeated_field.h:2494:19: warning: 'template<class _Category, class _Tp, class _Distance, class _Pointer, class _Reference> struct std::iterator' is deprecated [-Wdeprecated-declarations]
 2494 |     : public std::iterator<std::output_iterator_tag, T> {
      |                   ^~~~~~~~
In file included from /usr/include/c++/13/bits/stl_construct.h:61,
                 from /usr/include/c++/13/bits/char_traits.h:57:
/usr/include/c++/13/bits/stl_iterator_base_types.h:127:34: note: declared here
  127 |     struct _GLIBCXX17_DEPRECATED iterator
      |                                  ^~~~~~~~
./google/protobuf/repeated_field.h:2516:19: warning: 'template<class _Category, class _Tp, class _Distance, class _Pointer, class _Reference> struct std::iterator' is deprecated [-Wdeprecated-declarations]
 2516 |     : public std::iterator<std::output_iterator_tag, T> {
      |                   ^~~~~~~~
/usr/include/c++/13/bits/stl_iterator_base_types.h:127:34: note: declared here
  127 |     struct _GLIBCXX17_DEPRECATED iterator
      |                                  ^~~~~~~~
./google/protobuf/repeated_field.h:2547:19: warning: 'template<class _Category, class _Tp, class _Distance, class _Pointer, class _Reference> struct std::iterator' is deprecated [-Wdeprecated-declarations]
 2547 |     : public std::iterator<std::output_iterator_tag, T> {
      |                   ^~~~~~~~
/usr/include/c++/13/bits/stl_iterator_base_types.h:127:34: note: declared here
  127 |     struct _GLIBCXX17_DEPRECATED iterator
      |                                  ^~~~~~~~
./google/protobuf/repeated_field.h:2571:19: warning: 'template<class _Category, class _Tp, class _Distance, class _Pointer, class _Reference> struct std::iterator' is deprecated [-Wdeprecated-declarations]
 2571 |     : public std::iterator<std::output_iterator_tag, T> {
      |                   ^~~~~~~~
/usr/include/c++/13/bits/stl_iterator_base_types.h:127:34: note: declared here
  127 |     struct _GLIBCXX17_DEPRECATED iterator
      |                                  ^~~~~~~~
./google/protobuf/generated_message_table_driven.h:209:20: warning: 'template<class _Tp> struct std::is_pod' is deprecated: use 'is_standard_layout && is_trivial' instead [-Wdeprecated-declarations]
  209 | static_assert(std::is_pod<ParseTableField>::value, "");
      |                    ^~~~~~
/usr/include/c++/13/type_traits:819:5: note: declared here
  819 |     is_pod
      |     ^~~~~~
./google/protobuf/generated_message_table_driven.h:210:20: warning: 'template<class _Tp> struct std::is_pod' is deprecated: use 'is_standard_layout && is_trivial' instead [-Wdeprecated-declarations]
  210 | static_assert(std::is_pod<AuxillaryParseTableField>::value, "");
      |                    ^~~~~~
/usr/include/c++/13/type_traits:819:5: note: declared here
  819 |     is_pod
      |     ^~~~~~
./google/protobuf/generated_message_table_driven.h:211:20: warning: 'template<class _Tp> struct std::is_pod' is deprecated: use 'is_standard_layout && is_trivial' instead [-Wdeprecated-declarations]
  211 | static_assert(std::is_pod<AuxillaryParseTableField::enum_aux>::value, "");
      |                    ^~~~~~
/usr/include/c++/13/type_traits:819:5: note: declared here
  819 |     is_pod
      |     ^~~~~~
./google/protobuf/generated_message_table_driven.h:212:20: warning: 'template<class _Tp> struct std::is_pod' is deprecated: use 'is_standard_layout && is_trivial' instead [-Wdeprecated-declarations]
  212 | static_assert(std::is_pod<AuxillaryParseTableField::message_aux>::value, "");
      |                    ^~~~~~
/usr/include/c++/13/type_traits:819:5: note: declared here
  819 |     is_pod
      |     ^~~~~~
./google/protobuf/generated_message_table_driven.h:213:20: warning: 'template<class _Tp> struct std::is_pod' is deprecated: use 'is_standard_layout && is_trivial' instead [-Wdeprecated-declarations]
  213 | static_assert(std::is_pod<AuxillaryParseTableField::string_aux>::value, "");
      |                    ^~~~~~
/usr/include/c++/13/type_traits:819:5: note: declared here
  819 |     is_pod
      |     ^~~~~~
./google/protobuf/generated_message_table_driven.h:214:20: warning: 'template<class _Tp> struct std::is_pod' is deprecated: use 'is_standard_layout && is_trivial' instead [-Wdeprecated-declarations]
  214 | static_assert(std::is_pod<ParseTable>::value, "");
      |                    ^~~~~~
/usr/include/c++/13/type_traits:819:5: note: declared here
  819 |     is_pod
      |     ^~~~~~
depbase=`echo google/protobuf/stubs/mathlimits.lo | sed 's|[^/]*$|.deps/&|;s|\.lo$||'`;\
/bin/bash ../libtool  --tag=CXX   --mode=compile g++ -std=gnu++20 -DHAVE_CONFIG_H -I. -I..   -I/usr/local/include -pthread -DHAVE_PTHREAD=1 -DHAVE_ZLIB=1 -Wall -Wno-sign-compare  -g -O2 -fstack-protector-strong -Wformat -Werror=format-security -Wdate-time -D_FORTIFY_SOURCE=2 -g -MT google/protobuf/stubs/mathlimits.lo -MD -MP -MF $depbase.Tpo -c -o google/protobuf/stubs/mathlimits.lo google/protobuf/stubs/mathlimits.cc &&\
mv -f $depbase.Tpo $depbase.Plo
libtool: compile:  g++ -std=gnu++20 -DHAVE_CONFIG_H -I. -I.. -I/usr/local/include -pthread -DHAVE_PTHREAD=1 -DHAVE_ZLIB=1 -Wall -Wno-sign-compare -g -O2 -fstack-protector-strong -Wformat -Werror=format-security -Wdate-time -D_FORTIFY_SOURCE=2 -g -MT google/protobuf/stubs/mathlimits.lo -MD -MP -MF google/protobuf/stubs/.deps/mathlimits.Tpo -c google/protobuf/stubs/mathlimits.cc  -fPIC -DPIC -o google/protobuf/stubs/.libs/mathlimits.o
depbase=`echo google/protobuf/any.lo | sed 's|[^/]*$|.deps/&|;s|\.lo$||'`;\
/bin/bash ../libtool  --tag=CXX   --mode=compile g++ -std=gnu++20 -DHAVE_CONFIG_H -I. -I..   -I/usr/local/include -pthread -DHAVE_PTHREAD=1 -DHAVE_ZLIB=1 -Wall -Wno-sign-compare  -g -O2 -fstack-protector-strong -Wformat -Werror=format-security -Wdate-time -D_FORTIFY_SOURCE=2 -g -MT google/protobuf/any.lo -MD -MP -MF $depbase.Tpo -c -o google/protobuf/any.lo google/protobuf/any.cc &&\
mv -f $depbase.Tpo $depbase.Plo
libtool: compile:  g++ -std=gnu++20 -DHAVE_CONFIG_H -I. -I.. -I/usr/local/include -pthread -DHAVE_PTHREAD=1 -DHAVE_ZLIB=1 -Wall -Wno-sign-compare -g -O2 -fstack-protector-strong -Wformat -Werror=format-security -Wdate-time -D_FORTIFY_SOURCE=2 -g -MT google/protobuf/any.lo -MD -MP -MF google/protobuf/.deps/any.Tpo -c google/protobuf/any.cc  -fPIC -DPIC -o google/protobuf/.libs/any.o
In file included from ./google/protobuf/arenastring.h:36,
                 from ./google/protobuf/any.h:37,
                 from google/protobuf/any.cc:31:
./google/protobuf/arena.h: In static member function 'static T* google::protobuf::Arena::CreateArray(google::protobuf::Arena*, size_t)':
./google/protobuf/arena.h:338:24: warning: 'template<class _Tp> struct std::is_pod' is deprecated: use 'is_standard_layout && is_trivial' instead [-Wdeprecated-declarations]
  338 |     static_assert(std::is_pod<T>::value,
      |                        ^~~~~~
In file included from /usr/include/c++/13/bits/char_traits.h:50,
                 from /usr/include/c++/13/string:42,
                 from ./google/protobuf/any.h:34:
/usr/include/c++/13/type_traits:819:5: note: declared here
  819 |     is_pod
      |     ^~~~~~
In file included from ./google/protobuf/wire_format_lite.h:51,
                 from ./google/protobuf/generated_message_util.h:53,
                 from google/protobuf/any.cc:35:
./google/protobuf/repeated_field.h: At global scope:
./google/protobuf/repeated_field.h:367:20: warning: 'template<class _Tp> struct std::is_pod' is deprecated: use 'is_standard_layout && is_trivial' instead [-Wdeprecated-declarations]
  367 |               std::is_pod<Element>::value>
      |                    ^~~~~~
/usr/include/c++/13/type_traits:819:5: note: declared here
  819 |     is_pod
      |     ^~~~~~
./google/protobuf/repeated_field.h:2494:19: warning: 'template<class _Category, class _Tp, class _Distance, class _Pointer, class _Reference> struct std::iterator' is deprecated [-Wdeprecated-declarations]
 2494 |     : public std::iterator<std::output_iterator_tag, T> {
      |                   ^~~~~~~~
In file included from /usr/include/c++/13/bits/stl_construct.h:61,
                 from /usr/include/c++/13/bits/char_traits.h:57:
/usr/include/c++/13/bits/stl_iterator_base_types.h:127:34: note: declared here
  127 |     struct _GLIBCXX17_DEPRECATED iterator
      |                                  ^~~~~~~~
./google/protobuf/repeated_field.h:2516:19: warning: 'template<class _Category, class _Tp, class _Distance, class _Pointer, class _Reference> struct std::iterator' is deprecated [-Wdeprecated-declarations]
 2516 |     : public std::iterator<std::output_iterator_tag, T> {
      |                   ^~~~~~~~
/usr/include/c++/13/bits/stl_iterator_base_types.h:127:34: note: declared here
  127 |     struct _GLIBCXX17_DEPRECATED iterator
      |                                  ^~~~~~~~
./google/protobuf/repeated_field.h:2547:19: warning: 'template<class _Category, class _Tp, class _Distance, class _Pointer, class _Reference> struct std::iterator' is deprecated [-Wdeprecated-declarations]
 2547 |     : public std::iterator<std::output_iterator_tag, T> {
      |                   ^~~~~~~~
/usr/include/c++/13/bits/stl_iterator_base_types.h:127:34: note: declared here
  127 |     struct _GLIBCXX17_DEPRECATED iterator
      |                                  ^~~~~~~~
./google/protobuf/repeated_field.h:2571:19: warning: 'template<class _Category, class _Tp, class _Distance, class _Pointer, class _Reference> struct std::iterator' is deprecated [-Wdeprecated-declarations]
 2571 |     : public std::iterator<std::output_iterator_tag, T> {
      |                   ^~~~~~~~
/usr/include/c++/13/bits/stl_iterator_base_types.h:127:34: note: declared here
  127 |     struct _GLIBCXX17_DEPRECATED iterator
      |                                  ^~~~~~~~
depbase=`echo google/protobuf/descriptor.lo | sed 's|[^/]*$|.deps/&|;s|\.lo$||'`;\
/bin/bash ../libtool  --tag=CXX   --mode=compile g++ -std=gnu++20 -DHAVE_CONFIG_H -I. -I..   -I/usr/local/include -pthread -DHAVE_PTHREAD=1 -DHAVE_ZLIB=1 -Wall -Wno-sign-compare  -g -O2 -fstack-protector-strong -Wformat -Werror=format-security -Wdate-time -D_FORTIFY_SOURCE=2 -g -MT google/protobuf/descriptor.lo -MD -MP -MF $depbase.Tpo -c -o google/protobuf/descriptor.lo google/protobuf/descriptor.cc &&\
mv -f $depbase.Tpo $depbase.Plo
libtool: compile:  g++ -std=gnu++20 -DHAVE_CONFIG_H -I. -I.. -I/usr/local/include -pthread -DHAVE_PTHREAD=1 -DHAVE_ZLIB=1 -Wall -Wno-sign-compare -g -O2 -fstack-protector-strong -Wformat -Werror=format-security -Wdate-time -D_FORTIFY_SOURCE=2 -g -MT google/protobuf/descriptor.lo -MD -MP -MF google/protobuf/.deps/descriptor.Tpo -c google/protobuf/descriptor.cc  -fPIC -DPIC -o google/protobuf/.libs/descriptor.o
In file included from ./google/protobuf/descriptor.pb.h:24,
                 from google/protobuf/descriptor.cc:50:
./google/protobuf/arena.h: In static member function 'static T* google::protobuf::Arena::CreateArray(google::protobuf::Arena*, size_t)':
./google/protobuf/arena.h:338:24: warning: 'template<class _Tp> struct std::is_pod' is deprecated: use 'is_standard_layout && is_trivial' instead [-Wdeprecated-declarations]
  338 |     static_assert(std::is_pod<T>::value,
      |                        ^~~~~~
In file included from /usr/include/c++/13/bits/stl_pair.h:60,
                 from /usr/include/c++/13/bits/stl_algobase.h:64,
                 from /usr/include/c++/13/algorithm:60,
                 from google/protobuf/descriptor.cc:35:
/usr/include/c++/13/type_traits:819:5: note: declared here
  819 |     is_pod
      |     ^~~~~~
In file included from ./google/protobuf/wire_format_lite.h:51,
                 from ./google/protobuf/generated_message_util.h:53,
                 from ./google/protobuf/metadata_lite.h:37,
                 from ./google/protobuf/parse_context.h:41,
                 from ./google/protobuf/map_type_handler.h:34,
                 from ./google/protobuf/map.h:49,
                 from ./google/protobuf/generated_message_table_driven.h:34,
                 from ./google/protobuf/descriptor.pb.h:26:
./google/protobuf/repeated_field.h: At global scope:
./google/protobuf/repeated_field.h:367:20: warning: 'template<class _Tp> struct std::is_pod' is deprecated: use 'is_standard_layout && is_trivial' instead [-Wdeprecated-declarations]
  367 |               std::is_pod<Element>::value>
      |                    ^~~~~~
/usr/include/c++/13/type_traits:819:5: note: declared here
  819 |     is_pod
      |     ^~~~~~
./google/protobuf/repeated_field.h:2494:19: warning: 'template<class _Category, class _Tp, class _Distance, class _Pointer, class _Reference> struct std::iterator' is deprecated [-Wdeprecated-declarations]
 2494 |     : public std::iterator<std::output_iterator_tag, T> {
      |                   ^~~~~~~~
In file included from /usr/include/c++/13/bits/stl_algobase.h:65:
/usr/include/c++/13/bits/stl_iterator_base_types.h:127:34: note: declared here
  127 |     struct _GLIBCXX17_DEPRECATED iterator
      |                                  ^~~~~~~~
./google/protobuf/repeated_field.h:2516:19: warning: 'template<class _Category, class _Tp, class _Distance, class _Pointer, class _Reference> struct std::iterator' is deprecated [-Wdeprecated-declarations]
 2516 |     : public std::iterator<std::output_iterator_tag, T> {
      |                   ^~~~~~~~
/usr/include/c++/13/bits/stl_iterator_base_types.h:127:34: note: declared here
  127 |     struct _GLIBCXX17_DEPRECATED iterator
      |                                  ^~~~~~~~
./google/protobuf/repeated_field.h:2547:19: warning: 'template<class _Category, class _Tp, class _Distance, class _Pointer, class _Reference> struct std::iterator' is deprecated [-Wdeprecated-declarations]
 2547 |     : public std::iterator<std::output_iterator_tag, T> {
      |                   ^~~~~~~~
/usr/include/c++/13/bits/stl_iterator_base_types.h:127:34: note: declared here
  127 |     struct _GLIBCXX17_DEPRECATED iterator
      |                                  ^~~~~~~~
./google/protobuf/repeated_field.h:2571:19: warning: 'template<class _Category, class _Tp, class _Distance, class _Pointer, class _Reference> struct std::iterator' is deprecated [-Wdeprecated-declarations]
 2571 |     : public std::iterator<std::output_iterator_tag, T> {
      |                   ^~~~~~~~
/usr/include/c++/13/bits/stl_iterator_base_types.h:127:34: note: declared here
  127 |     struct _GLIBCXX17_DEPRECATED iterator
      |                                  ^~~~~~~~
./google/protobuf/generated_message_table_driven.h:209:20: warning: 'template<class _Tp> struct std::is_pod' is deprecated: use 'is_standard_layout && is_trivial' instead [-Wdeprecated-declarations]
  209 | static_assert(std::is_pod<ParseTableField>::value, "");
      |                    ^~~~~~
/usr/include/c++/13/type_traits:819:5: note: declared here
  819 |     is_pod
      |     ^~~~~~
./google/protobuf/generated_message_table_driven.h:210:20: warning: 'template<class _Tp> struct std::is_pod' is deprecated: use 'is_standard_layout && is_trivial' instead [-Wdeprecated-declarations]
  210 | static_assert(std::is_pod<AuxillaryParseTableField>::value, "");
      |                    ^~~~~~
/usr/include/c++/13/type_traits:819:5: note: declared here
  819 |     is_pod
      |     ^~~~~~
./google/protobuf/generated_message_table_driven.h:211:20: warning: 'template<class _Tp> struct std::is_pod' is deprecated: use 'is_standard_layout && is_trivial' instead [-Wdeprecated-declarations]
  211 | static_assert(std::is_pod<AuxillaryParseTableField::enum_aux>::value, "");
      |                    ^~~~~~
/usr/include/c++/13/type_traits:819:5: note: declared here
  819 |     is_pod
      |     ^~~~~~
./google/protobuf/generated_message_table_driven.h:212:20: warning: 'template<class _Tp> struct std::is_pod' is deprecated: use 'is_standard_layout && is_trivial' instead [-Wdeprecated-declarations]
  212 | static_assert(std::is_pod<AuxillaryParseTableField::message_aux>::value, "");
      |                    ^~~~~~
/usr/include/c++/13/type_traits:819:5: note: declared here
  819 |     is_pod
      |     ^~~~~~
./google/protobuf/generated_message_table_driven.h:213:20: warning: 'template<class _Tp> struct std::is_pod' is deprecated: use 'is_standard_layout && is_trivial' instead [-Wdeprecated-declarations]
  213 | static_assert(std::is_pod<AuxillaryParseTableField::string_aux>::value, "");
      |                    ^~~~~~
/usr/include/c++/13/type_traits:819:5: note: declared here
  819 |     is_pod
      |     ^~~~~~
./google/protobuf/generated_message_table_driven.h:214:20: warning: 'template<class _Tp> struct std::is_pod' is deprecated: use 'is_standard_layout && is_trivial' instead [-Wdeprecated-declarations]
  214 | static_assert(std::is_pod<ParseTable>::value, "");
      |                    ^~~~~~
/usr/include/c++/13/type_traits:819:5: note: declared here
  819 |     is_pod
      |     ^~~~~~
depbase=`echo google/protobuf/descriptor_database.lo | sed 's|[^/]*$|.deps/&|;s|\.lo$||'`;\
/bin/bash ../libtool  --tag=CXX   --mode=compile g++ -std=gnu++20 -DHAVE_CONFIG_H -I. -I..   -I/usr/local/include -pthread -DHAVE_PTHREAD=1 -DHAVE_ZLIB=1 -Wall -Wno-sign-compare  -g -O2 -fstack-protector-strong -Wformat -Werror=format-security -Wdate-time -D_FORTIFY_SOURCE=2 -g -MT google/protobuf/descriptor_database.lo -MD -MP -MF $depbase.Tpo -c -o google/protobuf/descriptor_database.lo google/protobuf/descriptor_database.cc &&\
mv -f $depbase.Tpo $depbase.Plo
libtool: compile:  g++ -std=gnu++20 -DHAVE_CONFIG_H -I. -I.. -I/usr/local/include -pthread -DHAVE_PTHREAD=1 -DHAVE_ZLIB=1 -Wall -Wno-sign-compare -g -O2 -fstack-protector-strong -Wformat -Werror=format-security -Wdate-time -D_FORTIFY_SOURCE=2 -g -MT google/protobuf/descriptor_database.lo -MD -MP -MF google/protobuf/.deps/descriptor_database.Tpo -c google/protobuf/descriptor_database.cc  -fPIC -DPIC -o google/protobuf/.libs/descriptor_database.o
In file included from ./google/protobuf/descriptor.pb.h:24,
                 from google/protobuf/descriptor_database.cc:39:
./google/protobuf/arena.h: In static member function 'static T* google::protobuf::Arena::CreateArray(google::protobuf::Arena*, size_t)':
./google/protobuf/arena.h:338:24: warning: 'template<class _Tp> struct std::is_pod' is deprecated: use 'is_standard_layout && is_trivial' instead [-Wdeprecated-declarations]
  338 |     static_assert(std::is_pod<T>::value,
      |                        ^~~~~~
In file included from /usr/include/c++/13/bits/stl_pair.h:60,
                 from /usr/include/c++/13/bits/stl_algobase.h:64,
                 from /usr/include/c++/13/bits/stl_tree.h:63,
                 from /usr/include/c++/13/map:62,
                 from ./google/protobuf/descriptor_database.h:40,
                 from google/protobuf/descriptor_database.cc:35:
/usr/include/c++/13/type_traits:819:5: note: declared here
  819 |     is_pod
      |     ^~~~~~
In file included from ./google/protobuf/wire_format_lite.h:51,
                 from ./google/protobuf/generated_message_util.h:53,
                 from ./google/protobuf/metadata_lite.h:37,
                 from ./google/protobuf/parse_context.h:41,
                 from ./google/protobuf/map_type_handler.h:34,
                 from ./google/protobuf/map.h:49,
                 from ./google/protobuf/generated_message_table_driven.h:34,
                 from ./google/protobuf/descriptor.pb.h:26:
./google/protobuf/repeated_field.h: At global scope:
./google/protobuf/repeated_field.h:367:20: warning: 'template<class _Tp> struct std::is_pod' is deprecated: use 'is_standard_layout && is_trivial' instead [-Wdeprecated-declarations]
  367 |               std::is_pod<Element>::value>
      |                    ^~~~~~
/usr/include/c++/13/type_traits:819:5: note: declared here
  819 |     is_pod
      |     ^~~~~~
./google/protobuf/repeated_field.h:2494:19: warning: 'template<class _Category, class _Tp, class _Distance, class _Pointer, class _Reference> struct std::iterator' is deprecated [-Wdeprecated-declarations]
 2494 |     : public std::iterator<std::output_iterator_tag, T> {
      |                   ^~~~~~~~
In file included from /usr/include/c++/13/bits/stl_algobase.h:65:
/usr/include/c++/13/bits/stl_iterator_base_types.h:127:34: note: declared here
  127 |     struct _GLIBCXX17_DEPRECATED iterator
      |                                  ^~~~~~~~
./google/protobuf/repeated_field.h:2516:19: warning: 'template<class _Category, class _Tp, class _Distance, class _Pointer, class _Reference> struct std::iterator' is deprecated [-Wdeprecated-declarations]
 2516 |     : public std::iterator<std::output_iterator_tag, T> {
      |                   ^~~~~~~~
/usr/include/c++/13/bits/stl_iterator_base_types.h:127:34: note: declared here
  127 |     struct _GLIBCXX17_DEPRECATED iterator
      |                                  ^~~~~~~~
./google/protobuf/repeated_field.h:2547:19: warning: 'template<class _Category, class _Tp, class _Distance, class _Pointer, class _Reference> struct std::iterator' is deprecated [-Wdeprecated-declarations]
 2547 |     : public std::iterator<std::output_iterator_tag, T> {
      |                   ^~~~~~~~
/usr/include/c++/13/bits/stl_iterator_base_types.h:127:34: note: declared here
  127 |     struct _GLIBCXX17_DEPRECATED iterator
      |                                  ^~~~~~~~
./google/protobuf/repeated_field.h:2571:19: warning: 'template<class _Category, class _Tp, class _Distance, class _Pointer, class _Reference> struct std::iterator' is deprecated [-Wdeprecated-declarations]
 2571 |     : public std::iterator<std::output_iterator_tag, T> {
      |                   ^~~~~~~~
/usr/include/c++/13/bits/stl_iterator_base_types.h:127:34: note: declared here
  127 |     struct _GLIBCXX17_DEPRECATED iterator
      |                                  ^~~~~~~~
./google/protobuf/generated_message_table_driven.h:209:20: warning: 'template<class _Tp> struct std::is_pod' is deprecated: use 'is_standard_layout && is_trivial' instead [-Wdeprecated-declarations]
  209 | static_assert(std::is_pod<ParseTableField>::value, "");
      |                    ^~~~~~
/usr/include/c++/13/type_traits:819:5: note: declared here
  819 |     is_pod
      |     ^~~~~~
./google/protobuf/generated_message_table_driven.h:210:20: warning: 'template<class _Tp> struct std::is_pod' is deprecated: use 'is_standard_layout && is_trivial' instead [-Wdeprecated-declarations]
  210 | static_assert(std::is_pod<AuxillaryParseTableField>::value, "");
      |                    ^~~~~~
/usr/include/c++/13/type_traits:819:5: note: declared here
  819 |     is_pod
      |     ^~~~~~
./google/protobuf/generated_message_table_driven.h:211:20: warning: 'template<class _Tp> struct std::is_pod' is deprecated: use 'is_standard_layout && is_trivial' instead [-Wdeprecated-declarations]
  211 | static_assert(std::is_pod<AuxillaryParseTableField::enum_aux>::value, "");
      |                    ^~~~~~
/usr/include/c++/13/type_traits:819:5: note: declared here
  819 |     is_pod
      |     ^~~~~~
./google/protobuf/generated_message_table_driven.h:212:20: warning: 'template<class _Tp> struct std::is_pod' is deprecated: use 'is_standard_layout && is_trivial' instead [-Wdeprecated-declarations]
  212 | static_assert(std::is_pod<AuxillaryParseTableField::message_aux>::value, "");
      |                    ^~~~~~
/usr/include/c++/13/type_traits:819:5: note: declared here
  819 |     is_pod
      |     ^~~~~~
./google/protobuf/generated_message_table_driven.h:213:20: warning: 'template<class _Tp> struct std::is_pod' is deprecated: use 'is_standard_layout && is_trivial' instead [-Wdeprecated-declarations]
  213 | static_assert(std::is_pod<AuxillaryParseTableField::string_aux>::value, "");
      |                    ^~~~~~
/usr/include/c++/13/type_traits:819:5: note: declared here
  819 |     is_pod
      |     ^~~~~~
./google/protobuf/generated_message_table_driven.h:214:20: warning: 'template<class _Tp> struct std::is_pod' is deprecated: use 'is_standard_layout && is_trivial' instead [-Wdeprecated-declarations]
  214 | static_assert(std::is_pod<ParseTable>::value, "");
      |                    ^~~~~~
/usr/include/c++/13/type_traits:819:5: note: declared here
  819 |     is_pod
      |     ^~~~~~
depbase=`echo google/protobuf/descriptor.pb.lo | sed 's|[^/]*$|.deps/&|;s|\.lo$||'`;\
/bin/bash ../libtool  --tag=CXX   --mode=compile g++ -std=gnu++20 -DHAVE_CONFIG_H -I. -I..   -I/usr/local/include -pthread -DHAVE_PTHREAD=1 -DHAVE_ZLIB=1 -Wall -Wno-sign-compare  -g -O2 -fstack-protector-strong -Wformat -Werror=format-security -Wdate-time -D_FORTIFY_SOURCE=2 -g -MT google/protobuf/descriptor.pb.lo -MD -MP -MF $depbase.Tpo -c -o google/protobuf/descriptor.pb.lo google/protobuf/descriptor.pb.cc &&\
mv -f $depbase.Tpo $depbase.Plo
libtool: compile:  g++ -std=gnu++20 -DHAVE_CONFIG_H -I. -I.. -I/usr/local/include -pthread -DHAVE_PTHREAD=1 -DHAVE_ZLIB=1 -Wall -Wno-sign-compare -g -O2 -fstack-protector-strong -Wformat -Werror=format-security -Wdate-time -D_FORTIFY_SOURCE=2 -g -MT google/protobuf/descriptor.pb.lo -MD -MP -MF google/protobuf/.deps/descriptor.pb.Tpo -c google/protobuf/descriptor.pb.cc  -fPIC -DPIC -o google/protobuf/.libs/descriptor.pb.o
In file included from ./google/protobuf/descriptor.pb.h:24,
                 from google/protobuf/descriptor.pb.cc:4:
./google/protobuf/arena.h: In static member function 'static T* google::protobuf::Arena::CreateArray(google::protobuf::Arena*, size_t)':
./google/protobuf/arena.h:338:24: warning: 'template<class _Tp> struct std::is_pod' is deprecated: use 'is_standard_layout && is_trivial' instead [-Wdeprecated-declarations]
  338 |     static_assert(std::is_pod<T>::value,
      |                        ^~~~~~
In file included from /usr/include/c++/13/bits/char_traits.h:50,
                 from /usr/include/c++/13/string:42,
                 from ./google/protobuf/descriptor.pb.h:8:
/usr/include/c++/13/type_traits:819:5: note: declared here
  819 |     is_pod
      |     ^~~~~~
In file included from ./google/protobuf/wire_format_lite.h:51,
                 from ./google/protobuf/generated_message_util.h:53,
                 from ./google/protobuf/metadata_lite.h:37,
                 from ./google/protobuf/parse_context.h:41,
                 from ./google/protobuf/map_type_handler.h:34,
                 from ./google/protobuf/map.h:49,
                 from ./google/protobuf/generated_message_table_driven.h:34,
                 from ./google/protobuf/descriptor.pb.h:26:
./google/protobuf/repeated_field.h: At global scope:
./google/protobuf/repeated_field.h:367:20: warning: 'template<class _Tp> struct std::is_pod' is deprecated: use 'is_standard_layout && is_trivial' instead [-Wdeprecated-declarations]
  367 |               std::is_pod<Element>::value>
      |                    ^~~~~~
/usr/include/c++/13/type_traits:819:5: note: declared here
  819 |     is_pod
      |     ^~~~~~
./google/protobuf/repeated_field.h:2494:19: warning: 'template<class _Category, class _Tp, class _Distance, class _Pointer, class _Reference> struct std::iterator' is deprecated [-Wdeprecated-declarations]
 2494 |     : public std::iterator<std::output_iterator_tag, T> {
      |                   ^~~~~~~~
In file included from /usr/include/c++/13/bits/stl_construct.h:61,
                 from /usr/include/c++/13/bits/char_traits.h:57:
/usr/include/c++/13/bits/stl_iterator_base_types.h:127:34: note: declared here
  127 |     struct _GLIBCXX17_DEPRECATED iterator
      |                                  ^~~~~~~~
./google/protobuf/repeated_field.h:2516:19: warning: 'template<class _Category, class _Tp, class _Distance, class _Pointer, class _Reference> struct std::iterator' is deprecated [-Wdeprecated-declarations]
 2516 |     : public std::iterator<std::output_iterator_tag, T> {
      |                   ^~~~~~~~
/usr/include/c++/13/bits/stl_iterator_base_types.h:127:34: note: declared here
  127 |     struct _GLIBCXX17_DEPRECATED iterator
      |                                  ^~~~~~~~
./google/protobuf/repeated_field.h:2547:19: warning: 'template<class _Category, class _Tp, class _Distance, class _Pointer, class _Reference> struct std::iterator' is deprecated [-Wdeprecated-declarations]
 2547 |     : public std::iterator<std::output_iterator_tag, T> {
      |                   ^~~~~~~~
/usr/include/c++/13/bits/stl_iterator_base_types.h:127:34: note: declared here
  127 |     struct _GLIBCXX17_DEPRECATED iterator
      |                                  ^~~~~~~~
./google/protobuf/repeated_field.h:2571:19: warning: 'template<class _Category, class _Tp, class _Distance, class _Pointer, class _Reference> struct std::iterator' is deprecated [-Wdeprecated-declarations]
 2571 |     : public std::iterator<std::output_iterator_tag, T> {
      |                   ^~~~~~~~
/usr/include/c++/13/bits/stl_iterator_base_types.h:127:34: note: declared here
  127 |     struct _GLIBCXX17_DEPRECATED iterator
      |                                  ^~~~~~~~
./google/protobuf/generated_message_table_driven.h:209:20: warning: 'template<class _Tp> struct std::is_pod' is deprecated: use 'is_standard_layout && is_trivial' instead [-Wdeprecated-declarations]
  209 | static_assert(std::is_pod<ParseTableField>::value, "");
      |                    ^~~~~~
/usr/include/c++/13/type_traits:819:5: note: declared here
  819 |     is_pod
      |     ^~~~~~
./google/protobuf/generated_message_table_driven.h:210:20: warning: 'template<class _Tp> struct std::is_pod' is deprecated: use 'is_standard_layout && is_trivial' instead [-Wdeprecated-declarations]
  210 | static_assert(std::is_pod<AuxillaryParseTableField>::value, "");
      |                    ^~~~~~
/usr/include/c++/13/type_traits:819:5: note: declared here
  819 |     is_pod
      |     ^~~~~~
./google/protobuf/generated_message_table_driven.h:211:20: warning: 'template<class _Tp> struct std::is_pod' is deprecated: use 'is_standard_layout && is_trivial' instead [-Wdeprecated-declarations]
  211 | static_assert(std::is_pod<AuxillaryParseTableField::enum_aux>::value, "");
      |                    ^~~~~~
/usr/include/c++/13/type_traits:819:5: note: declared here
  819 |     is_pod
      |     ^~~~~~
./google/protobuf/generated_message_table_driven.h:212:20: warning: 'template<class _Tp> struct std::is_pod' is deprecated: use 'is_standard_layout && is_trivial' instead [-Wdeprecated-declarations]
  212 | static_assert(std::is_pod<AuxillaryParseTableField::message_aux>::value, "");
      |                    ^~~~~~
/usr/include/c++/13/type_traits:819:5: note: declared here
  819 |     is_pod
      |     ^~~~~~
./google/protobuf/generated_message_table_driven.h:213:20: warning: 'template<class _Tp> struct std::is_pod' is deprecated: use 'is_standard_layout && is_trivial' instead [-Wdeprecated-declarations]
  213 | static_assert(std::is_pod<AuxillaryParseTableField::string_aux>::value, "");
      |                    ^~~~~~
/usr/include/c++/13/type_traits:819:5: note: declared here
  819 |     is_pod
      |     ^~~~~~
./google/protobuf/generated_message_table_driven.h:214:20: warning: 'template<class _Tp> struct std::is_pod' is deprecated: use 'is_standard_layout && is_trivial' instead [-Wdeprecated-declarations]
  214 | static_assert(std::is_pod<ParseTable>::value, "");
      |                    ^~~~~~
/usr/include/c++/13/type_traits:819:5: note: declared here
  819 |     is_pod
      |     ^~~~~~
depbase=`echo google/protobuf/duration.pb.lo | sed 's|[^/]*$|.deps/&|;s|\.lo$||'`;\
/bin/bash ../libtool  --tag=CXX   --mode=compile g++ -std=gnu++20 -DHAVE_CONFIG_H -I. -I..   -I/usr/local/include -pthread -DHAVE_PTHREAD=1 -DHAVE_ZLIB=1 -Wall -Wno-sign-compare  -g -O2 -fstack-protector-strong -Wformat -Werror=format-security -Wdate-time -D_FORTIFY_SOURCE=2 -g -MT google/protobuf/duration.pb.lo -MD -MP -MF $depbase.Tpo -c -o google/protobuf/duration.pb.lo google/protobuf/duration.pb.cc &&\
mv -f $depbase.Tpo $depbase.Plo
libtool: compile:  g++ -std=gnu++20 -DHAVE_CONFIG_H -I. -I.. -I/usr/local/include -pthread -DHAVE_PTHREAD=1 -DHAVE_ZLIB=1 -Wall -Wno-sign-compare -g -O2 -fstack-protector-strong -Wformat -Werror=format-security -Wdate-time -D_FORTIFY_SOURCE=2 -g -MT google/protobuf/duration.pb.lo -MD -MP -MF google/protobuf/.deps/duration.pb.Tpo -c google/protobuf/duration.pb.cc  -fPIC -DPIC -o google/protobuf/.libs/duration.pb.o
In file included from ./google/protobuf/duration.pb.h:24,
                 from google/protobuf/duration.pb.cc:4:
./google/protobuf/arena.h: In static member function 'static T* google::protobuf::Arena::CreateArray(google::protobuf::Arena*, size_t)':
./google/protobuf/arena.h:338:24: warning: 'template<class _Tp> struct std::is_pod' is deprecated: use 'is_standard_layout && is_trivial' instead [-Wdeprecated-declarations]
  338 |     static_assert(std::is_pod<T>::value,
      |                        ^~~~~~
In file included from /usr/include/c++/13/bits/char_traits.h:50,
                 from /usr/include/c++/13/string:42,
                 from ./google/protobuf/duration.pb.h:8:
/usr/include/c++/13/type_traits:819:5: note: declared here
  819 |     is_pod
      |     ^~~~~~
In file included from ./google/protobuf/wire_format_lite.h:51,
                 from ./google/protobuf/generated_message_util.h:53,
                 from ./google/protobuf/metadata_lite.h:37,
                 from ./google/protobuf/parse_context.h:41,
                 from ./google/protobuf/map_type_handler.h:34,
                 from ./google/protobuf/map.h:49,
                 from ./google/protobuf/generated_message_table_driven.h:34,
                 from ./google/protobuf/duration.pb.h:26:
./google/protobuf/repeated_field.h: At global scope:
./google/protobuf/repeated_field.h:367:20: warning: 'template<class _Tp> struct std::is_pod' is deprecated: use 'is_standard_layout && is_trivial' instead [-Wdeprecated-declarations]
  367 |               std::is_pod<Element>::value>
      |                    ^~~~~~
/usr/include/c++/13/type_traits:819:5: note: declared here
  819 |     is_pod
      |     ^~~~~~
./google/protobuf/repeated_field.h:2494:19: warning: 'template<class _Category, class _Tp, class _Distance, class _Pointer, class _Reference> struct std::iterator' is deprecated [-Wdeprecated-declarations]
 2494 |     : public std::iterator<std::output_iterator_tag, T> {
      |                   ^~~~~~~~
In file included from /usr/include/c++/13/bits/stl_construct.h:61,
                 from /usr/include/c++/13/bits/char_traits.h:57:
/usr/include/c++/13/bits/stl_iterator_base_types.h:127:34: note: declared here
  127 |     struct _GLIBCXX17_DEPRECATED iterator
      |                                  ^~~~~~~~
./google/protobuf/repeated_field.h:2516:19: warning: 'template<class _Category, class _Tp, class _Distance, class _Pointer, class _Reference> struct std::iterator' is deprecated [-Wdeprecated-declarations]
 2516 |     : public std::iterator<std::output_iterator_tag, T> {
      |                   ^~~~~~~~
/usr/include/c++/13/bits/stl_iterator_base_types.h:127:34: note: declared here
  127 |     struct _GLIBCXX17_DEPRECATED iterator
      |                                  ^~~~~~~~
./google/protobuf/repeated_field.h:2547:19: warning: 'template<class _Category, class _Tp, class _Distance, class _Pointer, class _Reference> struct std::iterator' is deprecated [-Wdeprecated-declarations]
 2547 |     : public std::iterator<std::output_iterator_tag, T> {
      |                   ^~~~~~~~
/usr/include/c++/13/bits/stl_iterator_base_types.h:127:34: note: declared here
  127 |     struct _GLIBCXX17_DEPRECATED iterator
      |                                  ^~~~~~~~
./google/protobuf/repeated_field.h:2571:19: warning: 'template<class _Category, class _Tp, class _Distance, class _Pointer, class _Reference> struct std::iterator' is deprecated [-Wdeprecated-declarations]
 2571 |     : public std::iterator<std::output_iterator_tag, T> {
      |                   ^~~~~~~~
/usr/include/c++/13/bits/stl_iterator_base_types.h:127:34: note: declared here
  127 |     struct _GLIBCXX17_DEPRECATED iterator
      |                                  ^~~~~~~~
./google/protobuf/generated_message_table_driven.h:209:20: warning: 'template<class _Tp> struct std::is_pod' is deprecated: use 'is_standard_layout && is_trivial' instead [-Wdeprecated-declarations]
  209 | static_assert(std::is_pod<ParseTableField>::value, "");
      |                    ^~~~~~
/usr/include/c++/13/type_traits:819:5: note: declared here
  819 |     is_pod
      |     ^~~~~~
./google/protobuf/generated_message_table_driven.h:210:20: warning: 'template<class _Tp> struct std::is_pod' is deprecated: use 'is_standard_layout && is_trivial' instead [-Wdeprecated-declarations]
  210 | static_assert(std::is_pod<AuxillaryParseTableField>::value, "");
      |                    ^~~~~~
/usr/include/c++/13/type_traits:819:5: note: declared here
  819 |     is_pod
      |     ^~~~~~
./google/protobuf/generated_message_table_driven.h:211:20: warning: 'template<class _Tp> struct std::is_pod' is deprecated: use 'is_standard_layout && is_trivial' instead [-Wdeprecated-declarations]
  211 | static_assert(std::is_pod<AuxillaryParseTableField::enum_aux>::value, "");
      |                    ^~~~~~
/usr/include/c++/13/type_traits:819:5: note: declared here
  819 |     is_pod
      |     ^~~~~~
./google/protobuf/generated_message_table_driven.h:212:20: warning: 'template<class _Tp> struct std::is_pod' is deprecated: use 'is_standard_layout && is_trivial' instead [-Wdeprecated-declarations]
  212 | static_assert(std::is_pod<AuxillaryParseTableField::message_aux>::value, "");
      |                    ^~~~~~
/usr/include/c++/13/type_traits:819:5: note: declared here
  819 |     is_pod
      |     ^~~~~~
./google/protobuf/generated_message_table_driven.h:213:20: warning: 'template<class _Tp> struct std::is_pod' is deprecated: use 'is_standard_layout && is_trivial' instead [-Wdeprecated-declarations]
  213 | static_assert(std::is_pod<AuxillaryParseTableField::string_aux>::value, "");
      |                    ^~~~~~
/usr/include/c++/13/type_traits:819:5: note: declared here
  819 |     is_pod
      |     ^~~~~~
./google/protobuf/generated_message_table_driven.h:214:20: warning: 'template<class _Tp> struct std::is_pod' is deprecated: use 'is_standard_layout && is_trivial' instead [-Wdeprecated-declarations]
  214 | static_assert(std::is_pod<ParseTable>::value, "");
      |                    ^~~~~~
/usr/include/c++/13/type_traits:819:5: note: declared here
  819 |     is_pod
      |     ^~~~~~
depbase=`echo google/protobuf/dynamic_message.lo | sed 's|[^/]*$|.deps/&|;s|\.lo$||'`;\
/bin/bash ../libtool  --tag=CXX   --mode=compile g++ -std=gnu++20 -DHAVE_CONFIG_H -I. -I..   -I/usr/local/include -pthread -DHAVE_PTHREAD=1 -DHAVE_ZLIB=1 -Wall -Wno-sign-compare  -g -O2 -fstack-protector-strong -Wformat -Werror=format-security -Wdate-time -D_FORTIFY_SOURCE=2 -g -MT google/protobuf/dynamic_message.lo -MD -MP -MF $depbase.Tpo -c -o google/protobuf/dynamic_message.lo google/protobuf/dynamic_message.cc &&\
mv -f $depbase.Tpo $depbase.Plo
libtool: compile:  g++ -std=gnu++20 -DHAVE_CONFIG_H -I. -I.. -I/usr/local/include -pthread -DHAVE_PTHREAD=1 -DHAVE_ZLIB=1 -Wall -Wno-sign-compare -g -O2 -fstack-protector-strong -Wformat -Werror=format-security -Wdate-time -D_FORTIFY_SOURCE=2 -g -MT google/protobuf/dynamic_message.lo -MD -MP -MF google/protobuf/.deps/dynamic_message.Tpo -c google/protobuf/dynamic_message.cc  -fPIC -DPIC -o google/protobuf/.libs/dynamic_message.o
In file included from ./google/protobuf/descriptor.pb.h:24,
                 from google/protobuf/dynamic_message.cc:71:
./google/protobuf/arena.h: In static member function 'static T* google::protobuf::Arena::CreateArray(google::protobuf::Arena*, size_t)':
./google/protobuf/arena.h:338:24: warning: 'template<class _Tp> struct std::is_pod' is deprecated: use 'is_standard_layout && is_trivial' instead [-Wdeprecated-declarations]
  338 |     static_assert(std::is_pod<T>::value,
      |                        ^~~~~~
In file included from /usr/include/c++/13/bits/stl_pair.h:60,
                 from /usr/include/c++/13/bits/stl_algobase.h:64,
                 from /usr/include/c++/13/algorithm:60,
                 from google/protobuf/dynamic_message.cc:65:
/usr/include/c++/13/type_traits:819:5: note: declared here
  819 |     is_pod
      |     ^~~~~~
In file included from ./google/protobuf/wire_format_lite.h:51,
                 from ./google/protobuf/generated_message_util.h:53,
                 from ./google/protobuf/metadata_lite.h:37,
                 from ./google/protobuf/parse_context.h:41,
                 from ./google/protobuf/map_type_handler.h:34,
                 from ./google/protobuf/map.h:49,
                 from ./google/protobuf/generated_message_table_driven.h:34,
                 from ./google/protobuf/descriptor.pb.h:26:
./google/protobuf/repeated_field.h: At global scope:
./google/protobuf/repeated_field.h:367:20: warning: 'template<class _Tp> struct std::is_pod' is deprecated: use 'is_standard_layout && is_trivial' instead [-Wdeprecated-declarations]
  367 |               std::is_pod<Element>::value>
      |                    ^~~~~~
/usr/include/c++/13/type_traits:819:5: note: declared here
  819 |     is_pod
      |     ^~~~~~
./google/protobuf/repeated_field.h:2494:19: warning: 'template<class _Category, class _Tp, class _Distance, class _Pointer, class _Reference> struct std::iterator' is deprecated [-Wdeprecated-declarations]
 2494 |     : public std::iterator<std::output_iterator_tag, T> {
      |                   ^~~~~~~~
In file included from /usr/include/c++/13/bits/stl_algobase.h:65:
/usr/include/c++/13/bits/stl_iterator_base_types.h:127:34: note: declared here
  127 |     struct _GLIBCXX17_DEPRECATED iterator
      |                                  ^~~~~~~~
./google/protobuf/repeated_field.h:2516:19: warning: 'template<class _Category, class _Tp, class _Distance, class _Pointer, class _Reference> struct std::iterator' is deprecated [-Wdeprecated-declarations]
 2516 |     : public std::iterator<std::output_iterator_tag, T> {
      |                   ^~~~~~~~
/usr/include/c++/13/bits/stl_iterator_base_types.h:127:34: note: declared here
  127 |     struct _GLIBCXX17_DEPRECATED iterator
      |                                  ^~~~~~~~
./google/protobuf/repeated_field.h:2547:19: warning: 'template<class _Category, class _Tp, class _Distance, class _Pointer, class _Reference> struct std::iterator' is deprecated [-Wdeprecated-declarations]
 2547 |     : public std::iterator<std::output_iterator_tag, T> {
      |                   ^~~~~~~~
/usr/include/c++/13/bits/stl_iterator_base_types.h:127:34: note: declared here
  127 |     struct _GLIBCXX17_DEPRECATED iterator
      |                                  ^~~~~~~~
./google/protobuf/repeated_field.h:2571:19: warning: 'template<class _Category, class _Tp, class _Distance, class _Pointer, class _Reference> struct std::iterator' is deprecated [-Wdeprecated-declarations]
 2571 |     : public std::iterator<std::output_iterator_tag, T> {
      |                   ^~~~~~~~
/usr/include/c++/13/bits/stl_iterator_base_types.h:127:34: note: declared here
  127 |     struct _GLIBCXX17_DEPRECATED iterator
      |                                  ^~~~~~~~
./google/protobuf/generated_message_table_driven.h:209:20: warning: 'template<class _Tp> struct std::is_pod' is deprecated: use 'is_standard_layout && is_trivial' instead [-Wdeprecated-declarations]
  209 | static_assert(std::is_pod<ParseTableField>::value, "");
      |                    ^~~~~~
/usr/include/c++/13/type_traits:819:5: note: declared here
  819 |     is_pod
      |     ^~~~~~
./google/protobuf/generated_message_table_driven.h:210:20: warning: 'template<class _Tp> struct std::is_pod' is deprecated: use 'is_standard_layout && is_trivial' instead [-Wdeprecated-declarations]
  210 | static_assert(std::is_pod<AuxillaryParseTableField>::value, "");
      |                    ^~~~~~
/usr/include/c++/13/type_traits:819:5: note: declared here
  819 |     is_pod
      |     ^~~~~~
./google/protobuf/generated_message_table_driven.h:211:20: warning: 'template<class _Tp> struct std::is_pod' is deprecated: use 'is_standard_layout && is_trivial' instead [-Wdeprecated-declarations]
  211 | static_assert(std::is_pod<AuxillaryParseTableField::enum_aux>::value, "");
      |                    ^~~~~~
/usr/include/c++/13/type_traits:819:5: note: declared here
  819 |     is_pod
      |     ^~~~~~
./google/protobuf/generated_message_table_driven.h:212:20: warning: 'template<class _Tp> struct std::is_pod' is deprecated: use 'is_standard_layout && is_trivial' instead [-Wdeprecated-declarations]
  212 | static_assert(std::is_pod<AuxillaryParseTableField::message_aux>::value, "");
      |                    ^~~~~~
/usr/include/c++/13/type_traits:819:5: note: declared here
  819 |     is_pod
      |     ^~~~~~
./google/protobuf/generated_message_table_driven.h:213:20: warning: 'template<class _Tp> struct std::is_pod' is deprecated: use 'is_standard_layout && is_trivial' instead [-Wdeprecated-declarations]
  213 | static_assert(std::is_pod<AuxillaryParseTableField::string_aux>::value, "");
      |                    ^~~~~~
/usr/include/c++/13/type_traits:819:5: note: declared here
  819 |     is_pod
      |     ^~~~~~
./google/protobuf/generated_message_table_driven.h:214:20: warning: 'template<class _Tp> struct std::is_pod' is deprecated: use 'is_standard_layout && is_trivial' instead [-Wdeprecated-declarations]
  214 | static_assert(std::is_pod<ParseTable>::value, "");
      |                    ^~~~~~
/usr/include/c++/13/type_traits:819:5: note: declared here
  819 |     is_pod
      |     ^~~~~~
depbase=`echo google/protobuf/empty.pb.lo | sed 's|[^/]*$|.deps/&|;s|\.lo$||'`;\
/bin/bash ../libtool  --tag=CXX   --mode=compile g++ -std=gnu++20 -DHAVE_CONFIG_H -I. -I..   -I/usr/local/include -pthread -DHAVE_PTHREAD=1 -DHAVE_ZLIB=1 -Wall -Wno-sign-compare  -g -O2 -fstack-protector-strong -Wformat -Werror=format-security -Wdate-time -D_FORTIFY_SOURCE=2 -g -MT google/protobuf/empty.pb.lo -MD -MP -MF $depbase.Tpo -c -o google/protobuf/empty.pb.lo google/protobuf/empty.pb.cc &&\
mv -f $depbase.Tpo $depbase.Plo
libtool: compile:  g++ -std=gnu++20 -DHAVE_CONFIG_H -I. -I.. -I/usr/local/include -pthread -DHAVE_PTHREAD=1 -DHAVE_ZLIB=1 -Wall -Wno-sign-compare -g -O2 -fstack-protector-strong -Wformat -Werror=format-security -Wdate-time -D_FORTIFY_SOURCE=2 -g -MT google/protobuf/empty.pb.lo -MD -MP -MF google/protobuf/.deps/empty.pb.Tpo -c google/protobuf/empty.pb.cc  -fPIC -DPIC -o google/protobuf/.libs/empty.pb.o
In file included from ./google/protobuf/empty.pb.h:24,
                 from google/protobuf/empty.pb.cc:4:
./google/protobuf/arena.h: In static member function 'static T* google::protobuf::Arena::CreateArray(google::protobuf::Arena*, size_t)':
./google/protobuf/arena.h:338:24: warning: 'template<class _Tp> struct std::is_pod' is deprecated: use 'is_standard_layout && is_trivial' instead [-Wdeprecated-declarations]
  338 |     static_assert(std::is_pod<T>::value,
      |                        ^~~~~~
In file included from /usr/include/c++/13/bits/char_traits.h:50,
                 from /usr/include/c++/13/string:42,
                 from ./google/protobuf/empty.pb.h:8:
/usr/include/c++/13/type_traits:819:5: note: declared here
  819 |     is_pod
      |     ^~~~~~
In file included from ./google/protobuf/wire_format_lite.h:51,
                 from ./google/protobuf/generated_message_util.h:53,
                 from ./google/protobuf/metadata_lite.h:37,
                 from ./google/protobuf/parse_context.h:41,
                 from ./google/protobuf/map_type_handler.h:34,
                 from ./google/protobuf/map.h:49,
                 from ./google/protobuf/generated_message_table_driven.h:34,
                 from ./google/protobuf/empty.pb.h:26:
./google/protobuf/repeated_field.h: At global scope:
./google/protobuf/repeated_field.h:367:20: warning: 'template<class _Tp> struct std::is_pod' is deprecated: use 'is_standard_layout && is_trivial' instead [-Wdeprecated-declarations]
  367 |               std::is_pod<Element>::value>
      |                    ^~~~~~
/usr/include/c++/13/type_traits:819:5: note: declared here
  819 |     is_pod
      |     ^~~~~~
./google/protobuf/repeated_field.h:2494:19: warning: 'template<class _Category, class _Tp, class _Distance, class _Pointer, class _Reference> struct std::iterator' is deprecated [-Wdeprecated-declarations]
 2494 |     : public std::iterator<std::output_iterator_tag, T> {
      |                   ^~~~~~~~
In file included from /usr/include/c++/13/bits/stl_construct.h:61,
                 from /usr/include/c++/13/bits/char_traits.h:57:
/usr/include/c++/13/bits/stl_iterator_base_types.h:127:34: note: declared here
  127 |     struct _GLIBCXX17_DEPRECATED iterator
      |                                  ^~~~~~~~
./google/protobuf/repeated_field.h:2516:19: warning: 'template<class _Category, class _Tp, class _Distance, class _Pointer, class _Reference> struct std::iterator' is deprecated [-Wdeprecated-declarations]
 2516 |     : public std::iterator<std::output_iterator_tag, T> {
      |                   ^~~~~~~~
/usr/include/c++/13/bits/stl_iterator_base_types.h:127:34: note: declared here
  127 |     struct _GLIBCXX17_DEPRECATED iterator
      |                                  ^~~~~~~~
./google/protobuf/repeated_field.h:2547:19: warning: 'template<class _Category, class _Tp, class _Distance, class _Pointer, class _Reference> struct std::iterator' is deprecated [-Wdeprecated-declarations]
 2547 |     : public std::iterator<std::output_iterator_tag, T> {
      |                   ^~~~~~~~
/usr/include/c++/13/bits/stl_iterator_base_types.h:127:34: note: declared here
  127 |     struct _GLIBCXX17_DEPRECATED iterator
      |                                  ^~~~~~~~
./google/protobuf/repeated_field.h:2571:19: warning: 'template<class _Category, class _Tp, class _Distance, class _Pointer, class _Reference> struct std::iterator' is deprecated [-Wdeprecated-declarations]
 2571 |     : public std::iterator<std::output_iterator_tag, T> {
      |                   ^~~~~~~~
/usr/include/c++/13/bits/stl_iterator_base_types.h:127:34: note: declared here
  127 |     struct _GLIBCXX17_DEPRECATED iterator
      |                                  ^~~~~~~~
./google/protobuf/generated_message_table_driven.h:209:20: warning: 'template<class _Tp> struct std::is_pod' is deprecated: use 'is_standard_layout && is_trivial' instead [-Wdeprecated-declarations]
  209 | static_assert(std::is_pod<ParseTableField>::value, "");
      |                    ^~~~~~
/usr/include/c++/13/type_traits:819:5: note: declared here
  819 |     is_pod
      |     ^~~~~~
./google/protobuf/generated_message_table_driven.h:210:20: warning: 'template<class _Tp> struct std::is_pod' is deprecated: use 'is_standard_layout && is_trivial' instead [-Wdeprecated-declarations]
  210 | static_assert(std::is_pod<AuxillaryParseTableField>::value, "");
      |                    ^~~~~~
/usr/include/c++/13/type_traits:819:5: note: declared here
  819 |     is_pod
      |     ^~~~~~
./google/protobuf/generated_message_table_driven.h:211:20: warning: 'template<class _Tp> struct std::is_pod' is deprecated: use 'is_standard_layout && is_trivial' instead [-Wdeprecated-declarations]
  211 | static_assert(std::is_pod<AuxillaryParseTableField::enum_aux>::value, "");
      |                    ^~~~~~
/usr/include/c++/13/type_traits:819:5: note: declared here
  819 |     is_pod
      |     ^~~~~~
./google/protobuf/generated_message_table_driven.h:212:20: warning: 'template<class _Tp> struct std::is_pod' is deprecated: use 'is_standard_layout && is_trivial' instead [-Wdeprecated-declarations]
  212 | static_assert(std::is_pod<AuxillaryParseTableField::message_aux>::value, "");
      |                    ^~~~~~
/usr/include/c++/13/type_traits:819:5: note: declared here
  819 |     is_pod
      |     ^~~~~~
./google/protobuf/generated_message_table_driven.h:213:20: warning: 'template<class _Tp> struct std::is_pod' is deprecated: use 'is_standard_layout && is_trivial' instead [-Wdeprecated-declarations]
  213 | static_assert(std::is_pod<AuxillaryParseTableField::string_aux>::value, "");
      |                    ^~~~~~
/usr/include/c++/13/type_traits:819:5: note: declared here
  819 |     is_pod
      |     ^~~~~~
./google/protobuf/generated_message_table_driven.h:214:20: warning: 'template<class _Tp> struct std::is_pod' is deprecated: use 'is_standard_layout && is_trivial' instead [-Wdeprecated-declarations]
  214 | static_assert(std::is_pod<ParseTable>::value, "");
      |                    ^~~~~~
/usr/include/c++/13/type_traits:819:5: note: declared here
  819 |     is_pod
      |     ^~~~~~
depbase=`echo google/protobuf/extension_set_heavy.lo | sed 's|[^/]*$|.deps/&|;s|\.lo$||'`;\
/bin/bash ../libtool  --tag=CXX   --mode=compile g++ -std=gnu++20 -DHAVE_CONFIG_H -I. -I..   -I/usr/local/include -pthread -DHAVE_PTHREAD=1 -DHAVE_ZLIB=1 -Wall -Wno-sign-compare  -g -O2 -fstack-protector-strong -Wformat -Werror=format-security -Wdate-time -D_FORTIFY_SOURCE=2 -g -MT google/protobuf/extension_set_heavy.lo -MD -MP -MF $depbase.Tpo -c -o google/protobuf/extension_set_heavy.lo google/protobuf/extension_set_heavy.cc &&\
mv -f $depbase.Tpo $depbase.Plo
libtool: compile:  g++ -std=gnu++20 -DHAVE_CONFIG_H -I. -I.. -I/usr/local/include -pthread -DHAVE_PTHREAD=1 -DHAVE_ZLIB=1 -Wall -Wno-sign-compare -g -O2 -fstack-protector-strong -Wformat -Werror=format-security -Wdate-time -D_FORTIFY_SOURCE=2 -g -MT google/protobuf/extension_set_heavy.lo -MD -MP -MF google/protobuf/.deps/extension_set_heavy.Tpo -c google/protobuf/extension_set_heavy.cc  -fPIC -DPIC -o google/protobuf/.libs/extension_set_heavy.o
In file included from ./google/protobuf/arenastring.h:36,
                 from ./google/protobuf/parse_context.h:39,
                 from ./google/protobuf/extension_set.h:50,
                 from google/protobuf/extension_set_heavy.cc:38:
./google/protobuf/arena.h: In static member function 'static T* google::protobuf::Arena::CreateArray(google::protobuf::Arena*, size_t)':
./google/protobuf/arena.h:338:24: warning: 'template<class _Tp> struct std::is_pod' is deprecated: use 'is_standard_layout && is_trivial' instead [-Wdeprecated-declarations]
  338 |     static_assert(std::is_pod<T>::value,
      |                        ^~~~~~
In file included from /usr/include/c++/13/bits/stl_pair.h:60,
                 from /usr/include/c++/13/bits/stl_algobase.h:64,
                 from /usr/include/c++/13/algorithm:60,
                 from ./google/protobuf/extension_set.h:41:
/usr/include/c++/13/type_traits:819:5: note: declared here
  819 |     is_pod
      |     ^~~~~~
In file included from ./google/protobuf/wire_format_lite.h:51,
                 from ./google/protobuf/generated_message_util.h:53,
                 from ./google/protobuf/metadata_lite.h:37,
                 from ./google/protobuf/parse_context.h:41:
./google/protobuf/repeated_field.h: At global scope:
./google/protobuf/repeated_field.h:367:20: warning: 'template<class _Tp> struct std::is_pod' is deprecated: use 'is_standard_layout && is_trivial' instead [-Wdeprecated-declarations]
  367 |               std::is_pod<Element>::value>
      |                    ^~~~~~
/usr/include/c++/13/type_traits:819:5: note: declared here
  819 |     is_pod
      |     ^~~~~~
./google/protobuf/repeated_field.h:2494:19: warning: 'template<class _Category, class _Tp, class _Distance, class _Pointer, class _Reference> struct std::iterator' is deprecated [-Wdeprecated-declarations]
 2494 |     : public std::iterator<std::output_iterator_tag, T> {
      |                   ^~~~~~~~
In file included from /usr/include/c++/13/bits/stl_algobase.h:65:
/usr/include/c++/13/bits/stl_iterator_base_types.h:127:34: note: declared here
  127 |     struct _GLIBCXX17_DEPRECATED iterator
      |                                  ^~~~~~~~
./google/protobuf/repeated_field.h:2516:19: warning: 'template<class _Category, class _Tp, class _Distance, class _Pointer, class _Reference> struct std::iterator' is deprecated [-Wdeprecated-declarations]
 2516 |     : public std::iterator<std::output_iterator_tag, T> {
      |                   ^~~~~~~~
/usr/include/c++/13/bits/stl_iterator_base_types.h:127:34: note: declared here
  127 |     struct _GLIBCXX17_DEPRECATED iterator
      |                                  ^~~~~~~~
./google/protobuf/repeated_field.h:2547:19: warning: 'template<class _Category, class _Tp, class _Distance, class _Pointer, class _Reference> struct std::iterator' is deprecated [-Wdeprecated-declarations]
 2547 |     : public std::iterator<std::output_iterator_tag, T> {
      |                   ^~~~~~~~
/usr/include/c++/13/bits/stl_iterator_base_types.h:127:34: note: declared here
  127 |     struct _GLIBCXX17_DEPRECATED iterator
      |                                  ^~~~~~~~
./google/protobuf/repeated_field.h:2571:19: warning: 'template<class _Category, class _Tp, class _Distance, class _Pointer, class _Reference> struct std::iterator' is deprecated [-Wdeprecated-declarations]
 2571 |     : public std::iterator<std::output_iterator_tag, T> {
      |                   ^~~~~~~~
/usr/include/c++/13/bits/stl_iterator_base_types.h:127:34: note: declared here
  127 |     struct _GLIBCXX17_DEPRECATED iterator
      |                                  ^~~~~~~~
In file included from ./google/protobuf/descriptor.pb.h:26,
                 from google/protobuf/extension_set_heavy.cc:41:
./google/protobuf/generated_message_table_driven.h:209:20: warning: 'template<class _Tp> struct std::is_pod' is deprecated: use 'is_standard_layout && is_trivial' instead [-Wdeprecated-declarations]
  209 | static_assert(std::is_pod<ParseTableField>::value, "");
      |                    ^~~~~~
/usr/include/c++/13/type_traits:819:5: note: declared here
  819 |     is_pod
      |     ^~~~~~
./google/protobuf/generated_message_table_driven.h:210:20: warning: 'template<class _Tp> struct std::is_pod' is deprecated: use 'is_standard_layout && is_trivial' instead [-Wdeprecated-declarations]
  210 | static_assert(std::is_pod<AuxillaryParseTableField>::value, "");
      |                    ^~~~~~
/usr/include/c++/13/type_traits:819:5: note: declared here
  819 |     is_pod
      |     ^~~~~~
./google/protobuf/generated_message_table_driven.h:211:20: warning: 'template<class _Tp> struct std::is_pod' is deprecated: use 'is_standard_layout && is_trivial' instead [-Wdeprecated-declarations]
  211 | static_assert(std::is_pod<AuxillaryParseTableField::enum_aux>::value, "");
      |                    ^~~~~~
/usr/include/c++/13/type_traits:819:5: note: declared here
  819 |     is_pod
      |     ^~~~~~
./google/protobuf/generated_message_table_driven.h:212:20: warning: 'template<class _Tp> struct std::is_pod' is deprecated: use 'is_standard_layout && is_trivial' instead [-Wdeprecated-declarations]
  212 | static_assert(std::is_pod<AuxillaryParseTableField::message_aux>::value, "");
      |                    ^~~~~~
/usr/include/c++/13/type_traits:819:5: note: declared here
  819 |     is_pod
      |     ^~~~~~
./google/protobuf/generated_message_table_driven.h:213:20: warning: 'template<class _Tp> struct std::is_pod' is deprecated: use 'is_standard_layout && is_trivial' instead [-Wdeprecated-declarations]
  213 | static_assert(std::is_pod<AuxillaryParseTableField::string_aux>::value, "");
      |                    ^~~~~~
/usr/include/c++/13/type_traits:819:5: note: declared here
  819 |     is_pod
      |     ^~~~~~
./google/protobuf/generated_message_table_driven.h:214:20: warning: 'template<class _Tp> struct std::is_pod' is deprecated: use 'is_standard_layout && is_trivial' instead [-Wdeprecated-declarations]
  214 | static_assert(std::is_pod<ParseTable>::value, "");
      |                    ^~~~~~
/usr/include/c++/13/type_traits:819:5: note: declared here
  819 |     is_pod
      |     ^~~~~~
depbase=`echo google/protobuf/field_mask.pb.lo | sed 's|[^/]*$|.deps/&|;s|\.lo$||'`;\
/bin/bash ../libtool  --tag=CXX   --mode=compile g++ -std=gnu++20 -DHAVE_CONFIG_H -I. -I..   -I/usr/local/include -pthread -DHAVE_PTHREAD=1 -DHAVE_ZLIB=1 -Wall -Wno-sign-compare  -g -O2 -fstack-protector-strong -Wformat -Werror=format-security -Wdate-time -D_FORTIFY_SOURCE=2 -g -MT google/protobuf/field_mask.pb.lo -MD -MP -MF $depbase.Tpo -c -o google/protobuf/field_mask.pb.lo google/protobuf/field_mask.pb.cc &&\
mv -f $depbase.Tpo $depbase.Plo
libtool: compile:  g++ -std=gnu++20 -DHAVE_CONFIG_H -I. -I.. -I/usr/local/include -pthread -DHAVE_PTHREAD=1 -DHAVE_ZLIB=1 -Wall -Wno-sign-compare -g -O2 -fstack-protector-strong -Wformat -Werror=format-security -Wdate-time -D_FORTIFY_SOURCE=2 -g -MT google/protobuf/field_mask.pb.lo -MD -MP -MF google/protobuf/.deps/field_mask.pb.Tpo -c google/protobuf/field_mask.pb.cc  -fPIC -DPIC -o google/protobuf/.libs/field_mask.pb.o
In file included from ./google/protobuf/field_mask.pb.h:24,
                 from google/protobuf/field_mask.pb.cc:4:
./google/protobuf/arena.h: In static member function 'static T* google::protobuf::Arena::CreateArray(google::protobuf::Arena*, size_t)':
./google/protobuf/arena.h:338:24: warning: 'template<class _Tp> struct std::is_pod' is deprecated: use 'is_standard_layout && is_trivial' instead [-Wdeprecated-declarations]
  338 |     static_assert(std::is_pod<T>::value,
      |                        ^~~~~~
In file included from /usr/include/c++/13/bits/char_traits.h:50,
                 from /usr/include/c++/13/string:42,
                 from ./google/protobuf/field_mask.pb.h:8:
/usr/include/c++/13/type_traits:819:5: note: declared here
  819 |     is_pod
      |     ^~~~~~
In file included from ./google/protobuf/wire_format_lite.h:51,
                 from ./google/protobuf/generated_message_util.h:53,
                 from ./google/protobuf/metadata_lite.h:37,
                 from ./google/protobuf/parse_context.h:41,
                 from ./google/protobuf/map_type_handler.h:34,
                 from ./google/protobuf/map.h:49,
                 from ./google/protobuf/generated_message_table_driven.h:34,
                 from ./google/protobuf/field_mask.pb.h:26:
./google/protobuf/repeated_field.h: At global scope:
./google/protobuf/repeated_field.h:367:20: warning: 'template<class _Tp> struct std::is_pod' is deprecated: use 'is_standard_layout && is_trivial' instead [-Wdeprecated-declarations]
  367 |               std::is_pod<Element>::value>
      |                    ^~~~~~
/usr/include/c++/13/type_traits:819:5: note: declared here
  819 |     is_pod
      |     ^~~~~~
./google/protobuf/repeated_field.h:2494:19: warning: 'template<class _Category, class _Tp, class _Distance, class _Pointer, class _Reference> struct std::iterator' is deprecated [-Wdeprecated-declarations]
 2494 |     : public std::iterator<std::output_iterator_tag, T> {
      |                   ^~~~~~~~
In file included from /usr/include/c++/13/bits/stl_construct.h:61,
                 from /usr/include/c++/13/bits/char_traits.h:57:
/usr/include/c++/13/bits/stl_iterator_base_types.h:127:34: note: declared here
  127 |     struct _GLIBCXX17_DEPRECATED iterator
      |                                  ^~~~~~~~
./google/protobuf/repeated_field.h:2516:19: warning: 'template<class _Category, class _Tp, class _Distance, class _Pointer, class _Reference> struct std::iterator' is deprecated [-Wdeprecated-declarations]
 2516 |     : public std::iterator<std::output_iterator_tag, T> {
      |                   ^~~~~~~~
/usr/include/c++/13/bits/stl_iterator_base_types.h:127:34: note: declared here
  127 |     struct _GLIBCXX17_DEPRECATED iterator
      |                                  ^~~~~~~~
./google/protobuf/repeated_field.h:2547:19: warning: 'template<class _Category, class _Tp, class _Distance, class _Pointer, class _Reference> struct std::iterator' is deprecated [-Wdeprecated-declarations]
 2547 |     : public std::iterator<std::output_iterator_tag, T> {
      |                   ^~~~~~~~
/usr/include/c++/13/bits/stl_iterator_base_types.h:127:34: note: declared here
  127 |     struct _GLIBCXX17_DEPRECATED iterator
      |                                  ^~~~~~~~
./google/protobuf/repeated_field.h:2571:19: warning: 'template<class _Category, class _Tp, class _Distance, class _Pointer, class _Reference> struct std::iterator' is deprecated [-Wdeprecated-declarations]
 2571 |     : public std::iterator<std::output_iterator_tag, T> {
      |                   ^~~~~~~~
/usr/include/c++/13/bits/stl_iterator_base_types.h:127:34: note: declared here
  127 |     struct _GLIBCXX17_DEPRECATED iterator
      |                                  ^~~~~~~~
./google/protobuf/generated_message_table_driven.h:209:20: warning: 'template<class _Tp> struct std::is_pod' is deprecated: use 'is_standard_layout && is_trivial' instead [-Wdeprecated-declarations]
  209 | static_assert(std::is_pod<ParseTableField>::value, "");
      |                    ^~~~~~
/usr/include/c++/13/type_traits:819:5: note: declared here
  819 |     is_pod
      |     ^~~~~~
./google/protobuf/generated_message_table_driven.h:210:20: warning: 'template<class _Tp> struct std::is_pod' is deprecated: use 'is_standard_layout && is_trivial' instead [-Wdeprecated-declarations]
  210 | static_assert(std::is_pod<AuxillaryParseTableField>::value, "");
      |                    ^~~~~~
/usr/include/c++/13/type_traits:819:5: note: declared here
  819 |     is_pod
      |     ^~~~~~
./google/protobuf/generated_message_table_driven.h:211:20: warning: 'template<class _Tp> struct std::is_pod' is deprecated: use 'is_standard_layout && is_trivial' instead [-Wdeprecated-declarations]
  211 | static_assert(std::is_pod<AuxillaryParseTableField::enum_aux>::value, "");
      |                    ^~~~~~
/usr/include/c++/13/type_traits:819:5: note: declared here
  819 |     is_pod
      |     ^~~~~~
./google/protobuf/generated_message_table_driven.h:212:20: warning: 'template<class _Tp> struct std::is_pod' is deprecated: use 'is_standard_layout && is_trivial' instead [-Wdeprecated-declarations]
  212 | static_assert(std::is_pod<AuxillaryParseTableField::message_aux>::value, "");
      |                    ^~~~~~
/usr/include/c++/13/type_traits:819:5: note: declared here
  819 |     is_pod
      |     ^~~~~~
./google/protobuf/generated_message_table_driven.h:213:20: warning: 'template<class _Tp> struct std::is_pod' is deprecated: use 'is_standard_layout && is_trivial' instead [-Wdeprecated-declarations]
  213 | static_assert(std::is_pod<AuxillaryParseTableField::string_aux>::value, "");
      |                    ^~~~~~
/usr/include/c++/13/type_traits:819:5: note: declared here
  819 |     is_pod
      |     ^~~~~~
./google/protobuf/generated_message_table_driven.h:214:20: warning: 'template<class _Tp> struct std::is_pod' is deprecated: use 'is_standard_layout && is_trivial' instead [-Wdeprecated-declarations]
  214 | static_assert(std::is_pod<ParseTable>::value, "");
      |                    ^~~~~~
/usr/include/c++/13/type_traits:819:5: note: declared here
  819 |     is_pod
      |     ^~~~~~
depbase=`echo google/protobuf/generated_message_reflection.lo | sed 's|[^/]*$|.deps/&|;s|\.lo$||'`;\
/bin/bash ../libtool  --tag=CXX   --mode=compile g++ -std=gnu++20 -DHAVE_CONFIG_H -I. -I..   -I/usr/local/include -pthread -DHAVE_PTHREAD=1 -DHAVE_ZLIB=1 -Wall -Wno-sign-compare  -g -O2 -fstack-protector-strong -Wformat -Werror=format-security -Wdate-time -D_FORTIFY_SOURCE=2 -g -MT google/protobuf/generated_message_reflection.lo -MD -MP -MF $depbase.Tpo -c -o google/protobuf/generated_message_reflection.lo google/protobuf/generated_message_reflection.cc &&\
mv -f $depbase.Tpo $depbase.Plo
libtool: compile:  g++ -std=gnu++20 -DHAVE_CONFIG_H -I. -I.. -I/usr/local/include -pthread -DHAVE_PTHREAD=1 -DHAVE_ZLIB=1 -Wall -Wno-sign-compare -g -O2 -fstack-protector-strong -Wformat -Werror=format-security -Wdate-time -D_FORTIFY_SOURCE=2 -g -MT google/protobuf/generated_message_reflection.lo -MD -MP -MF google/protobuf/.deps/generated_message_reflection.Tpo -c google/protobuf/generated_message_reflection.cc  -fPIC -DPIC -o google/protobuf/.libs/generated_message_reflection.o
In file included from ./google/protobuf/descriptor.pb.h:24,
                 from google/protobuf/generated_message_reflection.cc:40:
./google/protobuf/arena.h: In static member function 'static T* google::protobuf::Arena::CreateArray(google::protobuf::Arena*, size_t)':
./google/protobuf/arena.h:338:24: warning: 'template<class _Tp> struct std::is_pod' is deprecated: use 'is_standard_layout && is_trivial' instead [-Wdeprecated-declarations]
  338 |     static_assert(std::is_pod<T>::value,
      |                        ^~~~~~
In file included from /usr/include/c++/13/bits/stl_pair.h:60,
                 from /usr/include/c++/13/bits/stl_algobase.h:64,
                 from /usr/include/c++/13/algorithm:60,
                 from google/protobuf/generated_message_reflection.cc:35:
/usr/include/c++/13/type_traits:819:5: note: declared here
  819 |     is_pod
      |     ^~~~~~
In file included from ./google/protobuf/wire_format_lite.h:51,
                 from ./google/protobuf/generated_message_util.h:53,
                 from ./google/protobuf/metadata_lite.h:37,
                 from ./google/protobuf/parse_context.h:41,
                 from ./google/protobuf/map_type_handler.h:34,
                 from ./google/protobuf/map.h:49,
                 from ./google/protobuf/generated_message_table_driven.h:34,
                 from ./google/protobuf/descriptor.pb.h:26:
./google/protobuf/repeated_field.h: At global scope:
./google/protobuf/repeated_field.h:367:20: warning: 'template<class _Tp> struct std::is_pod' is deprecated: use 'is_standard_layout && is_trivial' instead [-Wdeprecated-declarations]
  367 |               std::is_pod<Element>::value>
      |                    ^~~~~~
/usr/include/c++/13/type_traits:819:5: note: declared here
  819 |     is_pod
      |     ^~~~~~
./google/protobuf/repeated_field.h:2494:19: warning: 'template<class _Category, class _Tp, class _Distance, class _Pointer, class _Reference> struct std::iterator' is deprecated [-Wdeprecated-declarations]
 2494 |     : public std::iterator<std::output_iterator_tag, T> {
      |                   ^~~~~~~~
In file included from /usr/include/c++/13/bits/stl_algobase.h:65:
/usr/include/c++/13/bits/stl_iterator_base_types.h:127:34: note: declared here
  127 |     struct _GLIBCXX17_DEPRECATED iterator
      |                                  ^~~~~~~~
./google/protobuf/repeated_field.h:2516:19: warning: 'template<class _Category, class _Tp, class _Distance, class _Pointer, class _Reference> struct std::iterator' is deprecated [-Wdeprecated-declarations]
 2516 |     : public std::iterator<std::output_iterator_tag, T> {
      |                   ^~~~~~~~
/usr/include/c++/13/bits/stl_iterator_base_types.h:127:34: note: declared here
  127 |     struct _GLIBCXX17_DEPRECATED iterator
      |                                  ^~~~~~~~
./google/protobuf/repeated_field.h:2547:19: warning: 'template<class _Category, class _Tp, class _Distance, class _Pointer, class _Reference> struct std::iterator' is deprecated [-Wdeprecated-declarations]
 2547 |     : public std::iterator<std::output_iterator_tag, T> {
      |                   ^~~~~~~~
/usr/include/c++/13/bits/stl_iterator_base_types.h:127:34: note: declared here
  127 |     struct _GLIBCXX17_DEPRECATED iterator
      |                                  ^~~~~~~~
./google/protobuf/repeated_field.h:2571:19: warning: 'template<class _Category, class _Tp, class _Distance, class _Pointer, class _Reference> struct std::iterator' is deprecated [-Wdeprecated-declarations]
 2571 |     : public std::iterator<std::output_iterator_tag, T> {
      |                   ^~~~~~~~
/usr/include/c++/13/bits/stl_iterator_base_types.h:127:34: note: declared here
  127 |     struct _GLIBCXX17_DEPRECATED iterator
      |                                  ^~~~~~~~
./google/protobuf/generated_message_table_driven.h:209:20: warning: 'template<class _Tp> struct std::is_pod' is deprecated: use 'is_standard_layout && is_trivial' instead [-Wdeprecated-declarations]
  209 | static_assert(std::is_pod<ParseTableField>::value, "");
      |                    ^~~~~~
/usr/include/c++/13/type_traits:819:5: note: declared here
  819 |     is_pod
      |     ^~~~~~
./google/protobuf/generated_message_table_driven.h:210:20: warning: 'template<class _Tp> struct std::is_pod' is deprecated: use 'is_standard_layout && is_trivial' instead [-Wdeprecated-declarations]
  210 | static_assert(std::is_pod<AuxillaryParseTableField>::value, "");
      |                    ^~~~~~
/usr/include/c++/13/type_traits:819:5: note: declared here
  819 |     is_pod
      |     ^~~~~~
./google/protobuf/generated_message_table_driven.h:211:20: warning: 'template<class _Tp> struct std::is_pod' is deprecated: use 'is_standard_layout && is_trivial' instead [-Wdeprecated-declarations]
  211 | static_assert(std::is_pod<AuxillaryParseTableField::enum_aux>::value, "");
      |                    ^~~~~~
/usr/include/c++/13/type_traits:819:5: note: declared here
  819 |     is_pod
      |     ^~~~~~
./google/protobuf/generated_message_table_driven.h:212:20: warning: 'template<class _Tp> struct std::is_pod' is deprecated: use 'is_standard_layout && is_trivial' instead [-Wdeprecated-declarations]
  212 | static_assert(std::is_pod<AuxillaryParseTableField::message_aux>::value, "");
      |                    ^~~~~~
/usr/include/c++/13/type_traits:819:5: note: declared here
  819 |     is_pod
      |     ^~~~~~
./google/protobuf/generated_message_table_driven.h:213:20: warning: 'template<class _Tp> struct std::is_pod' is deprecated: use 'is_standard_layout && is_trivial' instead [-Wdeprecated-declarations]
  213 | static_assert(std::is_pod<AuxillaryParseTableField::string_aux>::value, "");
      |                    ^~~~~~
/usr/include/c++/13/type_traits:819:5: note: declared here
  819 |     is_pod
      |     ^~~~~~
./google/protobuf/generated_message_table_driven.h:214:20: warning: 'template<class _Tp> struct std::is_pod' is deprecated: use 'is_standard_layout && is_trivial' instead [-Wdeprecated-declarations]
  214 | static_assert(std::is_pod<ParseTable>::value, "");
      |                    ^~~~~~
/usr/include/c++/13/type_traits:819:5: note: declared here
  819 |     is_pod
      |     ^~~~~~
depbase=`echo google/protobuf/generated_message_table_driven.lo | sed 's|[^/]*$|.deps/&|;s|\.lo$||'`;\
/bin/bash ../libtool  --tag=CXX   --mode=compile g++ -std=gnu++20 -DHAVE_CONFIG_H -I. -I..   -I/usr/local/include -pthread -DHAVE_PTHREAD=1 -DHAVE_ZLIB=1 -Wall -Wno-sign-compare  -g -O2 -fstack-protector-strong -Wformat -Werror=format-security -Wdate-time -D_FORTIFY_SOURCE=2 -g -MT google/protobuf/generated_message_table_driven.lo -MD -MP -MF $depbase.Tpo -c -o google/protobuf/generated_message_table_driven.lo google/protobuf/generated_message_table_driven.cc &&\
mv -f $depbase.Tpo $depbase.Plo
libtool: compile:  g++ -std=gnu++20 -DHAVE_CONFIG_H -I. -I.. -I/usr/local/include -pthread -DHAVE_PTHREAD=1 -DHAVE_ZLIB=1 -Wall -Wno-sign-compare -g -O2 -fstack-protector-strong -Wformat -Werror=format-security -Wdate-time -D_FORTIFY_SOURCE=2 -g -MT google/protobuf/generated_message_table_driven.lo -MD -MP -MF google/protobuf/.deps/generated_message_table_driven.Tpo -c google/protobuf/generated_message_table_driven.cc  -fPIC -DPIC -o google/protobuf/.libs/generated_message_table_driven.o
In file included from ./google/protobuf/map.h:47,
                 from ./google/protobuf/generated_message_table_driven.h:34,
                 from google/protobuf/generated_message_table_driven.cc:31:
./google/protobuf/arena.h: In static member function 'static T* google::protobuf::Arena::CreateArray(google::protobuf::Arena*, size_t)':
./google/protobuf/arena.h:338:24: warning: 'template<class _Tp> struct std::is_pod' is deprecated: use 'is_standard_layout && is_trivial' instead [-Wdeprecated-declarations]
  338 |     static_assert(std::is_pod<T>::value,
      |                        ^~~~~~
In file included from /usr/include/c++/13/bits/stl_iterator_base_types.h:67,
                 from /usr/include/c++/13/iterator:61,
                 from ./google/protobuf/map.h:41:
/usr/include/c++/13/type_traits:819:5: note: declared here
  819 |     is_pod
      |     ^~~~~~
In file included from ./google/protobuf/wire_format_lite.h:51,
                 from ./google/protobuf/generated_message_util.h:53,
                 from ./google/protobuf/metadata_lite.h:37,
                 from ./google/protobuf/parse_context.h:41,
                 from ./google/protobuf/map_type_handler.h:34,
                 from ./google/protobuf/map.h:49:
./google/protobuf/repeated_field.h: At global scope:
./google/protobuf/repeated_field.h:367:20: warning: 'template<class _Tp> struct std::is_pod' is deprecated: use 'is_standard_layout && is_trivial' instead [-Wdeprecated-declarations]
  367 |               std::is_pod<Element>::value>
      |                    ^~~~~~
/usr/include/c++/13/type_traits:819:5: note: declared here
  819 |     is_pod
      |     ^~~~~~
./google/protobuf/repeated_field.h:2494:19: warning: 'template<class _Category, class _Tp, class _Distance, class _Pointer, class _Reference> struct std::iterator' is deprecated [-Wdeprecated-declarations]
 2494 |     : public std::iterator<std::output_iterator_tag, T> {
      |                   ^~~~~~~~
/usr/include/c++/13/bits/stl_iterator_base_types.h:127:34: note: declared here
  127 |     struct _GLIBCXX17_DEPRECATED iterator
      |                                  ^~~~~~~~
./google/protobuf/repeated_field.h:2516:19: warning: 'template<class _Category, class _Tp, class _Distance, class _Pointer, class _Reference> struct std::iterator' is deprecated [-Wdeprecated-declarations]
 2516 |     : public std::iterator<std::output_iterator_tag, T> {
      |                   ^~~~~~~~
/usr/include/c++/13/bits/stl_iterator_base_types.h:127:34: note: declared here
  127 |     struct _GLIBCXX17_DEPRECATED iterator
      |                                  ^~~~~~~~
./google/protobuf/repeated_field.h:2547:19: warning: 'template<class _Category, class _Tp, class _Distance, class _Pointer, class _Reference> struct std::iterator' is deprecated [-Wdeprecated-declarations]
 2547 |     : public std::iterator<std::output_iterator_tag, T> {
      |                   ^~~~~~~~
/usr/include/c++/13/bits/stl_iterator_base_types.h:127:34: note: declared here
  127 |     struct _GLIBCXX17_DEPRECATED iterator
      |                                  ^~~~~~~~
./google/protobuf/repeated_field.h:2571:19: warning: 'template<class _Category, class _Tp, class _Distance, class _Pointer, class _Reference> struct std::iterator' is deprecated [-Wdeprecated-declarations]
 2571 |     : public std::iterator<std::output_iterator_tag, T> {
      |                   ^~~~~~~~
/usr/include/c++/13/bits/stl_iterator_base_types.h:127:34: note: declared here
  127 |     struct _GLIBCXX17_DEPRECATED iterator
      |                                  ^~~~~~~~
./google/protobuf/generated_message_table_driven.h:209:20: warning: 'template<class _Tp> struct std::is_pod' is deprecated: use 'is_standard_layout && is_trivial' instead [-Wdeprecated-declarations]
  209 | static_assert(std::is_pod<ParseTableField>::value, "");
      |                    ^~~~~~
/usr/include/c++/13/type_traits:819:5: note: declared here
  819 |     is_pod
      |     ^~~~~~
./google/protobuf/generated_message_table_driven.h:210:20: warning: 'template<class _Tp> struct std::is_pod' is deprecated: use 'is_standard_layout && is_trivial' instead [-Wdeprecated-declarations]
  210 | static_assert(std::is_pod<AuxillaryParseTableField>::value, "");
      |                    ^~~~~~
/usr/include/c++/13/type_traits:819:5: note: declared here
  819 |     is_pod
      |     ^~~~~~
./google/protobuf/generated_message_table_driven.h:211:20: warning: 'template<class _Tp> struct std::is_pod' is deprecated: use 'is_standard_layout && is_trivial' instead [-Wdeprecated-declarations]
  211 | static_assert(std::is_pod<AuxillaryParseTableField::enum_aux>::value, "");
      |                    ^~~~~~
/usr/include/c++/13/type_traits:819:5: note: declared here
  819 |     is_pod
      |     ^~~~~~
./google/protobuf/generated_message_table_driven.h:212:20: warning: 'template<class _Tp> struct std::is_pod' is deprecated: use 'is_standard_layout && is_trivial' instead [-Wdeprecated-declarations]
  212 | static_assert(std::is_pod<AuxillaryParseTableField::message_aux>::value, "");
      |                    ^~~~~~
/usr/include/c++/13/type_traits:819:5: note: declared here
  819 |     is_pod
      |     ^~~~~~
./google/protobuf/generated_message_table_driven.h:213:20: warning: 'template<class _Tp> struct std::is_pod' is deprecated: use 'is_standard_layout && is_trivial' instead [-Wdeprecated-declarations]
  213 | static_assert(std::is_pod<AuxillaryParseTableField::string_aux>::value, "");
      |                    ^~~~~~
/usr/include/c++/13/type_traits:819:5: note: declared here
  819 |     is_pod
      |     ^~~~~~
./google/protobuf/generated_message_table_driven.h:214:20: warning: 'template<class _Tp> struct std::is_pod' is deprecated: use 'is_standard_layout && is_trivial' instead [-Wdeprecated-declarations]
  214 | static_assert(std::is_pod<ParseTable>::value, "");
      |                    ^~~~~~
/usr/include/c++/13/type_traits:819:5: note: declared here
  819 |     is_pod
      |     ^~~~~~
In file included from google/protobuf/generated_message_table_driven.cc:36:
./google/protobuf/generated_message_table_driven_lite.h: In function 'Type* google::protobuf::internal::AddField(google::protobuf::MessageLite*, google::protobuf::int64)':
./google/protobuf/generated_message_table_driven_lite.h:104:22: warning: 'template<class _Tp> struct std::is_pod' is deprecated: use 'is_standard_layout && is_trivial' instead [-Wdeprecated-declarations]
  104 |   static_assert(std::is_pod<Type>::value ||
      |                      ^~~~~~
/usr/include/c++/13/type_traits:819:5: note: declared here
  819 |     is_pod
      |     ^~~~~~
./google/protobuf/generated_message_table_driven_lite.h: In function 'void google::protobuf::internal::AddField(google::protobuf::MessageLite*, google::protobuf::int64, Type)':
./google/protobuf/generated_message_table_driven_lite.h:122:22: warning: 'template<class _Tp> struct std::is_pod' is deprecated: use 'is_standard_layout && is_trivial' instead [-Wdeprecated-declarations]
  122 |   static_assert(std::is_pod<Type>::value,
      |                      ^~~~~~
/usr/include/c++/13/type_traits:819:5: note: declared here
  819 |     is_pod
      |     ^~~~~~
./google/protobuf/generated_message_table_driven_lite.h: In function 'void google::protobuf::internal::SetField(google::protobuf::MessageLite*, google::protobuf::uint32*, google::protobuf::uint32, google::protobuf::int64, Type)':
./google/protobuf/generated_message_table_driven_lite.h:144:22: warning: 'template<class _Tp> struct std::is_pod' is deprecated: use 'is_standard_layout && is_trivial' instead [-Wdeprecated-declarations]
  144 |   static_assert(std::is_pod<Type>::value,
      |                      ^~~~~~
/usr/include/c++/13/type_traits:819:5: note: declared here
  819 |     is_pod
      |     ^~~~~~
depbase=`echo google/protobuf/map_field.lo | sed 's|[^/]*$|.deps/&|;s|\.lo$||'`;\
/bin/bash ../libtool  --tag=CXX   --mode=compile g++ -std=gnu++20 -DHAVE_CONFIG_H -I. -I..   -I/usr/local/include -pthread -DHAVE_PTHREAD=1 -DHAVE_ZLIB=1 -Wall -Wno-sign-compare  -g -O2 -fstack-protector-strong -Wformat -Werror=format-security -Wdate-time -D_FORTIFY_SOURCE=2 -g -MT google/protobuf/map_field.lo -MD -MP -MF $depbase.Tpo -c -o google/protobuf/map_field.lo google/protobuf/map_field.cc &&\
mv -f $depbase.Tpo $depbase.Plo
libtool: compile:  g++ -std=gnu++20 -DHAVE_CONFIG_H -I. -I.. -I/usr/local/include -pthread -DHAVE_PTHREAD=1 -DHAVE_ZLIB=1 -Wall -Wno-sign-compare -g -O2 -fstack-protector-strong -Wformat -Werror=format-security -Wdate-time -D_FORTIFY_SOURCE=2 -g -MT google/protobuf/map_field.lo -MD -MP -MF google/protobuf/.deps/map_field.Tpo -c google/protobuf/map_field.cc  -fPIC -DPIC -o google/protobuf/.libs/map_field.o
In file included from ./google/protobuf/map_field.h:36,
                 from google/protobuf/map_field.cc:31:
./google/protobuf/arena.h: In static member function 'static T* google::protobuf::Arena::CreateArray(google::protobuf::Arena*, size_t)':
./google/protobuf/arena.h:338:24: warning: 'template<class _Tp> struct std::is_pod' is deprecated: use 'is_standard_layout && is_trivial' instead [-Wdeprecated-declarations]
  338 |     static_assert(std::is_pod<T>::value,
      |                        ^~~~~~
In file included from /usr/include/c++/13/bits/move.h:37,
                 from /usr/include/c++/13/bits/atomic_base.h:39,
                 from /usr/include/c++/13/atomic:41,
                 from ./google/protobuf/map_field.h:34:
/usr/include/c++/13/type_traits:819:5: note: declared here
  819 |     is_pod
      |     ^~~~~~
In file included from ./google/protobuf/wire_format_lite.h:51,
                 from ./google/protobuf/generated_message_util.h:53,
                 from ./google/protobuf/metadata_lite.h:37,
                 from ./google/protobuf/metadata.h:41,
                 from ./google/protobuf/generated_message_reflection.h:49,
                 from ./google/protobuf/map_field.h:38:
./google/protobuf/repeated_field.h: At global scope:
./google/protobuf/repeated_field.h:367:20: warning: 'template<class _Tp> struct std::is_pod' is deprecated: use 'is_standard_layout && is_trivial' instead [-Wdeprecated-declarations]
  367 |               std::is_pod<Element>::value>
      |                    ^~~~~~
/usr/include/c++/13/type_traits:819:5: note: declared here
  819 |     is_pod
      |     ^~~~~~
./google/protobuf/repeated_field.h:2494:19: warning: 'template<class _Category, class _Tp, class _Distance, class _Pointer, class _Reference> struct std::iterator' is deprecated [-Wdeprecated-declarations]
 2494 |     : public std::iterator<std::output_iterator_tag, T> {
      |                   ^~~~~~~~
In file included from /usr/include/c++/13/bits/stl_algobase.h:65,
                 from /usr/include/c++/13/algorithm:60,
                 from ./google/protobuf/stubs/common.h:38,
                 from ./google/protobuf/arena_impl.h:39,
                 from ./google/protobuf/arena.h:53:
/usr/include/c++/13/bits/stl_iterator_base_types.h:127:34: note: declared here
  127 |     struct _GLIBCXX17_DEPRECATED iterator
      |                                  ^~~~~~~~
./google/protobuf/repeated_field.h:2516:19: warning: 'template<class _Category, class _Tp, class _Distance, class _Pointer, class _Reference> struct std::iterator' is deprecated [-Wdeprecated-declarations]
 2516 |     : public std::iterator<std::output_iterator_tag, T> {
      |                   ^~~~~~~~
/usr/include/c++/13/bits/stl_iterator_base_types.h:127:34: note: declared here
  127 |     struct _GLIBCXX17_DEPRECATED iterator
      |                                  ^~~~~~~~
./google/protobuf/repeated_field.h:2547:19: warning: 'template<class _Category, class _Tp, class _Distance, class _Pointer, class _Reference> struct std::iterator' is deprecated [-Wdeprecated-declarations]
 2547 |     : public std::iterator<std::output_iterator_tag, T> {
      |                   ^~~~~~~~
/usr/include/c++/13/bits/stl_iterator_base_types.h:127:34: note: declared here
  127 |     struct _GLIBCXX17_DEPRECATED iterator
      |                                  ^~~~~~~~
./google/protobuf/repeated_field.h:2571:19: warning: 'template<class _Category, class _Tp, class _Distance, class _Pointer, class _Reference> struct std::iterator' is deprecated [-Wdeprecated-declarations]
 2571 |     : public std::iterator<std::output_iterator_tag, T> {
      |                   ^~~~~~~~
/usr/include/c++/13/bits/stl_iterator_base_types.h:127:34: note: declared here
  127 |     struct _GLIBCXX17_DEPRECATED iterator
      |                                  ^~~~~~~~
depbase=`echo google/protobuf/message.lo | sed 's|[^/]*$|.deps/&|;s|\.lo$||'`;\
/bin/bash ../libtool  --tag=CXX   --mode=compile g++ -std=gnu++20 -DHAVE_CONFIG_H -I. -I..   -I/usr/local/include -pthread -DHAVE_PTHREAD=1 -DHAVE_ZLIB=1 -Wall -Wno-sign-compare  -g -O2 -fstack-protector-strong -Wformat -Werror=format-security -Wdate-time -D_FORTIFY_SOURCE=2 -g -MT google/protobuf/message.lo -MD -MP -MF $depbase.Tpo -c -o google/protobuf/message.lo google/protobuf/message.cc &&\
mv -f $depbase.Tpo $depbase.Plo
libtool: compile:  g++ -std=gnu++20 -DHAVE_CONFIG_H -I. -I.. -I/usr/local/include -pthread -DHAVE_PTHREAD=1 -DHAVE_ZLIB=1 -Wall -Wno-sign-compare -g -O2 -fstack-protector-strong -Wformat -Werror=format-security -Wdate-time -D_FORTIFY_SOURCE=2 -g -MT google/protobuf/message.lo -MD -MP -MF google/protobuf/.deps/message.Tpo -c google/protobuf/message.cc  -fPIC -DPIC -o google/protobuf/.libs/message.o
In file included from ./google/protobuf/message.h:120,
                 from ./google/protobuf/generated_message_reflection.h:48,
                 from google/protobuf/message.cc:39:
./google/protobuf/arena.h: In static member function 'static T* google::protobuf::Arena::CreateArray(google::protobuf::Arena*, size_t)':
./google/protobuf/arena.h:338:24: warning: 'template<class _Tp> struct std::is_pod' is deprecated: use 'is_standard_layout && is_trivial' instead [-Wdeprecated-declarations]
  338 |     static_assert(std::is_pod<T>::value,
      |                        ^~~~~~
In file included from /usr/include/c++/13/bits/move.h:37,
                 from /usr/include/c++/13/bits/exception_ptr.h:41,
                 from /usr/include/c++/13/exception:164,
                 from /usr/include/c++/13/ios:41,
                 from /usr/include/c++/13/ostream:40,
                 from /usr/include/c++/13/iostream:41,
                 from google/protobuf/message.cc:35:
/usr/include/c++/13/type_traits:819:5: note: declared here
  819 |     is_pod
      |     ^~~~~~
In file included from ./google/protobuf/wire_format_lite.h:51,
                 from ./google/protobuf/generated_message_util.h:53,
                 from ./google/protobuf/metadata_lite.h:37,
                 from ./google/protobuf/metadata.h:41,
                 from ./google/protobuf/generated_message_reflection.h:49:
./google/protobuf/repeated_field.h: At global scope:
./google/protobuf/repeated_field.h:367:20: warning: 'template<class _Tp> struct std::is_pod' is deprecated: use 'is_standard_layout && is_trivial' instead [-Wdeprecated-declarations]
  367 |               std::is_pod<Element>::value>
      |                    ^~~~~~
/usr/include/c++/13/type_traits:819:5: note: declared here
  819 |     is_pod
      |     ^~~~~~
./google/protobuf/repeated_field.h:2494:19: warning: 'template<class _Category, class _Tp, class _Distance, class _Pointer, class _Reference> struct std::iterator' is deprecated [-Wdeprecated-declarations]
 2494 |     : public std::iterator<std::output_iterator_tag, T> {
      |                   ^~~~~~~~
In file included from /usr/include/c++/13/bits/stl_construct.h:61,
                 from /usr/include/c++/13/bits/char_traits.h:57,
                 from /usr/include/c++/13/ios:42:
/usr/include/c++/13/bits/stl_iterator_base_types.h:127:34: note: declared here
  127 |     struct _GLIBCXX17_DEPRECATED iterator
      |                                  ^~~~~~~~
./google/protobuf/repeated_field.h:2516:19: warning: 'template<class _Category, class _Tp, class _Distance, class _Pointer, class _Reference> struct std::iterator' is deprecated [-Wdeprecated-declarations]
 2516 |     : public std::iterator<std::output_iterator_tag, T> {
      |                   ^~~~~~~~
/usr/include/c++/13/bits/stl_iterator_base_types.h:127:34: note: declared here
  127 |     struct _GLIBCXX17_DEPRECATED iterator
      |                                  ^~~~~~~~
./google/protobuf/repeated_field.h:2547:19: warning: 'template<class _Category, class _Tp, class _Distance, class _Pointer, class _Reference> struct std::iterator' is deprecated [-Wdeprecated-declarations]
 2547 |     : public std::iterator<std::output_iterator_tag, T> {
      |                   ^~~~~~~~
/usr/include/c++/13/bits/stl_iterator_base_types.h:127:34: note: declared here
  127 |     struct _GLIBCXX17_DEPRECATED iterator
      |                                  ^~~~~~~~
./google/protobuf/repeated_field.h:2571:19: warning: 'template<class _Category, class _Tp, class _Distance, class _Pointer, class _Reference> struct std::iterator' is deprecated [-Wdeprecated-declarations]
 2571 |     : public std::iterator<std::output_iterator_tag, T> {
      |                   ^~~~~~~~
/usr/include/c++/13/bits/stl_iterator_base_types.h:127:34: note: declared here
  127 |     struct _GLIBCXX17_DEPRECATED iterator
      |                                  ^~~~~~~~
In file included from ./google/protobuf/descriptor.pb.h:26,
                 from google/protobuf/message.cc:45:
./google/protobuf/generated_message_table_driven.h:209:20: warning: 'template<class _Tp> struct std::is_pod' is deprecated: use 'is_standard_layout && is_trivial' instead [-Wdeprecated-declarations]
  209 | static_assert(std::is_pod<ParseTableField>::value, "");
      |                    ^~~~~~
/usr/include/c++/13/type_traits:819:5: note: declared here
  819 |     is_pod
      |     ^~~~~~
./google/protobuf/generated_message_table_driven.h:210:20: warning: 'template<class _Tp> struct std::is_pod' is deprecated: use 'is_standard_layout && is_trivial' instead [-Wdeprecated-declarations]
  210 | static_assert(std::is_pod<AuxillaryParseTableField>::value, "");
      |                    ^~~~~~
/usr/include/c++/13/type_traits:819:5: note: declared here
  819 |     is_pod
      |     ^~~~~~
./google/protobuf/generated_message_table_driven.h:211:20: warning: 'template<class _Tp> struct std::is_pod' is deprecated: use 'is_standard_layout && is_trivial' instead [-Wdeprecated-declarations]
  211 | static_assert(std::is_pod<AuxillaryParseTableField::enum_aux>::value, "");
      |                    ^~~~~~
/usr/include/c++/13/type_traits:819:5: note: declared here
  819 |     is_pod
      |     ^~~~~~
./google/protobuf/generated_message_table_driven.h:212:20: warning: 'template<class _Tp> struct std::is_pod' is deprecated: use 'is_standard_layout && is_trivial' instead [-Wdeprecated-declarations]
  212 | static_assert(std::is_pod<AuxillaryParseTableField::message_aux>::value, "");
      |                    ^~~~~~
/usr/include/c++/13/type_traits:819:5: note: declared here
  819 |     is_pod
      |     ^~~~~~
./google/protobuf/generated_message_table_driven.h:213:20: warning: 'template<class _Tp> struct std::is_pod' is deprecated: use 'is_standard_layout && is_trivial' instead [-Wdeprecated-declarations]
  213 | static_assert(std::is_pod<AuxillaryParseTableField::string_aux>::value, "");
      |                    ^~~~~~
/usr/include/c++/13/type_traits:819:5: note: declared here
  819 |     is_pod
      |     ^~~~~~
./google/protobuf/generated_message_table_driven.h:214:20: warning: 'template<class _Tp> struct std::is_pod' is deprecated: use 'is_standard_layout && is_trivial' instead [-Wdeprecated-declarations]
  214 | static_assert(std::is_pod<ParseTable>::value, "");
      |                    ^~~~~~
/usr/include/c++/13/type_traits:819:5: note: declared here
  819 |     is_pod
      |     ^~~~~~
In file included from ./google/protobuf/reflection_internal.h:35,
                 from google/protobuf/message.cc:47:
./google/protobuf/reflection.h:396:19: warning: 'template<class _Category, class _Tp, class _Distance, class _Pointer, class _Reference> struct std::iterator' is deprecated [-Wdeprecated-declarations]
  396 |     : public std::iterator<std::forward_iterator_tag, T> {
      |                   ^~~~~~~~
/usr/include/c++/13/bits/stl_iterator_base_types.h:127:34: note: declared here
  127 |     struct _GLIBCXX17_DEPRECATED iterator
      |                                  ^~~~~~~~
depbase=`echo google/protobuf/reflection_ops.lo | sed 's|[^/]*$|.deps/&|;s|\.lo$||'`;\
/bin/bash ../libtool  --tag=CXX   --mode=compile g++ -std=gnu++20 -DHAVE_CONFIG_H -I. -I..   -I/usr/local/include -pthread -DHAVE_PTHREAD=1 -DHAVE_ZLIB=1 -Wall -Wno-sign-compare  -g -O2 -fstack-protector-strong -Wformat -Werror=format-security -Wdate-time -D_FORTIFY_SOURCE=2 -g -MT google/protobuf/reflection_ops.lo -MD -MP -MF $depbase.Tpo -c -o google/protobuf/reflection_ops.lo google/protobuf/reflection_ops.cc &&\
mv -f $depbase.Tpo $depbase.Plo
libtool: compile:  g++ -std=gnu++20 -DHAVE_CONFIG_H -I. -I.. -I/usr/local/include -pthread -DHAVE_PTHREAD=1 -DHAVE_ZLIB=1 -Wall -Wno-sign-compare -g -O2 -fstack-protector-strong -Wformat -Werror=format-security -Wdate-time -D_FORTIFY_SOURCE=2 -g -MT google/protobuf/reflection_ops.lo -MD -MP -MF google/protobuf/.deps/reflection_ops.Tpo -c google/protobuf/reflection_ops.cc  -fPIC -DPIC -o google/protobuf/.libs/reflection_ops.o
In file included from ./google/protobuf/message.h:120,
                 from ./google/protobuf/reflection_ops.h:42,
                 from google/protobuf/reflection_ops.cc:34:
./google/protobuf/arena.h: In static member function 'static T* google::protobuf::Arena::CreateArray(google::protobuf::Arena*, size_t)':
./google/protobuf/arena.h:338:24: warning: 'template<class _Tp> struct std::is_pod' is deprecated: use 'is_standard_layout && is_trivial' instead [-Wdeprecated-declarations]
  338 |     static_assert(std::is_pod<T>::value,
      |                        ^~~~~~
In file included from /usr/include/c++/13/bits/stl_pair.h:60,
                 from /usr/include/c++/13/bits/stl_algobase.h:64,
                 from /usr/include/c++/13/algorithm:60,
                 from ./google/protobuf/stubs/common.h:38,
                 from ./google/protobuf/reflection_ops.h:41:
/usr/include/c++/13/type_traits:819:5: note: declared here
  819 |     is_pod
      |     ^~~~~~
In file included from ./google/protobuf/wire_format_lite.h:51,
                 from ./google/protobuf/generated_message_util.h:53,
                 from ./google/protobuf/metadata_lite.h:37,
                 from ./google/protobuf/parse_context.h:41,
                 from ./google/protobuf/map_type_handler.h:34,
                 from ./google/protobuf/map.h:49,
                 from ./google/protobuf/generated_message_table_driven.h:34,
                 from ./google/protobuf/descriptor.pb.h:26,
                 from google/protobuf/reflection_ops.cc:41:
./google/protobuf/repeated_field.h: At global scope:
./google/protobuf/repeated_field.h:367:20: warning: 'template<class _Tp> struct std::is_pod' is deprecated: use 'is_standard_layout && is_trivial' instead [-Wdeprecated-declarations]
  367 |               std::is_pod<Element>::value>
      |                    ^~~~~~
/usr/include/c++/13/type_traits:819:5: note: declared here
  819 |     is_pod
      |     ^~~~~~
./google/protobuf/repeated_field.h:2494:19: warning: 'template<class _Category, class _Tp, class _Distance, class _Pointer, class _Reference> struct std::iterator' is deprecated [-Wdeprecated-declarations]
 2494 |     : public std::iterator<std::output_iterator_tag, T> {
      |                   ^~~~~~~~
In file included from /usr/include/c++/13/bits/stl_algobase.h:65:
/usr/include/c++/13/bits/stl_iterator_base_types.h:127:34: note: declared here
  127 |     struct _GLIBCXX17_DEPRECATED iterator
      |                                  ^~~~~~~~
./google/protobuf/repeated_field.h:2516:19: warning: 'template<class _Category, class _Tp, class _Distance, class _Pointer, class _Reference> struct std::iterator' is deprecated [-Wdeprecated-declarations]
 2516 |     : public std::iterator<std::output_iterator_tag, T> {
      |                   ^~~~~~~~
/usr/include/c++/13/bits/stl_iterator_base_types.h:127:34: note: declared here
  127 |     struct _GLIBCXX17_DEPRECATED iterator
      |                                  ^~~~~~~~
./google/protobuf/repeated_field.h:2547:19: warning: 'template<class _Category, class _Tp, class _Distance, class _Pointer, class _Reference> struct std::iterator' is deprecated [-Wdeprecated-declarations]
 2547 |     : public std::iterator<std::output_iterator_tag, T> {
      |                   ^~~~~~~~
/usr/include/c++/13/bits/stl_iterator_base_types.h:127:34: note: declared here
  127 |     struct _GLIBCXX17_DEPRECATED iterator
      |                                  ^~~~~~~~
./google/protobuf/repeated_field.h:2571:19: warning: 'template<class _Category, class _Tp, class _Distance, class _Pointer, class _Reference> struct std::iterator' is deprecated [-Wdeprecated-declarations]
 2571 |     : public std::iterator<std::output_iterator_tag, T> {
      |                   ^~~~~~~~
/usr/include/c++/13/bits/stl_iterator_base_types.h:127:34: note: declared here
  127 |     struct _GLIBCXX17_DEPRECATED iterator
      |                                  ^~~~~~~~
./google/protobuf/generated_message_table_driven.h:209:20: warning: 'template<class _Tp> struct std::is_pod' is deprecated: use 'is_standard_layout && is_trivial' instead [-Wdeprecated-declarations]
  209 | static_assert(std::is_pod<ParseTableField>::value, "");
      |                    ^~~~~~
/usr/include/c++/13/type_traits:819:5: note: declared here
  819 |     is_pod
      |     ^~~~~~
./google/protobuf/generated_message_table_driven.h:210:20: warning: 'template<class _Tp> struct std::is_pod' is deprecated: use 'is_standard_layout && is_trivial' instead [-Wdeprecated-declarations]
  210 | static_assert(std::is_pod<AuxillaryParseTableField>::value, "");
      |                    ^~~~~~
/usr/include/c++/13/type_traits:819:5: note: declared here
  819 |     is_pod
      |     ^~~~~~
./google/protobuf/generated_message_table_driven.h:211:20: warning: 'template<class _Tp> struct std::is_pod' is deprecated: use 'is_standard_layout && is_trivial' instead [-Wdeprecated-declarations]
  211 | static_assert(std::is_pod<AuxillaryParseTableField::enum_aux>::value, "");
      |                    ^~~~~~
/usr/include/c++/13/type_traits:819:5: note: declared here
  819 |     is_pod
      |     ^~~~~~
./google/protobuf/generated_message_table_driven.h:212:20: warning: 'template<class _Tp> struct std::is_pod' is deprecated: use 'is_standard_layout && is_trivial' instead [-Wdeprecated-declarations]
  212 | static_assert(std::is_pod<AuxillaryParseTableField::message_aux>::value, "");
      |                    ^~~~~~
/usr/include/c++/13/type_traits:819:5: note: declared here
  819 |     is_pod
      |     ^~~~~~
./google/protobuf/generated_message_table_driven.h:213:20: warning: 'template<class _Tp> struct std::is_pod' is deprecated: use 'is_standard_layout && is_trivial' instead [-Wdeprecated-declarations]
  213 | static_assert(std::is_pod<AuxillaryParseTableField::string_aux>::value, "");
      |                    ^~~~~~
/usr/include/c++/13/type_traits:819:5: note: declared here
  819 |     is_pod
      |     ^~~~~~
./google/protobuf/generated_message_table_driven.h:214:20: warning: 'template<class _Tp> struct std::is_pod' is deprecated: use 'is_standard_layout && is_trivial' instead [-Wdeprecated-declarations]
  214 | static_assert(std::is_pod<ParseTable>::value, "");
      |                    ^~~~~~
/usr/include/c++/13/type_traits:819:5: note: declared here
  819 |     is_pod
      |     ^~~~~~
depbase=`echo google/protobuf/service.lo | sed 's|[^/]*$|.deps/&|;s|\.lo$||'`;\
/bin/bash ../libtool  --tag=CXX   --mode=compile g++ -std=gnu++20 -DHAVE_CONFIG_H -I. -I..   -I/usr/local/include -pthread -DHAVE_PTHREAD=1 -DHAVE_ZLIB=1 -Wall -Wno-sign-compare  -g -O2 -fstack-protector-strong -Wformat -Werror=format-security -Wdate-time -D_FORTIFY_SOURCE=2 -g -MT google/protobuf/service.lo -MD -MP -MF $depbase.Tpo -c -o google/protobuf/service.lo google/protobuf/service.cc &&\
mv -f $depbase.Tpo $depbase.Plo
libtool: compile:  g++ -std=gnu++20 -DHAVE_CONFIG_H -I. -I.. -I/usr/local/include -pthread -DHAVE_PTHREAD=1 -DHAVE_ZLIB=1 -Wall -Wno-sign-compare -g -O2 -fstack-protector-strong -Wformat -Werror=format-security -Wdate-time -D_FORTIFY_SOURCE=2 -g -MT google/protobuf/service.lo -MD -MP -MF google/protobuf/.deps/service.Tpo -c google/protobuf/service.cc  -fPIC -DPIC -o google/protobuf/.libs/service.o
depbase=`echo google/protobuf/source_context.pb.lo | sed 's|[^/]*$|.deps/&|;s|\.lo$||'`;\
/bin/bash ../libtool  --tag=CXX   --mode=compile g++ -std=gnu++20 -DHAVE_CONFIG_H -I. -I..   -I/usr/local/include -pthread -DHAVE_PTHREAD=1 -DHAVE_ZLIB=1 -Wall -Wno-sign-compare  -g -O2 -fstack-protector-strong -Wformat -Werror=format-security -Wdate-time -D_FORTIFY_SOURCE=2 -g -MT google/protobuf/source_context.pb.lo -MD -MP -MF $depbase.Tpo -c -o google/protobuf/source_context.pb.lo google/protobuf/source_context.pb.cc &&\
mv -f $depbase.Tpo $depbase.Plo
libtool: compile:  g++ -std=gnu++20 -DHAVE_CONFIG_H -I. -I.. -I/usr/local/include -pthread -DHAVE_PTHREAD=1 -DHAVE_ZLIB=1 -Wall -Wno-sign-compare -g -O2 -fstack-protector-strong -Wformat -Werror=format-security -Wdate-time -D_FORTIFY_SOURCE=2 -g -MT google/protobuf/source_context.pb.lo -MD -MP -MF google/protobuf/.deps/source_context.pb.Tpo -c google/protobuf/source_context.pb.cc  -fPIC -DPIC -o google/protobuf/.libs/source_context.pb.o
In file included from ./google/protobuf/source_context.pb.h:24,
                 from google/protobuf/source_context.pb.cc:4:
./google/protobuf/arena.h: In static member function 'static T* google::protobuf::Arena::CreateArray(google::protobuf::Arena*, size_t)':
./google/protobuf/arena.h:338:24: warning: 'template<class _Tp> struct std::is_pod' is deprecated: use 'is_standard_layout && is_trivial' instead [-Wdeprecated-declarations]
  338 |     static_assert(std::is_pod<T>::value,
      |                        ^~~~~~
In file included from /usr/include/c++/13/bits/char_traits.h:50,
                 from /usr/include/c++/13/string:42,
                 from ./google/protobuf/source_context.pb.h:8:
/usr/include/c++/13/type_traits:819:5: note: declared here
  819 |     is_pod
      |     ^~~~~~
In file included from ./google/protobuf/wire_format_lite.h:51,
                 from ./google/protobuf/generated_message_util.h:53,
                 from ./google/protobuf/metadata_lite.h:37,
                 from ./google/protobuf/parse_context.h:41,
                 from ./google/protobuf/map_type_handler.h:34,
                 from ./google/protobuf/map.h:49,
                 from ./google/protobuf/generated_message_table_driven.h:34,
                 from ./google/protobuf/source_context.pb.h:26:
./google/protobuf/repeated_field.h: At global scope:
./google/protobuf/repeated_field.h:367:20: warning: 'template<class _Tp> struct std::is_pod' is deprecated: use 'is_standard_layout && is_trivial' instead [-Wdeprecated-declarations]
  367 |               std::is_pod<Element>::value>
      |                    ^~~~~~
/usr/include/c++/13/type_traits:819:5: note: declared here
  819 |     is_pod
      |     ^~~~~~
./google/protobuf/repeated_field.h:2494:19: warning: 'template<class _Category, class _Tp, class _Distance, class _Pointer, class _Reference> struct std::iterator' is deprecated [-Wdeprecated-declarations]
 2494 |     : public std::iterator<std::output_iterator_tag, T> {
      |                   ^~~~~~~~
In file included from /usr/include/c++/13/bits/stl_construct.h:61,
                 from /usr/include/c++/13/bits/char_traits.h:57:
/usr/include/c++/13/bits/stl_iterator_base_types.h:127:34: note: declared here
  127 |     struct _GLIBCXX17_DEPRECATED iterator
      |                                  ^~~~~~~~
./google/protobuf/repeated_field.h:2516:19: warning: 'template<class _Category, class _Tp, class _Distance, class _Pointer, class _Reference> struct std::iterator' is deprecated [-Wdeprecated-declarations]
 2516 |     : public std::iterator<std::output_iterator_tag, T> {
      |                   ^~~~~~~~
/usr/include/c++/13/bits/stl_iterator_base_types.h:127:34: note: declared here
  127 |     struct _GLIBCXX17_DEPRECATED iterator
      |                                  ^~~~~~~~
./google/protobuf/repeated_field.h:2547:19: warning: 'template<class _Category, class _Tp, class _Distance, class _Pointer, class _Reference> struct std::iterator' is deprecated [-Wdeprecated-declarations]
 2547 |     : public std::iterator<std::output_iterator_tag, T> {
      |                   ^~~~~~~~
/usr/include/c++/13/bits/stl_iterator_base_types.h:127:34: note: declared here
  127 |     struct _GLIBCXX17_DEPRECATED iterator
      |                                  ^~~~~~~~
./google/protobuf/repeated_field.h:2571:19: warning: 'template<class _Category, class _Tp, class _Distance, class _Pointer, class _Reference> struct std::iterator' is deprecated [-Wdeprecated-declarations]
 2571 |     : public std::iterator<std::output_iterator_tag, T> {
      |                   ^~~~~~~~
/usr/include/c++/13/bits/stl_iterator_base_types.h:127:34: note: declared here
  127 |     struct _GLIBCXX17_DEPRECATED iterator
      |                                  ^~~~~~~~
./google/protobuf/generated_message_table_driven.h:209:20: warning: 'template<class _Tp> struct std::is_pod' is deprecated: use 'is_standard_layout && is_trivial' instead [-Wdeprecated-declarations]
  209 | static_assert(std::is_pod<ParseTableField>::value, "");
      |                    ^~~~~~
/usr/include/c++/13/type_traits:819:5: note: declared here
  819 |     is_pod
      |     ^~~~~~
./google/protobuf/generated_message_table_driven.h:210:20: warning: 'template<class _Tp> struct std::is_pod' is deprecated: use 'is_standard_layout && is_trivial' instead [-Wdeprecated-declarations]
  210 | static_assert(std::is_pod<AuxillaryParseTableField>::value, "");
      |                    ^~~~~~
/usr/include/c++/13/type_traits:819:5: note: declared here
  819 |     is_pod
      |     ^~~~~~
./google/protobuf/generated_message_table_driven.h:211:20: warning: 'template<class _Tp> struct std::is_pod' is deprecated: use 'is_standard_layout && is_trivial' instead [-Wdeprecated-declarations]
  211 | static_assert(std::is_pod<AuxillaryParseTableField::enum_aux>::value, "");
      |                    ^~~~~~
/usr/include/c++/13/type_traits:819:5: note: declared here
  819 |     is_pod
      |     ^~~~~~
./google/protobuf/generated_message_table_driven.h:212:20: warning: 'template<class _Tp> struct std::is_pod' is deprecated: use 'is_standard_layout && is_trivial' instead [-Wdeprecated-declarations]
  212 | static_assert(std::is_pod<AuxillaryParseTableField::message_aux>::value, "");
      |                    ^~~~~~
/usr/include/c++/13/type_traits:819:5: note: declared here
  819 |     is_pod
      |     ^~~~~~
./google/protobuf/generated_message_table_driven.h:213:20: warning: 'template<class _Tp> struct std::is_pod' is deprecated: use 'is_standard_layout && is_trivial' instead [-Wdeprecated-declarations]
  213 | static_assert(std::is_pod<AuxillaryParseTableField::string_aux>::value, "");
      |                    ^~~~~~
/usr/include/c++/13/type_traits:819:5: note: declared here
  819 |     is_pod
      |     ^~~~~~
./google/protobuf/generated_message_table_driven.h:214:20: warning: 'template<class _Tp> struct std::is_pod' is deprecated: use 'is_standard_layout && is_trivial' instead [-Wdeprecated-declarations]
  214 | static_assert(std::is_pod<ParseTable>::value, "");
      |                    ^~~~~~
/usr/include/c++/13/type_traits:819:5: note: declared here
  819 |     is_pod
      |     ^~~~~~
depbase=`echo google/protobuf/struct.pb.lo | sed 's|[^/]*$|.deps/&|;s|\.lo$||'`;\
/bin/bash ../libtool  --tag=CXX   --mode=compile g++ -std=gnu++20 -DHAVE_CONFIG_H -I. -I..   -I/usr/local/include -pthread -DHAVE_PTHREAD=1 -DHAVE_ZLIB=1 -Wall -Wno-sign-compare  -g -O2 -fstack-protector-strong -Wformat -Werror=format-security -Wdate-time -D_FORTIFY_SOURCE=2 -g -MT google/protobuf/struct.pb.lo -MD -MP -MF $depbase.Tpo -c -o google/protobuf/struct.pb.lo google/protobuf/struct.pb.cc &&\
mv -f $depbase.Tpo $depbase.Plo
libtool: compile:  g++ -std=gnu++20 -DHAVE_CONFIG_H -I. -I.. -I/usr/local/include -pthread -DHAVE_PTHREAD=1 -DHAVE_ZLIB=1 -Wall -Wno-sign-compare -g -O2 -fstack-protector-strong -Wformat -Werror=format-security -Wdate-time -D_FORTIFY_SOURCE=2 -g -MT google/protobuf/struct.pb.lo -MD -MP -MF google/protobuf/.deps/struct.pb.Tpo -c google/protobuf/struct.pb.cc  -fPIC -DPIC -o google/protobuf/.libs/struct.pb.o
In file included from ./google/protobuf/struct.pb.h:24,
                 from google/protobuf/struct.pb.cc:4:
./google/protobuf/arena.h: In static member function 'static T* google::protobuf::Arena::CreateArray(google::protobuf::Arena*, size_t)':
./google/protobuf/arena.h:338:24: warning: 'template<class _Tp> struct std::is_pod' is deprecated: use 'is_standard_layout && is_trivial' instead [-Wdeprecated-declarations]
  338 |     static_assert(std::is_pod<T>::value,
      |                        ^~~~~~
In file included from /usr/include/c++/13/bits/char_traits.h:50,
                 from /usr/include/c++/13/string:42,
                 from ./google/protobuf/struct.pb.h:8:
/usr/include/c++/13/type_traits:819:5: note: declared here
  819 |     is_pod
      |     ^~~~~~
In file included from ./google/protobuf/wire_format_lite.h:51,
                 from ./google/protobuf/generated_message_util.h:53,
                 from ./google/protobuf/metadata_lite.h:37,
                 from ./google/protobuf/parse_context.h:41,
                 from ./google/protobuf/map_type_handler.h:34,
                 from ./google/protobuf/map.h:49,
                 from ./google/protobuf/generated_message_table_driven.h:34,
                 from ./google/protobuf/struct.pb.h:26:
./google/protobuf/repeated_field.h: At global scope:
./google/protobuf/repeated_field.h:367:20: warning: 'template<class _Tp> struct std::is_pod' is deprecated: use 'is_standard_layout && is_trivial' instead [-Wdeprecated-declarations]
  367 |               std::is_pod<Element>::value>
      |                    ^~~~~~
/usr/include/c++/13/type_traits:819:5: note: declared here
  819 |     is_pod
      |     ^~~~~~
./google/protobuf/repeated_field.h:2494:19: warning: 'template<class _Category, class _Tp, class _Distance, class _Pointer, class _Reference> struct std::iterator' is deprecated [-Wdeprecated-declarations]
 2494 |     : public std::iterator<std::output_iterator_tag, T> {
      |                   ^~~~~~~~
In file included from /usr/include/c++/13/bits/stl_construct.h:61,
                 from /usr/include/c++/13/bits/char_traits.h:57:
/usr/include/c++/13/bits/stl_iterator_base_types.h:127:34: note: declared here
  127 |     struct _GLIBCXX17_DEPRECATED iterator
      |                                  ^~~~~~~~
./google/protobuf/repeated_field.h:2516:19: warning: 'template<class _Category, class _Tp, class _Distance, class _Pointer, class _Reference> struct std::iterator' is deprecated [-Wdeprecated-declarations]
 2516 |     : public std::iterator<std::output_iterator_tag, T> {
      |                   ^~~~~~~~
/usr/include/c++/13/bits/stl_iterator_base_types.h:127:34: note: declared here
  127 |     struct _GLIBCXX17_DEPRECATED iterator
      |                                  ^~~~~~~~
./google/protobuf/repeated_field.h:2547:19: warning: 'template<class _Category, class _Tp, class _Distance, class _Pointer, class _Reference> struct std::iterator' is deprecated [-Wdeprecated-declarations]
 2547 |     : public std::iterator<std::output_iterator_tag, T> {
      |                   ^~~~~~~~
/usr/include/c++/13/bits/stl_iterator_base_types.h:127:34: note: declared here
  127 |     struct _GLIBCXX17_DEPRECATED iterator
      |                                  ^~~~~~~~
./google/protobuf/repeated_field.h:2571:19: warning: 'template<class _Category, class _Tp, class _Distance, class _Pointer, class _Reference> struct std::iterator' is deprecated [-Wdeprecated-declarations]
 2571 |     : public std::iterator<std::output_iterator_tag, T> {
      |                   ^~~~~~~~
/usr/include/c++/13/bits/stl_iterator_base_types.h:127:34: note: declared here
  127 |     struct _GLIBCXX17_DEPRECATED iterator
      |                                  ^~~~~~~~
./google/protobuf/generated_message_table_driven.h:209:20: warning: 'template<class _Tp> struct std::is_pod' is deprecated: use 'is_standard_layout && is_trivial' instead [-Wdeprecated-declarations]
  209 | static_assert(std::is_pod<ParseTableField>::value, "");
      |                    ^~~~~~
/usr/include/c++/13/type_traits:819:5: note: declared here
  819 |     is_pod
      |     ^~~~~~
./google/protobuf/generated_message_table_driven.h:210:20: warning: 'template<class _Tp> struct std::is_pod' is deprecated: use 'is_standard_layout && is_trivial' instead [-Wdeprecated-declarations]
  210 | static_assert(std::is_pod<AuxillaryParseTableField>::value, "");
      |                    ^~~~~~
/usr/include/c++/13/type_traits:819:5: note: declared here
  819 |     is_pod
      |     ^~~~~~
./google/protobuf/generated_message_table_driven.h:211:20: warning: 'template<class _Tp> struct std::is_pod' is deprecated: use 'is_standard_layout && is_trivial' instead [-Wdeprecated-declarations]
  211 | static_assert(std::is_pod<AuxillaryParseTableField::enum_aux>::value, "");
      |                    ^~~~~~
/usr/include/c++/13/type_traits:819:5: note: declared here
  819 |     is_pod
      |     ^~~~~~
./google/protobuf/generated_message_table_driven.h:212:20: warning: 'template<class _Tp> struct std::is_pod' is deprecated: use 'is_standard_layout && is_trivial' instead [-Wdeprecated-declarations]
  212 | static_assert(std::is_pod<AuxillaryParseTableField::message_aux>::value, "");
      |                    ^~~~~~
/usr/include/c++/13/type_traits:819:5: note: declared here
  819 |     is_pod
      |     ^~~~~~
./google/protobuf/generated_message_table_driven.h:213:20: warning: 'template<class _Tp> struct std::is_pod' is deprecated: use 'is_standard_layout && is_trivial' instead [-Wdeprecated-declarations]
  213 | static_assert(std::is_pod<AuxillaryParseTableField::string_aux>::value, "");
      |                    ^~~~~~
/usr/include/c++/13/type_traits:819:5: note: declared here
  819 |     is_pod
      |     ^~~~~~
./google/protobuf/generated_message_table_driven.h:214:20: warning: 'template<class _Tp> struct std::is_pod' is deprecated: use 'is_standard_layout && is_trivial' instead [-Wdeprecated-declarations]
  214 | static_assert(std::is_pod<ParseTable>::value, "");
      |                    ^~~~~~
/usr/include/c++/13/type_traits:819:5: note: declared here
  819 |     is_pod
      |     ^~~~~~
depbase=`echo google/protobuf/stubs/substitute.lo | sed 's|[^/]*$|.deps/&|;s|\.lo$||'`;\
/bin/bash ../libtool  --tag=CXX   --mode=compile g++ -std=gnu++20 -DHAVE_CONFIG_H -I. -I..   -I/usr/local/include -pthread -DHAVE_PTHREAD=1 -DHAVE_ZLIB=1 -Wall -Wno-sign-compare  -g -O2 -fstack-protector-strong -Wformat -Werror=format-security -Wdate-time -D_FORTIFY_SOURCE=2 -g -MT google/protobuf/stubs/substitute.lo -MD -MP -MF $depbase.Tpo -c -o google/protobuf/stubs/substitute.lo google/protobuf/stubs/substitute.cc &&\
mv -f $depbase.Tpo $depbase.Plo
libtool: compile:  g++ -std=gnu++20 -DHAVE_CONFIG_H -I. -I.. -I/usr/local/include -pthread -DHAVE_PTHREAD=1 -DHAVE_ZLIB=1 -Wall -Wno-sign-compare -g -O2 -fstack-protector-strong -Wformat -Werror=format-security -Wdate-time -D_FORTIFY_SOURCE=2 -g -MT google/protobuf/stubs/substitute.lo -MD -MP -MF google/protobuf/stubs/.deps/substitute.Tpo -c google/protobuf/stubs/substitute.cc  -fPIC -DPIC -o google/protobuf/stubs/.libs/substitute.o
depbase=`echo google/protobuf/text_format.lo | sed 's|[^/]*$|.deps/&|;s|\.lo$||'`;\
/bin/bash ../libtool  --tag=CXX   --mode=compile g++ -std=gnu++20 -DHAVE_CONFIG_H -I. -I..   -I/usr/local/include -pthread -DHAVE_PTHREAD=1 -DHAVE_ZLIB=1 -Wall -Wno-sign-compare  -g -O2 -fstack-protector-strong -Wformat -Werror=format-security -Wdate-time -D_FORTIFY_SOURCE=2 -g -MT google/protobuf/text_format.lo -MD -MP -MF $depbase.Tpo -c -o google/protobuf/text_format.lo google/protobuf/text_format.cc &&\
mv -f $depbase.Tpo $depbase.Plo
libtool: compile:  g++ -std=gnu++20 -DHAVE_CONFIG_H -I. -I.. -I/usr/local/include -pthread -DHAVE_PTHREAD=1 -DHAVE_ZLIB=1 -Wall -Wno-sign-compare -g -O2 -fstack-protector-strong -Wformat -Werror=format-security -Wdate-time -D_FORTIFY_SOURCE=2 -g -MT google/protobuf/text_format.lo -MD -MP -MF google/protobuf/.deps/text_format.Tpo -c google/protobuf/text_format.cc  -fPIC -DPIC -o google/protobuf/.libs/text_format.o
In file included from ./google/protobuf/message.h:120,
                 from ./google/protobuf/text_format.h:48,
                 from google/protobuf/text_format.cc:35:
./google/protobuf/arena.h: In static member function 'static T* google::protobuf::Arena::CreateArray(google::protobuf::Arena*, size_t)':
./google/protobuf/arena.h:338:24: warning: 'template<class _Tp> struct std::is_pod' is deprecated: use 'is_standard_layout && is_trivial' instead [-Wdeprecated-declarations]
  338 |     static_assert(std::is_pod<T>::value,
      |                        ^~~~~~
In file included from /usr/include/c++/13/bits/stl_pair.h:60,
                 from /usr/include/c++/13/bits/stl_algobase.h:64,
                 from /usr/include/c++/13/bits/stl_tree.h:63,
                 from /usr/include/c++/13/map:62,
                 from ./google/protobuf/text_format.h:41:
/usr/include/c++/13/type_traits:819:5: note: declared here
  819 |     is_pod
      |     ^~~~~~
In file included from ./google/protobuf/wire_format_lite.h:51,
                 from ./google/protobuf/generated_message_util.h:53,
                 from ./google/protobuf/metadata_lite.h:37,
                 from ./google/protobuf/parse_context.h:41,
                 from ./google/protobuf/map_type_handler.h:34,
                 from ./google/protobuf/map.h:49,
                 from ./google/protobuf/generated_message_table_driven.h:34,
                 from ./google/protobuf/descriptor.pb.h:26,
                 from google/protobuf/text_format.cc:47:
./google/protobuf/repeated_field.h: At global scope:
./google/protobuf/repeated_field.h:367:20: warning: 'template<class _Tp> struct std::is_pod' is deprecated: use 'is_standard_layout && is_trivial' instead [-Wdeprecated-declarations]
  367 |               std::is_pod<Element>::value>
      |                    ^~~~~~
/usr/include/c++/13/type_traits:819:5: note: declared here
  819 |     is_pod
      |     ^~~~~~
./google/protobuf/repeated_field.h:2494:19: warning: 'template<class _Category, class _Tp, class _Distance, class _Pointer, class _Reference> struct std::iterator' is deprecated [-Wdeprecated-declarations]
 2494 |     : public std::iterator<std::output_iterator_tag, T> {
      |                   ^~~~~~~~
In file included from /usr/include/c++/13/bits/stl_algobase.h:65:
/usr/include/c++/13/bits/stl_iterator_base_types.h:127:34: note: declared here
  127 |     struct _GLIBCXX17_DEPRECATED iterator
      |                                  ^~~~~~~~
./google/protobuf/repeated_field.h:2516:19: warning: 'template<class _Category, class _Tp, class _Distance, class _Pointer, class _Reference> struct std::iterator' is deprecated [-Wdeprecated-declarations]
 2516 |     : public std::iterator<std::output_iterator_tag, T> {
      |                   ^~~~~~~~
/usr/include/c++/13/bits/stl_iterator_base_types.h:127:34: note: declared here
  127 |     struct _GLIBCXX17_DEPRECATED iterator
      |                                  ^~~~~~~~
./google/protobuf/repeated_field.h:2547:19: warning: 'template<class _Category, class _Tp, class _Distance, class _Pointer, class _Reference> struct std::iterator' is deprecated [-Wdeprecated-declarations]
 2547 |     : public std::iterator<std::output_iterator_tag, T> {
      |                   ^~~~~~~~
/usr/include/c++/13/bits/stl_iterator_base_types.h:127:34: note: declared here
  127 |     struct _GLIBCXX17_DEPRECATED iterator
      |                                  ^~~~~~~~
./google/protobuf/repeated_field.h:2571:19: warning: 'template<class _Category, class _Tp, class _Distance, class _Pointer, class _Reference> struct std::iterator' is deprecated [-Wdeprecated-declarations]
 2571 |     : public std::iterator<std::output_iterator_tag, T> {
      |                   ^~~~~~~~
/usr/include/c++/13/bits/stl_iterator_base_types.h:127:34: note: declared here
  127 |     struct _GLIBCXX17_DEPRECATED iterator
      |                                  ^~~~~~~~
./google/protobuf/generated_message_table_driven.h:209:20: warning: 'template<class _Tp> struct std::is_pod' is deprecated: use 'is_standard_layout && is_trivial' instead [-Wdeprecated-declarations]
  209 | static_assert(std::is_pod<ParseTableField>::value, "");
      |                    ^~~~~~
/usr/include/c++/13/type_traits:819:5: note: declared here
  819 |     is_pod
      |     ^~~~~~
./google/protobuf/generated_message_table_driven.h:210:20: warning: 'template<class _Tp> struct std::is_pod' is deprecated: use 'is_standard_layout && is_trivial' instead [-Wdeprecated-declarations]
  210 | static_assert(std::is_pod<AuxillaryParseTableField>::value, "");
      |                    ^~~~~~
/usr/include/c++/13/type_traits:819:5: note: declared here
  819 |     is_pod
      |     ^~~~~~
./google/protobuf/generated_message_table_driven.h:211:20: warning: 'template<class _Tp> struct std::is_pod' is deprecated: use 'is_standard_layout && is_trivial' instead [-Wdeprecated-declarations]
  211 | static_assert(std::is_pod<AuxillaryParseTableField::enum_aux>::value, "");
      |                    ^~~~~~
/usr/include/c++/13/type_traits:819:5: note: declared here
  819 |     is_pod
      |     ^~~~~~
./google/protobuf/generated_message_table_driven.h:212:20: warning: 'template<class _Tp> struct std::is_pod' is deprecated: use 'is_standard_layout && is_trivial' instead [-Wdeprecated-declarations]
  212 | static_assert(std::is_pod<AuxillaryParseTableField::message_aux>::value, "");
      |                    ^~~~~~
/usr/include/c++/13/type_traits:819:5: note: declared here
  819 |     is_pod
      |     ^~~~~~
./google/protobuf/generated_message_table_driven.h:213:20: warning: 'template<class _Tp> struct std::is_pod' is deprecated: use 'is_standard_layout && is_trivial' instead [-Wdeprecated-declarations]
  213 | static_assert(std::is_pod<AuxillaryParseTableField::string_aux>::value, "");
      |                    ^~~~~~
/usr/include/c++/13/type_traits:819:5: note: declared here
  819 |     is_pod
      |     ^~~~~~
./google/protobuf/generated_message_table_driven.h:214:20: warning: 'template<class _Tp> struct std::is_pod' is deprecated: use 'is_standard_layout && is_trivial' instead [-Wdeprecated-declarations]
  214 | static_assert(std::is_pod<ParseTable>::value, "");
      |                    ^~~~~~
/usr/include/c++/13/type_traits:819:5: note: declared here
  819 |     is_pod
      |     ^~~~~~
depbase=`echo google/protobuf/timestamp.pb.lo | sed 's|[^/]*$|.deps/&|;s|\.lo$||'`;\
/bin/bash ../libtool  --tag=CXX   --mode=compile g++ -std=gnu++20 -DHAVE_CONFIG_H -I. -I..   -I/usr/local/include -pthread -DHAVE_PTHREAD=1 -DHAVE_ZLIB=1 -Wall -Wno-sign-compare  -g -O2 -fstack-protector-strong -Wformat -Werror=format-security -Wdate-time -D_FORTIFY_SOURCE=2 -g -MT google/protobuf/timestamp.pb.lo -MD -MP -MF $depbase.Tpo -c -o google/protobuf/timestamp.pb.lo google/protobuf/timestamp.pb.cc &&\
mv -f $depbase.Tpo $depbase.Plo
libtool: compile:  g++ -std=gnu++20 -DHAVE_CONFIG_H -I. -I.. -I/usr/local/include -pthread -DHAVE_PTHREAD=1 -DHAVE_ZLIB=1 -Wall -Wno-sign-compare -g -O2 -fstack-protector-strong -Wformat -Werror=format-security -Wdate-time -D_FORTIFY_SOURCE=2 -g -MT google/protobuf/timestamp.pb.lo -MD -MP -MF google/protobuf/.deps/timestamp.pb.Tpo -c google/protobuf/timestamp.pb.cc  -fPIC -DPIC -o google/protobuf/.libs/timestamp.pb.o
In file included from ./google/protobuf/timestamp.pb.h:24,
                 from google/protobuf/timestamp.pb.cc:4:
./google/protobuf/arena.h: In static member function 'static T* google::protobuf::Arena::CreateArray(google::protobuf::Arena*, size_t)':
./google/protobuf/arena.h:338:24: warning: 'template<class _Tp> struct std::is_pod' is deprecated: use 'is_standard_layout && is_trivial' instead [-Wdeprecated-declarations]
  338 |     static_assert(std::is_pod<T>::value,
      |                        ^~~~~~
In file included from /usr/include/c++/13/bits/char_traits.h:50,
                 from /usr/include/c++/13/string:42,
                 from ./google/protobuf/timestamp.pb.h:8:
/usr/include/c++/13/type_traits:819:5: note: declared here
  819 |     is_pod
      |     ^~~~~~
In file included from ./google/protobuf/wire_format_lite.h:51,
                 from ./google/protobuf/generated_message_util.h:53,
                 from ./google/protobuf/metadata_lite.h:37,
                 from ./google/protobuf/parse_context.h:41,
                 from ./google/protobuf/map_type_handler.h:34,
                 from ./google/protobuf/map.h:49,
                 from ./google/protobuf/generated_message_table_driven.h:34,
                 from ./google/protobuf/timestamp.pb.h:26:
./google/protobuf/repeated_field.h: At global scope:
./google/protobuf/repeated_field.h:367:20: warning: 'template<class _Tp> struct std::is_pod' is deprecated: use 'is_standard_layout && is_trivial' instead [-Wdeprecated-declarations]
  367 |               std::is_pod<Element>::value>
      |                    ^~~~~~
/usr/include/c++/13/type_traits:819:5: note: declared here
  819 |     is_pod
      |     ^~~~~~
./google/protobuf/repeated_field.h:2494:19: warning: 'template<class _Category, class _Tp, class _Distance, class _Pointer, class _Reference> struct std::iterator' is deprecated [-Wdeprecated-declarations]
 2494 |     : public std::iterator<std::output_iterator_tag, T> {
      |                   ^~~~~~~~
In file included from /usr/include/c++/13/bits/stl_construct.h:61,
                 from /usr/include/c++/13/bits/char_traits.h:57:
/usr/include/c++/13/bits/stl_iterator_base_types.h:127:34: note: declared here
  127 |     struct _GLIBCXX17_DEPRECATED iterator
      |                                  ^~~~~~~~
./google/protobuf/repeated_field.h:2516:19: warning: 'template<class _Category, class _Tp, class _Distance, class _Pointer, class _Reference> struct std::iterator' is deprecated [-Wdeprecated-declarations]
 2516 |     : public std::iterator<std::output_iterator_tag, T> {
      |                   ^~~~~~~~
/usr/include/c++/13/bits/stl_iterator_base_types.h:127:34: note: declared here
  127 |     struct _GLIBCXX17_DEPRECATED iterator
      |                                  ^~~~~~~~
./google/protobuf/repeated_field.h:2547:19: warning: 'template<class _Category, class _Tp, class _Distance, class _Pointer, class _Reference> struct std::iterator' is deprecated [-Wdeprecated-declarations]
 2547 |     : public std::iterator<std::output_iterator_tag, T> {
      |                   ^~~~~~~~
/usr/include/c++/13/bits/stl_iterator_base_types.h:127:34: note: declared here
  127 |     struct _GLIBCXX17_DEPRECATED iterator
      |                                  ^~~~~~~~
./google/protobuf/repeated_field.h:2571:19: warning: 'template<class _Category, class _Tp, class _Distance, class _Pointer, class _Reference> struct std::iterator' is deprecated [-Wdeprecated-declarations]
 2571 |     : public std::iterator<std::output_iterator_tag, T> {
      |                   ^~~~~~~~
/usr/include/c++/13/bits/stl_iterator_base_types.h:127:34: note: declared here
  127 |     struct _GLIBCXX17_DEPRECATED iterator
      |                                  ^~~~~~~~
./google/protobuf/generated_message_table_driven.h:209:20: warning: 'template<class _Tp> struct std::is_pod' is deprecated: use 'is_standard_layout && is_trivial' instead [-Wdeprecated-declarations]
  209 | static_assert(std::is_pod<ParseTableField>::value, "");
      |                    ^~~~~~
/usr/include/c++/13/type_traits:819:5: note: declared here
  819 |     is_pod
      |     ^~~~~~
./google/protobuf/generated_message_table_driven.h:210:20: warning: 'template<class _Tp> struct std::is_pod' is deprecated: use 'is_standard_layout && is_trivial' instead [-Wdeprecated-declarations]
  210 | static_assert(std::is_pod<AuxillaryParseTableField>::value, "");
      |                    ^~~~~~
/usr/include/c++/13/type_traits:819:5: note: declared here
  819 |     is_pod
      |     ^~~~~~
./google/protobuf/generated_message_table_driven.h:211:20: warning: 'template<class _Tp> struct std::is_pod' is deprecated: use 'is_standard_layout && is_trivial' instead [-Wdeprecated-declarations]
  211 | static_assert(std::is_pod<AuxillaryParseTableField::enum_aux>::value, "");
      |                    ^~~~~~
/usr/include/c++/13/type_traits:819:5: note: declared here
  819 |     is_pod
      |     ^~~~~~
./google/protobuf/generated_message_table_driven.h:212:20: warning: 'template<class _Tp> struct std::is_pod' is deprecated: use 'is_standard_layout && is_trivial' instead [-Wdeprecated-declarations]
  212 | static_assert(std::is_pod<AuxillaryParseTableField::message_aux>::value, "");
      |                    ^~~~~~
/usr/include/c++/13/type_traits:819:5: note: declared here
  819 |     is_pod
      |     ^~~~~~
./google/protobuf/generated_message_table_driven.h:213:20: warning: 'template<class _Tp> struct std::is_pod' is deprecated: use 'is_standard_layout && is_trivial' instead [-Wdeprecated-declarations]
  213 | static_assert(std::is_pod<AuxillaryParseTableField::string_aux>::value, "");
      |                    ^~~~~~
/usr/include/c++/13/type_traits:819:5: note: declared here
  819 |     is_pod
      |     ^~~~~~
./google/protobuf/generated_message_table_driven.h:214:20: warning: 'template<class _Tp> struct std::is_pod' is deprecated: use 'is_standard_layout && is_trivial' instead [-Wdeprecated-declarations]
  214 | static_assert(std::is_pod<ParseTable>::value, "");
      |                    ^~~~~~
/usr/include/c++/13/type_traits:819:5: note: declared here
  819 |     is_pod
      |     ^~~~~~
depbase=`echo google/protobuf/type.pb.lo | sed 's|[^/]*$|.deps/&|;s|\.lo$||'`;\
/bin/bash ../libtool  --tag=CXX   --mode=compile g++ -std=gnu++20 -DHAVE_CONFIG_H -I. -I..   -I/usr/local/include -pthread -DHAVE_PTHREAD=1 -DHAVE_ZLIB=1 -Wall -Wno-sign-compare  -g -O2 -fstack-protector-strong -Wformat -Werror=format-security -Wdate-time -D_FORTIFY_SOURCE=2 -g -MT google/protobuf/type.pb.lo -MD -MP -MF $depbase.Tpo -c -o google/protobuf/type.pb.lo google/protobuf/type.pb.cc &&\
mv -f $depbase.Tpo $depbase.Plo
libtool: compile:  g++ -std=gnu++20 -DHAVE_CONFIG_H -I. -I.. -I/usr/local/include -pthread -DHAVE_PTHREAD=1 -DHAVE_ZLIB=1 -Wall -Wno-sign-compare -g -O2 -fstack-protector-strong -Wformat -Werror=format-security -Wdate-time -D_FORTIFY_SOURCE=2 -g -MT google/protobuf/type.pb.lo -MD -MP -MF google/protobuf/.deps/type.pb.Tpo -c google/protobuf/type.pb.cc  -fPIC -DPIC -o google/protobuf/.libs/type.pb.o
In file included from ./google/protobuf/type.pb.h:24,
                 from google/protobuf/type.pb.cc:4:
./google/protobuf/arena.h: In static member function 'static T* google::protobuf::Arena::CreateArray(google::protobuf::Arena*, size_t)':
./google/protobuf/arena.h:338:24: warning: 'template<class _Tp> struct std::is_pod' is deprecated: use 'is_standard_layout && is_trivial' instead [-Wdeprecated-declarations]
  338 |     static_assert(std::is_pod<T>::value,
      |                        ^~~~~~
In file included from /usr/include/c++/13/bits/char_traits.h:50,
                 from /usr/include/c++/13/string:42,
                 from ./google/protobuf/type.pb.h:8:
/usr/include/c++/13/type_traits:819:5: note: declared here
  819 |     is_pod
      |     ^~~~~~
In file included from ./google/protobuf/wire_format_lite.h:51,
                 from ./google/protobuf/generated_message_util.h:53,
                 from ./google/protobuf/metadata_lite.h:37,
                 from ./google/protobuf/parse_context.h:41,
                 from ./google/protobuf/map_type_handler.h:34,
                 from ./google/protobuf/map.h:49,
                 from ./google/protobuf/generated_message_table_driven.h:34,
                 from ./google/protobuf/type.pb.h:26:
./google/protobuf/repeated_field.h: At global scope:
./google/protobuf/repeated_field.h:367:20: warning: 'template<class _Tp> struct std::is_pod' is deprecated: use 'is_standard_layout && is_trivial' instead [-Wdeprecated-declarations]
  367 |               std::is_pod<Element>::value>
      |                    ^~~~~~
/usr/include/c++/13/type_traits:819:5: note: declared here
  819 |     is_pod
      |     ^~~~~~
./google/protobuf/repeated_field.h:2494:19: warning: 'template<class _Category, class _Tp, class _Distance, class _Pointer, class _Reference> struct std::iterator' is deprecated [-Wdeprecated-declarations]
 2494 |     : public std::iterator<std::output_iterator_tag, T> {
      |                   ^~~~~~~~
In file included from /usr/include/c++/13/bits/stl_construct.h:61,
                 from /usr/include/c++/13/bits/char_traits.h:57:
/usr/include/c++/13/bits/stl_iterator_base_types.h:127:34: note: declared here
  127 |     struct _GLIBCXX17_DEPRECATED iterator
      |                                  ^~~~~~~~
./google/protobuf/repeated_field.h:2516:19: warning: 'template<class _Category, class _Tp, class _Distance, class _Pointer, class _Reference> struct std::iterator' is deprecated [-Wdeprecated-declarations]
 2516 |     : public std::iterator<std::output_iterator_tag, T> {
      |                   ^~~~~~~~
/usr/include/c++/13/bits/stl_iterator_base_types.h:127:34: note: declared here
  127 |     struct _GLIBCXX17_DEPRECATED iterator
      |                                  ^~~~~~~~
./google/protobuf/repeated_field.h:2547:19: warning: 'template<class _Category, class _Tp, class _Distance, class _Pointer, class _Reference> struct std::iterator' is deprecated [-Wdeprecated-declarations]
 2547 |     : public std::iterator<std::output_iterator_tag, T> {
      |                   ^~~~~~~~
/usr/include/c++/13/bits/stl_iterator_base_types.h:127:34: note: declared here
  127 |     struct _GLIBCXX17_DEPRECATED iterator
      |                                  ^~~~~~~~
./google/protobuf/repeated_field.h:2571:19: warning: 'template<class _Category, class _Tp, class _Distance, class _Pointer, class _Reference> struct std::iterator' is deprecated [-Wdeprecated-declarations]
 2571 |     : public std::iterator<std::output_iterator_tag, T> {
      |                   ^~~~~~~~
/usr/include/c++/13/bits/stl_iterator_base_types.h:127:34: note: declared here
  127 |     struct _GLIBCXX17_DEPRECATED iterator
      |                                  ^~~~~~~~
./google/protobuf/generated_message_table_driven.h:209:20: warning: 'template<class _Tp> struct std::is_pod' is deprecated: use 'is_standard_layout && is_trivial' instead [-Wdeprecated-declarations]
  209 | static_assert(std::is_pod<ParseTableField>::value, "");
      |                    ^~~~~~
/usr/include/c++/13/type_traits:819:5: note: declared here
  819 |     is_pod
      |     ^~~~~~
./google/protobuf/generated_message_table_driven.h:210:20: warning: 'template<class _Tp> struct std::is_pod' is deprecated: use 'is_standard_layout && is_trivial' instead [-Wdeprecated-declarations]
  210 | static_assert(std::is_pod<AuxillaryParseTableField>::value, "");
      |                    ^~~~~~
/usr/include/c++/13/type_traits:819:5: note: declared here
  819 |     is_pod
      |     ^~~~~~
./google/protobuf/generated_message_table_driven.h:211:20: warning: 'template<class _Tp> struct std::is_pod' is deprecated: use 'is_standard_layout && is_trivial' instead [-Wdeprecated-declarations]
  211 | static_assert(std::is_pod<AuxillaryParseTableField::enum_aux>::value, "");
      |                    ^~~~~~
/usr/include/c++/13/type_traits:819:5: note: declared here
  819 |     is_pod
      |     ^~~~~~
./google/protobuf/generated_message_table_driven.h:212:20: warning: 'template<class _Tp> struct std::is_pod' is deprecated: use 'is_standard_layout && is_trivial' instead [-Wdeprecated-declarations]
  212 | static_assert(std::is_pod<AuxillaryParseTableField::message_aux>::value, "");
      |                    ^~~~~~
/usr/include/c++/13/type_traits:819:5: note: declared here
  819 |     is_pod
      |     ^~~~~~
./google/protobuf/generated_message_table_driven.h:213:20: warning: 'template<class _Tp> struct std::is_pod' is deprecated: use 'is_standard_layout && is_trivial' instead [-Wdeprecated-declarations]
  213 | static_assert(std::is_pod<AuxillaryParseTableField::string_aux>::value, "");
      |                    ^~~~~~
/usr/include/c++/13/type_traits:819:5: note: declared here
  819 |     is_pod
      |     ^~~~~~
./google/protobuf/generated_message_table_driven.h:214:20: warning: 'template<class _Tp> struct std::is_pod' is deprecated: use 'is_standard_layout && is_trivial' instead [-Wdeprecated-declarations]
  214 | static_assert(std::is_pod<ParseTable>::value, "");
      |                    ^~~~~~
/usr/include/c++/13/type_traits:819:5: note: declared here
  819 |     is_pod
      |     ^~~~~~
depbase=`echo google/protobuf/unknown_field_set.lo | sed 's|[^/]*$|.deps/&|;s|\.lo$||'`;\
/bin/bash ../libtool  --tag=CXX   --mode=compile g++ -std=gnu++20 -DHAVE_CONFIG_H -I. -I..   -I/usr/local/include -pthread -DHAVE_PTHREAD=1 -DHAVE_ZLIB=1 -Wall -Wno-sign-compare  -g -O2 -fstack-protector-strong -Wformat -Werror=format-security -Wdate-time -D_FORTIFY_SOURCE=2 -g -MT google/protobuf/unknown_field_set.lo -MD -MP -MF $depbase.Tpo -c -o google/protobuf/unknown_field_set.lo google/protobuf/unknown_field_set.cc &&\
mv -f $depbase.Tpo $depbase.Plo
libtool: compile:  g++ -std=gnu++20 -DHAVE_CONFIG_H -I. -I.. -I/usr/local/include -pthread -DHAVE_PTHREAD=1 -DHAVE_ZLIB=1 -Wall -Wno-sign-compare -g -O2 -fstack-protector-strong -Wformat -Werror=format-security -Wdate-time -D_FORTIFY_SOURCE=2 -g -MT google/protobuf/unknown_field_set.lo -MD -MP -MF google/protobuf/.deps/unknown_field_set.Tpo -c google/protobuf/unknown_field_set.cc  -fPIC -DPIC -o google/protobuf/.libs/unknown_field_set.o
In file included from ./google/protobuf/arenastring.h:36,
                 from ./google/protobuf/parse_context.h:39,
                 from ./google/protobuf/unknown_field_set.h:46,
                 from google/protobuf/unknown_field_set.cc:35:
./google/protobuf/arena.h: In static member function 'static T* google::protobuf::Arena::CreateArray(google::protobuf::Arena*, size_t)':
./google/protobuf/arena.h:338:24: warning: 'template<class _Tp> struct std::is_pod' is deprecated: use 'is_standard_layout && is_trivial' instead [-Wdeprecated-declarations]
  338 |     static_assert(std::is_pod<T>::value,
      |                        ^~~~~~
In file included from /usr/include/c++/13/bits/char_traits.h:50,
                 from /usr/include/c++/13/string:42,
                 from ./google/protobuf/unknown_field_set.h:42:
/usr/include/c++/13/type_traits:819:5: note: declared here
  819 |     is_pod
      |     ^~~~~~
In file included from ./google/protobuf/wire_format_lite.h:51,
                 from ./google/protobuf/generated_message_util.h:53,
                 from ./google/protobuf/metadata_lite.h:37,
                 from ./google/protobuf/parse_context.h:41:
./google/protobuf/repeated_field.h: At global scope:
./google/protobuf/repeated_field.h:367:20: warning: 'template<class _Tp> struct std::is_pod' is deprecated: use 'is_standard_layout && is_trivial' instead [-Wdeprecated-declarations]
  367 |               std::is_pod<Element>::value>
      |                    ^~~~~~
/usr/include/c++/13/type_traits:819:5: note: declared here
  819 |     is_pod
      |     ^~~~~~
./google/protobuf/repeated_field.h:2494:19: warning: 'template<class _Category, class _Tp, class _Distance, class _Pointer, class _Reference> struct std::iterator' is deprecated [-Wdeprecated-declarations]
 2494 |     : public std::iterator<std::output_iterator_tag, T> {
      |                   ^~~~~~~~
In file included from /usr/include/c++/13/bits/stl_construct.h:61,
                 from /usr/include/c++/13/bits/char_traits.h:57:
/usr/include/c++/13/bits/stl_iterator_base_types.h:127:34: note: declared here
  127 |     struct _GLIBCXX17_DEPRECATED iterator
      |                                  ^~~~~~~~
./google/protobuf/repeated_field.h:2516:19: warning: 'template<class _Category, class _Tp, class _Distance, class _Pointer, class _Reference> struct std::iterator' is deprecated [-Wdeprecated-declarations]
 2516 |     : public std::iterator<std::output_iterator_tag, T> {
      |                   ^~~~~~~~
/usr/include/c++/13/bits/stl_iterator_base_types.h:127:34: note: declared here
  127 |     struct _GLIBCXX17_DEPRECATED iterator
      |                                  ^~~~~~~~
./google/protobuf/repeated_field.h:2547:19: warning: 'template<class _Category, class _Tp, class _Distance, class _Pointer, class _Reference> struct std::iterator' is deprecated [-Wdeprecated-declarations]
 2547 |     : public std::iterator<std::output_iterator_tag, T> {
      |                   ^~~~~~~~
/usr/include/c++/13/bits/stl_iterator_base_types.h:127:34: note: declared here
  127 |     struct _GLIBCXX17_DEPRECATED iterator
      |                                  ^~~~~~~~
./google/protobuf/repeated_field.h:2571:19: warning: 'template<class _Category, class _Tp, class _Distance, class _Pointer, class _Reference> struct std::iterator' is deprecated [-Wdeprecated-declarations]
 2571 |     : public std::iterator<std::output_iterator_tag, T> {
      |                   ^~~~~~~~
/usr/include/c++/13/bits/stl_iterator_base_types.h:127:34: note: declared here
  127 |     struct _GLIBCXX17_DEPRECATED iterator
      |                                  ^~~~~~~~
In file included from /usr/include/c++/13/string:51:
In static member function 'static constexpr _Up* std::__copy_move<_IsMove, true, std::random_access_iterator_tag>::__copy_m(_Tp*, _Tp*, _Up*) [with _Tp = google::protobuf::UnknownField; _Up = google::protobuf::UnknownField; bool _IsMove = true]',
    inlined from 'constexpr _OI std::__copy_move_a2(_II, _II, _OI) [with bool _IsMove = true; _II = google::protobuf::UnknownField*; _OI = google::protobuf::UnknownField*]' at /usr/include/c++/13/bits/stl_algobase.h:506:30,
    inlined from 'constexpr _OI std::__copy_move_a1(_II, _II, _OI) [with bool _IsMove = true; _II = google::protobuf::UnknownField*; _OI = google::protobuf::UnknownField*]' at /usr/include/c++/13/bits/stl_algobase.h:533:42,
    inlined from 'constexpr _OI std::__copy_move_a(_II, _II, _OI) [with bool _IsMove = true; _II = __gnu_cxx::__normal_iterator<google::protobuf::UnknownField*, vector<google::protobuf::UnknownField> >; _OI = google::protobuf::UnknownField*]' at /usr/include/c++/13/bits/stl_algobase.h:540:31,
    inlined from 'constexpr _OI std::copy(_II, _II, _OI) [with _II = move_iterator<__gnu_cxx::__normal_iterator<google::protobuf::UnknownField*, vector<google::protobuf::UnknownField> > >; _OI = google::protobuf::UnknownField*]' at /usr/include/c++/13/bits/stl_algobase.h:633:7,
    inlined from 'static _ForwardIterator std::__uninitialized_copy<true>::__uninit_copy(_InputIterator, _InputIterator, _ForwardIterator) [with _InputIterator = std::move_iterator<__gnu_cxx::__normal_iterator<google::protobuf::UnknownField*, std::vector<google::protobuf::UnknownField> > >; _ForwardIterator = google::protobuf::UnknownField*]' at /usr/include/c++/13/bits/stl_uninitialized.h:147:27,
    inlined from '_ForwardIterator std::uninitialized_copy(_InputIterator, _InputIterator, _ForwardIterator) [with _InputIterator = move_iterator<__gnu_cxx::__normal_iterator<google::protobuf::UnknownField*, vector<google::protobuf::UnknownField> > >; _ForwardIterator = google::protobuf::UnknownField*]' at /usr/include/c++/13/bits/stl_uninitialized.h:185:15,
    inlined from 'constexpr _ForwardIterator std::__uninitialized_copy_a(_InputIterator, _InputIterator, _ForwardIterator, allocator<_Tp>&) [with _InputIterator = move_iterator<__gnu_cxx::__normal_iterator<google::protobuf::UnknownField*, vector<google::protobuf::UnknownField> > >; _ForwardIterator = google::protobuf::UnknownField*; _Tp = google::protobuf::UnknownField]' at /usr/include/c++/13/bits/stl_uninitialized.h:373:37,
    inlined from 'constexpr void std::vector<_Tp, _Alloc>::_M_range_insert(iterator, _ForwardIterator, _ForwardIterator, std::forward_iterator_tag) [with _ForwardIterator = std::move_iterator<__gnu_cxx::__normal_iterator<google::protobuf::UnknownField*, std::vector<google::protobuf::UnknownField> > >; _Tp = google::protobuf::UnknownField; _Alloc = std::allocator<google::protobuf::UnknownField>]' at /usr/include/c++/13/bits/vector.tcc:814:38,
    inlined from 'constexpr std::vector<_Tp, _Alloc>::iterator std::vector<_Tp, _Alloc>::insert(const_iterator, _InputIterator, _InputIterator) [with _InputIterator = std::move_iterator<__gnu_cxx::__normal_iterator<google::protobuf::UnknownField*, std::vector<google::protobuf::UnknownField> > >; <template-parameter-2-2> = void; _Tp = google::protobuf::UnknownField; _Alloc = std::allocator<google::protobuf::UnknownField>]' at /usr/include/c++/13/bits/stl_vector.h:1486:19,
    inlined from 'void google::protobuf::UnknownFieldSet::MergeFromAndDestroy(google::protobuf::UnknownFieldSet*)' at google/protobuf/unknown_field_set.cc:94:19:
/usr/include/c++/13/bits/stl_algobase.h:437:30: warning: 'void* __builtin_memmove(void*, const void*, long unsigned int)' writing between 17 and 9223372036854775792 bytes into a region of size 0 overflows the destination [-Wstringop-overflow=]
  437 |             __builtin_memmove(__result, __first, sizeof(_Tp) * _Num);
      |             ~~~~~~~~~~~~~~~~~^~~~~~~~~~~~~~~~~~~~~~~~~~~~~~~~~~~~~~~
In file included from /usr/include/x86_64-linux-gnu/c++/13/bits/c++allocator.h:33,
                 from /usr/include/c++/13/bits/allocator.h:46,
                 from /usr/include/c++/13/string:43:
In member function '_Tp* std::__new_allocator<_Tp>::allocate(size_type, const void*) [with _Tp = google::protobuf::UnknownField]',
    inlined from 'constexpr _Tp* std::allocator< <template-parameter-1-1> >::allocate(std::size_t) [with _Tp = google::protobuf::UnknownField]' at /usr/include/c++/13/bits/allocator.h:198:40,
    inlined from 'static constexpr _Tp* std::allocator_traits<std::allocator<_CharT> >::allocate(allocator_type&, size_type) [with _Tp = google::protobuf::UnknownField]' at /usr/include/c++/13/bits/alloc_traits.h:482:28,
    inlined from 'constexpr std::_Vector_base<_Tp, _Alloc>::pointer std::_Vector_base<_Tp, _Alloc>::_M_allocate(std::size_t) [with _Tp = google::protobuf::UnknownField; _Alloc = std::allocator<google::protobuf::UnknownField>]' at /usr/include/c++/13/bits/stl_vector.h:381:33,
    inlined from 'constexpr std::_Vector_base<_Tp, _Alloc>::pointer std::_Vector_base<_Tp, _Alloc>::_M_allocate(std::size_t) [with _Tp = google::protobuf::UnknownField; _Alloc = std::allocator<google::protobuf::UnknownField>]' at /usr/include/c++/13/bits/stl_vector.h:378:7,
    inlined from 'constexpr void std::vector<_Tp, _Alloc>::_M_range_insert(iterator, _ForwardIterator, _ForwardIterator, std::forward_iterator_tag) [with _ForwardIterator = std::move_iterator<__gnu_cxx::__normal_iterator<google::protobuf::UnknownField*, std::vector<google::protobuf::UnknownField> > >; _Tp = google::protobuf::UnknownField; _Alloc = std::allocator<google::protobuf::UnknownField>]' at /usr/include/c++/13/bits/vector.tcc:805:40,
    inlined from 'constexpr std::vector<_Tp, _Alloc>::iterator std::vector<_Tp, _Alloc>::insert(const_iterator, _InputIterator, _InputIterator) [with _InputIterator = std::move_iterator<__gnu_cxx::__normal_iterator<google::protobuf::UnknownField*, std::vector<google::protobuf::UnknownField> > >; <template-parameter-2-2> = void; _Tp = google::protobuf::UnknownField; _Alloc = std::allocator<google::protobuf::UnknownField>]' at /usr/include/c++/13/bits/stl_vector.h:1486:19,
    inlined from 'void google::protobuf::UnknownFieldSet::MergeFromAndDestroy(google::protobuf::UnknownFieldSet*)' at google/protobuf/unknown_field_set.cc:94:19:
/usr/include/c++/13/bits/new_allocator.h:151:55: note: at offset [-9223372036854775808, -1] into destination object of size [16, 9223372036854775792] allocated by 'operator new'
  151 |         return static_cast<_Tp*>(_GLIBCXX_OPERATOR_NEW(__n * sizeof(_Tp)));
      |                                                       ^
depbase=`echo google/protobuf/wire_format.lo | sed 's|[^/]*$|.deps/&|;s|\.lo$||'`;\
/bin/bash ../libtool  --tag=CXX   --mode=compile g++ -std=gnu++20 -DHAVE_CONFIG_H -I. -I..   -I/usr/local/include -pthread -DHAVE_PTHREAD=1 -DHAVE_ZLIB=1 -Wall -Wno-sign-compare  -g -O2 -fstack-protector-strong -Wformat -Werror=format-security -Wdate-time -D_FORTIFY_SOURCE=2 -g -MT google/protobuf/wire_format.lo -MD -MP -MF $depbase.Tpo -c -o google/protobuf/wire_format.lo google/protobuf/wire_format.cc &&\
mv -f $depbase.Tpo $depbase.Plo
libtool: compile:  g++ -std=gnu++20 -DHAVE_CONFIG_H -I. -I.. -I/usr/local/include -pthread -DHAVE_PTHREAD=1 -DHAVE_ZLIB=1 -Wall -Wno-sign-compare -g -O2 -fstack-protector-strong -Wformat -Werror=format-security -Wdate-time -D_FORTIFY_SOURCE=2 -g -MT google/protobuf/wire_format.lo -MD -MP -MF google/protobuf/.deps/wire_format.Tpo -c google/protobuf/wire_format.cc  -fPIC -DPIC -o google/protobuf/.libs/wire_format.o
In file included from ./google/protobuf/message.h:120,
                 from ./google/protobuf/wire_format.h:45,
                 from google/protobuf/wire_format.cc:39:
./google/protobuf/arena.h: In static member function 'static T* google::protobuf::Arena::CreateArray(google::protobuf::Arena*, size_t)':
./google/protobuf/arena.h:338:24: warning: 'template<class _Tp> struct std::is_pod' is deprecated: use 'is_standard_layout && is_trivial' instead [-Wdeprecated-declarations]
  338 |     static_assert(std::is_pod<T>::value,
      |                        ^~~~~~
In file included from /usr/include/c++/13/bits/stl_pair.h:60,
                 from /usr/include/c++/13/bits/stl_algobase.h:64,
                 from /usr/include/c++/13/deque:62,
                 from /usr/include/c++/13/stack:62,
                 from google/protobuf/wire_format.cc:35:
/usr/include/c++/13/type_traits:819:5: note: declared here
  819 |     is_pod
      |     ^~~~~~
In file included from ./google/protobuf/wire_format_lite.h:51,
                 from ./google/protobuf/wire_format.h:46:
./google/protobuf/repeated_field.h: At global scope:
./google/protobuf/repeated_field.h:367:20: warning: 'template<class _Tp> struct std::is_pod' is deprecated: use 'is_standard_layout && is_trivial' instead [-Wdeprecated-declarations]
  367 |               std::is_pod<Element>::value>
      |                    ^~~~~~
/usr/include/c++/13/type_traits:819:5: note: declared here
  819 |     is_pod
      |     ^~~~~~
./google/protobuf/repeated_field.h:2494:19: warning: 'template<class _Category, class _Tp, class _Distance, class _Pointer, class _Reference> struct std::iterator' is deprecated [-Wdeprecated-declarations]
 2494 |     : public std::iterator<std::output_iterator_tag, T> {
      |                   ^~~~~~~~
In file included from /usr/include/c++/13/bits/stl_algobase.h:65:
/usr/include/c++/13/bits/stl_iterator_base_types.h:127:34: note: declared here
  127 |     struct _GLIBCXX17_DEPRECATED iterator
      |                                  ^~~~~~~~
./google/protobuf/repeated_field.h:2516:19: warning: 'template<class _Category, class _Tp, class _Distance, class _Pointer, class _Reference> struct std::iterator' is deprecated [-Wdeprecated-declarations]
 2516 |     : public std::iterator<std::output_iterator_tag, T> {
      |                   ^~~~~~~~
/usr/include/c++/13/bits/stl_iterator_base_types.h:127:34: note: declared here
  127 |     struct _GLIBCXX17_DEPRECATED iterator
      |                                  ^~~~~~~~
./google/protobuf/repeated_field.h:2547:19: warning: 'template<class _Category, class _Tp, class _Distance, class _Pointer, class _Reference> struct std::iterator' is deprecated [-Wdeprecated-declarations]
 2547 |     : public std::iterator<std::output_iterator_tag, T> {
      |                   ^~~~~~~~
/usr/include/c++/13/bits/stl_iterator_base_types.h:127:34: note: declared here
  127 |     struct _GLIBCXX17_DEPRECATED iterator
      |                                  ^~~~~~~~
./google/protobuf/repeated_field.h:2571:19: warning: 'template<class _Category, class _Tp, class _Distance, class _Pointer, class _Reference> struct std::iterator' is deprecated [-Wdeprecated-declarations]
 2571 |     : public std::iterator<std::output_iterator_tag, T> {
      |                   ^~~~~~~~
/usr/include/c++/13/bits/stl_iterator_base_types.h:127:34: note: declared here
  127 |     struct _GLIBCXX17_DEPRECATED iterator
      |                                  ^~~~~~~~
In file included from ./google/protobuf/descriptor.pb.h:26,
                 from google/protobuf/wire_format.cc:44:
./google/protobuf/generated_message_table_driven.h:209:20: warning: 'template<class _Tp> struct std::is_pod' is deprecated: use 'is_standard_layout && is_trivial' instead [-Wdeprecated-declarations]
  209 | static_assert(std::is_pod<ParseTableField>::value, "");
      |                    ^~~~~~
/usr/include/c++/13/type_traits:819:5: note: declared here
  819 |     is_pod
      |     ^~~~~~
./google/protobuf/generated_message_table_driven.h:210:20: warning: 'template<class _Tp> struct std::is_pod' is deprecated: use 'is_standard_layout && is_trivial' instead [-Wdeprecated-declarations]
  210 | static_assert(std::is_pod<AuxillaryParseTableField>::value, "");
      |                    ^~~~~~
/usr/include/c++/13/type_traits:819:5: note: declared here
  819 |     is_pod
      |     ^~~~~~
./google/protobuf/generated_message_table_driven.h:211:20: warning: 'template<class _Tp> struct std::is_pod' is deprecated: use 'is_standard_layout && is_trivial' instead [-Wdeprecated-declarations]
  211 | static_assert(std::is_pod<AuxillaryParseTableField::enum_aux>::value, "");
      |                    ^~~~~~
/usr/include/c++/13/type_traits:819:5: note: declared here
  819 |     is_pod
      |     ^~~~~~
./google/protobuf/generated_message_table_driven.h:212:20: warning: 'template<class _Tp> struct std::is_pod' is deprecated: use 'is_standard_layout && is_trivial' instead [-Wdeprecated-declarations]
  212 | static_assert(std::is_pod<AuxillaryParseTableField::message_aux>::value, "");
      |                    ^~~~~~
/usr/include/c++/13/type_traits:819:5: note: declared here
  819 |     is_pod
      |     ^~~~~~
./google/protobuf/generated_message_table_driven.h:213:20: warning: 'template<class _Tp> struct std::is_pod' is deprecated: use 'is_standard_layout && is_trivial' instead [-Wdeprecated-declarations]
  213 | static_assert(std::is_pod<AuxillaryParseTableField::string_aux>::value, "");
      |                    ^~~~~~
/usr/include/c++/13/type_traits:819:5: note: declared here
  819 |     is_pod
      |     ^~~~~~
./google/protobuf/generated_message_table_driven.h:214:20: warning: 'template<class _Tp> struct std::is_pod' is deprecated: use 'is_standard_layout && is_trivial' instead [-Wdeprecated-declarations]
  214 | static_assert(std::is_pod<ParseTable>::value, "");
      |                    ^~~~~~
/usr/include/c++/13/type_traits:819:5: note: declared here
  819 |     is_pod
      |     ^~~~~~
depbase=`echo google/protobuf/wrappers.pb.lo | sed 's|[^/]*$|.deps/&|;s|\.lo$||'`;\
/bin/bash ../libtool  --tag=CXX   --mode=compile g++ -std=gnu++20 -DHAVE_CONFIG_H -I. -I..   -I/usr/local/include -pthread -DHAVE_PTHREAD=1 -DHAVE_ZLIB=1 -Wall -Wno-sign-compare  -g -O2 -fstack-protector-strong -Wformat -Werror=format-security -Wdate-time -D_FORTIFY_SOURCE=2 -g -MT google/protobuf/wrappers.pb.lo -MD -MP -MF $depbase.Tpo -c -o google/protobuf/wrappers.pb.lo google/protobuf/wrappers.pb.cc &&\
mv -f $depbase.Tpo $depbase.Plo
libtool: compile:  g++ -std=gnu++20 -DHAVE_CONFIG_H -I. -I.. -I/usr/local/include -pthread -DHAVE_PTHREAD=1 -DHAVE_ZLIB=1 -Wall -Wno-sign-compare -g -O2 -fstack-protector-strong -Wformat -Werror=format-security -Wdate-time -D_FORTIFY_SOURCE=2 -g -MT google/protobuf/wrappers.pb.lo -MD -MP -MF google/protobuf/.deps/wrappers.pb.Tpo -c google/protobuf/wrappers.pb.cc  -fPIC -DPIC -o google/protobuf/.libs/wrappers.pb.o
In file included from ./google/protobuf/wrappers.pb.h:24,
                 from google/protobuf/wrappers.pb.cc:4:
./google/protobuf/arena.h: In static member function 'static T* google::protobuf::Arena::CreateArray(google::protobuf::Arena*, size_t)':
./google/protobuf/arena.h:338:24: warning: 'template<class _Tp> struct std::is_pod' is deprecated: use 'is_standard_layout && is_trivial' instead [-Wdeprecated-declarations]
  338 |     static_assert(std::is_pod<T>::value,
      |                        ^~~~~~
In file included from /usr/include/c++/13/bits/char_traits.h:50,
                 from /usr/include/c++/13/string:42,
                 from ./google/protobuf/wrappers.pb.h:8:
/usr/include/c++/13/type_traits:819:5: note: declared here
  819 |     is_pod
      |     ^~~~~~
In file included from ./google/protobuf/wire_format_lite.h:51,
                 from ./google/protobuf/generated_message_util.h:53,
                 from ./google/protobuf/metadata_lite.h:37,
                 from ./google/protobuf/parse_context.h:41,
                 from ./google/protobuf/map_type_handler.h:34,
                 from ./google/protobuf/map.h:49,
                 from ./google/protobuf/generated_message_table_driven.h:34,
                 from ./google/protobuf/wrappers.pb.h:26:
./google/protobuf/repeated_field.h: At global scope:
./google/protobuf/repeated_field.h:367:20: warning: 'template<class _Tp> struct std::is_pod' is deprecated: use 'is_standard_layout && is_trivial' instead [-Wdeprecated-declarations]
  367 |               std::is_pod<Element>::value>
      |                    ^~~~~~
/usr/include/c++/13/type_traits:819:5: note: declared here
  819 |     is_pod
      |     ^~~~~~
./google/protobuf/repeated_field.h:2494:19: warning: 'template<class _Category, class _Tp, class _Distance, class _Pointer, class _Reference> struct std::iterator' is deprecated [-Wdeprecated-declarations]
 2494 |     : public std::iterator<std::output_iterator_tag, T> {
      |                   ^~~~~~~~
In file included from /usr/include/c++/13/bits/stl_construct.h:61,
                 from /usr/include/c++/13/bits/char_traits.h:57:
/usr/include/c++/13/bits/stl_iterator_base_types.h:127:34: note: declared here
  127 |     struct _GLIBCXX17_DEPRECATED iterator
      |                                  ^~~~~~~~
./google/protobuf/repeated_field.h:2516:19: warning: 'template<class _Category, class _Tp, class _Distance, class _Pointer, class _Reference> struct std::iterator' is deprecated [-Wdeprecated-declarations]
 2516 |     : public std::iterator<std::output_iterator_tag, T> {
      |                   ^~~~~~~~
/usr/include/c++/13/bits/stl_iterator_base_types.h:127:34: note: declared here
  127 |     struct _GLIBCXX17_DEPRECATED iterator
      |                                  ^~~~~~~~
./google/protobuf/repeated_field.h:2547:19: warning: 'template<class _Category, class _Tp, class _Distance, class _Pointer, class _Reference> struct std::iterator' is deprecated [-Wdeprecated-declarations]
 2547 |     : public std::iterator<std::output_iterator_tag, T> {
      |                   ^~~~~~~~
/usr/include/c++/13/bits/stl_iterator_base_types.h:127:34: note: declared here
  127 |     struct _GLIBCXX17_DEPRECATED iterator
      |                                  ^~~~~~~~
./google/protobuf/repeated_field.h:2571:19: warning: 'template<class _Category, class _Tp, class _Distance, class _Pointer, class _Reference> struct std::iterator' is deprecated [-Wdeprecated-declarations]
 2571 |     : public std::iterator<std::output_iterator_tag, T> {
      |                   ^~~~~~~~
/usr/include/c++/13/bits/stl_iterator_base_types.h:127:34: note: declared here
  127 |     struct _GLIBCXX17_DEPRECATED iterator
      |                                  ^~~~~~~~
./google/protobuf/generated_message_table_driven.h:209:20: warning: 'template<class _Tp> struct std::is_pod' is deprecated: use 'is_standard_layout && is_trivial' instead [-Wdeprecated-declarations]
  209 | static_assert(std::is_pod<ParseTableField>::value, "");
      |                    ^~~~~~
/usr/include/c++/13/type_traits:819:5: note: declared here
  819 |     is_pod
      |     ^~~~~~
./google/protobuf/generated_message_table_driven.h:210:20: warning: 'template<class _Tp> struct std::is_pod' is deprecated: use 'is_standard_layout && is_trivial' instead [-Wdeprecated-declarations]
  210 | static_assert(std::is_pod<AuxillaryParseTableField>::value, "");
      |                    ^~~~~~
/usr/include/c++/13/type_traits:819:5: note: declared here
  819 |     is_pod
      |     ^~~~~~
./google/protobuf/generated_message_table_driven.h:211:20: warning: 'template<class _Tp> struct std::is_pod' is deprecated: use 'is_standard_layout && is_trivial' instead [-Wdeprecated-declarations]
  211 | static_assert(std::is_pod<AuxillaryParseTableField::enum_aux>::value, "");
      |                    ^~~~~~
/usr/include/c++/13/type_traits:819:5: note: declared here
  819 |     is_pod
      |     ^~~~~~
./google/protobuf/generated_message_table_driven.h:212:20: warning: 'template<class _Tp> struct std::is_pod' is deprecated: use 'is_standard_layout && is_trivial' instead [-Wdeprecated-declarations]
  212 | static_assert(std::is_pod<AuxillaryParseTableField::message_aux>::value, "");
      |                    ^~~~~~
/usr/include/c++/13/type_traits:819:5: note: declared here
  819 |     is_pod
      |     ^~~~~~
./google/protobuf/generated_message_table_driven.h:213:20: warning: 'template<class _Tp> struct std::is_pod' is deprecated: use 'is_standard_layout && is_trivial' instead [-Wdeprecated-declarations]
  213 | static_assert(std::is_pod<AuxillaryParseTableField::string_aux>::value, "");
      |                    ^~~~~~
/usr/include/c++/13/type_traits:819:5: note: declared here
  819 |     is_pod
      |     ^~~~~~
./google/protobuf/generated_message_table_driven.h:214:20: warning: 'template<class _Tp> struct std::is_pod' is deprecated: use 'is_standard_layout && is_trivial' instead [-Wdeprecated-declarations]
  214 | static_assert(std::is_pod<ParseTable>::value, "");
      |                    ^~~~~~
/usr/include/c++/13/type_traits:819:5: note: declared here
  819 |     is_pod
      |     ^~~~~~
depbase=`echo google/protobuf/io/gzip_stream.lo | sed 's|[^/]*$|.deps/&|;s|\.lo$||'`;\
/bin/bash ../libtool  --tag=CXX   --mode=compile g++ -std=gnu++20 -DHAVE_CONFIG_H -I. -I..   -I/usr/local/include -pthread -DHAVE_PTHREAD=1 -DHAVE_ZLIB=1 -Wall -Wno-sign-compare  -g -O2 -fstack-protector-strong -Wformat -Werror=format-security -Wdate-time -D_FORTIFY_SOURCE=2 -g -MT google/protobuf/io/gzip_stream.lo -MD -MP -MF $depbase.Tpo -c -o google/protobuf/io/gzip_stream.lo google/protobuf/io/gzip_stream.cc &&\
mv -f $depbase.Tpo $depbase.Plo
libtool: compile:  g++ -std=gnu++20 -DHAVE_CONFIG_H -I. -I.. -I/usr/local/include -pthread -DHAVE_PTHREAD=1 -DHAVE_ZLIB=1 -Wall -Wno-sign-compare -g -O2 -fstack-protector-strong -Wformat -Werror=format-security -Wdate-time -D_FORTIFY_SOURCE=2 -g -MT google/protobuf/io/gzip_stream.lo -MD -MP -MF google/protobuf/io/.deps/gzip_stream.Tpo -c google/protobuf/io/gzip_stream.cc  -fPIC -DPIC -o google/protobuf/io/.libs/gzip_stream.o
depbase=`echo google/protobuf/io/printer.lo | sed 's|[^/]*$|.deps/&|;s|\.lo$||'`;\
/bin/bash ../libtool  --tag=CXX   --mode=compile g++ -std=gnu++20 -DHAVE_CONFIG_H -I. -I..   -I/usr/local/include -pthread -DHAVE_PTHREAD=1 -DHAVE_ZLIB=1 -Wall -Wno-sign-compare  -g -O2 -fstack-protector-strong -Wformat -Werror=format-security -Wdate-time -D_FORTIFY_SOURCE=2 -g -MT google/protobuf/io/printer.lo -MD -MP -MF $depbase.Tpo -c -o google/protobuf/io/printer.lo google/protobuf/io/printer.cc &&\
mv -f $depbase.Tpo $depbase.Plo
libtool: compile:  g++ -std=gnu++20 -DHAVE_CONFIG_H -I. -I.. -I/usr/local/include -pthread -DHAVE_PTHREAD=1 -DHAVE_ZLIB=1 -Wall -Wno-sign-compare -g -O2 -fstack-protector-strong -Wformat -Werror=format-security -Wdate-time -D_FORTIFY_SOURCE=2 -g -MT google/protobuf/io/printer.lo -MD -MP -MF google/protobuf/io/.deps/printer.Tpo -c google/protobuf/io/printer.cc  -fPIC -DPIC -o google/protobuf/io/.libs/printer.o
depbase=`echo google/protobuf/io/tokenizer.lo | sed 's|[^/]*$|.deps/&|;s|\.lo$||'`;\
/bin/bash ../libtool  --tag=CXX   --mode=compile g++ -std=gnu++20 -DHAVE_CONFIG_H -I. -I..   -I/usr/local/include -pthread -DHAVE_PTHREAD=1 -DHAVE_ZLIB=1 -Wall -Wno-sign-compare  -g -O2 -fstack-protector-strong -Wformat -Werror=format-security -Wdate-time -D_FORTIFY_SOURCE=2 -g -MT google/protobuf/io/tokenizer.lo -MD -MP -MF $depbase.Tpo -c -o google/protobuf/io/tokenizer.lo google/protobuf/io/tokenizer.cc &&\
mv -f $depbase.Tpo $depbase.Plo
libtool: compile:  g++ -std=gnu++20 -DHAVE_CONFIG_H -I. -I.. -I/usr/local/include -pthread -DHAVE_PTHREAD=1 -DHAVE_ZLIB=1 -Wall -Wno-sign-compare -g -O2 -fstack-protector-strong -Wformat -Werror=format-security -Wdate-time -D_FORTIFY_SOURCE=2 -g -MT google/protobuf/io/tokenizer.lo -MD -MP -MF google/protobuf/io/.deps/tokenizer.Tpo -c google/protobuf/io/tokenizer.cc  -fPIC -DPIC -o google/protobuf/io/.libs/tokenizer.o
depbase=`echo google/protobuf/io/zero_copy_stream_impl.lo | sed 's|[^/]*$|.deps/&|;s|\.lo$||'`;\
/bin/bash ../libtool  --tag=CXX   --mode=compile g++ -std=gnu++20 -DHAVE_CONFIG_H -I. -I..   -I/usr/local/include -pthread -DHAVE_PTHREAD=1 -DHAVE_ZLIB=1 -Wall -Wno-sign-compare  -g -O2 -fstack-protector-strong -Wformat -Werror=format-security -Wdate-time -D_FORTIFY_SOURCE=2 -g -MT google/protobuf/io/zero_copy_stream_impl.lo -MD -MP -MF $depbase.Tpo -c -o google/protobuf/io/zero_copy_stream_impl.lo google/protobuf/io/zero_copy_stream_impl.cc &&\
mv -f $depbase.Tpo $depbase.Plo
libtool: compile:  g++ -std=gnu++20 -DHAVE_CONFIG_H -I. -I.. -I/usr/local/include -pthread -DHAVE_PTHREAD=1 -DHAVE_ZLIB=1 -Wall -Wno-sign-compare -g -O2 -fstack-protector-strong -Wformat -Werror=format-security -Wdate-time -D_FORTIFY_SOURCE=2 -g -MT google/protobuf/io/zero_copy_stream_impl.lo -MD -MP -MF google/protobuf/io/.deps/zero_copy_stream_impl.Tpo -c google/protobuf/io/zero_copy_stream_impl.cc  -fPIC -DPIC -o google/protobuf/io/.libs/zero_copy_stream_impl.o
depbase=`echo google/protobuf/compiler/importer.lo | sed 's|[^/]*$|.deps/&|;s|\.lo$||'`;\
/bin/bash ../libtool  --tag=CXX   --mode=compile g++ -std=gnu++20 -DHAVE_CONFIG_H -I. -I..   -I/usr/local/include -pthread -DHAVE_PTHREAD=1 -DHAVE_ZLIB=1 -Wall -Wno-sign-compare  -g -O2 -fstack-protector-strong -Wformat -Werror=format-security -Wdate-time -D_FORTIFY_SOURCE=2 -g -MT google/protobuf/compiler/importer.lo -MD -MP -MF $depbase.Tpo -c -o google/protobuf/compiler/importer.lo google/protobuf/compiler/importer.cc &&\
mv -f $depbase.Tpo $depbase.Plo
libtool: compile:  g++ -std=gnu++20 -DHAVE_CONFIG_H -I. -I.. -I/usr/local/include -pthread -DHAVE_PTHREAD=1 -DHAVE_ZLIB=1 -Wall -Wno-sign-compare -g -O2 -fstack-protector-strong -Wformat -Werror=format-security -Wdate-time -D_FORTIFY_SOURCE=2 -g -MT google/protobuf/compiler/importer.lo -MD -MP -MF google/protobuf/compiler/.deps/importer.Tpo -c google/protobuf/compiler/importer.cc  -fPIC -DPIC -o google/protobuf/compiler/.libs/importer.o
In file included from ./google/protobuf/descriptor.pb.h:24,
                 from ./google/protobuf/compiler/parser.h:43,
                 from ./google/protobuf/compiler/importer.h:44,
                 from google/protobuf/compiler/importer.cc:48:
./google/protobuf/arena.h: In static member function 'static T* google::protobuf::Arena::CreateArray(google::protobuf::Arena*, size_t)':
./google/protobuf/arena.h:338:24: warning: 'template<class _Tp> struct std::is_pod' is deprecated: use 'is_standard_layout && is_trivial' instead [-Wdeprecated-declarations]
  338 |     static_assert(std::is_pod<T>::value,
      |                        ^~~~~~
In file included from /usr/include/c++/13/bits/stl_pair.h:60,
                 from /usr/include/c++/13/bits/stl_algobase.h:64,
                 from /usr/include/c++/13/algorithm:60,
                 from google/protobuf/compiler/importer.cc:45:
/usr/include/c++/13/type_traits:819:5: note: declared here
  819 |     is_pod
      |     ^~~~~~
In file included from ./google/protobuf/wire_format_lite.h:51,
                 from ./google/protobuf/generated_message_util.h:53,
                 from ./google/protobuf/metadata_lite.h:37,
                 from ./google/protobuf/parse_context.h:41,
                 from ./google/protobuf/map_type_handler.h:34,
                 from ./google/protobuf/map.h:49,
                 from ./google/protobuf/generated_message_table_driven.h:34,
                 from ./google/protobuf/descriptor.pb.h:26:
./google/protobuf/repeated_field.h: At global scope:
./google/protobuf/repeated_field.h:367:20: warning: 'template<class _Tp> struct std::is_pod' is deprecated: use 'is_standard_layout && is_trivial' instead [-Wdeprecated-declarations]
  367 |               std::is_pod<Element>::value>
      |                    ^~~~~~
/usr/include/c++/13/type_traits:819:5: note: declared here
  819 |     is_pod
      |     ^~~~~~
./google/protobuf/repeated_field.h:2494:19: warning: 'template<class _Category, class _Tp, class _Distance, class _Pointer, class _Reference> struct std::iterator' is deprecated [-Wdeprecated-declarations]
 2494 |     : public std::iterator<std::output_iterator_tag, T> {
      |                   ^~~~~~~~
In file included from /usr/include/c++/13/bits/stl_algobase.h:65:
/usr/include/c++/13/bits/stl_iterator_base_types.h:127:34: note: declared here
  127 |     struct _GLIBCXX17_DEPRECATED iterator
      |                                  ^~~~~~~~
./google/protobuf/repeated_field.h:2516:19: warning: 'template<class _Category, class _Tp, class _Distance, class _Pointer, class _Reference> struct std::iterator' is deprecated [-Wdeprecated-declarations]
 2516 |     : public std::iterator<std::output_iterator_tag, T> {
      |                   ^~~~~~~~
/usr/include/c++/13/bits/stl_iterator_base_types.h:127:34: note: declared here
  127 |     struct _GLIBCXX17_DEPRECATED iterator
      |                                  ^~~~~~~~
./google/protobuf/repeated_field.h:2547:19: warning: 'template<class _Category, class _Tp, class _Distance, class _Pointer, class _Reference> struct std::iterator' is deprecated [-Wdeprecated-declarations]
 2547 |     : public std::iterator<std::output_iterator_tag, T> {
      |                   ^~~~~~~~
/usr/include/c++/13/bits/stl_iterator_base_types.h:127:34: note: declared here
  127 |     struct _GLIBCXX17_DEPRECATED iterator
      |                                  ^~~~~~~~
./google/protobuf/repeated_field.h:2571:19: warning: 'template<class _Category, class _Tp, class _Distance, class _Pointer, class _Reference> struct std::iterator' is deprecated [-Wdeprecated-declarations]
 2571 |     : public std::iterator<std::output_iterator_tag, T> {
      |                   ^~~~~~~~
/usr/include/c++/13/bits/stl_iterator_base_types.h:127:34: note: declared here
  127 |     struct _GLIBCXX17_DEPRECATED iterator
      |                                  ^~~~~~~~
./google/protobuf/generated_message_table_driven.h:209:20: warning: 'template<class _Tp> struct std::is_pod' is deprecated: use 'is_standard_layout && is_trivial' instead [-Wdeprecated-declarations]
  209 | static_assert(std::is_pod<ParseTableField>::value, "");
      |                    ^~~~~~
/usr/include/c++/13/type_traits:819:5: note: declared here
  819 |     is_pod
      |     ^~~~~~
./google/protobuf/generated_message_table_driven.h:210:20: warning: 'template<class _Tp> struct std::is_pod' is deprecated: use 'is_standard_layout && is_trivial' instead [-Wdeprecated-declarations]
  210 | static_assert(std::is_pod<AuxillaryParseTableField>::value, "");
      |                    ^~~~~~
/usr/include/c++/13/type_traits:819:5: note: declared here
  819 |     is_pod
      |     ^~~~~~
./google/protobuf/generated_message_table_driven.h:211:20: warning: 'template<class _Tp> struct std::is_pod' is deprecated: use 'is_standard_layout && is_trivial' instead [-Wdeprecated-declarations]
  211 | static_assert(std::is_pod<AuxillaryParseTableField::enum_aux>::value, "");
      |                    ^~~~~~
/usr/include/c++/13/type_traits:819:5: note: declared here
  819 |     is_pod
      |     ^~~~~~
./google/protobuf/generated_message_table_driven.h:212:20: warning: 'template<class _Tp> struct std::is_pod' is deprecated: use 'is_standard_layout && is_trivial' instead [-Wdeprecated-declarations]
  212 | static_assert(std::is_pod<AuxillaryParseTableField::message_aux>::value, "");
      |                    ^~~~~~
/usr/include/c++/13/type_traits:819:5: note: declared here
  819 |     is_pod
      |     ^~~~~~
./google/protobuf/generated_message_table_driven.h:213:20: warning: 'template<class _Tp> struct std::is_pod' is deprecated: use 'is_standard_layout && is_trivial' instead [-Wdeprecated-declarations]
  213 | static_assert(std::is_pod<AuxillaryParseTableField::string_aux>::value, "");
      |                    ^~~~~~
/usr/include/c++/13/type_traits:819:5: note: declared here
  819 |     is_pod
      |     ^~~~~~
./google/protobuf/generated_message_table_driven.h:214:20: warning: 'template<class _Tp> struct std::is_pod' is deprecated: use 'is_standard_layout && is_trivial' instead [-Wdeprecated-declarations]
  214 | static_assert(std::is_pod<ParseTable>::value, "");
      |                    ^~~~~~
/usr/include/c++/13/type_traits:819:5: note: declared here
  819 |     is_pod
      |     ^~~~~~
depbase=`echo google/protobuf/compiler/parser.lo | sed 's|[^/]*$|.deps/&|;s|\.lo$||'`;\
/bin/bash ../libtool  --tag=CXX   --mode=compile g++ -std=gnu++20 -DHAVE_CONFIG_H -I. -I..   -I/usr/local/include -pthread -DHAVE_PTHREAD=1 -DHAVE_ZLIB=1 -Wall -Wno-sign-compare  -g -O2 -fstack-protector-strong -Wformat -Werror=format-security -Wdate-time -D_FORTIFY_SOURCE=2 -g -MT google/protobuf/compiler/parser.lo -MD -MP -MF $depbase.Tpo -c -o google/protobuf/compiler/parser.lo google/protobuf/compiler/parser.cc &&\
mv -f $depbase.Tpo $depbase.Plo
libtool: compile:  g++ -std=gnu++20 -DHAVE_CONFIG_H -I. -I.. -I/usr/local/include -pthread -DHAVE_PTHREAD=1 -DHAVE_ZLIB=1 -Wall -Wno-sign-compare -g -O2 -fstack-protector-strong -Wformat -Werror=format-security -Wdate-time -D_FORTIFY_SOURCE=2 -g -MT google/protobuf/compiler/parser.lo -MD -MP -MF google/protobuf/compiler/.deps/parser.Tpo -c google/protobuf/compiler/parser.cc  -fPIC -DPIC -o google/protobuf/compiler/.libs/parser.o
In file included from ./google/protobuf/descriptor.pb.h:24,
                 from ./google/protobuf/compiler/parser.h:43,
                 from google/protobuf/compiler/parser.cc:47:
./google/protobuf/arena.h: In static member function 'static T* google::protobuf::Arena::CreateArray(google::protobuf::Arena*, size_t)':
./google/protobuf/arena.h:338:24: warning: 'template<class _Tp> struct std::is_pod' is deprecated: use 'is_standard_layout && is_trivial' instead [-Wdeprecated-declarations]
  338 |     static_assert(std::is_pod<T>::value,
      |                        ^~~~~~
In file included from /usr/include/c++/13/bits/stl_pair.h:60,
                 from /usr/include/c++/13/tuple:38,
                 from /usr/include/c++/13/bits/hashtable_policy.h:34,
                 from /usr/include/c++/13/bits/hashtable.h:35,
                 from /usr/include/c++/13/bits/unordered_map.h:33,
                 from /usr/include/c++/13/unordered_map:41,
                 from google/protobuf/compiler/parser.cc:39:
/usr/include/c++/13/type_traits:819:5: note: declared here
  819 |     is_pod
      |     ^~~~~~
In file included from ./google/protobuf/wire_format_lite.h:51,
                 from ./google/protobuf/generated_message_util.h:53,
                 from ./google/protobuf/metadata_lite.h:37,
                 from ./google/protobuf/parse_context.h:41,
                 from ./google/protobuf/map_type_handler.h:34,
                 from ./google/protobuf/map.h:49,
                 from ./google/protobuf/generated_message_table_driven.h:34,
                 from ./google/protobuf/descriptor.pb.h:26:
./google/protobuf/repeated_field.h: At global scope:
./google/protobuf/repeated_field.h:367:20: warning: 'template<class _Tp> struct std::is_pod' is deprecated: use 'is_standard_layout && is_trivial' instead [-Wdeprecated-declarations]
  367 |               std::is_pod<Element>::value>
      |                    ^~~~~~
/usr/include/c++/13/type_traits:819:5: note: declared here
  819 |     is_pod
      |     ^~~~~~
./google/protobuf/repeated_field.h:2494:19: warning: 'template<class _Category, class _Tp, class _Distance, class _Pointer, class _Reference> struct std::iterator' is deprecated [-Wdeprecated-declarations]
 2494 |     : public std::iterator<std::output_iterator_tag, T> {
      |                   ^~~~~~~~
In file included from /usr/include/c++/13/bits/stl_iterator.h:64,
                 from /usr/include/c++/13/bits/ranges_base.h:37,
                 from /usr/include/c++/13/bits/ranges_util.h:34,
                 from /usr/include/c++/13/tuple:44:
/usr/include/c++/13/bits/stl_iterator_base_types.h:127:34: note: declared here
  127 |     struct _GLIBCXX17_DEPRECATED iterator
      |                                  ^~~~~~~~
./google/protobuf/repeated_field.h:2516:19: warning: 'template<class _Category, class _Tp, class _Distance, class _Pointer, class _Reference> struct std::iterator' is deprecated [-Wdeprecated-declarations]
 2516 |     : public std::iterator<std::output_iterator_tag, T> {
      |                   ^~~~~~~~
/usr/include/c++/13/bits/stl_iterator_base_types.h:127:34: note: declared here
  127 |     struct _GLIBCXX17_DEPRECATED iterator
      |                                  ^~~~~~~~
./google/protobuf/repeated_field.h:2547:19: warning: 'template<class _Category, class _Tp, class _Distance, class _Pointer, class _Reference> struct std::iterator' is deprecated [-Wdeprecated-declarations]
 2547 |     : public std::iterator<std::output_iterator_tag, T> {
      |                   ^~~~~~~~
/usr/include/c++/13/bits/stl_iterator_base_types.h:127:34: note: declared here
  127 |     struct _GLIBCXX17_DEPRECATED iterator
      |                                  ^~~~~~~~
./google/protobuf/repeated_field.h:2571:19: warning: 'template<class _Category, class _Tp, class _Distance, class _Pointer, class _Reference> struct std::iterator' is deprecated [-Wdeprecated-declarations]
 2571 |     : public std::iterator<std::output_iterator_tag, T> {
      |                   ^~~~~~~~
/usr/include/c++/13/bits/stl_iterator_base_types.h:127:34: note: declared here
  127 |     struct _GLIBCXX17_DEPRECATED iterator
      |                                  ^~~~~~~~
./google/protobuf/generated_message_table_driven.h:209:20: warning: 'template<class _Tp> struct std::is_pod' is deprecated: use 'is_standard_layout && is_trivial' instead [-Wdeprecated-declarations]
  209 | static_assert(std::is_pod<ParseTableField>::value, "");
      |                    ^~~~~~
/usr/include/c++/13/type_traits:819:5: note: declared here
  819 |     is_pod
      |     ^~~~~~
./google/protobuf/generated_message_table_driven.h:210:20: warning: 'template<class _Tp> struct std::is_pod' is deprecated: use 'is_standard_layout && is_trivial' instead [-Wdeprecated-declarations]
  210 | static_assert(std::is_pod<AuxillaryParseTableField>::value, "");
      |                    ^~~~~~
/usr/include/c++/13/type_traits:819:5: note: declared here
  819 |     is_pod
      |     ^~~~~~
./google/protobuf/generated_message_table_driven.h:211:20: warning: 'template<class _Tp> struct std::is_pod' is deprecated: use 'is_standard_layout && is_trivial' instead [-Wdeprecated-declarations]
  211 | static_assert(std::is_pod<AuxillaryParseTableField::enum_aux>::value, "");
      |                    ^~~~~~
/usr/include/c++/13/type_traits:819:5: note: declared here
  819 |     is_pod
      |     ^~~~~~
./google/protobuf/generated_message_table_driven.h:212:20: warning: 'template<class _Tp> struct std::is_pod' is deprecated: use 'is_standard_layout && is_trivial' instead [-Wdeprecated-declarations]
  212 | static_assert(std::is_pod<AuxillaryParseTableField::message_aux>::value, "");
      |                    ^~~~~~
/usr/include/c++/13/type_traits:819:5: note: declared here
  819 |     is_pod
      |     ^~~~~~
./google/protobuf/generated_message_table_driven.h:213:20: warning: 'template<class _Tp> struct std::is_pod' is deprecated: use 'is_standard_layout && is_trivial' instead [-Wdeprecated-declarations]
  213 | static_assert(std::is_pod<AuxillaryParseTableField::string_aux>::value, "");
      |                    ^~~~~~
/usr/include/c++/13/type_traits:819:5: note: declared here
  819 |     is_pod
      |     ^~~~~~
./google/protobuf/generated_message_table_driven.h:214:20: warning: 'template<class _Tp> struct std::is_pod' is deprecated: use 'is_standard_layout && is_trivial' instead [-Wdeprecated-declarations]
  214 | static_assert(std::is_pod<ParseTable>::value, "");
      |                    ^~~~~~
/usr/include/c++/13/type_traits:819:5: note: declared here
  819 |     is_pod
      |     ^~~~~~
depbase=`echo google/protobuf/util/delimited_message_util.lo | sed 's|[^/]*$|.deps/&|;s|\.lo$||'`;\
/bin/bash ../libtool  --tag=CXX   --mode=compile g++ -std=gnu++20 -DHAVE_CONFIG_H -I. -I..   -I/usr/local/include -pthread -DHAVE_PTHREAD=1 -DHAVE_ZLIB=1 -Wall -Wno-sign-compare  -g -O2 -fstack-protector-strong -Wformat -Werror=format-security -Wdate-time -D_FORTIFY_SOURCE=2 -g -MT google/protobuf/util/delimited_message_util.lo -MD -MP -MF $depbase.Tpo -c -o google/protobuf/util/delimited_message_util.lo google/protobuf/util/delimited_message_util.cc &&\
mv -f $depbase.Tpo $depbase.Plo
libtool: compile:  g++ -std=gnu++20 -DHAVE_CONFIG_H -I. -I.. -I/usr/local/include -pthread -DHAVE_PTHREAD=1 -DHAVE_ZLIB=1 -Wall -Wno-sign-compare -g -O2 -fstack-protector-strong -Wformat -Werror=format-security -Wdate-time -D_FORTIFY_SOURCE=2 -g -MT google/protobuf/util/delimited_message_util.lo -MD -MP -MF google/protobuf/util/.deps/delimited_message_util.Tpo -c google/protobuf/util/delimited_message_util.cc  -fPIC -DPIC -o google/protobuf/util/.libs/delimited_message_util.o
In file included from ./google/protobuf/message_lite.h:47,
                 from ./google/protobuf/util/delimited_message_util.h:39,
                 from google/protobuf/util/delimited_message_util.cc:34:
./google/protobuf/arena.h: In static member function 'static T* google::protobuf::Arena::CreateArray(google::protobuf::Arena*, size_t)':
./google/protobuf/arena.h:338:24: warning: 'template<class _Tp> struct std::is_pod' is deprecated: use 'is_standard_layout && is_trivial' instead [-Wdeprecated-declarations]
  338 |     static_assert(std::is_pod<T>::value,
      |                        ^~~~~~
In file included from /usr/include/c++/13/bits/move.h:37,
                 from /usr/include/c++/13/bits/exception_ptr.h:41,
                 from /usr/include/c++/13/exception:164,
                 from /usr/include/c++/13/ios:41,
                 from /usr/include/c++/13/ostream:40,
                 from ./google/protobuf/util/delimited_message_util.h:37:
/usr/include/c++/13/type_traits:819:5: note: declared here
  819 |     is_pod
      |     ^~~~~~
depbase=`echo google/protobuf/util/field_comparator.lo | sed 's|[^/]*$|.deps/&|;s|\.lo$||'`;\
/bin/bash ../libtool  --tag=CXX   --mode=compile g++ -std=gnu++20 -DHAVE_CONFIG_H -I. -I..   -I/usr/local/include -pthread -DHAVE_PTHREAD=1 -DHAVE_ZLIB=1 -Wall -Wno-sign-compare  -g -O2 -fstack-protector-strong -Wformat -Werror=format-security -Wdate-time -D_FORTIFY_SOURCE=2 -g -MT google/protobuf/util/field_comparator.lo -MD -MP -MF $depbase.Tpo -c -o google/protobuf/util/field_comparator.lo google/protobuf/util/field_comparator.cc &&\
mv -f $depbase.Tpo $depbase.Plo
libtool: compile:  g++ -std=gnu++20 -DHAVE_CONFIG_H -I. -I.. -I/usr/local/include -pthread -DHAVE_PTHREAD=1 -DHAVE_ZLIB=1 -Wall -Wno-sign-compare -g -O2 -fstack-protector-strong -Wformat -Werror=format-security -Wdate-time -D_FORTIFY_SOURCE=2 -g -MT google/protobuf/util/field_comparator.lo -MD -MP -MF google/protobuf/util/.deps/field_comparator.Tpo -c google/protobuf/util/field_comparator.cc  -fPIC -DPIC -o google/protobuf/util/.libs/field_comparator.o
In file included from ./google/protobuf/message.h:120,
                 from google/protobuf/util/field_comparator.cc:38:
./google/protobuf/arena.h: In static member function 'static T* google::protobuf::Arena::CreateArray(google::protobuf::Arena*, size_t)':
./google/protobuf/arena.h:338:24: warning: 'template<class _Tp> struct std::is_pod' is deprecated: use 'is_standard_layout && is_trivial' instead [-Wdeprecated-declarations]
  338 |     static_assert(std::is_pod<T>::value,
      |                        ^~~~~~
In file included from /usr/include/c++/13/bits/stl_pair.h:60,
                 from /usr/include/c++/13/bits/stl_algobase.h:64,
                 from /usr/include/c++/13/bits/stl_tree.h:63,
                 from /usr/include/c++/13/map:62,
                 from ./google/protobuf/util/field_comparator.h:36,
                 from google/protobuf/util/field_comparator.cc:33:
/usr/include/c++/13/type_traits:819:5: note: declared here
  819 |     is_pod
      |     ^~~~~~
In file included from ./google/protobuf/wire_format_lite.h:51,
                 from ./google/protobuf/generated_message_util.h:53,
                 from ./google/protobuf/metadata_lite.h:37,
                 from ./google/protobuf/parse_context.h:41,
                 from ./google/protobuf/unknown_field_set.h:46,
                 from ./google/protobuf/util/message_differencer.h:53,
                 from google/protobuf/util/field_comparator.cc:39:
./google/protobuf/repeated_field.h: At global scope:
./google/protobuf/repeated_field.h:367:20: warning: 'template<class _Tp> struct std::is_pod' is deprecated: use 'is_standard_layout && is_trivial' instead [-Wdeprecated-declarations]
  367 |               std::is_pod<Element>::value>
      |                    ^~~~~~
/usr/include/c++/13/type_traits:819:5: note: declared here
  819 |     is_pod
      |     ^~~~~~
./google/protobuf/repeated_field.h:2494:19: warning: 'template<class _Category, class _Tp, class _Distance, class _Pointer, class _Reference> struct std::iterator' is deprecated [-Wdeprecated-declarations]
 2494 |     : public std::iterator<std::output_iterator_tag, T> {
      |                   ^~~~~~~~
In file included from /usr/include/c++/13/bits/stl_algobase.h:65:
/usr/include/c++/13/bits/stl_iterator_base_types.h:127:34: note: declared here
  127 |     struct _GLIBCXX17_DEPRECATED iterator
      |                                  ^~~~~~~~
./google/protobuf/repeated_field.h:2516:19: warning: 'template<class _Category, class _Tp, class _Distance, class _Pointer, class _Reference> struct std::iterator' is deprecated [-Wdeprecated-declarations]
 2516 |     : public std::iterator<std::output_iterator_tag, T> {
      |                   ^~~~~~~~
/usr/include/c++/13/bits/stl_iterator_base_types.h:127:34: note: declared here
  127 |     struct _GLIBCXX17_DEPRECATED iterator
      |                                  ^~~~~~~~
./google/protobuf/repeated_field.h:2547:19: warning: 'template<class _Category, class _Tp, class _Distance, class _Pointer, class _Reference> struct std::iterator' is deprecated [-Wdeprecated-declarations]
 2547 |     : public std::iterator<std::output_iterator_tag, T> {
      |                   ^~~~~~~~
/usr/include/c++/13/bits/stl_iterator_base_types.h:127:34: note: declared here
  127 |     struct _GLIBCXX17_DEPRECATED iterator
      |                                  ^~~~~~~~
./google/protobuf/repeated_field.h:2571:19: warning: 'template<class _Category, class _Tp, class _Distance, class _Pointer, class _Reference> struct std::iterator' is deprecated [-Wdeprecated-declarations]
 2571 |     : public std::iterator<std::output_iterator_tag, T> {
      |                   ^~~~~~~~
/usr/include/c++/13/bits/stl_iterator_base_types.h:127:34: note: declared here
  127 |     struct _GLIBCXX17_DEPRECATED iterator
      |                                  ^~~~~~~~
depbase=`echo google/protobuf/util/field_mask_util.lo | sed 's|[^/]*$|.deps/&|;s|\.lo$||'`;\
/bin/bash ../libtool  --tag=CXX   --mode=compile g++ -std=gnu++20 -DHAVE_CONFIG_H -I. -I..   -I/usr/local/include -pthread -DHAVE_PTHREAD=1 -DHAVE_ZLIB=1 -Wall -Wno-sign-compare  -g -O2 -fstack-protector-strong -Wformat -Werror=format-security -Wdate-time -D_FORTIFY_SOURCE=2 -g -MT google/protobuf/util/field_mask_util.lo -MD -MP -MF $depbase.Tpo -c -o google/protobuf/util/field_mask_util.lo google/protobuf/util/field_mask_util.cc &&\
mv -f $depbase.Tpo $depbase.Plo
libtool: compile:  g++ -std=gnu++20 -DHAVE_CONFIG_H -I. -I.. -I/usr/local/include -pthread -DHAVE_PTHREAD=1 -DHAVE_ZLIB=1 -Wall -Wno-sign-compare -g -O2 -fstack-protector-strong -Wformat -Werror=format-security -Wdate-time -D_FORTIFY_SOURCE=2 -g -MT google/protobuf/util/field_mask_util.lo -MD -MP -MF google/protobuf/util/.deps/field_mask_util.Tpo -c google/protobuf/util/field_mask_util.cc  -fPIC -DPIC -o google/protobuf/util/.libs/field_mask_util.o
In file included from ./google/protobuf/field_mask.pb.h:24,
                 from ./google/protobuf/util/field_mask_util.h:38,
                 from google/protobuf/util/field_mask_util.cc:31:
./google/protobuf/arena.h: In static member function 'static T* google::protobuf::Arena::CreateArray(google::protobuf::Arena*, size_t)':
./google/protobuf/arena.h:338:24: warning: 'template<class _Tp> struct std::is_pod' is deprecated: use 'is_standard_layout && is_trivial' instead [-Wdeprecated-declarations]
  338 |     static_assert(std::is_pod<T>::value,
      |                        ^~~~~~
In file included from /usr/include/c++/13/bits/char_traits.h:50,
                 from /usr/include/c++/13/string:42,
                 from ./google/protobuf/util/field_mask_util.h:36:
/usr/include/c++/13/type_traits:819:5: note: declared here
  819 |     is_pod
      |     ^~~~~~
In file included from ./google/protobuf/wire_format_lite.h:51,
                 from ./google/protobuf/generated_message_util.h:53,
                 from ./google/protobuf/metadata_lite.h:37,
                 from ./google/protobuf/parse_context.h:41,
                 from ./google/protobuf/map_type_handler.h:34,
                 from ./google/protobuf/map.h:49,
                 from ./google/protobuf/generated_message_table_driven.h:34,
                 from ./google/protobuf/field_mask.pb.h:26:
./google/protobuf/repeated_field.h: At global scope:
./google/protobuf/repeated_field.h:367:20: warning: 'template<class _Tp> struct std::is_pod' is deprecated: use 'is_standard_layout && is_trivial' instead [-Wdeprecated-declarations]
  367 |               std::is_pod<Element>::value>
      |                    ^~~~~~
/usr/include/c++/13/type_traits:819:5: note: declared here
  819 |     is_pod
      |     ^~~~~~
./google/protobuf/repeated_field.h:2494:19: warning: 'template<class _Category, class _Tp, class _Distance, class _Pointer, class _Reference> struct std::iterator' is deprecated [-Wdeprecated-declarations]
 2494 |     : public std::iterator<std::output_iterator_tag, T> {
      |                   ^~~~~~~~
In file included from /usr/include/c++/13/bits/stl_construct.h:61,
                 from /usr/include/c++/13/bits/char_traits.h:57:
/usr/include/c++/13/bits/stl_iterator_base_types.h:127:34: note: declared here
  127 |     struct _GLIBCXX17_DEPRECATED iterator
      |                                  ^~~~~~~~
./google/protobuf/repeated_field.h:2516:19: warning: 'template<class _Category, class _Tp, class _Distance, class _Pointer, class _Reference> struct std::iterator' is deprecated [-Wdeprecated-declarations]
 2516 |     : public std::iterator<std::output_iterator_tag, T> {
      |                   ^~~~~~~~
/usr/include/c++/13/bits/stl_iterator_base_types.h:127:34: note: declared here
  127 |     struct _GLIBCXX17_DEPRECATED iterator
      |                                  ^~~~~~~~
./google/protobuf/repeated_field.h:2547:19: warning: 'template<class _Category, class _Tp, class _Distance, class _Pointer, class _Reference> struct std::iterator' is deprecated [-Wdeprecated-declarations]
 2547 |     : public std::iterator<std::output_iterator_tag, T> {
      |                   ^~~~~~~~
/usr/include/c++/13/bits/stl_iterator_base_types.h:127:34: note: declared here
  127 |     struct _GLIBCXX17_DEPRECATED iterator
      |                                  ^~~~~~~~
./google/protobuf/repeated_field.h:2571:19: warning: 'template<class _Category, class _Tp, class _Distance, class _Pointer, class _Reference> struct std::iterator' is deprecated [-Wdeprecated-declarations]
 2571 |     : public std::iterator<std::output_iterator_tag, T> {
      |                   ^~~~~~~~
/usr/include/c++/13/bits/stl_iterator_base_types.h:127:34: note: declared here
  127 |     struct _GLIBCXX17_DEPRECATED iterator
      |                                  ^~~~~~~~
./google/protobuf/generated_message_table_driven.h:209:20: warning: 'template<class _Tp> struct std::is_pod' is deprecated: use 'is_standard_layout && is_trivial' instead [-Wdeprecated-declarations]
  209 | static_assert(std::is_pod<ParseTableField>::value, "");
      |                    ^~~~~~
/usr/include/c++/13/type_traits:819:5: note: declared here
  819 |     is_pod
      |     ^~~~~~
./google/protobuf/generated_message_table_driven.h:210:20: warning: 'template<class _Tp> struct std::is_pod' is deprecated: use 'is_standard_layout && is_trivial' instead [-Wdeprecated-declarations]
  210 | static_assert(std::is_pod<AuxillaryParseTableField>::value, "");
      |                    ^~~~~~
/usr/include/c++/13/type_traits:819:5: note: declared here
  819 |     is_pod
      |     ^~~~~~
./google/protobuf/generated_message_table_driven.h:211:20: warning: 'template<class _Tp> struct std::is_pod' is deprecated: use 'is_standard_layout && is_trivial' instead [-Wdeprecated-declarations]
  211 | static_assert(std::is_pod<AuxillaryParseTableField::enum_aux>::value, "");
      |                    ^~~~~~
/usr/include/c++/13/type_traits:819:5: note: declared here
  819 |     is_pod
      |     ^~~~~~
./google/protobuf/generated_message_table_driven.h:212:20: warning: 'template<class _Tp> struct std::is_pod' is deprecated: use 'is_standard_layout && is_trivial' instead [-Wdeprecated-declarations]
  212 | static_assert(std::is_pod<AuxillaryParseTableField::message_aux>::value, "");
      |                    ^~~~~~
/usr/include/c++/13/type_traits:819:5: note: declared here
  819 |     is_pod
      |     ^~~~~~
./google/protobuf/generated_message_table_driven.h:213:20: warning: 'template<class _Tp> struct std::is_pod' is deprecated: use 'is_standard_layout && is_trivial' instead [-Wdeprecated-declarations]
  213 | static_assert(std::is_pod<AuxillaryParseTableField::string_aux>::value, "");
      |                    ^~~~~~
/usr/include/c++/13/type_traits:819:5: note: declared here
  819 |     is_pod
      |     ^~~~~~
./google/protobuf/generated_message_table_driven.h:214:20: warning: 'template<class _Tp> struct std::is_pod' is deprecated: use 'is_standard_layout && is_trivial' instead [-Wdeprecated-declarations]
  214 | static_assert(std::is_pod<ParseTable>::value, "");
      |                    ^~~~~~
/usr/include/c++/13/type_traits:819:5: note: declared here
  819 |     is_pod
      |     ^~~~~~
depbase=`echo google/protobuf/util/internal/datapiece.lo | sed 's|[^/]*$|.deps/&|;s|\.lo$||'`;\
/bin/bash ../libtool  --tag=CXX   --mode=compile g++ -std=gnu++20 -DHAVE_CONFIG_H -I. -I..   -I/usr/local/include -pthread -DHAVE_PTHREAD=1 -DHAVE_ZLIB=1 -Wall -Wno-sign-compare  -g -O2 -fstack-protector-strong -Wformat -Werror=format-security -Wdate-time -D_FORTIFY_SOURCE=2 -g -MT google/protobuf/util/internal/datapiece.lo -MD -MP -MF $depbase.Tpo -c -o google/protobuf/util/internal/datapiece.lo google/protobuf/util/internal/datapiece.cc &&\
mv -f $depbase.Tpo $depbase.Plo
libtool: compile:  g++ -std=gnu++20 -DHAVE_CONFIG_H -I. -I.. -I/usr/local/include -pthread -DHAVE_PTHREAD=1 -DHAVE_ZLIB=1 -Wall -Wno-sign-compare -g -O2 -fstack-protector-strong -Wformat -Werror=format-security -Wdate-time -D_FORTIFY_SOURCE=2 -g -MT google/protobuf/util/internal/datapiece.lo -MD -MP -MF google/protobuf/util/internal/.deps/datapiece.Tpo -c google/protobuf/util/internal/datapiece.cc  -fPIC -DPIC -o google/protobuf/util/internal/.libs/datapiece.o
In file included from ./google/protobuf/type.pb.h:24,
                 from ./google/protobuf/util/internal/datapiece.h:38,
                 from google/protobuf/util/internal/datapiece.cc:31:
./google/protobuf/arena.h: In static member function 'static T* google::protobuf::Arena::CreateArray(google::protobuf::Arena*, size_t)':
./google/protobuf/arena.h:338:24: warning: 'template<class _Tp> struct std::is_pod' is deprecated: use 'is_standard_layout && is_trivial' instead [-Wdeprecated-declarations]
  338 |     static_assert(std::is_pod<T>::value,
      |                        ^~~~~~
In file included from /usr/include/c++/13/bits/char_traits.h:50,
                 from /usr/include/c++/13/string:42,
                 from ./google/protobuf/util/internal/datapiece.h:34:
/usr/include/c++/13/type_traits:819:5: note: declared here
  819 |     is_pod
      |     ^~~~~~
In file included from ./google/protobuf/wire_format_lite.h:51,
                 from ./google/protobuf/generated_message_util.h:53,
                 from ./google/protobuf/metadata_lite.h:37,
                 from ./google/protobuf/parse_context.h:41,
                 from ./google/protobuf/map_type_handler.h:34,
                 from ./google/protobuf/map.h:49,
                 from ./google/protobuf/generated_message_table_driven.h:34,
                 from ./google/protobuf/type.pb.h:26:
./google/protobuf/repeated_field.h: At global scope:
./google/protobuf/repeated_field.h:367:20: warning: 'template<class _Tp> struct std::is_pod' is deprecated: use 'is_standard_layout && is_trivial' instead [-Wdeprecated-declarations]
  367 |               std::is_pod<Element>::value>
      |                    ^~~~~~
/usr/include/c++/13/type_traits:819:5: note: declared here
  819 |     is_pod
      |     ^~~~~~
./google/protobuf/repeated_field.h:2494:19: warning: 'template<class _Category, class _Tp, class _Distance, class _Pointer, class _Reference> struct std::iterator' is deprecated [-Wdeprecated-declarations]
 2494 |     : public std::iterator<std::output_iterator_tag, T> {
      |                   ^~~~~~~~
In file included from /usr/include/c++/13/bits/stl_construct.h:61,
                 from /usr/include/c++/13/bits/char_traits.h:57:
/usr/include/c++/13/bits/stl_iterator_base_types.h:127:34: note: declared here
  127 |     struct _GLIBCXX17_DEPRECATED iterator
      |                                  ^~~~~~~~
./google/protobuf/repeated_field.h:2516:19: warning: 'template<class _Category, class _Tp, class _Distance, class _Pointer, class _Reference> struct std::iterator' is deprecated [-Wdeprecated-declarations]
 2516 |     : public std::iterator<std::output_iterator_tag, T> {
      |                   ^~~~~~~~
/usr/include/c++/13/bits/stl_iterator_base_types.h:127:34: note: declared here
  127 |     struct _GLIBCXX17_DEPRECATED iterator
      |                                  ^~~~~~~~
./google/protobuf/repeated_field.h:2547:19: warning: 'template<class _Category, class _Tp, class _Distance, class _Pointer, class _Reference> struct std::iterator' is deprecated [-Wdeprecated-declarations]
 2547 |     : public std::iterator<std::output_iterator_tag, T> {
      |                   ^~~~~~~~
/usr/include/c++/13/bits/stl_iterator_base_types.h:127:34: note: declared here
  127 |     struct _GLIBCXX17_DEPRECATED iterator
      |                                  ^~~~~~~~
./google/protobuf/repeated_field.h:2571:19: warning: 'template<class _Category, class _Tp, class _Distance, class _Pointer, class _Reference> struct std::iterator' is deprecated [-Wdeprecated-declarations]
 2571 |     : public std::iterator<std::output_iterator_tag, T> {
      |                   ^~~~~~~~
/usr/include/c++/13/bits/stl_iterator_base_types.h:127:34: note: declared here
  127 |     struct _GLIBCXX17_DEPRECATED iterator
      |                                  ^~~~~~~~
./google/protobuf/generated_message_table_driven.h:209:20: warning: 'template<class _Tp> struct std::is_pod' is deprecated: use 'is_standard_layout && is_trivial' instead [-Wdeprecated-declarations]
  209 | static_assert(std::is_pod<ParseTableField>::value, "");
      |                    ^~~~~~
/usr/include/c++/13/type_traits:819:5: note: declared here
  819 |     is_pod
      |     ^~~~~~
./google/protobuf/generated_message_table_driven.h:210:20: warning: 'template<class _Tp> struct std::is_pod' is deprecated: use 'is_standard_layout && is_trivial' instead [-Wdeprecated-declarations]
  210 | static_assert(std::is_pod<AuxillaryParseTableField>::value, "");
      |                    ^~~~~~
/usr/include/c++/13/type_traits:819:5: note: declared here
  819 |     is_pod
      |     ^~~~~~
./google/protobuf/generated_message_table_driven.h:211:20: warning: 'template<class _Tp> struct std::is_pod' is deprecated: use 'is_standard_layout && is_trivial' instead [-Wdeprecated-declarations]
  211 | static_assert(std::is_pod<AuxillaryParseTableField::enum_aux>::value, "");
      |                    ^~~~~~
/usr/include/c++/13/type_traits:819:5: note: declared here
  819 |     is_pod
      |     ^~~~~~
./google/protobuf/generated_message_table_driven.h:212:20: warning: 'template<class _Tp> struct std::is_pod' is deprecated: use 'is_standard_layout && is_trivial' instead [-Wdeprecated-declarations]
  212 | static_assert(std::is_pod<AuxillaryParseTableField::message_aux>::value, "");
      |                    ^~~~~~
/usr/include/c++/13/type_traits:819:5: note: declared here
  819 |     is_pod
      |     ^~~~~~
./google/protobuf/generated_message_table_driven.h:213:20: warning: 'template<class _Tp> struct std::is_pod' is deprecated: use 'is_standard_layout && is_trivial' instead [-Wdeprecated-declarations]
  213 | static_assert(std::is_pod<AuxillaryParseTableField::string_aux>::value, "");
      |                    ^~~~~~
/usr/include/c++/13/type_traits:819:5: note: declared here
  819 |     is_pod
      |     ^~~~~~
./google/protobuf/generated_message_table_driven.h:214:20: warning: 'template<class _Tp> struct std::is_pod' is deprecated: use 'is_standard_layout && is_trivial' instead [-Wdeprecated-declarations]
  214 | static_assert(std::is_pod<ParseTable>::value, "");
      |                    ^~~~~~
/usr/include/c++/13/type_traits:819:5: note: declared here
  819 |     is_pod
      |     ^~~~~~
depbase=`echo google/protobuf/util/internal/default_value_objectwriter.lo | sed 's|[^/]*$|.deps/&|;s|\.lo$||'`;\
/bin/bash ../libtool  --tag=CXX   --mode=compile g++ -std=gnu++20 -DHAVE_CONFIG_H -I. -I..   -I/usr/local/include -pthread -DHAVE_PTHREAD=1 -DHAVE_ZLIB=1 -Wall -Wno-sign-compare  -g -O2 -fstack-protector-strong -Wformat -Werror=format-security -Wdate-time -D_FORTIFY_SOURCE=2 -g -MT google/protobuf/util/internal/default_value_objectwriter.lo -MD -MP -MF $depbase.Tpo -c -o google/protobuf/util/internal/default_value_objectwriter.lo google/protobuf/util/internal/default_value_objectwriter.cc &&\
mv -f $depbase.Tpo $depbase.Plo
libtool: compile:  g++ -std=gnu++20 -DHAVE_CONFIG_H -I. -I.. -I/usr/local/include -pthread -DHAVE_PTHREAD=1 -DHAVE_ZLIB=1 -Wall -Wno-sign-compare -g -O2 -fstack-protector-strong -Wformat -Werror=format-security -Wdate-time -D_FORTIFY_SOURCE=2 -g -MT google/protobuf/util/internal/default_value_objectwriter.lo -MD -MP -MF google/protobuf/util/internal/.deps/default_value_objectwriter.Tpo -c google/protobuf/util/internal/default_value_objectwriter.cc  -fPIC -DPIC -o google/protobuf/util/internal/.libs/default_value_objectwriter.o
In file included from ./google/protobuf/type.pb.h:24,
                 from ./google/protobuf/util/internal/type_info.h:35,
                 from ./google/protobuf/util/internal/default_value_objectwriter.h:40,
                 from google/protobuf/util/internal/default_value_objectwriter.cc:31:
./google/protobuf/arena.h: In static member function 'static T* google::protobuf::Arena::CreateArray(google::protobuf::Arena*, size_t)':
./google/protobuf/arena.h:338:24: warning: 'template<class _Tp> struct std::is_pod' is deprecated: use 'is_standard_layout && is_trivial' instead [-Wdeprecated-declarations]
  338 |     static_assert(std::is_pod<T>::value,
      |                        ^~~~~~
In file included from /usr/include/c++/13/bits/move.h:37,
                 from /usr/include/c++/13/bits/new_allocator.h:36,
                 from /usr/include/x86_64-linux-gnu/c++/13/bits/c++allocator.h:33,
                 from /usr/include/c++/13/bits/allocator.h:46,
                 from /usr/include/c++/13/memory:65,
                 from ./google/protobuf/util/internal/default_value_objectwriter.h:34:
/usr/include/c++/13/type_traits:819:5: note: declared here
  819 |     is_pod
      |     ^~~~~~
In file included from ./google/protobuf/wire_format_lite.h:51,
                 from ./google/protobuf/generated_message_util.h:53,
                 from ./google/protobuf/metadata_lite.h:37,
                 from ./google/protobuf/parse_context.h:41,
                 from ./google/protobuf/map_type_handler.h:34,
                 from ./google/protobuf/map.h:49,
                 from ./google/protobuf/generated_message_table_driven.h:34,
                 from ./google/protobuf/type.pb.h:26:
./google/protobuf/repeated_field.h: At global scope:
./google/protobuf/repeated_field.h:367:20: warning: 'template<class _Tp> struct std::is_pod' is deprecated: use 'is_standard_layout && is_trivial' instead [-Wdeprecated-declarations]
  367 |               std::is_pod<Element>::value>
      |                    ^~~~~~
/usr/include/c++/13/type_traits:819:5: note: declared here
  819 |     is_pod
      |     ^~~~~~
./google/protobuf/repeated_field.h:2494:19: warning: 'template<class _Category, class _Tp, class _Distance, class _Pointer, class _Reference> struct std::iterator' is deprecated [-Wdeprecated-declarations]
 2494 |     : public std::iterator<std::output_iterator_tag, T> {
      |                   ^~~~~~~~
In file included from /usr/include/c++/13/bits/stl_construct.h:61,
                 from /usr/include/c++/13/bits/stl_tempbuf.h:61,
                 from /usr/include/c++/13/memory:66:
/usr/include/c++/13/bits/stl_iterator_base_types.h:127:34: note: declared here
  127 |     struct _GLIBCXX17_DEPRECATED iterator
      |                                  ^~~~~~~~
./google/protobuf/repeated_field.h:2516:19: warning: 'template<class _Category, class _Tp, class _Distance, class _Pointer, class _Reference> struct std::iterator' is deprecated [-Wdeprecated-declarations]
 2516 |     : public std::iterator<std::output_iterator_tag, T> {
      |                   ^~~~~~~~
/usr/include/c++/13/bits/stl_iterator_base_types.h:127:34: note: declared here
  127 |     struct _GLIBCXX17_DEPRECATED iterator
      |                                  ^~~~~~~~
./google/protobuf/repeated_field.h:2547:19: warning: 'template<class _Category, class _Tp, class _Distance, class _Pointer, class _Reference> struct std::iterator' is deprecated [-Wdeprecated-declarations]
 2547 |     : public std::iterator<std::output_iterator_tag, T> {
      |                   ^~~~~~~~
/usr/include/c++/13/bits/stl_iterator_base_types.h:127:34: note: declared here
  127 |     struct _GLIBCXX17_DEPRECATED iterator
      |                                  ^~~~~~~~
./google/protobuf/repeated_field.h:2571:19: warning: 'template<class _Category, class _Tp, class _Distance, class _Pointer, class _Reference> struct std::iterator' is deprecated [-Wdeprecated-declarations]
 2571 |     : public std::iterator<std::output_iterator_tag, T> {
      |                   ^~~~~~~~
/usr/include/c++/13/bits/stl_iterator_base_types.h:127:34: note: declared here
  127 |     struct _GLIBCXX17_DEPRECATED iterator
      |                                  ^~~~~~~~
./google/protobuf/generated_message_table_driven.h:209:20: warning: 'template<class _Tp> struct std::is_pod' is deprecated: use 'is_standard_layout && is_trivial' instead [-Wdeprecated-declarations]
  209 | static_assert(std::is_pod<ParseTableField>::value, "");
      |                    ^~~~~~
/usr/include/c++/13/type_traits:819:5: note: declared here
  819 |     is_pod
      |     ^~~~~~
./google/protobuf/generated_message_table_driven.h:210:20: warning: 'template<class _Tp> struct std::is_pod' is deprecated: use 'is_standard_layout && is_trivial' instead [-Wdeprecated-declarations]
  210 | static_assert(std::is_pod<AuxillaryParseTableField>::value, "");
      |                    ^~~~~~
/usr/include/c++/13/type_traits:819:5: note: declared here
  819 |     is_pod
      |     ^~~~~~
./google/protobuf/generated_message_table_driven.h:211:20: warning: 'template<class _Tp> struct std::is_pod' is deprecated: use 'is_standard_layout && is_trivial' instead [-Wdeprecated-declarations]
  211 | static_assert(std::is_pod<AuxillaryParseTableField::enum_aux>::value, "");
      |                    ^~~~~~
/usr/include/c++/13/type_traits:819:5: note: declared here
  819 |     is_pod
      |     ^~~~~~
./google/protobuf/generated_message_table_driven.h:212:20: warning: 'template<class _Tp> struct std::is_pod' is deprecated: use 'is_standard_layout && is_trivial' instead [-Wdeprecated-declarations]
  212 | static_assert(std::is_pod<AuxillaryParseTableField::message_aux>::value, "");
      |                    ^~~~~~
/usr/include/c++/13/type_traits:819:5: note: declared here
  819 |     is_pod
      |     ^~~~~~
./google/protobuf/generated_message_table_driven.h:213:20: warning: 'template<class _Tp> struct std::is_pod' is deprecated: use 'is_standard_layout && is_trivial' instead [-Wdeprecated-declarations]
  213 | static_assert(std::is_pod<AuxillaryParseTableField::string_aux>::value, "");
      |                    ^~~~~~
/usr/include/c++/13/type_traits:819:5: note: declared here
  819 |     is_pod
      |     ^~~~~~
./google/protobuf/generated_message_table_driven.h:214:20: warning: 'template<class _Tp> struct std::is_pod' is deprecated: use 'is_standard_layout && is_trivial' instead [-Wdeprecated-declarations]
  214 | static_assert(std::is_pod<ParseTable>::value, "");
      |                    ^~~~~~
/usr/include/c++/13/type_traits:819:5: note: declared here
  819 |     is_pod
      |     ^~~~~~
depbase=`echo google/protobuf/util/internal/error_listener.lo | sed 's|[^/]*$|.deps/&|;s|\.lo$||'`;\
/bin/bash ../libtool  --tag=CXX   --mode=compile g++ -std=gnu++20 -DHAVE_CONFIG_H -I. -I..   -I/usr/local/include -pthread -DHAVE_PTHREAD=1 -DHAVE_ZLIB=1 -Wall -Wno-sign-compare  -g -O2 -fstack-protector-strong -Wformat -Werror=format-security -Wdate-time -D_FORTIFY_SOURCE=2 -g -MT google/protobuf/util/internal/error_listener.lo -MD -MP -MF $depbase.Tpo -c -o google/protobuf/util/internal/error_listener.lo google/protobuf/util/internal/error_listener.cc &&\
mv -f $depbase.Tpo $depbase.Plo
libtool: compile:  g++ -std=gnu++20 -DHAVE_CONFIG_H -I. -I.. -I/usr/local/include -pthread -DHAVE_PTHREAD=1 -DHAVE_ZLIB=1 -Wall -Wno-sign-compare -g -O2 -fstack-protector-strong -Wformat -Werror=format-security -Wdate-time -D_FORTIFY_SOURCE=2 -g -MT google/protobuf/util/internal/error_listener.lo -MD -MP -MF google/protobuf/util/internal/.deps/error_listener.Tpo -c google/protobuf/util/internal/error_listener.cc  -fPIC -DPIC -o google/protobuf/util/internal/.libs/error_listener.o
depbase=`echo google/protobuf/util/internal/field_mask_utility.lo | sed 's|[^/]*$|.deps/&|;s|\.lo$||'`;\
/bin/bash ../libtool  --tag=CXX   --mode=compile g++ -std=gnu++20 -DHAVE_CONFIG_H -I. -I..   -I/usr/local/include -pthread -DHAVE_PTHREAD=1 -DHAVE_ZLIB=1 -Wall -Wno-sign-compare  -g -O2 -fstack-protector-strong -Wformat -Werror=format-security -Wdate-time -D_FORTIFY_SOURCE=2 -g -MT google/protobuf/util/internal/field_mask_utility.lo -MD -MP -MF $depbase.Tpo -c -o google/protobuf/util/internal/field_mask_utility.lo google/protobuf/util/internal/field_mask_utility.cc &&\
mv -f $depbase.Tpo $depbase.Plo
libtool: compile:  g++ -std=gnu++20 -DHAVE_CONFIG_H -I. -I.. -I/usr/local/include -pthread -DHAVE_PTHREAD=1 -DHAVE_ZLIB=1 -Wall -Wno-sign-compare -g -O2 -fstack-protector-strong -Wformat -Werror=format-security -Wdate-time -D_FORTIFY_SOURCE=2 -g -MT google/protobuf/util/internal/field_mask_utility.lo -MD -MP -MF google/protobuf/util/internal/.deps/field_mask_utility.Tpo -c google/protobuf/util/internal/field_mask_utility.cc  -fPIC -DPIC -o google/protobuf/util/internal/.libs/field_mask_utility.o
In file included from ./google/protobuf/any.pb.h:24,
                 from ./google/protobuf/util/internal/utility.h:40,
                 from google/protobuf/util/internal/field_mask_utility.cc:33:
./google/protobuf/arena.h: In static member function 'static T* google::protobuf::Arena::CreateArray(google::protobuf::Arena*, size_t)':
./google/protobuf/arena.h:338:24: warning: 'template<class _Tp> struct std::is_pod' is deprecated: use 'is_standard_layout && is_trivial' instead [-Wdeprecated-declarations]
  338 |     static_assert(std::is_pod<T>::value,
      |                        ^~~~~~
In file included from /usr/include/c++/13/bits/move.h:37,
                 from /usr/include/c++/13/bits/stl_function.h:60,
                 from /usr/include/c++/13/functional:49,
                 from ./google/protobuf/util/internal/field_mask_utility.h:36,
                 from google/protobuf/util/internal/field_mask_utility.cc:31:
/usr/include/c++/13/type_traits:819:5: note: declared here
  819 |     is_pod
      |     ^~~~~~
In file included from ./google/protobuf/wire_format_lite.h:51,
                 from ./google/protobuf/generated_message_util.h:53,
                 from ./google/protobuf/metadata_lite.h:37,
                 from ./google/protobuf/parse_context.h:41,
                 from ./google/protobuf/map_type_handler.h:34,
                 from ./google/protobuf/map.h:49,
                 from ./google/protobuf/generated_message_table_driven.h:34,
                 from ./google/protobuf/any.pb.h:26:
./google/protobuf/repeated_field.h: At global scope:
./google/protobuf/repeated_field.h:367:20: warning: 'template<class _Tp> struct std::is_pod' is deprecated: use 'is_standard_layout && is_trivial' instead [-Wdeprecated-declarations]
  367 |               std::is_pod<Element>::value>
      |                    ^~~~~~
/usr/include/c++/13/type_traits:819:5: note: declared here
  819 |     is_pod
      |     ^~~~~~
./google/protobuf/repeated_field.h:2494:19: warning: 'template<class _Category, class _Tp, class _Distance, class _Pointer, class _Reference> struct std::iterator' is deprecated [-Wdeprecated-declarations]
 2494 |     : public std::iterator<std::output_iterator_tag, T> {
      |                   ^~~~~~~~
In file included from /usr/include/c++/13/bits/stl_iterator.h:64,
                 from /usr/include/c++/13/bits/ranges_base.h:37,
                 from /usr/include/c++/13/bits/ranges_util.h:34,
                 from /usr/include/c++/13/tuple:44,
                 from /usr/include/c++/13/functional:53:
/usr/include/c++/13/bits/stl_iterator_base_types.h:127:34: note: declared here
  127 |     struct _GLIBCXX17_DEPRECATED iterator
      |                                  ^~~~~~~~
./google/protobuf/repeated_field.h:2516:19: warning: 'template<class _Category, class _Tp, class _Distance, class _Pointer, class _Reference> struct std::iterator' is deprecated [-Wdeprecated-declarations]
 2516 |     : public std::iterator<std::output_iterator_tag, T> {
      |                   ^~~~~~~~
/usr/include/c++/13/bits/stl_iterator_base_types.h:127:34: note: declared here
  127 |     struct _GLIBCXX17_DEPRECATED iterator
      |                                  ^~~~~~~~
./google/protobuf/repeated_field.h:2547:19: warning: 'template<class _Category, class _Tp, class _Distance, class _Pointer, class _Reference> struct std::iterator' is deprecated [-Wdeprecated-declarations]
 2547 |     : public std::iterator<std::output_iterator_tag, T> {
      |                   ^~~~~~~~
/usr/include/c++/13/bits/stl_iterator_base_types.h:127:34: note: declared here
  127 |     struct _GLIBCXX17_DEPRECATED iterator
      |                                  ^~~~~~~~
./google/protobuf/repeated_field.h:2571:19: warning: 'template<class _Category, class _Tp, class _Distance, class _Pointer, class _Reference> struct std::iterator' is deprecated [-Wdeprecated-declarations]
 2571 |     : public std::iterator<std::output_iterator_tag, T> {
      |                   ^~~~~~~~
/usr/include/c++/13/bits/stl_iterator_base_types.h:127:34: note: declared here
  127 |     struct _GLIBCXX17_DEPRECATED iterator
      |                                  ^~~~~~~~
./google/protobuf/generated_message_table_driven.h:209:20: warning: 'template<class _Tp> struct std::is_pod' is deprecated: use 'is_standard_layout && is_trivial' instead [-Wdeprecated-declarations]
  209 | static_assert(std::is_pod<ParseTableField>::value, "");
      |                    ^~~~~~
/usr/include/c++/13/type_traits:819:5: note: declared here
  819 |     is_pod
      |     ^~~~~~
./google/protobuf/generated_message_table_driven.h:210:20: warning: 'template<class _Tp> struct std::is_pod' is deprecated: use 'is_standard_layout && is_trivial' instead [-Wdeprecated-declarations]
  210 | static_assert(std::is_pod<AuxillaryParseTableField>::value, "");
      |                    ^~~~~~
/usr/include/c++/13/type_traits:819:5: note: declared here
  819 |     is_pod
      |     ^~~~~~
./google/protobuf/generated_message_table_driven.h:211:20: warning: 'template<class _Tp> struct std::is_pod' is deprecated: use 'is_standard_layout && is_trivial' instead [-Wdeprecated-declarations]
  211 | static_assert(std::is_pod<AuxillaryParseTableField::enum_aux>::value, "");
      |                    ^~~~~~
/usr/include/c++/13/type_traits:819:5: note: declared here
  819 |     is_pod
      |     ^~~~~~
./google/protobuf/generated_message_table_driven.h:212:20: warning: 'template<class _Tp> struct std::is_pod' is deprecated: use 'is_standard_layout && is_trivial' instead [-Wdeprecated-declarations]
  212 | static_assert(std::is_pod<AuxillaryParseTableField::message_aux>::value, "");
      |                    ^~~~~~
/usr/include/c++/13/type_traits:819:5: note: declared here
  819 |     is_pod
      |     ^~~~~~
./google/protobuf/generated_message_table_driven.h:213:20: warning: 'template<class _Tp> struct std::is_pod' is deprecated: use 'is_standard_layout && is_trivial' instead [-Wdeprecated-declarations]
  213 | static_assert(std::is_pod<AuxillaryParseTableField::string_aux>::value, "");
      |                    ^~~~~~
/usr/include/c++/13/type_traits:819:5: note: declared here
  819 |     is_pod
      |     ^~~~~~
./google/protobuf/generated_message_table_driven.h:214:20: warning: 'template<class _Tp> struct std::is_pod' is deprecated: use 'is_standard_layout && is_trivial' instead [-Wdeprecated-declarations]
  214 | static_assert(std::is_pod<ParseTable>::value, "");
      |                    ^~~~~~
/usr/include/c++/13/type_traits:819:5: note: declared here
  819 |     is_pod
      |     ^~~~~~
depbase=`echo google/protobuf/util/internal/json_escaping.lo | sed 's|[^/]*$|.deps/&|;s|\.lo$||'`;\
/bin/bash ../libtool  --tag=CXX   --mode=compile g++ -std=gnu++20 -DHAVE_CONFIG_H -I. -I..   -I/usr/local/include -pthread -DHAVE_PTHREAD=1 -DHAVE_ZLIB=1 -Wall -Wno-sign-compare  -g -O2 -fstack-protector-strong -Wformat -Werror=format-security -Wdate-time -D_FORTIFY_SOURCE=2 -g -MT google/protobuf/util/internal/json_escaping.lo -MD -MP -MF $depbase.Tpo -c -o google/protobuf/util/internal/json_escaping.lo google/protobuf/util/internal/json_escaping.cc &&\
mv -f $depbase.Tpo $depbase.Plo
libtool: compile:  g++ -std=gnu++20 -DHAVE_CONFIG_H -I. -I.. -I/usr/local/include -pthread -DHAVE_PTHREAD=1 -DHAVE_ZLIB=1 -Wall -Wno-sign-compare -g -O2 -fstack-protector-strong -Wformat -Werror=format-security -Wdate-time -D_FORTIFY_SOURCE=2 -g -MT google/protobuf/util/internal/json_escaping.lo -MD -MP -MF google/protobuf/util/internal/.deps/json_escaping.Tpo -c google/protobuf/util/internal/json_escaping.cc  -fPIC -DPIC -o google/protobuf/util/internal/.libs/json_escaping.o
depbase=`echo google/protobuf/util/internal/json_objectwriter.lo | sed 's|[^/]*$|.deps/&|;s|\.lo$||'`;\
/bin/bash ../libtool  --tag=CXX   --mode=compile g++ -std=gnu++20 -DHAVE_CONFIG_H -I. -I..   -I/usr/local/include -pthread -DHAVE_PTHREAD=1 -DHAVE_ZLIB=1 -Wall -Wno-sign-compare  -g -O2 -fstack-protector-strong -Wformat -Werror=format-security -Wdate-time -D_FORTIFY_SOURCE=2 -g -MT google/protobuf/util/internal/json_objectwriter.lo -MD -MP -MF $depbase.Tpo -c -o google/protobuf/util/internal/json_objectwriter.lo google/protobuf/util/internal/json_objectwriter.cc &&\
mv -f $depbase.Tpo $depbase.Plo
libtool: compile:  g++ -std=gnu++20 -DHAVE_CONFIG_H -I. -I.. -I/usr/local/include -pthread -DHAVE_PTHREAD=1 -DHAVE_ZLIB=1 -Wall -Wno-sign-compare -g -O2 -fstack-protector-strong -Wformat -Werror=format-security -Wdate-time -D_FORTIFY_SOURCE=2 -g -MT google/protobuf/util/internal/json_objectwriter.lo -MD -MP -MF google/protobuf/util/internal/.deps/json_objectwriter.Tpo -c google/protobuf/util/internal/json_objectwriter.cc  -fPIC -DPIC -o google/protobuf/util/internal/.libs/json_objectwriter.o
In file included from ./google/protobuf/any.pb.h:24,
                 from ./google/protobuf/util/internal/utility.h:40,
                 from google/protobuf/util/internal/json_objectwriter.cc:38:
./google/protobuf/arena.h: In static member function 'static T* google::protobuf::Arena::CreateArray(google::protobuf::Arena*, size_t)':
./google/protobuf/arena.h:338:24: warning: 'template<class _Tp> struct std::is_pod' is deprecated: use 'is_standard_layout && is_trivial' instead [-Wdeprecated-declarations]
  338 |     static_assert(std::is_pod<T>::value,
      |                        ^~~~~~
In file included from /usr/include/c++/13/bits/move.h:37,
                 from /usr/include/c++/13/bits/new_allocator.h:36,
                 from /usr/include/x86_64-linux-gnu/c++/13/bits/c++allocator.h:33,
                 from /usr/include/c++/13/bits/allocator.h:46,
                 from /usr/include/c++/13/memory:65,
                 from ./google/protobuf/util/internal/json_objectwriter.h:34,
                 from google/protobuf/util/internal/json_objectwriter.cc:31:
/usr/include/c++/13/type_traits:819:5: note: declared here
  819 |     is_pod
      |     ^~~~~~
In file included from ./google/protobuf/wire_format_lite.h:51,
                 from ./google/protobuf/generated_message_util.h:53,
                 from ./google/protobuf/metadata_lite.h:37,
                 from ./google/protobuf/parse_context.h:41,
                 from ./google/protobuf/map_type_handler.h:34,
                 from ./google/protobuf/map.h:49,
                 from ./google/protobuf/generated_message_table_driven.h:34,
                 from ./google/protobuf/any.pb.h:26:
./google/protobuf/repeated_field.h: At global scope:
./google/protobuf/repeated_field.h:367:20: warning: 'template<class _Tp> struct std::is_pod' is deprecated: use 'is_standard_layout && is_trivial' instead [-Wdeprecated-declarations]
  367 |               std::is_pod<Element>::value>
      |                    ^~~~~~
/usr/include/c++/13/type_traits:819:5: note: declared here
  819 |     is_pod
      |     ^~~~~~
./google/protobuf/repeated_field.h:2494:19: warning: 'template<class _Category, class _Tp, class _Distance, class _Pointer, class _Reference> struct std::iterator' is deprecated [-Wdeprecated-declarations]
 2494 |     : public std::iterator<std::output_iterator_tag, T> {
      |                   ^~~~~~~~
In file included from /usr/include/c++/13/bits/stl_construct.h:61,
                 from /usr/include/c++/13/bits/stl_tempbuf.h:61,
                 from /usr/include/c++/13/memory:66:
/usr/include/c++/13/bits/stl_iterator_base_types.h:127:34: note: declared here
  127 |     struct _GLIBCXX17_DEPRECATED iterator
      |                                  ^~~~~~~~
./google/protobuf/repeated_field.h:2516:19: warning: 'template<class _Category, class _Tp, class _Distance, class _Pointer, class _Reference> struct std::iterator' is deprecated [-Wdeprecated-declarations]
 2516 |     : public std::iterator<std::output_iterator_tag, T> {
      |                   ^~~~~~~~
/usr/include/c++/13/bits/stl_iterator_base_types.h:127:34: note: declared here
  127 |     struct _GLIBCXX17_DEPRECATED iterator
      |                                  ^~~~~~~~
./google/protobuf/repeated_field.h:2547:19: warning: 'template<class _Category, class _Tp, class _Distance, class _Pointer, class _Reference> struct std::iterator' is deprecated [-Wdeprecated-declarations]
 2547 |     : public std::iterator<std::output_iterator_tag, T> {
      |                   ^~~~~~~~
/usr/include/c++/13/bits/stl_iterator_base_types.h:127:34: note: declared here
  127 |     struct _GLIBCXX17_DEPRECATED iterator
      |                                  ^~~~~~~~
./google/protobuf/repeated_field.h:2571:19: warning: 'template<class _Category, class _Tp, class _Distance, class _Pointer, class _Reference> struct std::iterator' is deprecated [-Wdeprecated-declarations]
 2571 |     : public std::iterator<std::output_iterator_tag, T> {
      |                   ^~~~~~~~
/usr/include/c++/13/bits/stl_iterator_base_types.h:127:34: note: declared here
  127 |     struct _GLIBCXX17_DEPRECATED iterator
      |                                  ^~~~~~~~
./google/protobuf/generated_message_table_driven.h:209:20: warning: 'template<class _Tp> struct std::is_pod' is deprecated: use 'is_standard_layout && is_trivial' instead [-Wdeprecated-declarations]
  209 | static_assert(std::is_pod<ParseTableField>::value, "");
      |                    ^~~~~~
/usr/include/c++/13/type_traits:819:5: note: declared here
  819 |     is_pod
      |     ^~~~~~
./google/protobuf/generated_message_table_driven.h:210:20: warning: 'template<class _Tp> struct std::is_pod' is deprecated: use 'is_standard_layout && is_trivial' instead [-Wdeprecated-declarations]
  210 | static_assert(std::is_pod<AuxillaryParseTableField>::value, "");
      |                    ^~~~~~
/usr/include/c++/13/type_traits:819:5: note: declared here
  819 |     is_pod
      |     ^~~~~~
./google/protobuf/generated_message_table_driven.h:211:20: warning: 'template<class _Tp> struct std::is_pod' is deprecated: use 'is_standard_layout && is_trivial' instead [-Wdeprecated-declarations]
  211 | static_assert(std::is_pod<AuxillaryParseTableField::enum_aux>::value, "");
      |                    ^~~~~~
/usr/include/c++/13/type_traits:819:5: note: declared here
  819 |     is_pod
      |     ^~~~~~
./google/protobuf/generated_message_table_driven.h:212:20: warning: 'template<class _Tp> struct std::is_pod' is deprecated: use 'is_standard_layout && is_trivial' instead [-Wdeprecated-declarations]
  212 | static_assert(std::is_pod<AuxillaryParseTableField::message_aux>::value, "");
      |                    ^~~~~~
/usr/include/c++/13/type_traits:819:5: note: declared here
  819 |     is_pod
      |     ^~~~~~
./google/protobuf/generated_message_table_driven.h:213:20: warning: 'template<class _Tp> struct std::is_pod' is deprecated: use 'is_standard_layout && is_trivial' instead [-Wdeprecated-declarations]
  213 | static_assert(std::is_pod<AuxillaryParseTableField::string_aux>::value, "");
      |                    ^~~~~~
/usr/include/c++/13/type_traits:819:5: note: declared here
  819 |     is_pod
      |     ^~~~~~
./google/protobuf/generated_message_table_driven.h:214:20: warning: 'template<class _Tp> struct std::is_pod' is deprecated: use 'is_standard_layout && is_trivial' instead [-Wdeprecated-declarations]
  214 | static_assert(std::is_pod<ParseTable>::value, "");
      |                    ^~~~~~
/usr/include/c++/13/type_traits:819:5: note: declared here
  819 |     is_pod
      |     ^~~~~~
depbase=`echo google/protobuf/util/internal/json_stream_parser.lo | sed 's|[^/]*$|.deps/&|;s|\.lo$||'`;\
/bin/bash ../libtool  --tag=CXX   --mode=compile g++ -std=gnu++20 -DHAVE_CONFIG_H -I. -I..   -I/usr/local/include -pthread -DHAVE_PTHREAD=1 -DHAVE_ZLIB=1 -Wall -Wno-sign-compare  -g -O2 -fstack-protector-strong -Wformat -Werror=format-security -Wdate-time -D_FORTIFY_SOURCE=2 -g -MT google/protobuf/util/internal/json_stream_parser.lo -MD -MP -MF $depbase.Tpo -c -o google/protobuf/util/internal/json_stream_parser.lo google/protobuf/util/internal/json_stream_parser.cc &&\
mv -f $depbase.Tpo $depbase.Plo
libtool: compile:  g++ -std=gnu++20 -DHAVE_CONFIG_H -I. -I.. -I/usr/local/include -pthread -DHAVE_PTHREAD=1 -DHAVE_ZLIB=1 -Wall -Wno-sign-compare -g -O2 -fstack-protector-strong -Wformat -Werror=format-security -Wdate-time -D_FORTIFY_SOURCE=2 -g -MT google/protobuf/util/internal/json_stream_parser.lo -MD -MP -MF google/protobuf/util/internal/.deps/json_stream_parser.Tpo -c google/protobuf/util/internal/json_stream_parser.cc  -fPIC -DPIC -o google/protobuf/util/internal/.libs/json_stream_parser.o
depbase=`echo google/protobuf/util/internal/object_writer.lo | sed 's|[^/]*$|.deps/&|;s|\.lo$||'`;\
/bin/bash ../libtool  --tag=CXX   --mode=compile g++ -std=gnu++20 -DHAVE_CONFIG_H -I. -I..   -I/usr/local/include -pthread -DHAVE_PTHREAD=1 -DHAVE_ZLIB=1 -Wall -Wno-sign-compare  -g -O2 -fstack-protector-strong -Wformat -Werror=format-security -Wdate-time -D_FORTIFY_SOURCE=2 -g -MT google/protobuf/util/internal/object_writer.lo -MD -MP -MF $depbase.Tpo -c -o google/protobuf/util/internal/object_writer.lo google/protobuf/util/internal/object_writer.cc &&\
mv -f $depbase.Tpo $depbase.Plo
libtool: compile:  g++ -std=gnu++20 -DHAVE_CONFIG_H -I. -I.. -I/usr/local/include -pthread -DHAVE_PTHREAD=1 -DHAVE_ZLIB=1 -Wall -Wno-sign-compare -g -O2 -fstack-protector-strong -Wformat -Werror=format-security -Wdate-time -D_FORTIFY_SOURCE=2 -g -MT google/protobuf/util/internal/object_writer.lo -MD -MP -MF google/protobuf/util/internal/.deps/object_writer.Tpo -c google/protobuf/util/internal/object_writer.cc  -fPIC -DPIC -o google/protobuf/util/internal/.libs/object_writer.o
In file included from ./google/protobuf/type.pb.h:24,
                 from ./google/protobuf/util/internal/datapiece.h:38,
                 from google/protobuf/util/internal/object_writer.cc:33:
./google/protobuf/arena.h: In static member function 'static T* google::protobuf::Arena::CreateArray(google::protobuf::Arena*, size_t)':
./google/protobuf/arena.h:338:24: warning: 'template<class _Tp> struct std::is_pod' is deprecated: use 'is_standard_layout && is_trivial' instead [-Wdeprecated-declarations]
  338 |     static_assert(std::is_pod<T>::value,
      |                        ^~~~~~
In file included from /usr/include/c++/13/bits/stl_pair.h:60,
                 from /usr/include/c++/13/bits/stl_algobase.h:64,
                 from /usr/include/c++/13/algorithm:60,
                 from ./google/protobuf/stubs/common.h:38,
                 from ./google/protobuf/util/internal/object_writer.h:34,
                 from google/protobuf/util/internal/object_writer.cc:31:
/usr/include/c++/13/type_traits:819:5: note: declared here
  819 |     is_pod
      |     ^~~~~~
In file included from ./google/protobuf/wire_format_lite.h:51,
                 from ./google/protobuf/generated_message_util.h:53,
                 from ./google/protobuf/metadata_lite.h:37,
                 from ./google/protobuf/parse_context.h:41,
                 from ./google/protobuf/map_type_handler.h:34,
                 from ./google/protobuf/map.h:49,
                 from ./google/protobuf/generated_message_table_driven.h:34,
                 from ./google/protobuf/type.pb.h:26:
./google/protobuf/repeated_field.h: At global scope:
./google/protobuf/repeated_field.h:367:20: warning: 'template<class _Tp> struct std::is_pod' is deprecated: use 'is_standard_layout && is_trivial' instead [-Wdeprecated-declarations]
  367 |               std::is_pod<Element>::value>
      |                    ^~~~~~
/usr/include/c++/13/type_traits:819:5: note: declared here
  819 |     is_pod
      |     ^~~~~~
./google/protobuf/repeated_field.h:2494:19: warning: 'template<class _Category, class _Tp, class _Distance, class _Pointer, class _Reference> struct std::iterator' is deprecated [-Wdeprecated-declarations]
 2494 |     : public std::iterator<std::output_iterator_tag, T> {
      |                   ^~~~~~~~
In file included from /usr/include/c++/13/bits/stl_algobase.h:65:
/usr/include/c++/13/bits/stl_iterator_base_types.h:127:34: note: declared here
  127 |     struct _GLIBCXX17_DEPRECATED iterator
      |                                  ^~~~~~~~
./google/protobuf/repeated_field.h:2516:19: warning: 'template<class _Category, class _Tp, class _Distance, class _Pointer, class _Reference> struct std::iterator' is deprecated [-Wdeprecated-declarations]
 2516 |     : public std::iterator<std::output_iterator_tag, T> {
      |                   ^~~~~~~~
/usr/include/c++/13/bits/stl_iterator_base_types.h:127:34: note: declared here
  127 |     struct _GLIBCXX17_DEPRECATED iterator
      |                                  ^~~~~~~~
./google/protobuf/repeated_field.h:2547:19: warning: 'template<class _Category, class _Tp, class _Distance, class _Pointer, class _Reference> struct std::iterator' is deprecated [-Wdeprecated-declarations]
 2547 |     : public std::iterator<std::output_iterator_tag, T> {
      |                   ^~~~~~~~
/usr/include/c++/13/bits/stl_iterator_base_types.h:127:34: note: declared here
  127 |     struct _GLIBCXX17_DEPRECATED iterator
      |                                  ^~~~~~~~
./google/protobuf/repeated_field.h:2571:19: warning: 'template<class _Category, class _Tp, class _Distance, class _Pointer, class _Reference> struct std::iterator' is deprecated [-Wdeprecated-declarations]
 2571 |     : public std::iterator<std::output_iterator_tag, T> {
      |                   ^~~~~~~~
/usr/include/c++/13/bits/stl_iterator_base_types.h:127:34: note: declared here
  127 |     struct _GLIBCXX17_DEPRECATED iterator
      |                                  ^~~~~~~~
./google/protobuf/generated_message_table_driven.h:209:20: warning: 'template<class _Tp> struct std::is_pod' is deprecated: use 'is_standard_layout && is_trivial' instead [-Wdeprecated-declarations]
  209 | static_assert(std::is_pod<ParseTableField>::value, "");
      |                    ^~~~~~
/usr/include/c++/13/type_traits:819:5: note: declared here
  819 |     is_pod
      |     ^~~~~~
./google/protobuf/generated_message_table_driven.h:210:20: warning: 'template<class _Tp> struct std::is_pod' is deprecated: use 'is_standard_layout && is_trivial' instead [-Wdeprecated-declarations]
  210 | static_assert(std::is_pod<AuxillaryParseTableField>::value, "");
      |                    ^~~~~~
/usr/include/c++/13/type_traits:819:5: note: declared here
  819 |     is_pod
      |     ^~~~~~
./google/protobuf/generated_message_table_driven.h:211:20: warning: 'template<class _Tp> struct std::is_pod' is deprecated: use 'is_standard_layout && is_trivial' instead [-Wdeprecated-declarations]
  211 | static_assert(std::is_pod<AuxillaryParseTableField::enum_aux>::value, "");
      |                    ^~~~~~
/usr/include/c++/13/type_traits:819:5: note: declared here
  819 |     is_pod
      |     ^~~~~~
./google/protobuf/generated_message_table_driven.h:212:20: warning: 'template<class _Tp> struct std::is_pod' is deprecated: use 'is_standard_layout && is_trivial' instead [-Wdeprecated-declarations]
  212 | static_assert(std::is_pod<AuxillaryParseTableField::message_aux>::value, "");
      |                    ^~~~~~
/usr/include/c++/13/type_traits:819:5: note: declared here
  819 |     is_pod
      |     ^~~~~~
./google/protobuf/generated_message_table_driven.h:213:20: warning: 'template<class _Tp> struct std::is_pod' is deprecated: use 'is_standard_layout && is_trivial' instead [-Wdeprecated-declarations]
  213 | static_assert(std::is_pod<AuxillaryParseTableField::string_aux>::value, "");
      |                    ^~~~~~
/usr/include/c++/13/type_traits:819:5: note: declared here
  819 |     is_pod
      |     ^~~~~~
./google/protobuf/generated_message_table_driven.h:214:20: warning: 'template<class _Tp> struct std::is_pod' is deprecated: use 'is_standard_layout && is_trivial' instead [-Wdeprecated-declarations]
  214 | static_assert(std::is_pod<ParseTable>::value, "");
      |                    ^~~~~~
/usr/include/c++/13/type_traits:819:5: note: declared here
  819 |     is_pod
      |     ^~~~~~
depbase=`echo google/protobuf/util/internal/protostream_objectsource.lo | sed 's|[^/]*$|.deps/&|;s|\.lo$||'`;\
/bin/bash ../libtool  --tag=CXX   --mode=compile g++ -std=gnu++20 -DHAVE_CONFIG_H -I. -I..   -I/usr/local/include -pthread -DHAVE_PTHREAD=1 -DHAVE_ZLIB=1 -Wall -Wno-sign-compare  -g -O2 -fstack-protector-strong -Wformat -Werror=format-security -Wdate-time -D_FORTIFY_SOURCE=2 -g -MT google/protobuf/util/internal/protostream_objectsource.lo -MD -MP -MF $depbase.Tpo -c -o google/protobuf/util/internal/protostream_objectsource.lo google/protobuf/util/internal/protostream_objectsource.cc &&\
mv -f $depbase.Tpo $depbase.Plo
libtool: compile:  g++ -std=gnu++20 -DHAVE_CONFIG_H -I. -I.. -I/usr/local/include -pthread -DHAVE_PTHREAD=1 -DHAVE_ZLIB=1 -Wall -Wno-sign-compare -g -O2 -fstack-protector-strong -Wformat -Werror=format-security -Wdate-time -D_FORTIFY_SOURCE=2 -g -MT google/protobuf/util/internal/protostream_objectsource.lo -MD -MP -MF google/protobuf/util/internal/.deps/protostream_objectsource.Tpo -c google/protobuf/util/internal/protostream_objectsource.cc  -fPIC -DPIC -o google/protobuf/util/internal/.libs/protostream_objectsource.o
In file included from ./google/protobuf/type.pb.h:24,
                 from ./google/protobuf/util/internal/protostream_objectsource.h:39,
                 from google/protobuf/util/internal/protostream_objectsource.cc:31:
./google/protobuf/arena.h: In static member function 'static T* google::protobuf::Arena::CreateArray(google::protobuf::Arena*, size_t)':
./google/protobuf/arena.h:338:24: warning: 'template<class _Tp> struct std::is_pod' is deprecated: use 'is_standard_layout && is_trivial' instead [-Wdeprecated-declarations]
  338 |     static_assert(std::is_pod<T>::value,
      |                        ^~~~~~
In file included from /usr/include/c++/13/bits/move.h:37,
                 from /usr/include/c++/13/bits/stl_function.h:60,
                 from /usr/include/c++/13/functional:49,
                 from ./google/protobuf/util/internal/protostream_objectsource.h:34:
/usr/include/c++/13/type_traits:819:5: note: declared here
  819 |     is_pod
      |     ^~~~~~
In file included from ./google/protobuf/wire_format_lite.h:51,
                 from ./google/protobuf/generated_message_util.h:53,
                 from ./google/protobuf/metadata_lite.h:37,
                 from ./google/protobuf/parse_context.h:41,
                 from ./google/protobuf/map_type_handler.h:34,
                 from ./google/protobuf/map.h:49,
                 from ./google/protobuf/generated_message_table_driven.h:34,
                 from ./google/protobuf/type.pb.h:26:
./google/protobuf/repeated_field.h: At global scope:
./google/protobuf/repeated_field.h:367:20: warning: 'template<class _Tp> struct std::is_pod' is deprecated: use 'is_standard_layout && is_trivial' instead [-Wdeprecated-declarations]
  367 |               std::is_pod<Element>::value>
      |                    ^~~~~~
/usr/include/c++/13/type_traits:819:5: note: declared here
  819 |     is_pod
      |     ^~~~~~
./google/protobuf/repeated_field.h:2494:19: warning: 'template<class _Category, class _Tp, class _Distance, class _Pointer, class _Reference> struct std::iterator' is deprecated [-Wdeprecated-declarations]
 2494 |     : public std::iterator<std::output_iterator_tag, T> {
      |                   ^~~~~~~~
In file included from /usr/include/c++/13/bits/stl_iterator.h:64,
                 from /usr/include/c++/13/bits/ranges_base.h:37,
                 from /usr/include/c++/13/bits/ranges_util.h:34,
                 from /usr/include/c++/13/tuple:44,
                 from /usr/include/c++/13/functional:53:
/usr/include/c++/13/bits/stl_iterator_base_types.h:127:34: note: declared here
  127 |     struct _GLIBCXX17_DEPRECATED iterator
      |                                  ^~~~~~~~
./google/protobuf/repeated_field.h:2516:19: warning: 'template<class _Category, class _Tp, class _Distance, class _Pointer, class _Reference> struct std::iterator' is deprecated [-Wdeprecated-declarations]
 2516 |     : public std::iterator<std::output_iterator_tag, T> {
      |                   ^~~~~~~~
/usr/include/c++/13/bits/stl_iterator_base_types.h:127:34: note: declared here
  127 |     struct _GLIBCXX17_DEPRECATED iterator
      |                                  ^~~~~~~~
./google/protobuf/repeated_field.h:2547:19: warning: 'template<class _Category, class _Tp, class _Distance, class _Pointer, class _Reference> struct std::iterator' is deprecated [-Wdeprecated-declarations]
 2547 |     : public std::iterator<std::output_iterator_tag, T> {
      |                   ^~~~~~~~
/usr/include/c++/13/bits/stl_iterator_base_types.h:127:34: note: declared here
  127 |     struct _GLIBCXX17_DEPRECATED iterator
      |                                  ^~~~~~~~
./google/protobuf/repeated_field.h:2571:19: warning: 'template<class _Category, class _Tp, class _Distance, class _Pointer, class _Reference> struct std::iterator' is deprecated [-Wdeprecated-declarations]
 2571 |     : public std::iterator<std::output_iterator_tag, T> {
      |                   ^~~~~~~~
/usr/include/c++/13/bits/stl_iterator_base_types.h:127:34: note: declared here
  127 |     struct _GLIBCXX17_DEPRECATED iterator
      |                                  ^~~~~~~~
./google/protobuf/generated_message_table_driven.h:209:20: warning: 'template<class _Tp> struct std::is_pod' is deprecated: use 'is_standard_layout && is_trivial' instead [-Wdeprecated-declarations]
  209 | static_assert(std::is_pod<ParseTableField>::value, "");
      |                    ^~~~~~
/usr/include/c++/13/type_traits:819:5: note: declared here
  819 |     is_pod
      |     ^~~~~~
./google/protobuf/generated_message_table_driven.h:210:20: warning: 'template<class _Tp> struct std::is_pod' is deprecated: use 'is_standard_layout && is_trivial' instead [-Wdeprecated-declarations]
  210 | static_assert(std::is_pod<AuxillaryParseTableField>::value, "");
      |                    ^~~~~~
/usr/include/c++/13/type_traits:819:5: note: declared here
  819 |     is_pod
      |     ^~~~~~
./google/protobuf/generated_message_table_driven.h:211:20: warning: 'template<class _Tp> struct std::is_pod' is deprecated: use 'is_standard_layout && is_trivial' instead [-Wdeprecated-declarations]
  211 | static_assert(std::is_pod<AuxillaryParseTableField::enum_aux>::value, "");
      |                    ^~~~~~
/usr/include/c++/13/type_traits:819:5: note: declared here
  819 |     is_pod
      |     ^~~~~~
./google/protobuf/generated_message_table_driven.h:212:20: warning: 'template<class _Tp> struct std::is_pod' is deprecated: use 'is_standard_layout && is_trivial' instead [-Wdeprecated-declarations]
  212 | static_assert(std::is_pod<AuxillaryParseTableField::message_aux>::value, "");
      |                    ^~~~~~
/usr/include/c++/13/type_traits:819:5: note: declared here
  819 |     is_pod
      |     ^~~~~~
./google/protobuf/generated_message_table_driven.h:213:20: warning: 'template<class _Tp> struct std::is_pod' is deprecated: use 'is_standard_layout && is_trivial' instead [-Wdeprecated-declarations]
  213 | static_assert(std::is_pod<AuxillaryParseTableField::string_aux>::value, "");
      |                    ^~~~~~
/usr/include/c++/13/type_traits:819:5: note: declared here
  819 |     is_pod
      |     ^~~~~~
./google/protobuf/generated_message_table_driven.h:214:20: warning: 'template<class _Tp> struct std::is_pod' is deprecated: use 'is_standard_layout && is_trivial' instead [-Wdeprecated-declarations]
  214 | static_assert(std::is_pod<ParseTable>::value, "");
      |                    ^~~~~~
/usr/include/c++/13/type_traits:819:5: note: declared here
  819 |     is_pod
      |     ^~~~~~
depbase=`echo google/protobuf/util/internal/protostream_objectwriter.lo | sed 's|[^/]*$|.deps/&|;s|\.lo$||'`;\
/bin/bash ../libtool  --tag=CXX   --mode=compile g++ -std=gnu++20 -DHAVE_CONFIG_H -I. -I..   -I/usr/local/include -pthread -DHAVE_PTHREAD=1 -DHAVE_ZLIB=1 -Wall -Wno-sign-compare  -g -O2 -fstack-protector-strong -Wformat -Werror=format-security -Wdate-time -D_FORTIFY_SOURCE=2 -g -MT google/protobuf/util/internal/protostream_objectwriter.lo -MD -MP -MF $depbase.Tpo -c -o google/protobuf/util/internal/protostream_objectwriter.lo google/protobuf/util/internal/protostream_objectwriter.cc &&\
mv -f $depbase.Tpo $depbase.Plo
libtool: compile:  g++ -std=gnu++20 -DHAVE_CONFIG_H -I. -I.. -I/usr/local/include -pthread -DHAVE_PTHREAD=1 -DHAVE_ZLIB=1 -Wall -Wno-sign-compare -g -O2 -fstack-protector-strong -Wformat -Werror=format-security -Wdate-time -D_FORTIFY_SOURCE=2 -g -MT google/protobuf/util/internal/protostream_objectwriter.lo -MD -MP -MF google/protobuf/util/internal/.deps/protostream_objectwriter.Tpo -c google/protobuf/util/internal/protostream_objectwriter.cc  -fPIC -DPIC -o google/protobuf/util/internal/.libs/protostream_objectwriter.o
In file included from ./google/protobuf/type.pb.h:24,
                 from ./google/protobuf/util/internal/protostream_objectwriter.h:40,
                 from google/protobuf/util/internal/protostream_objectwriter.cc:31:
./google/protobuf/arena.h: In static member function 'static T* google::protobuf::Arena::CreateArray(google::protobuf::Arena*, size_t)':
./google/protobuf/arena.h:338:24: warning: 'template<class _Tp> struct std::is_pod' is deprecated: use 'is_standard_layout && is_trivial' instead [-Wdeprecated-declarations]
  338 |     static_assert(std::is_pod<T>::value,
      |                        ^~~~~~
In file included from /usr/include/c++/13/bits/stl_pair.h:60,
                 from /usr/include/c++/13/bits/stl_algobase.h:64,
                 from /usr/include/c++/13/deque:62,
                 from ./google/protobuf/util/internal/protostream_objectwriter.h:34:
/usr/include/c++/13/type_traits:819:5: note: declared here
  819 |     is_pod
      |     ^~~~~~
In file included from ./google/protobuf/wire_format_lite.h:51,
                 from ./google/protobuf/generated_message_util.h:53,
                 from ./google/protobuf/metadata_lite.h:37,
                 from ./google/protobuf/parse_context.h:41,
                 from ./google/protobuf/map_type_handler.h:34,
                 from ./google/protobuf/map.h:49,
                 from ./google/protobuf/generated_message_table_driven.h:34,
                 from ./google/protobuf/type.pb.h:26:
./google/protobuf/repeated_field.h: At global scope:
./google/protobuf/repeated_field.h:367:20: warning: 'template<class _Tp> struct std::is_pod' is deprecated: use 'is_standard_layout && is_trivial' instead [-Wdeprecated-declarations]
  367 |               std::is_pod<Element>::value>
      |                    ^~~~~~
/usr/include/c++/13/type_traits:819:5: note: declared here
  819 |     is_pod
      |     ^~~~~~
./google/protobuf/repeated_field.h:2494:19: warning: 'template<class _Category, class _Tp, class _Distance, class _Pointer, class _Reference> struct std::iterator' is deprecated [-Wdeprecated-declarations]
 2494 |     : public std::iterator<std::output_iterator_tag, T> {
      |                   ^~~~~~~~
In file included from /usr/include/c++/13/bits/stl_algobase.h:65:
/usr/include/c++/13/bits/stl_iterator_base_types.h:127:34: note: declared here
  127 |     struct _GLIBCXX17_DEPRECATED iterator
      |                                  ^~~~~~~~
./google/protobuf/repeated_field.h:2516:19: warning: 'template<class _Category, class _Tp, class _Distance, class _Pointer, class _Reference> struct std::iterator' is deprecated [-Wdeprecated-declarations]
 2516 |     : public std::iterator<std::output_iterator_tag, T> {
      |                   ^~~~~~~~
/usr/include/c++/13/bits/stl_iterator_base_types.h:127:34: note: declared here
  127 |     struct _GLIBCXX17_DEPRECATED iterator
      |                                  ^~~~~~~~
./google/protobuf/repeated_field.h:2547:19: warning: 'template<class _Category, class _Tp, class _Distance, class _Pointer, class _Reference> struct std::iterator' is deprecated [-Wdeprecated-declarations]
 2547 |     : public std::iterator<std::output_iterator_tag, T> {
      |                   ^~~~~~~~
/usr/include/c++/13/bits/stl_iterator_base_types.h:127:34: note: declared here
  127 |     struct _GLIBCXX17_DEPRECATED iterator
      |                                  ^~~~~~~~
./google/protobuf/repeated_field.h:2571:19: warning: 'template<class _Category, class _Tp, class _Distance, class _Pointer, class _Reference> struct std::iterator' is deprecated [-Wdeprecated-declarations]
 2571 |     : public std::iterator<std::output_iterator_tag, T> {
      |                   ^~~~~~~~
/usr/include/c++/13/bits/stl_iterator_base_types.h:127:34: note: declared here
  127 |     struct _GLIBCXX17_DEPRECATED iterator
      |                                  ^~~~~~~~
./google/protobuf/generated_message_table_driven.h:209:20: warning: 'template<class _Tp> struct std::is_pod' is deprecated: use 'is_standard_layout && is_trivial' instead [-Wdeprecated-declarations]
  209 | static_assert(std::is_pod<ParseTableField>::value, "");
      |                    ^~~~~~
/usr/include/c++/13/type_traits:819:5: note: declared here
  819 |     is_pod
      |     ^~~~~~
./google/protobuf/generated_message_table_driven.h:210:20: warning: 'template<class _Tp> struct std::is_pod' is deprecated: use 'is_standard_layout && is_trivial' instead [-Wdeprecated-declarations]
  210 | static_assert(std::is_pod<AuxillaryParseTableField>::value, "");
      |                    ^~~~~~
/usr/include/c++/13/type_traits:819:5: note: declared here
  819 |     is_pod
      |     ^~~~~~
./google/protobuf/generated_message_table_driven.h:211:20: warning: 'template<class _Tp> struct std::is_pod' is deprecated: use 'is_standard_layout && is_trivial' instead [-Wdeprecated-declarations]
  211 | static_assert(std::is_pod<AuxillaryParseTableField::enum_aux>::value, "");
      |                    ^~~~~~
/usr/include/c++/13/type_traits:819:5: note: declared here
  819 |     is_pod
      |     ^~~~~~
./google/protobuf/generated_message_table_driven.h:212:20: warning: 'template<class _Tp> struct std::is_pod' is deprecated: use 'is_standard_layout && is_trivial' instead [-Wdeprecated-declarations]
  212 | static_assert(std::is_pod<AuxillaryParseTableField::message_aux>::value, "");
      |                    ^~~~~~
/usr/include/c++/13/type_traits:819:5: note: declared here
  819 |     is_pod
      |     ^~~~~~
./google/protobuf/generated_message_table_driven.h:213:20: warning: 'template<class _Tp> struct std::is_pod' is deprecated: use 'is_standard_layout && is_trivial' instead [-Wdeprecated-declarations]
  213 | static_assert(std::is_pod<AuxillaryParseTableField::string_aux>::value, "");
      |                    ^~~~~~
/usr/include/c++/13/type_traits:819:5: note: declared here
  819 |     is_pod
      |     ^~~~~~
./google/protobuf/generated_message_table_driven.h:214:20: warning: 'template<class _Tp> struct std::is_pod' is deprecated: use 'is_standard_layout && is_trivial' instead [-Wdeprecated-declarations]
  214 | static_assert(std::is_pod<ParseTable>::value, "");
      |                    ^~~~~~
/usr/include/c++/13/type_traits:819:5: note: declared here
  819 |     is_pod
      |     ^~~~~~
depbase=`echo google/protobuf/util/internal/proto_writer.lo | sed 's|[^/]*$|.deps/&|;s|\.lo$||'`;\
/bin/bash ../libtool  --tag=CXX   --mode=compile g++ -std=gnu++20 -DHAVE_CONFIG_H -I. -I..   -I/usr/local/include -pthread -DHAVE_PTHREAD=1 -DHAVE_ZLIB=1 -Wall -Wno-sign-compare  -g -O2 -fstack-protector-strong -Wformat -Werror=format-security -Wdate-time -D_FORTIFY_SOURCE=2 -g -MT google/protobuf/util/internal/proto_writer.lo -MD -MP -MF $depbase.Tpo -c -o google/protobuf/util/internal/proto_writer.lo google/protobuf/util/internal/proto_writer.cc &&\
mv -f $depbase.Tpo $depbase.Plo
libtool: compile:  g++ -std=gnu++20 -DHAVE_CONFIG_H -I. -I.. -I/usr/local/include -pthread -DHAVE_PTHREAD=1 -DHAVE_ZLIB=1 -Wall -Wno-sign-compare -g -O2 -fstack-protector-strong -Wformat -Werror=format-security -Wdate-time -D_FORTIFY_SOURCE=2 -g -MT google/protobuf/util/internal/proto_writer.lo -MD -MP -MF google/protobuf/util/internal/.deps/proto_writer.Tpo -c google/protobuf/util/internal/proto_writer.cc  -fPIC -DPIC -o google/protobuf/util/internal/.libs/proto_writer.o
In file included from ./google/protobuf/type.pb.h:24,
                 from ./google/protobuf/util/internal/proto_writer.h:39,
                 from google/protobuf/util/internal/proto_writer.cc:31:
./google/protobuf/arena.h: In static member function 'static T* google::protobuf::Arena::CreateArray(google::protobuf::Arena*, size_t)':
./google/protobuf/arena.h:338:24: warning: 'template<class _Tp> struct std::is_pod' is deprecated: use 'is_standard_layout && is_trivial' instead [-Wdeprecated-declarations]
  338 |     static_assert(std::is_pod<T>::value,
      |                        ^~~~~~
In file included from /usr/include/c++/13/bits/stl_pair.h:60,
                 from /usr/include/c++/13/bits/stl_algobase.h:64,
                 from /usr/include/c++/13/deque:62,
                 from ./google/protobuf/util/internal/proto_writer.h:34:
/usr/include/c++/13/type_traits:819:5: note: declared here
  819 |     is_pod
      |     ^~~~~~
In file included from ./google/protobuf/wire_format_lite.h:51,
                 from ./google/protobuf/generated_message_util.h:53,
                 from ./google/protobuf/metadata_lite.h:37,
                 from ./google/protobuf/parse_context.h:41,
                 from ./google/protobuf/map_type_handler.h:34,
                 from ./google/protobuf/map.h:49,
                 from ./google/protobuf/generated_message_table_driven.h:34,
                 from ./google/protobuf/type.pb.h:26:
./google/protobuf/repeated_field.h: At global scope:
./google/protobuf/repeated_field.h:367:20: warning: 'template<class _Tp> struct std::is_pod' is deprecated: use 'is_standard_layout && is_trivial' instead [-Wdeprecated-declarations]
  367 |               std::is_pod<Element>::value>
      |                    ^~~~~~
/usr/include/c++/13/type_traits:819:5: note: declared here
  819 |     is_pod
      |     ^~~~~~
./google/protobuf/repeated_field.h:2494:19: warning: 'template<class _Category, class _Tp, class _Distance, class _Pointer, class _Reference> struct std::iterator' is deprecated [-Wdeprecated-declarations]
 2494 |     : public std::iterator<std::output_iterator_tag, T> {
      |                   ^~~~~~~~
In file included from /usr/include/c++/13/bits/stl_algobase.h:65:
/usr/include/c++/13/bits/stl_iterator_base_types.h:127:34: note: declared here
  127 |     struct _GLIBCXX17_DEPRECATED iterator
      |                                  ^~~~~~~~
./google/protobuf/repeated_field.h:2516:19: warning: 'template<class _Category, class _Tp, class _Distance, class _Pointer, class _Reference> struct std::iterator' is deprecated [-Wdeprecated-declarations]
 2516 |     : public std::iterator<std::output_iterator_tag, T> {
      |                   ^~~~~~~~
/usr/include/c++/13/bits/stl_iterator_base_types.h:127:34: note: declared here
  127 |     struct _GLIBCXX17_DEPRECATED iterator
      |                                  ^~~~~~~~
./google/protobuf/repeated_field.h:2547:19: warning: 'template<class _Category, class _Tp, class _Distance, class _Pointer, class _Reference> struct std::iterator' is deprecated [-Wdeprecated-declarations]
 2547 |     : public std::iterator<std::output_iterator_tag, T> {
      |                   ^~~~~~~~
/usr/include/c++/13/bits/stl_iterator_base_types.h:127:34: note: declared here
  127 |     struct _GLIBCXX17_DEPRECATED iterator
      |                                  ^~~~~~~~
./google/protobuf/repeated_field.h:2571:19: warning: 'template<class _Category, class _Tp, class _Distance, class _Pointer, class _Reference> struct std::iterator' is deprecated [-Wdeprecated-declarations]
 2571 |     : public std::iterator<std::output_iterator_tag, T> {
      |                   ^~~~~~~~
/usr/include/c++/13/bits/stl_iterator_base_types.h:127:34: note: declared here
  127 |     struct _GLIBCXX17_DEPRECATED iterator
      |                                  ^~~~~~~~
./google/protobuf/generated_message_table_driven.h:209:20: warning: 'template<class _Tp> struct std::is_pod' is deprecated: use 'is_standard_layout && is_trivial' instead [-Wdeprecated-declarations]
  209 | static_assert(std::is_pod<ParseTableField>::value, "");
      |                    ^~~~~~
/usr/include/c++/13/type_traits:819:5: note: declared here
  819 |     is_pod
      |     ^~~~~~
./google/protobuf/generated_message_table_driven.h:210:20: warning: 'template<class _Tp> struct std::is_pod' is deprecated: use 'is_standard_layout && is_trivial' instead [-Wdeprecated-declarations]
  210 | static_assert(std::is_pod<AuxillaryParseTableField>::value, "");
      |                    ^~~~~~
/usr/include/c++/13/type_traits:819:5: note: declared here
  819 |     is_pod
      |     ^~~~~~
./google/protobuf/generated_message_table_driven.h:211:20: warning: 'template<class _Tp> struct std::is_pod' is deprecated: use 'is_standard_layout && is_trivial' instead [-Wdeprecated-declarations]
  211 | static_assert(std::is_pod<AuxillaryParseTableField::enum_aux>::value, "");
      |                    ^~~~~~
/usr/include/c++/13/type_traits:819:5: note: declared here
  819 |     is_pod
      |     ^~~~~~
./google/protobuf/generated_message_table_driven.h:212:20: warning: 'template<class _Tp> struct std::is_pod' is deprecated: use 'is_standard_layout && is_trivial' instead [-Wdeprecated-declarations]
  212 | static_assert(std::is_pod<AuxillaryParseTableField::message_aux>::value, "");
      |                    ^~~~~~
/usr/include/c++/13/type_traits:819:5: note: declared here
  819 |     is_pod
      |     ^~~~~~
./google/protobuf/generated_message_table_driven.h:213:20: warning: 'template<class _Tp> struct std::is_pod' is deprecated: use 'is_standard_layout && is_trivial' instead [-Wdeprecated-declarations]
  213 | static_assert(std::is_pod<AuxillaryParseTableField::string_aux>::value, "");
      |                    ^~~~~~
/usr/include/c++/13/type_traits:819:5: note: declared here
  819 |     is_pod
      |     ^~~~~~
./google/protobuf/generated_message_table_driven.h:214:20: warning: 'template<class _Tp> struct std::is_pod' is deprecated: use 'is_standard_layout && is_trivial' instead [-Wdeprecated-declarations]
  214 | static_assert(std::is_pod<ParseTable>::value, "");
      |                    ^~~~~~
/usr/include/c++/13/type_traits:819:5: note: declared here
  819 |     is_pod
      |     ^~~~~~
depbase=`echo google/protobuf/util/internal/type_info.lo | sed 's|[^/]*$|.deps/&|;s|\.lo$||'`;\
/bin/bash ../libtool  --tag=CXX   --mode=compile g++ -std=gnu++20 -DHAVE_CONFIG_H -I. -I..   -I/usr/local/include -pthread -DHAVE_PTHREAD=1 -DHAVE_ZLIB=1 -Wall -Wno-sign-compare  -g -O2 -fstack-protector-strong -Wformat -Werror=format-security -Wdate-time -D_FORTIFY_SOURCE=2 -g -MT google/protobuf/util/internal/type_info.lo -MD -MP -MF $depbase.Tpo -c -o google/protobuf/util/internal/type_info.lo google/protobuf/util/internal/type_info.cc &&\
mv -f $depbase.Tpo $depbase.Plo
libtool: compile:  g++ -std=gnu++20 -DHAVE_CONFIG_H -I. -I.. -I/usr/local/include -pthread -DHAVE_PTHREAD=1 -DHAVE_ZLIB=1 -Wall -Wno-sign-compare -g -O2 -fstack-protector-strong -Wformat -Werror=format-security -Wdate-time -D_FORTIFY_SOURCE=2 -g -MT google/protobuf/util/internal/type_info.lo -MD -MP -MF google/protobuf/util/internal/.deps/type_info.Tpo -c google/protobuf/util/internal/type_info.cc  -fPIC -DPIC -o google/protobuf/util/internal/.libs/type_info.o
In file included from ./google/protobuf/type.pb.h:24,
                 from ./google/protobuf/util/internal/type_info.h:35,
                 from google/protobuf/util/internal/type_info.cc:31:
./google/protobuf/arena.h: In static member function 'static T* google::protobuf::Arena::CreateArray(google::protobuf::Arena*, size_t)':
./google/protobuf/arena.h:338:24: warning: 'template<class _Tp> struct std::is_pod' is deprecated: use 'is_standard_layout && is_trivial' instead [-Wdeprecated-declarations]
  338 |     static_assert(std::is_pod<T>::value,
      |                        ^~~~~~
In file included from /usr/include/c++/13/bits/stl_pair.h:60,
                 from /usr/include/c++/13/bits/stl_algobase.h:64,
                 from /usr/include/c++/13/algorithm:60,
                 from ./google/protobuf/stubs/common.h:38,
                 from ./google/protobuf/util/internal/type_info.h:34:
/usr/include/c++/13/type_traits:819:5: note: declared here
  819 |     is_pod
      |     ^~~~~~
In file included from ./google/protobuf/wire_format_lite.h:51,
                 from ./google/protobuf/generated_message_util.h:53,
                 from ./google/protobuf/metadata_lite.h:37,
                 from ./google/protobuf/parse_context.h:41,
                 from ./google/protobuf/map_type_handler.h:34,
                 from ./google/protobuf/map.h:49,
                 from ./google/protobuf/generated_message_table_driven.h:34,
                 from ./google/protobuf/type.pb.h:26:
./google/protobuf/repeated_field.h: At global scope:
./google/protobuf/repeated_field.h:367:20: warning: 'template<class _Tp> struct std::is_pod' is deprecated: use 'is_standard_layout && is_trivial' instead [-Wdeprecated-declarations]
  367 |               std::is_pod<Element>::value>
      |                    ^~~~~~
/usr/include/c++/13/type_traits:819:5: note: declared here
  819 |     is_pod
      |     ^~~~~~
./google/protobuf/repeated_field.h:2494:19: warning: 'template<class _Category, class _Tp, class _Distance, class _Pointer, class _Reference> struct std::iterator' is deprecated [-Wdeprecated-declarations]
 2494 |     : public std::iterator<std::output_iterator_tag, T> {
      |                   ^~~~~~~~
In file included from /usr/include/c++/13/bits/stl_algobase.h:65:
/usr/include/c++/13/bits/stl_iterator_base_types.h:127:34: note: declared here
  127 |     struct _GLIBCXX17_DEPRECATED iterator
      |                                  ^~~~~~~~
./google/protobuf/repeated_field.h:2516:19: warning: 'template<class _Category, class _Tp, class _Distance, class _Pointer, class _Reference> struct std::iterator' is deprecated [-Wdeprecated-declarations]
 2516 |     : public std::iterator<std::output_iterator_tag, T> {
      |                   ^~~~~~~~
/usr/include/c++/13/bits/stl_iterator_base_types.h:127:34: note: declared here
  127 |     struct _GLIBCXX17_DEPRECATED iterator
      |                                  ^~~~~~~~
./google/protobuf/repeated_field.h:2547:19: warning: 'template<class _Category, class _Tp, class _Distance, class _Pointer, class _Reference> struct std::iterator' is deprecated [-Wdeprecated-declarations]
 2547 |     : public std::iterator<std::output_iterator_tag, T> {
      |                   ^~~~~~~~
/usr/include/c++/13/bits/stl_iterator_base_types.h:127:34: note: declared here
  127 |     struct _GLIBCXX17_DEPRECATED iterator
      |                                  ^~~~~~~~
./google/protobuf/repeated_field.h:2571:19: warning: 'template<class _Category, class _Tp, class _Distance, class _Pointer, class _Reference> struct std::iterator' is deprecated [-Wdeprecated-declarations]
 2571 |     : public std::iterator<std::output_iterator_tag, T> {
      |                   ^~~~~~~~
/usr/include/c++/13/bits/stl_iterator_base_types.h:127:34: note: declared here
  127 |     struct _GLIBCXX17_DEPRECATED iterator
      |                                  ^~~~~~~~
./google/protobuf/generated_message_table_driven.h:209:20: warning: 'template<class _Tp> struct std::is_pod' is deprecated: use 'is_standard_layout && is_trivial' instead [-Wdeprecated-declarations]
  209 | static_assert(std::is_pod<ParseTableField>::value, "");
      |                    ^~~~~~
/usr/include/c++/13/type_traits:819:5: note: declared here
  819 |     is_pod
      |     ^~~~~~
./google/protobuf/generated_message_table_driven.h:210:20: warning: 'template<class _Tp> struct std::is_pod' is deprecated: use 'is_standard_layout && is_trivial' instead [-Wdeprecated-declarations]
  210 | static_assert(std::is_pod<AuxillaryParseTableField>::value, "");
      |                    ^~~~~~
/usr/include/c++/13/type_traits:819:5: note: declared here
  819 |     is_pod
      |     ^~~~~~
./google/protobuf/generated_message_table_driven.h:211:20: warning: 'template<class _Tp> struct std::is_pod' is deprecated: use 'is_standard_layout && is_trivial' instead [-Wdeprecated-declarations]
  211 | static_assert(std::is_pod<AuxillaryParseTableField::enum_aux>::value, "");
      |                    ^~~~~~
/usr/include/c++/13/type_traits:819:5: note: declared here
  819 |     is_pod
      |     ^~~~~~
./google/protobuf/generated_message_table_driven.h:212:20: warning: 'template<class _Tp> struct std::is_pod' is deprecated: use 'is_standard_layout && is_trivial' instead [-Wdeprecated-declarations]
  212 | static_assert(std::is_pod<AuxillaryParseTableField::message_aux>::value, "");
      |                    ^~~~~~
/usr/include/c++/13/type_traits:819:5: note: declared here
  819 |     is_pod
      |     ^~~~~~
./google/protobuf/generated_message_table_driven.h:213:20: warning: 'template<class _Tp> struct std::is_pod' is deprecated: use 'is_standard_layout && is_trivial' instead [-Wdeprecated-declarations]
  213 | static_assert(std::is_pod<AuxillaryParseTableField::string_aux>::value, "");
      |                    ^~~~~~
/usr/include/c++/13/type_traits:819:5: note: declared here
  819 |     is_pod
      |     ^~~~~~
./google/protobuf/generated_message_table_driven.h:214:20: warning: 'template<class _Tp> struct std::is_pod' is deprecated: use 'is_standard_layout && is_trivial' instead [-Wdeprecated-declarations]
  214 | static_assert(std::is_pod<ParseTable>::value, "");
      |                    ^~~~~~
/usr/include/c++/13/type_traits:819:5: note: declared here
  819 |     is_pod
      |     ^~~~~~
depbase=`echo google/protobuf/util/internal/type_info_test_helper.lo | sed 's|[^/]*$|.deps/&|;s|\.lo$||'`;\
/bin/bash ../libtool  --tag=CXX   --mode=compile g++ -std=gnu++20 -DHAVE_CONFIG_H -I. -I..   -I/usr/local/include -pthread -DHAVE_PTHREAD=1 -DHAVE_ZLIB=1 -Wall -Wno-sign-compare  -g -O2 -fstack-protector-strong -Wformat -Werror=format-security -Wdate-time -D_FORTIFY_SOURCE=2 -g -MT google/protobuf/util/internal/type_info_test_helper.lo -MD -MP -MF $depbase.Tpo -c -o google/protobuf/util/internal/type_info_test_helper.lo google/protobuf/util/internal/type_info_test_helper.cc &&\
mv -f $depbase.Tpo $depbase.Plo
libtool: compile:  g++ -std=gnu++20 -DHAVE_CONFIG_H -I. -I.. -I/usr/local/include -pthread -DHAVE_PTHREAD=1 -DHAVE_ZLIB=1 -Wall -Wno-sign-compare -g -O2 -fstack-protector-strong -Wformat -Werror=format-security -Wdate-time -D_FORTIFY_SOURCE=2 -g -MT google/protobuf/util/internal/type_info_test_helper.lo -MD -MP -MF google/protobuf/util/internal/.deps/type_info_test_helper.Tpo -c google/protobuf/util/internal/type_info_test_helper.cc  -fPIC -DPIC -o google/protobuf/util/internal/.libs/type_info_test_helper.o
In file included from ./google/protobuf/type.pb.h:24,
                 from ./google/protobuf/util/internal/type_info.h:35,
                 from ./google/protobuf/util/internal/default_value_objectwriter.h:40,
                 from ./google/protobuf/util/internal/type_info_test_helper.h:39,
                 from google/protobuf/util/internal/type_info_test_helper.cc:31:
./google/protobuf/arena.h: In static member function 'static T* google::protobuf::Arena::CreateArray(google::protobuf::Arena*, size_t)':
./google/protobuf/arena.h:338:24: warning: 'template<class _Tp> struct std::is_pod' is deprecated: use 'is_standard_layout && is_trivial' instead [-Wdeprecated-declarations]
  338 |     static_assert(std::is_pod<T>::value,
      |                        ^~~~~~
In file included from /usr/include/c++/13/bits/move.h:37,
                 from /usr/include/c++/13/bits/new_allocator.h:36,
                 from /usr/include/x86_64-linux-gnu/c++/13/bits/c++allocator.h:33,
                 from /usr/include/c++/13/bits/allocator.h:46,
                 from /usr/include/c++/13/memory:65,
                 from ./google/protobuf/util/internal/type_info_test_helper.h:34:
/usr/include/c++/13/type_traits:819:5: note: declared here
  819 |     is_pod
      |     ^~~~~~
In file included from ./google/protobuf/wire_format_lite.h:51,
                 from ./google/protobuf/generated_message_util.h:53,
                 from ./google/protobuf/metadata_lite.h:37,
                 from ./google/protobuf/parse_context.h:41,
                 from ./google/protobuf/map_type_handler.h:34,
                 from ./google/protobuf/map.h:49,
                 from ./google/protobuf/generated_message_table_driven.h:34,
                 from ./google/protobuf/type.pb.h:26:
./google/protobuf/repeated_field.h: At global scope:
./google/protobuf/repeated_field.h:367:20: warning: 'template<class _Tp> struct std::is_pod' is deprecated: use 'is_standard_layout && is_trivial' instead [-Wdeprecated-declarations]
  367 |               std::is_pod<Element>::value>
      |                    ^~~~~~
/usr/include/c++/13/type_traits:819:5: note: declared here
  819 |     is_pod
      |     ^~~~~~
./google/protobuf/repeated_field.h:2494:19: warning: 'template<class _Category, class _Tp, class _Distance, class _Pointer, class _Reference> struct std::iterator' is deprecated [-Wdeprecated-declarations]
 2494 |     : public std::iterator<std::output_iterator_tag, T> {
      |                   ^~~~~~~~
In file included from /usr/include/c++/13/bits/stl_construct.h:61,
                 from /usr/include/c++/13/bits/stl_tempbuf.h:61,
                 from /usr/include/c++/13/memory:66:
/usr/include/c++/13/bits/stl_iterator_base_types.h:127:34: note: declared here
  127 |     struct _GLIBCXX17_DEPRECATED iterator
      |                                  ^~~~~~~~
./google/protobuf/repeated_field.h:2516:19: warning: 'template<class _Category, class _Tp, class _Distance, class _Pointer, class _Reference> struct std::iterator' is deprecated [-Wdeprecated-declarations]
 2516 |     : public std::iterator<std::output_iterator_tag, T> {
      |                   ^~~~~~~~
/usr/include/c++/13/bits/stl_iterator_base_types.h:127:34: note: declared here
  127 |     struct _GLIBCXX17_DEPRECATED iterator
      |                                  ^~~~~~~~
./google/protobuf/repeated_field.h:2547:19: warning: 'template<class _Category, class _Tp, class _Distance, class _Pointer, class _Reference> struct std::iterator' is deprecated [-Wdeprecated-declarations]
 2547 |     : public std::iterator<std::output_iterator_tag, T> {
      |                   ^~~~~~~~
/usr/include/c++/13/bits/stl_iterator_base_types.h:127:34: note: declared here
  127 |     struct _GLIBCXX17_DEPRECATED iterator
      |                                  ^~~~~~~~
./google/protobuf/repeated_field.h:2571:19: warning: 'template<class _Category, class _Tp, class _Distance, class _Pointer, class _Reference> struct std::iterator' is deprecated [-Wdeprecated-declarations]
 2571 |     : public std::iterator<std::output_iterator_tag, T> {
      |                   ^~~~~~~~
/usr/include/c++/13/bits/stl_iterator_base_types.h:127:34: note: declared here
  127 |     struct _GLIBCXX17_DEPRECATED iterator
      |                                  ^~~~~~~~
./google/protobuf/generated_message_table_driven.h:209:20: warning: 'template<class _Tp> struct std::is_pod' is deprecated: use 'is_standard_layout && is_trivial' instead [-Wdeprecated-declarations]
  209 | static_assert(std::is_pod<ParseTableField>::value, "");
      |                    ^~~~~~
/usr/include/c++/13/type_traits:819:5: note: declared here
  819 |     is_pod
      |     ^~~~~~
./google/protobuf/generated_message_table_driven.h:210:20: warning: 'template<class _Tp> struct std::is_pod' is deprecated: use 'is_standard_layout && is_trivial' instead [-Wdeprecated-declarations]
  210 | static_assert(std::is_pod<AuxillaryParseTableField>::value, "");
      |                    ^~~~~~
/usr/include/c++/13/type_traits:819:5: note: declared here
  819 |     is_pod
      |     ^~~~~~
./google/protobuf/generated_message_table_driven.h:211:20: warning: 'template<class _Tp> struct std::is_pod' is deprecated: use 'is_standard_layout && is_trivial' instead [-Wdeprecated-declarations]
  211 | static_assert(std::is_pod<AuxillaryParseTableField::enum_aux>::value, "");
      |                    ^~~~~~
/usr/include/c++/13/type_traits:819:5: note: declared here
  819 |     is_pod
      |     ^~~~~~
./google/protobuf/generated_message_table_driven.h:212:20: warning: 'template<class _Tp> struct std::is_pod' is deprecated: use 'is_standard_layout && is_trivial' instead [-Wdeprecated-declarations]
  212 | static_assert(std::is_pod<AuxillaryParseTableField::message_aux>::value, "");
      |                    ^~~~~~
/usr/include/c++/13/type_traits:819:5: note: declared here
  819 |     is_pod
      |     ^~~~~~
./google/protobuf/generated_message_table_driven.h:213:20: warning: 'template<class _Tp> struct std::is_pod' is deprecated: use 'is_standard_layout && is_trivial' instead [-Wdeprecated-declarations]
  213 | static_assert(std::is_pod<AuxillaryParseTableField::string_aux>::value, "");
      |                    ^~~~~~
/usr/include/c++/13/type_traits:819:5: note: declared here
  819 |     is_pod
      |     ^~~~~~
./google/protobuf/generated_message_table_driven.h:214:20: warning: 'template<class _Tp> struct std::is_pod' is deprecated: use 'is_standard_layout && is_trivial' instead [-Wdeprecated-declarations]
  214 | static_assert(std::is_pod<ParseTable>::value, "");
      |                    ^~~~~~
/usr/include/c++/13/type_traits:819:5: note: declared here
  819 |     is_pod
      |     ^~~~~~
depbase=`echo google/protobuf/util/internal/utility.lo | sed 's|[^/]*$|.deps/&|;s|\.lo$||'`;\
/bin/bash ../libtool  --tag=CXX   --mode=compile g++ -std=gnu++20 -DHAVE_CONFIG_H -I. -I..   -I/usr/local/include -pthread -DHAVE_PTHREAD=1 -DHAVE_ZLIB=1 -Wall -Wno-sign-compare  -g -O2 -fstack-protector-strong -Wformat -Werror=format-security -Wdate-time -D_FORTIFY_SOURCE=2 -g -MT google/protobuf/util/internal/utility.lo -MD -MP -MF $depbase.Tpo -c -o google/protobuf/util/internal/utility.lo google/protobuf/util/internal/utility.cc &&\
mv -f $depbase.Tpo $depbase.Plo
libtool: compile:  g++ -std=gnu++20 -DHAVE_CONFIG_H -I. -I.. -I/usr/local/include -pthread -DHAVE_PTHREAD=1 -DHAVE_ZLIB=1 -Wall -Wno-sign-compare -g -O2 -fstack-protector-strong -Wformat -Werror=format-security -Wdate-time -D_FORTIFY_SOURCE=2 -g -MT google/protobuf/util/internal/utility.lo -MD -MP -MF google/protobuf/util/internal/.deps/utility.Tpo -c google/protobuf/util/internal/utility.cc  -fPIC -DPIC -o google/protobuf/util/internal/.libs/utility.o
In file included from ./google/protobuf/any.pb.h:24,
                 from ./google/protobuf/util/internal/utility.h:40,
                 from google/protobuf/util/internal/utility.cc:31:
./google/protobuf/arena.h: In static member function 'static T* google::protobuf::Arena::CreateArray(google::protobuf::Arena*, size_t)':
./google/protobuf/arena.h:338:24: warning: 'template<class _Tp> struct std::is_pod' is deprecated: use 'is_standard_layout && is_trivial' instead [-Wdeprecated-declarations]
  338 |     static_assert(std::is_pod<T>::value,
      |                        ^~~~~~
In file included from /usr/include/c++/13/bits/move.h:37,
                 from /usr/include/c++/13/bits/new_allocator.h:36,
                 from /usr/include/x86_64-linux-gnu/c++/13/bits/c++allocator.h:33,
                 from /usr/include/c++/13/bits/allocator.h:46,
                 from /usr/include/c++/13/memory:65,
                 from ./google/protobuf/util/internal/utility.h:34:
/usr/include/c++/13/type_traits:819:5: note: declared here
  819 |     is_pod
      |     ^~~~~~
In file included from ./google/protobuf/wire_format_lite.h:51,
                 from ./google/protobuf/generated_message_util.h:53,
                 from ./google/protobuf/metadata_lite.h:37,
                 from ./google/protobuf/parse_context.h:41,
                 from ./google/protobuf/map_type_handler.h:34,
                 from ./google/protobuf/map.h:49,
                 from ./google/protobuf/generated_message_table_driven.h:34,
                 from ./google/protobuf/any.pb.h:26:
./google/protobuf/repeated_field.h: At global scope:
./google/protobuf/repeated_field.h:367:20: warning: 'template<class _Tp> struct std::is_pod' is deprecated: use 'is_standard_layout && is_trivial' instead [-Wdeprecated-declarations]
  367 |               std::is_pod<Element>::value>
      |                    ^~~~~~
/usr/include/c++/13/type_traits:819:5: note: declared here
  819 |     is_pod
      |     ^~~~~~
./google/protobuf/repeated_field.h:2494:19: warning: 'template<class _Category, class _Tp, class _Distance, class _Pointer, class _Reference> struct std::iterator' is deprecated [-Wdeprecated-declarations]
 2494 |     : public std::iterator<std::output_iterator_tag, T> {
      |                   ^~~~~~~~
In file included from /usr/include/c++/13/bits/stl_construct.h:61,
                 from /usr/include/c++/13/bits/stl_tempbuf.h:61,
                 from /usr/include/c++/13/memory:66:
/usr/include/c++/13/bits/stl_iterator_base_types.h:127:34: note: declared here
  127 |     struct _GLIBCXX17_DEPRECATED iterator
      |                                  ^~~~~~~~
./google/protobuf/repeated_field.h:2516:19: warning: 'template<class _Category, class _Tp, class _Distance, class _Pointer, class _Reference> struct std::iterator' is deprecated [-Wdeprecated-declarations]
 2516 |     : public std::iterator<std::output_iterator_tag, T> {
      |                   ^~~~~~~~
/usr/include/c++/13/bits/stl_iterator_base_types.h:127:34: note: declared here
  127 |     struct _GLIBCXX17_DEPRECATED iterator
      |                                  ^~~~~~~~
./google/protobuf/repeated_field.h:2547:19: warning: 'template<class _Category, class _Tp, class _Distance, class _Pointer, class _Reference> struct std::iterator' is deprecated [-Wdeprecated-declarations]
 2547 |     : public std::iterator<std::output_iterator_tag, T> {
      |                   ^~~~~~~~
/usr/include/c++/13/bits/stl_iterator_base_types.h:127:34: note: declared here
  127 |     struct _GLIBCXX17_DEPRECATED iterator
      |                                  ^~~~~~~~
./google/protobuf/repeated_field.h:2571:19: warning: 'template<class _Category, class _Tp, class _Distance, class _Pointer, class _Reference> struct std::iterator' is deprecated [-Wdeprecated-declarations]
 2571 |     : public std::iterator<std::output_iterator_tag, T> {
      |                   ^~~~~~~~
/usr/include/c++/13/bits/stl_iterator_base_types.h:127:34: note: declared here
  127 |     struct _GLIBCXX17_DEPRECATED iterator
      |                                  ^~~~~~~~
./google/protobuf/generated_message_table_driven.h:209:20: warning: 'template<class _Tp> struct std::is_pod' is deprecated: use 'is_standard_layout && is_trivial' instead [-Wdeprecated-declarations]
  209 | static_assert(std::is_pod<ParseTableField>::value, "");
      |                    ^~~~~~
/usr/include/c++/13/type_traits:819:5: note: declared here
  819 |     is_pod
      |     ^~~~~~
./google/protobuf/generated_message_table_driven.h:210:20: warning: 'template<class _Tp> struct std::is_pod' is deprecated: use 'is_standard_layout && is_trivial' instead [-Wdeprecated-declarations]
  210 | static_assert(std::is_pod<AuxillaryParseTableField>::value, "");
      |                    ^~~~~~
/usr/include/c++/13/type_traits:819:5: note: declared here
  819 |     is_pod
      |     ^~~~~~
./google/protobuf/generated_message_table_driven.h:211:20: warning: 'template<class _Tp> struct std::is_pod' is deprecated: use 'is_standard_layout && is_trivial' instead [-Wdeprecated-declarations]
  211 | static_assert(std::is_pod<AuxillaryParseTableField::enum_aux>::value, "");
      |                    ^~~~~~
/usr/include/c++/13/type_traits:819:5: note: declared here
  819 |     is_pod
      |     ^~~~~~
./google/protobuf/generated_message_table_driven.h:212:20: warning: 'template<class _Tp> struct std::is_pod' is deprecated: use 'is_standard_layout && is_trivial' instead [-Wdeprecated-declarations]
  212 | static_assert(std::is_pod<AuxillaryParseTableField::message_aux>::value, "");
      |                    ^~~~~~
/usr/include/c++/13/type_traits:819:5: note: declared here
  819 |     is_pod
      |     ^~~~~~
./google/protobuf/generated_message_table_driven.h:213:20: warning: 'template<class _Tp> struct std::is_pod' is deprecated: use 'is_standard_layout && is_trivial' instead [-Wdeprecated-declarations]
  213 | static_assert(std::is_pod<AuxillaryParseTableField::string_aux>::value, "");
      |                    ^~~~~~
/usr/include/c++/13/type_traits:819:5: note: declared here
  819 |     is_pod
      |     ^~~~~~
./google/protobuf/generated_message_table_driven.h:214:20: warning: 'template<class _Tp> struct std::is_pod' is deprecated: use 'is_standard_layout && is_trivial' instead [-Wdeprecated-declarations]
  214 | static_assert(std::is_pod<ParseTable>::value, "");
      |                    ^~~~~~
/usr/include/c++/13/type_traits:819:5: note: declared here
  819 |     is_pod
      |     ^~~~~~
depbase=`echo google/protobuf/util/json_util.lo | sed 's|[^/]*$|.deps/&|;s|\.lo$||'`;\
/bin/bash ../libtool  --tag=CXX   --mode=compile g++ -std=gnu++20 -DHAVE_CONFIG_H -I. -I..   -I/usr/local/include -pthread -DHAVE_PTHREAD=1 -DHAVE_ZLIB=1 -Wall -Wno-sign-compare  -g -O2 -fstack-protector-strong -Wformat -Werror=format-security -Wdate-time -D_FORTIFY_SOURCE=2 -g -MT google/protobuf/util/json_util.lo -MD -MP -MF $depbase.Tpo -c -o google/protobuf/util/json_util.lo google/protobuf/util/json_util.cc &&\
mv -f $depbase.Tpo $depbase.Plo
libtool: compile:  g++ -std=gnu++20 -DHAVE_CONFIG_H -I. -I.. -I/usr/local/include -pthread -DHAVE_PTHREAD=1 -DHAVE_ZLIB=1 -Wall -Wno-sign-compare -g -O2 -fstack-protector-strong -Wformat -Werror=format-security -Wdate-time -D_FORTIFY_SOURCE=2 -g -MT google/protobuf/util/json_util.lo -MD -MP -MF google/protobuf/util/.deps/json_util.Tpo -c google/protobuf/util/json_util.cc  -fPIC -DPIC -o google/protobuf/util/.libs/json_util.o
In file included from ./google/protobuf/message.h:120,
                 from ./google/protobuf/util/json_util.h:36,
                 from google/protobuf/util/json_util.cc:31:
./google/protobuf/arena.h: In static member function 'static T* google::protobuf::Arena::CreateArray(google::protobuf::Arena*, size_t)':
./google/protobuf/arena.h:338:24: warning: 'template<class _Tp> struct std::is_pod' is deprecated: use 'is_standard_layout && is_trivial' instead [-Wdeprecated-declarations]
  338 |     static_assert(std::is_pod<T>::value,
      |                        ^~~~~~
In file included from /usr/include/c++/13/bits/char_traits.h:50,
                 from /usr/include/c++/13/string:42,
                 from ./google/protobuf/message.h:114:
/usr/include/c++/13/type_traits:819:5: note: declared here
  819 |     is_pod
      |     ^~~~~~
In file included from ./google/protobuf/wire_format_lite.h:51,
                 from ./google/protobuf/generated_message_util.h:53,
                 from ./google/protobuf/metadata_lite.h:37,
                 from ./google/protobuf/parse_context.h:41,
                 from ./google/protobuf/map_type_handler.h:34,
                 from ./google/protobuf/map.h:49,
                 from ./google/protobuf/generated_message_table_driven.h:34,
                 from ./google/protobuf/type.pb.h:26,
                 from ./google/protobuf/util/type_resolver.h:39,
                 from ./google/protobuf/util/json_util.h:37:
./google/protobuf/repeated_field.h: At global scope:
./google/protobuf/repeated_field.h:367:20: warning: 'template<class _Tp> struct std::is_pod' is deprecated: use 'is_standard_layout && is_trivial' instead [-Wdeprecated-declarations]
  367 |               std::is_pod<Element>::value>
      |                    ^~~~~~
/usr/include/c++/13/type_traits:819:5: note: declared here
  819 |     is_pod
      |     ^~~~~~
./google/protobuf/repeated_field.h:2494:19: warning: 'template<class _Category, class _Tp, class _Distance, class _Pointer, class _Reference> struct std::iterator' is deprecated [-Wdeprecated-declarations]
 2494 |     : public std::iterator<std::output_iterator_tag, T> {
      |                   ^~~~~~~~
In file included from /usr/include/c++/13/bits/stl_construct.h:61,
                 from /usr/include/c++/13/bits/char_traits.h:57:
/usr/include/c++/13/bits/stl_iterator_base_types.h:127:34: note: declared here
  127 |     struct _GLIBCXX17_DEPRECATED iterator
      |                                  ^~~~~~~~
./google/protobuf/repeated_field.h:2516:19: warning: 'template<class _Category, class _Tp, class _Distance, class _Pointer, class _Reference> struct std::iterator' is deprecated [-Wdeprecated-declarations]
 2516 |     : public std::iterator<std::output_iterator_tag, T> {
      |                   ^~~~~~~~
/usr/include/c++/13/bits/stl_iterator_base_types.h:127:34: note: declared here
  127 |     struct _GLIBCXX17_DEPRECATED iterator
      |                                  ^~~~~~~~
./google/protobuf/repeated_field.h:2547:19: warning: 'template<class _Category, class _Tp, class _Distance, class _Pointer, class _Reference> struct std::iterator' is deprecated [-Wdeprecated-declarations]
 2547 |     : public std::iterator<std::output_iterator_tag, T> {
      |                   ^~~~~~~~
/usr/include/c++/13/bits/stl_iterator_base_types.h:127:34: note: declared here
  127 |     struct _GLIBCXX17_DEPRECATED iterator
      |                                  ^~~~~~~~
./google/protobuf/repeated_field.h:2571:19: warning: 'template<class _Category, class _Tp, class _Distance, class _Pointer, class _Reference> struct std::iterator' is deprecated [-Wdeprecated-declarations]
 2571 |     : public std::iterator<std::output_iterator_tag, T> {
      |                   ^~~~~~~~
/usr/include/c++/13/bits/stl_iterator_base_types.h:127:34: note: declared here
  127 |     struct _GLIBCXX17_DEPRECATED iterator
      |                                  ^~~~~~~~
./google/protobuf/generated_message_table_driven.h:209:20: warning: 'template<class _Tp> struct std::is_pod' is deprecated: use 'is_standard_layout && is_trivial' instead [-Wdeprecated-declarations]
  209 | static_assert(std::is_pod<ParseTableField>::value, "");
      |                    ^~~~~~
/usr/include/c++/13/type_traits:819:5: note: declared here
  819 |     is_pod
      |     ^~~~~~
./google/protobuf/generated_message_table_driven.h:210:20: warning: 'template<class _Tp> struct std::is_pod' is deprecated: use 'is_standard_layout && is_trivial' instead [-Wdeprecated-declarations]
  210 | static_assert(std::is_pod<AuxillaryParseTableField>::value, "");
      |                    ^~~~~~
/usr/include/c++/13/type_traits:819:5: note: declared here
  819 |     is_pod
      |     ^~~~~~
./google/protobuf/generated_message_table_driven.h:211:20: warning: 'template<class _Tp> struct std::is_pod' is deprecated: use 'is_standard_layout && is_trivial' instead [-Wdeprecated-declarations]
  211 | static_assert(std::is_pod<AuxillaryParseTableField::enum_aux>::value, "");
      |                    ^~~~~~
/usr/include/c++/13/type_traits:819:5: note: declared here
  819 |     is_pod
      |     ^~~~~~
./google/protobuf/generated_message_table_driven.h:212:20: warning: 'template<class _Tp> struct std::is_pod' is deprecated: use 'is_standard_layout && is_trivial' instead [-Wdeprecated-declarations]
  212 | static_assert(std::is_pod<AuxillaryParseTableField::message_aux>::value, "");
      |                    ^~~~~~
/usr/include/c++/13/type_traits:819:5: note: declared here
  819 |     is_pod
      |     ^~~~~~
./google/protobuf/generated_message_table_driven.h:213:20: warning: 'template<class _Tp> struct std::is_pod' is deprecated: use 'is_standard_layout && is_trivial' instead [-Wdeprecated-declarations]
  213 | static_assert(std::is_pod<AuxillaryParseTableField::string_aux>::value, "");
      |                    ^~~~~~
/usr/include/c++/13/type_traits:819:5: note: declared here
  819 |     is_pod
      |     ^~~~~~
./google/protobuf/generated_message_table_driven.h:214:20: warning: 'template<class _Tp> struct std::is_pod' is deprecated: use 'is_standard_layout && is_trivial' instead [-Wdeprecated-declarations]
  214 | static_assert(std::is_pod<ParseTable>::value, "");
      |                    ^~~~~~
/usr/include/c++/13/type_traits:819:5: note: declared here
  819 |     is_pod
      |     ^~~~~~
depbase=`echo google/protobuf/util/message_differencer.lo | sed 's|[^/]*$|.deps/&|;s|\.lo$||'`;\
/bin/bash ../libtool  --tag=CXX   --mode=compile g++ -std=gnu++20 -DHAVE_CONFIG_H -I. -I..   -I/usr/local/include -pthread -DHAVE_PTHREAD=1 -DHAVE_ZLIB=1 -Wall -Wno-sign-compare  -g -O2 -fstack-protector-strong -Wformat -Werror=format-security -Wdate-time -D_FORTIFY_SOURCE=2 -g -MT google/protobuf/util/message_differencer.lo -MD -MP -MF $depbase.Tpo -c -o google/protobuf/util/message_differencer.lo google/protobuf/util/message_differencer.cc &&\
mv -f $depbase.Tpo $depbase.Plo
libtool: compile:  g++ -std=gnu++20 -DHAVE_CONFIG_H -I. -I.. -I/usr/local/include -pthread -DHAVE_PTHREAD=1 -DHAVE_ZLIB=1 -Wall -Wno-sign-compare -g -O2 -fstack-protector-strong -Wformat -Werror=format-security -Wdate-time -D_FORTIFY_SOURCE=2 -g -MT google/protobuf/util/message_differencer.lo -MD -MP -MF google/protobuf/util/.deps/message_differencer.Tpo -c google/protobuf/util/message_differencer.cc  -fPIC -DPIC -o google/protobuf/util/.libs/message_differencer.o
In file included from ./google/protobuf/message.h:120,
                 from ./google/protobuf/util/message_differencer.h:52,
                 from google/protobuf/util/message_differencer.cc:35:
./google/protobuf/arena.h: In static member function 'static T* google::protobuf::Arena::CreateArray(google::protobuf::Arena*, size_t)':
./google/protobuf/arena.h:338:24: warning: 'template<class _Tp> struct std::is_pod' is deprecated: use 'is_standard_layout && is_trivial' instead [-Wdeprecated-declarations]
  338 |     static_assert(std::is_pod<T>::value,
      |                        ^~~~~~
In file included from /usr/include/c++/13/bits/move.h:37,
                 from /usr/include/c++/13/bits/stl_function.h:60,
                 from /usr/include/c++/13/functional:49,
                 from ./google/protobuf/util/message_differencer.h:45:
/usr/include/c++/13/type_traits:819:5: note: declared here
  819 |     is_pod
      |     ^~~~~~
In file included from ./google/protobuf/wire_format_lite.h:51,
                 from ./google/protobuf/generated_message_util.h:53,
                 from ./google/protobuf/metadata_lite.h:37,
                 from ./google/protobuf/parse_context.h:41,
                 from ./google/protobuf/unknown_field_set.h:46,
                 from ./google/protobuf/util/message_differencer.h:53:
./google/protobuf/repeated_field.h: At global scope:
./google/protobuf/repeated_field.h:367:20: warning: 'template<class _Tp> struct std::is_pod' is deprecated: use 'is_standard_layout && is_trivial' instead [-Wdeprecated-declarations]
  367 |               std::is_pod<Element>::value>
      |                    ^~~~~~
/usr/include/c++/13/type_traits:819:5: note: declared here
  819 |     is_pod
      |     ^~~~~~
./google/protobuf/repeated_field.h:2494:19: warning: 'template<class _Category, class _Tp, class _Distance, class _Pointer, class _Reference> struct std::iterator' is deprecated [-Wdeprecated-declarations]
 2494 |     : public std::iterator<std::output_iterator_tag, T> {
      |                   ^~~~~~~~
In file included from /usr/include/c++/13/bits/stl_iterator.h:64,
                 from /usr/include/c++/13/bits/ranges_base.h:37,
                 from /usr/include/c++/13/bits/ranges_util.h:34,
                 from /usr/include/c++/13/tuple:44,
                 from /usr/include/c++/13/functional:53:
/usr/include/c++/13/bits/stl_iterator_base_types.h:127:34: note: declared here
  127 |     struct _GLIBCXX17_DEPRECATED iterator
      |                                  ^~~~~~~~
./google/protobuf/repeated_field.h:2516:19: warning: 'template<class _Category, class _Tp, class _Distance, class _Pointer, class _Reference> struct std::iterator' is deprecated [-Wdeprecated-declarations]
 2516 |     : public std::iterator<std::output_iterator_tag, T> {
      |                   ^~~~~~~~
/usr/include/c++/13/bits/stl_iterator_base_types.h:127:34: note: declared here
  127 |     struct _GLIBCXX17_DEPRECATED iterator
      |                                  ^~~~~~~~
./google/protobuf/repeated_field.h:2547:19: warning: 'template<class _Category, class _Tp, class _Distance, class _Pointer, class _Reference> struct std::iterator' is deprecated [-Wdeprecated-declarations]
 2547 |     : public std::iterator<std::output_iterator_tag, T> {
      |                   ^~~~~~~~
/usr/include/c++/13/bits/stl_iterator_base_types.h:127:34: note: declared here
  127 |     struct _GLIBCXX17_DEPRECATED iterator
      |                                  ^~~~~~~~
./google/protobuf/repeated_field.h:2571:19: warning: 'template<class _Category, class _Tp, class _Distance, class _Pointer, class _Reference> struct std::iterator' is deprecated [-Wdeprecated-declarations]
 2571 |     : public std::iterator<std::output_iterator_tag, T> {
      |                   ^~~~~~~~
/usr/include/c++/13/bits/stl_iterator_base_types.h:127:34: note: declared here
  127 |     struct _GLIBCXX17_DEPRECATED iterator
      |                                  ^~~~~~~~
In file included from ./google/protobuf/descriptor.pb.h:26,
                 from google/protobuf/util/message_differencer.cc:49:
./google/protobuf/generated_message_table_driven.h:209:20: warning: 'template<class _Tp> struct std::is_pod' is deprecated: use 'is_standard_layout && is_trivial' instead [-Wdeprecated-declarations]
  209 | static_assert(std::is_pod<ParseTableField>::value, "");
      |                    ^~~~~~
/usr/include/c++/13/type_traits:819:5: note: declared here
  819 |     is_pod
      |     ^~~~~~
./google/protobuf/generated_message_table_driven.h:210:20: warning: 'template<class _Tp> struct std::is_pod' is deprecated: use 'is_standard_layout && is_trivial' instead [-Wdeprecated-declarations]
  210 | static_assert(std::is_pod<AuxillaryParseTableField>::value, "");
      |                    ^~~~~~
/usr/include/c++/13/type_traits:819:5: note: declared here
  819 |     is_pod
      |     ^~~~~~
./google/protobuf/generated_message_table_driven.h:211:20: warning: 'template<class _Tp> struct std::is_pod' is deprecated: use 'is_standard_layout && is_trivial' instead [-Wdeprecated-declarations]
  211 | static_assert(std::is_pod<AuxillaryParseTableField::enum_aux>::value, "");
      |                    ^~~~~~
/usr/include/c++/13/type_traits:819:5: note: declared here
  819 |     is_pod
      |     ^~~~~~
./google/protobuf/generated_message_table_driven.h:212:20: warning: 'template<class _Tp> struct std::is_pod' is deprecated: use 'is_standard_layout && is_trivial' instead [-Wdeprecated-declarations]
  212 | static_assert(std::is_pod<AuxillaryParseTableField::message_aux>::value, "");
      |                    ^~~~~~
/usr/include/c++/13/type_traits:819:5: note: declared here
  819 |     is_pod
      |     ^~~~~~
./google/protobuf/generated_message_table_driven.h:213:20: warning: 'template<class _Tp> struct std::is_pod' is deprecated: use 'is_standard_layout && is_trivial' instead [-Wdeprecated-declarations]
  213 | static_assert(std::is_pod<AuxillaryParseTableField::string_aux>::value, "");
      |                    ^~~~~~
/usr/include/c++/13/type_traits:819:5: note: declared here
  819 |     is_pod
      |     ^~~~~~
./google/protobuf/generated_message_table_driven.h:214:20: warning: 'template<class _Tp> struct std::is_pod' is deprecated: use 'is_standard_layout && is_trivial' instead [-Wdeprecated-declarations]
  214 | static_assert(std::is_pod<ParseTable>::value, "");
      |                    ^~~~~~
/usr/include/c++/13/type_traits:819:5: note: declared here
  819 |     is_pod
      |     ^~~~~~
depbase=`echo google/protobuf/util/time_util.lo | sed 's|[^/]*$|.deps/&|;s|\.lo$||'`;\
/bin/bash ../libtool  --tag=CXX   --mode=compile g++ -std=gnu++20 -DHAVE_CONFIG_H -I. -I..   -I/usr/local/include -pthread -DHAVE_PTHREAD=1 -DHAVE_ZLIB=1 -Wall -Wno-sign-compare  -g -O2 -fstack-protector-strong -Wformat -Werror=format-security -Wdate-time -D_FORTIFY_SOURCE=2 -g -MT google/protobuf/util/time_util.lo -MD -MP -MF $depbase.Tpo -c -o google/protobuf/util/time_util.lo google/protobuf/util/time_util.cc &&\
mv -f $depbase.Tpo $depbase.Plo
libtool: compile:  g++ -std=gnu++20 -DHAVE_CONFIG_H -I. -I.. -I/usr/local/include -pthread -DHAVE_PTHREAD=1 -DHAVE_ZLIB=1 -Wall -Wno-sign-compare -g -O2 -fstack-protector-strong -Wformat -Werror=format-security -Wdate-time -D_FORTIFY_SOURCE=2 -g -MT google/protobuf/util/time_util.lo -MD -MP -MF google/protobuf/util/.deps/time_util.Tpo -c google/protobuf/util/time_util.cc  -fPIC -DPIC -o google/protobuf/util/.libs/time_util.o
In file included from ./google/protobuf/duration.pb.h:24,
                 from ./google/protobuf/util/time_util.h:45,
                 from google/protobuf/util/time_util.cc:31:
./google/protobuf/arena.h: In static member function 'static T* google::protobuf::Arena::CreateArray(google::protobuf::Arena*, size_t)':
./google/protobuf/arena.h:338:24: warning: 'template<class _Tp> struct std::is_pod' is deprecated: use 'is_standard_layout && is_trivial' instead [-Wdeprecated-declarations]
  338 |     static_assert(std::is_pod<T>::value,
      |                        ^~~~~~
In file included from /usr/include/c++/13/bits/move.h:37,
                 from /usr/include/c++/13/bits/exception_ptr.h:41,
                 from /usr/include/c++/13/exception:164,
                 from /usr/include/c++/13/ios:41,
                 from /usr/include/c++/13/ostream:40,
                 from ./google/protobuf/util/time_util.h:37:
/usr/include/c++/13/type_traits:819:5: note: declared here
  819 |     is_pod
      |     ^~~~~~
In file included from ./google/protobuf/wire_format_lite.h:51,
                 from ./google/protobuf/generated_message_util.h:53,
                 from ./google/protobuf/metadata_lite.h:37,
                 from ./google/protobuf/parse_context.h:41,
                 from ./google/protobuf/map_type_handler.h:34,
                 from ./google/protobuf/map.h:49,
                 from ./google/protobuf/generated_message_table_driven.h:34,
                 from ./google/protobuf/duration.pb.h:26:
./google/protobuf/repeated_field.h: At global scope:
./google/protobuf/repeated_field.h:367:20: warning: 'template<class _Tp> struct std::is_pod' is deprecated: use 'is_standard_layout && is_trivial' instead [-Wdeprecated-declarations]
  367 |               std::is_pod<Element>::value>
      |                    ^~~~~~
/usr/include/c++/13/type_traits:819:5: note: declared here
  819 |     is_pod
      |     ^~~~~~
./google/protobuf/repeated_field.h:2494:19: warning: 'template<class _Category, class _Tp, class _Distance, class _Pointer, class _Reference> struct std::iterator' is deprecated [-Wdeprecated-declarations]
 2494 |     : public std::iterator<std::output_iterator_tag, T> {
      |                   ^~~~~~~~
In file included from /usr/include/c++/13/bits/stl_construct.h:61,
                 from /usr/include/c++/13/bits/char_traits.h:57,
                 from /usr/include/c++/13/ios:42:
/usr/include/c++/13/bits/stl_iterator_base_types.h:127:34: note: declared here
  127 |     struct _GLIBCXX17_DEPRECATED iterator
      |                                  ^~~~~~~~
./google/protobuf/repeated_field.h:2516:19: warning: 'template<class _Category, class _Tp, class _Distance, class _Pointer, class _Reference> struct std::iterator' is deprecated [-Wdeprecated-declarations]
 2516 |     : public std::iterator<std::output_iterator_tag, T> {
      |                   ^~~~~~~~
/usr/include/c++/13/bits/stl_iterator_base_types.h:127:34: note: declared here
  127 |     struct _GLIBCXX17_DEPRECATED iterator
      |                                  ^~~~~~~~
./google/protobuf/repeated_field.h:2547:19: warning: 'template<class _Category, class _Tp, class _Distance, class _Pointer, class _Reference> struct std::iterator' is deprecated [-Wdeprecated-declarations]
 2547 |     : public std::iterator<std::output_iterator_tag, T> {
      |                   ^~~~~~~~
/usr/include/c++/13/bits/stl_iterator_base_types.h:127:34: note: declared here
  127 |     struct _GLIBCXX17_DEPRECATED iterator
      |                                  ^~~~~~~~
./google/protobuf/repeated_field.h:2571:19: warning: 'template<class _Category, class _Tp, class _Distance, class _Pointer, class _Reference> struct std::iterator' is deprecated [-Wdeprecated-declarations]
 2571 |     : public std::iterator<std::output_iterator_tag, T> {
      |                   ^~~~~~~~
/usr/include/c++/13/bits/stl_iterator_base_types.h:127:34: note: declared here
  127 |     struct _GLIBCXX17_DEPRECATED iterator
      |                                  ^~~~~~~~
./google/protobuf/generated_message_table_driven.h:209:20: warning: 'template<class _Tp> struct std::is_pod' is deprecated: use 'is_standard_layout && is_trivial' instead [-Wdeprecated-declarations]
  209 | static_assert(std::is_pod<ParseTableField>::value, "");
      |                    ^~~~~~
/usr/include/c++/13/type_traits:819:5: note: declared here
  819 |     is_pod
      |     ^~~~~~
./google/protobuf/generated_message_table_driven.h:210:20: warning: 'template<class _Tp> struct std::is_pod' is deprecated: use 'is_standard_layout && is_trivial' instead [-Wdeprecated-declarations]
  210 | static_assert(std::is_pod<AuxillaryParseTableField>::value, "");
      |                    ^~~~~~
/usr/include/c++/13/type_traits:819:5: note: declared here
  819 |     is_pod
      |     ^~~~~~
./google/protobuf/generated_message_table_driven.h:211:20: warning: 'template<class _Tp> struct std::is_pod' is deprecated: use 'is_standard_layout && is_trivial' instead [-Wdeprecated-declarations]
  211 | static_assert(std::is_pod<AuxillaryParseTableField::enum_aux>::value, "");
      |                    ^~~~~~
/usr/include/c++/13/type_traits:819:5: note: declared here
  819 |     is_pod
      |     ^~~~~~
./google/protobuf/generated_message_table_driven.h:212:20: warning: 'template<class _Tp> struct std::is_pod' is deprecated: use 'is_standard_layout && is_trivial' instead [-Wdeprecated-declarations]
  212 | static_assert(std::is_pod<AuxillaryParseTableField::message_aux>::value, "");
      |                    ^~~~~~
/usr/include/c++/13/type_traits:819:5: note: declared here
  819 |     is_pod
      |     ^~~~~~
./google/protobuf/generated_message_table_driven.h:213:20: warning: 'template<class _Tp> struct std::is_pod' is deprecated: use 'is_standard_layout && is_trivial' instead [-Wdeprecated-declarations]
  213 | static_assert(std::is_pod<AuxillaryParseTableField::string_aux>::value, "");
      |                    ^~~~~~
/usr/include/c++/13/type_traits:819:5: note: declared here
  819 |     is_pod
      |     ^~~~~~
./google/protobuf/generated_message_table_driven.h:214:20: warning: 'template<class _Tp> struct std::is_pod' is deprecated: use 'is_standard_layout && is_trivial' instead [-Wdeprecated-declarations]
  214 | static_assert(std::is_pod<ParseTable>::value, "");
      |                    ^~~~~~
/usr/include/c++/13/type_traits:819:5: note: declared here
  819 |     is_pod
      |     ^~~~~~
depbase=`echo google/protobuf/util/type_resolver_util.lo | sed 's|[^/]*$|.deps/&|;s|\.lo$||'`;\
/bin/bash ../libtool  --tag=CXX   --mode=compile g++ -std=gnu++20 -DHAVE_CONFIG_H -I. -I..   -I/usr/local/include -pthread -DHAVE_PTHREAD=1 -DHAVE_ZLIB=1 -Wall -Wno-sign-compare  -g -O2 -fstack-protector-strong -Wformat -Werror=format-security -Wdate-time -D_FORTIFY_SOURCE=2 -g -MT google/protobuf/util/type_resolver_util.lo -MD -MP -MF $depbase.Tpo -c -o google/protobuf/util/type_resolver_util.lo google/protobuf/util/type_resolver_util.cc &&\
mv -f $depbase.Tpo $depbase.Plo
libtool: compile:  g++ -std=gnu++20 -DHAVE_CONFIG_H -I. -I.. -I/usr/local/include -pthread -DHAVE_PTHREAD=1 -DHAVE_ZLIB=1 -Wall -Wno-sign-compare -g -O2 -fstack-protector-strong -Wformat -Werror=format-security -Wdate-time -D_FORTIFY_SOURCE=2 -g -MT google/protobuf/util/type_resolver_util.lo -MD -MP -MF google/protobuf/util/.deps/type_resolver_util.Tpo -c google/protobuf/util/type_resolver_util.cc  -fPIC -DPIC -o google/protobuf/util/.libs/type_resolver_util.o
In file included from ./google/protobuf/type.pb.h:24,
                 from google/protobuf/util/type_resolver_util.cc:33:
./google/protobuf/arena.h: In static member function 'static T* google::protobuf::Arena::CreateArray(google::protobuf::Arena*, size_t)':
./google/protobuf/arena.h:338:24: warning: 'template<class _Tp> struct std::is_pod' is deprecated: use 'is_standard_layout && is_trivial' instead [-Wdeprecated-declarations]
  338 |     static_assert(std::is_pod<T>::value,
      |                        ^~~~~~
In file included from /usr/include/c++/13/bits/char_traits.h:50,
                 from /usr/include/c++/13/string:42,
                 from ./google/protobuf/util/type_resolver_util.h:36,
                 from google/protobuf/util/type_resolver_util.cc:31:
/usr/include/c++/13/type_traits:819:5: note: declared here
  819 |     is_pod
      |     ^~~~~~
In file included from ./google/protobuf/wire_format_lite.h:51,
                 from ./google/protobuf/generated_message_util.h:53,
                 from ./google/protobuf/metadata_lite.h:37,
                 from ./google/protobuf/parse_context.h:41,
                 from ./google/protobuf/map_type_handler.h:34,
                 from ./google/protobuf/map.h:49,
                 from ./google/protobuf/generated_message_table_driven.h:34,
                 from ./google/protobuf/type.pb.h:26:
./google/protobuf/repeated_field.h: At global scope:
./google/protobuf/repeated_field.h:367:20: warning: 'template<class _Tp> struct std::is_pod' is deprecated: use 'is_standard_layout && is_trivial' instead [-Wdeprecated-declarations]
  367 |               std::is_pod<Element>::value>
      |                    ^~~~~~
/usr/include/c++/13/type_traits:819:5: note: declared here
  819 |     is_pod
      |     ^~~~~~
./google/protobuf/repeated_field.h:2494:19: warning: 'template<class _Category, class _Tp, class _Distance, class _Pointer, class _Reference> struct std::iterator' is deprecated [-Wdeprecated-declarations]
 2494 |     : public std::iterator<std::output_iterator_tag, T> {
      |                   ^~~~~~~~
In file included from /usr/include/c++/13/bits/stl_construct.h:61,
                 from /usr/include/c++/13/bits/char_traits.h:57:
/usr/include/c++/13/bits/stl_iterator_base_types.h:127:34: note: declared here
  127 |     struct _GLIBCXX17_DEPRECATED iterator
      |                                  ^~~~~~~~
./google/protobuf/repeated_field.h:2516:19: warning: 'template<class _Category, class _Tp, class _Distance, class _Pointer, class _Reference> struct std::iterator' is deprecated [-Wdeprecated-declarations]
 2516 |     : public std::iterator<std::output_iterator_tag, T> {
      |                   ^~~~~~~~
/usr/include/c++/13/bits/stl_iterator_base_types.h:127:34: note: declared here
  127 |     struct _GLIBCXX17_DEPRECATED iterator
      |                                  ^~~~~~~~
./google/protobuf/repeated_field.h:2547:19: warning: 'template<class _Category, class _Tp, class _Distance, class _Pointer, class _Reference> struct std::iterator' is deprecated [-Wdeprecated-declarations]
 2547 |     : public std::iterator<std::output_iterator_tag, T> {
      |                   ^~~~~~~~
/usr/include/c++/13/bits/stl_iterator_base_types.h:127:34: note: declared here
  127 |     struct _GLIBCXX17_DEPRECATED iterator
      |                                  ^~~~~~~~
./google/protobuf/repeated_field.h:2571:19: warning: 'template<class _Category, class _Tp, class _Distance, class _Pointer, class _Reference> struct std::iterator' is deprecated [-Wdeprecated-declarations]
 2571 |     : public std::iterator<std::output_iterator_tag, T> {
      |                   ^~~~~~~~
/usr/include/c++/13/bits/stl_iterator_base_types.h:127:34: note: declared here
  127 |     struct _GLIBCXX17_DEPRECATED iterator
      |                                  ^~~~~~~~
./google/protobuf/generated_message_table_driven.h:209:20: warning: 'template<class _Tp> struct std::is_pod' is deprecated: use 'is_standard_layout && is_trivial' instead [-Wdeprecated-declarations]
  209 | static_assert(std::is_pod<ParseTableField>::value, "");
      |                    ^~~~~~
/usr/include/c++/13/type_traits:819:5: note: declared here
  819 |     is_pod
      |     ^~~~~~
./google/protobuf/generated_message_table_driven.h:210:20: warning: 'template<class _Tp> struct std::is_pod' is deprecated: use 'is_standard_layout && is_trivial' instead [-Wdeprecated-declarations]
  210 | static_assert(std::is_pod<AuxillaryParseTableField>::value, "");
      |                    ^~~~~~
/usr/include/c++/13/type_traits:819:5: note: declared here
  819 |     is_pod
      |     ^~~~~~
./google/protobuf/generated_message_table_driven.h:211:20: warning: 'template<class _Tp> struct std::is_pod' is deprecated: use 'is_standard_layout && is_trivial' instead [-Wdeprecated-declarations]
  211 | static_assert(std::is_pod<AuxillaryParseTableField::enum_aux>::value, "");
      |                    ^~~~~~
/usr/include/c++/13/type_traits:819:5: note: declared here
  819 |     is_pod
      |     ^~~~~~
./google/protobuf/generated_message_table_driven.h:212:20: warning: 'template<class _Tp> struct std::is_pod' is deprecated: use 'is_standard_layout && is_trivial' instead [-Wdeprecated-declarations]
  212 | static_assert(std::is_pod<AuxillaryParseTableField::message_aux>::value, "");
      |                    ^~~~~~
/usr/include/c++/13/type_traits:819:5: note: declared here
  819 |     is_pod
      |     ^~~~~~
./google/protobuf/generated_message_table_driven.h:213:20: warning: 'template<class _Tp> struct std::is_pod' is deprecated: use 'is_standard_layout && is_trivial' instead [-Wdeprecated-declarations]
  213 | static_assert(std::is_pod<AuxillaryParseTableField::string_aux>::value, "");
      |                    ^~~~~~
/usr/include/c++/13/type_traits:819:5: note: declared here
  819 |     is_pod
      |     ^~~~~~
./google/protobuf/generated_message_table_driven.h:214:20: warning: 'template<class _Tp> struct std::is_pod' is deprecated: use 'is_standard_layout && is_trivial' instead [-Wdeprecated-declarations]
  214 | static_assert(std::is_pod<ParseTable>::value, "");
      |                    ^~~~~~
/usr/include/c++/13/type_traits:819:5: note: declared here
  819 |     is_pod
      |     ^~~~~~
/bin/bash ../libtool  --tag=CXX   --mode=link g++ -std=gnu++20 -pthread -DHAVE_PTHREAD=1 -DHAVE_ZLIB=1 -Wall -Wno-sign-compare  -g -O2 -fstack-protector-strong -Wformat -Werror=format-security -Wdate-time -D_FORTIFY_SOURCE=2 -g -version-info 19:0:0 -export-dynamic -no-undefined -Wl,--version-script=./libprotobuf.map -L/usr/local/lib -o libprotobuf.la -rpath /tmp/RtmpGMpJPD/R.INSTALL6d214aad9c/RProtoBufLib/src/pb_build/lib google/protobuf/stubs/bytestream.lo google/protobuf/stubs/common.lo google/protobuf/stubs/int128.lo google/protobuf/io/io_win32.lo google/protobuf/stubs/status.lo google/protobuf/stubs/statusor.lo google/protobuf/stubs/stringpiece.lo google/protobuf/stubs/stringprintf.lo google/protobuf/stubs/structurally_valid.lo google/protobuf/stubs/strutil.lo google/protobuf/stubs/time.lo google/protobuf/any_lite.lo google/protobuf/arena.lo google/protobuf/extension_set.lo google/protobuf/generated_message_util.lo google/protobuf/generated_message_table_driven_lite.lo google/protobuf/implicit_weak_message.lo google/protobuf/message_lite.lo google/protobuf/parse_context.lo google/protobuf/repeated_field.lo google/protobuf/wire_format_lite.lo google/protobuf/io/coded_stream.lo google/protobuf/io/strtod.lo google/protobuf/io/zero_copy_stream.lo google/protobuf/io/zero_copy_stream_impl_lite.lo google/protobuf/any.pb.lo google/protobuf/api.pb.lo google/protobuf/stubs/mathlimits.lo google/protobuf/any.lo google/protobuf/descriptor.lo google/protobuf/descriptor_database.lo google/protobuf/descriptor.pb.lo google/protobuf/duration.pb.lo google/protobuf/dynamic_message.lo google/protobuf/empty.pb.lo google/protobuf/extension_set_heavy.lo google/protobuf/field_mask.pb.lo google/protobuf/generated_message_reflection.lo google/protobuf/generated_message_table_driven.lo google/protobuf/map_field.lo google/protobuf/message.lo google/protobuf/reflection_ops.lo google/protobuf/service.lo google/protobuf/source_context.pb.lo google/protobuf/struct.pb.lo google/protobuf/stubs/substitute.lo google/protobuf/text_format.lo google/protobuf/timestamp.pb.lo google/protobuf/type.pb.lo google/protobuf/unknown_field_set.lo google/protobuf/wire_format.lo google/protobuf/wrappers.pb.lo google/protobuf/io/gzip_stream.lo google/protobuf/io/printer.lo google/protobuf/io/tokenizer.lo google/protobuf/io/zero_copy_stream_impl.lo google/protobuf/compiler/importer.lo google/protobuf/compiler/parser.lo google/protobuf/util/delimited_message_util.lo google/protobuf/util/field_comparator.lo google/protobuf/util/field_mask_util.lo google/protobuf/util/internal/datapiece.lo google/protobuf/util/internal/default_value_objectwriter.lo google/protobuf/util/internal/error_listener.lo google/protobuf/util/internal/field_mask_utility.lo google/protobuf/util/internal/json_escaping.lo google/protobuf/util/internal/json_objectwriter.lo google/protobuf/util/internal/json_stream_parser.lo google/protobuf/util/internal/object_writer.lo google/protobuf/util/internal/protostream_objectsource.lo google/protobuf/util/internal/protostream_objectwriter.lo google/protobuf/util/internal/proto_writer.lo google/protobuf/util/internal/type_info.lo google/protobuf/util/internal/type_info_test_helper.lo google/protobuf/util/internal/utility.lo google/protobuf/util/json_util.lo google/protobuf/util/message_differencer.lo google/protobuf/util/time_util.lo google/protobuf/util/type_resolver_util.lo    -lz 
libtool: link: g++ -std=gnu++20  -fPIC -DPIC -shared -nostdlib /usr/lib/gcc/x86_64-linux-gnu/13/../../../x86_64-linux-gnu/crti.o /usr/lib/gcc/x86_64-linux-gnu/13/crtbeginS.o  google/protobuf/stubs/.libs/bytestream.o google/protobuf/stubs/.libs/common.o google/protobuf/stubs/.libs/int128.o google/protobuf/io/.libs/io_win32.o google/protobuf/stubs/.libs/status.o google/protobuf/stubs/.libs/statusor.o google/protobuf/stubs/.libs/stringpiece.o google/protobuf/stubs/.libs/stringprintf.o google/protobuf/stubs/.libs/structurally_valid.o google/protobuf/stubs/.libs/strutil.o google/protobuf/stubs/.libs/time.o google/protobuf/.libs/any_lite.o google/protobuf/.libs/arena.o google/protobuf/.libs/extension_set.o google/protobuf/.libs/generated_message_util.o google/protobuf/.libs/generated_message_table_driven_lite.o google/protobuf/.libs/implicit_weak_message.o google/protobuf/.libs/message_lite.o google/protobuf/.libs/parse_context.o google/protobuf/.libs/repeated_field.o google/protobuf/.libs/wire_format_lite.o google/protobuf/io/.libs/coded_stream.o google/protobuf/io/.libs/strtod.o google/protobuf/io/.libs/zero_copy_stream.o google/protobuf/io/.libs/zero_copy_stream_impl_lite.o google/protobuf/.libs/any.pb.o google/protobuf/.libs/api.pb.o google/protobuf/stubs/.libs/mathlimits.o google/protobuf/.libs/any.o google/protobuf/.libs/descriptor.o google/protobuf/.libs/descriptor_database.o google/protobuf/.libs/descriptor.pb.o google/protobuf/.libs/duration.pb.o google/protobuf/.libs/dynamic_message.o google/protobuf/.libs/empty.pb.o google/protobuf/.libs/extension_set_heavy.o google/protobuf/.libs/field_mask.pb.o google/protobuf/.libs/generated_message_reflection.o google/protobuf/.libs/generated_message_table_driven.o google/protobuf/.libs/map_field.o google/protobuf/.libs/message.o google/protobuf/.libs/reflection_ops.o google/protobuf/.libs/service.o google/protobuf/.libs/source_context.pb.o google/protobuf/.libs/struct.pb.o google/protobuf/stubs/.libs/substitute.o google/protobuf/.libs/text_format.o google/protobuf/.libs/timestamp.pb.o google/protobuf/.libs/type.pb.o google/protobuf/.libs/unknown_field_set.o google/protobuf/.libs/wire_format.o google/protobuf/.libs/wrappers.pb.o google/protobuf/io/.libs/gzip_stream.o google/protobuf/io/.libs/printer.o google/protobuf/io/.libs/tokenizer.o google/protobuf/io/.libs/zero_copy_stream_impl.o google/protobuf/compiler/.libs/importer.o google/protobuf/compiler/.libs/parser.o google/protobuf/util/.libs/delimited_message_util.o google/protobuf/util/.libs/field_comparator.o google/protobuf/util/.libs/field_mask_util.o google/protobuf/util/internal/.libs/datapiece.o google/protobuf/util/internal/.libs/default_value_objectwriter.o google/protobuf/util/internal/.libs/error_listener.o google/protobuf/util/internal/.libs/field_mask_utility.o google/protobuf/util/internal/.libs/json_escaping.o google/protobuf/util/internal/.libs/json_objectwriter.o google/protobuf/util/internal/.libs/json_stream_parser.o google/protobuf/util/internal/.libs/object_writer.o google/protobuf/util/internal/.libs/protostream_objectsource.o google/protobuf/util/internal/.libs/protostream_objectwriter.o google/protobuf/util/internal/.libs/proto_writer.o google/protobuf/util/internal/.libs/type_info.o google/protobuf/util/internal/.libs/type_info_test_helper.o google/protobuf/util/internal/.libs/utility.o google/protobuf/util/.libs/json_util.o google/protobuf/util/.libs/message_differencer.o google/protobuf/util/.libs/time_util.o google/protobuf/util/.libs/type_resolver_util.o   -L/usr/local/lib -lz -L/usr/lib/gcc/x86_64-linux-gnu/13 -L/usr/lib/gcc/x86_64-linux-gnu/13/../../../x86_64-linux-gnu -L/usr/lib/gcc/x86_64-linux-gnu/13/../../../../lib -L/lib/x86_64-linux-gnu -L/lib/../lib -L/usr/lib/x86_64-linux-gnu -L/usr/lib/../lib -L/usr/lib/gcc/x86_64-linux-gnu/13/../../.. -lstdc++ -lm -lc -lgcc_s /usr/lib/gcc/x86_64-linux-gnu/13/crtendS.o /usr/lib/gcc/x86_64-linux-gnu/13/../../../x86_64-linux-gnu/crtn.o  -pthread -g -O2 -fstack-protector-strong -g -Wl,--version-script=./libprotobuf.map   -pthread -Wl,-soname -Wl,libprotobuf.so.19 -o .libs/libprotobuf.so.19.0.0
libtool: link: (cd ".libs" && rm -f "libprotobuf.so.19" && ln -s "libprotobuf.so.19.0.0" "libprotobuf.so.19")
libtool: link: (cd ".libs" && rm -f "libprotobuf.so" && ln -s "libprotobuf.so.19.0.0" "libprotobuf.so")
libtool: link: ( cd ".libs" && rm -f "libprotobuf.la" && ln -s "../libprotobuf.la" "libprotobuf.la" )
depbase=`echo google/protobuf/compiler/code_generator.lo | sed 's|[^/]*$|.deps/&|;s|\.lo$||'`;\
/bin/bash ../libtool  --tag=CXX   --mode=compile g++ -std=gnu++20 -DHAVE_CONFIG_H -I. -I..   -I/usr/local/include -pthread -DHAVE_PTHREAD=1 -DHAVE_ZLIB=1 -Wall -Wno-sign-compare  -g -O2 -fstack-protector-strong -Wformat -Werror=format-security -Wdate-time -D_FORTIFY_SOURCE=2 -g -MT google/protobuf/compiler/code_generator.lo -MD -MP -MF $depbase.Tpo -c -o google/protobuf/compiler/code_generator.lo google/protobuf/compiler/code_generator.cc &&\
mv -f $depbase.Tpo $depbase.Plo
libtool: compile:  g++ -std=gnu++20 -DHAVE_CONFIG_H -I. -I.. -I/usr/local/include -pthread -DHAVE_PTHREAD=1 -DHAVE_ZLIB=1 -Wall -Wno-sign-compare -g -O2 -fstack-protector-strong -Wformat -Werror=format-security -Wdate-time -D_FORTIFY_SOURCE=2 -g -MT google/protobuf/compiler/code_generator.lo -MD -MP -MF google/protobuf/compiler/.deps/code_generator.Tpo -c google/protobuf/compiler/code_generator.cc  -fPIC -DPIC -o google/protobuf/compiler/.libs/code_generator.o
In file included from ./google/protobuf/compiler/plugin.pb.h:24,
                 from google/protobuf/compiler/code_generator.cc:39:
./google/protobuf/arena.h: In static member function 'static T* google::protobuf::Arena::CreateArray(google::protobuf::Arena*, size_t)':
./google/protobuf/arena.h:338:24: warning: 'template<class _Tp> struct std::is_pod' is deprecated: use 'is_standard_layout && is_trivial' instead [-Wdeprecated-declarations]
  338 |     static_assert(std::is_pod<T>::value,
      |                        ^~~~~~
In file included from /usr/include/c++/13/bits/char_traits.h:50,
                 from /usr/include/c++/13/string:42,
                 from ./google/protobuf/compiler/code_generator.h:41,
                 from google/protobuf/compiler/code_generator.cc:35:
/usr/include/c++/13/type_traits:819:5: note: declared here
  819 |     is_pod
      |     ^~~~~~
In file included from ./google/protobuf/wire_format_lite.h:51,
                 from ./google/protobuf/generated_message_util.h:53,
                 from ./google/protobuf/metadata_lite.h:37,
                 from ./google/protobuf/parse_context.h:41,
                 from ./google/protobuf/map_type_handler.h:34,
                 from ./google/protobuf/map.h:49,
                 from ./google/protobuf/generated_message_table_driven.h:34,
                 from ./google/protobuf/compiler/plugin.pb.h:26:
./google/protobuf/repeated_field.h: At global scope:
./google/protobuf/repeated_field.h:367:20: warning: 'template<class _Tp> struct std::is_pod' is deprecated: use 'is_standard_layout && is_trivial' instead [-Wdeprecated-declarations]
  367 |               std::is_pod<Element>::value>
      |                    ^~~~~~
/usr/include/c++/13/type_traits:819:5: note: declared here
  819 |     is_pod
      |     ^~~~~~
./google/protobuf/repeated_field.h:2494:19: warning: 'template<class _Category, class _Tp, class _Distance, class _Pointer, class _Reference> struct std::iterator' is deprecated [-Wdeprecated-declarations]
 2494 |     : public std::iterator<std::output_iterator_tag, T> {
      |                   ^~~~~~~~
In file included from /usr/include/c++/13/bits/stl_construct.h:61,
                 from /usr/include/c++/13/bits/char_traits.h:57:
/usr/include/c++/13/bits/stl_iterator_base_types.h:127:34: note: declared here
  127 |     struct _GLIBCXX17_DEPRECATED iterator
      |                                  ^~~~~~~~
./google/protobuf/repeated_field.h:2516:19: warning: 'template<class _Category, class _Tp, class _Distance, class _Pointer, class _Reference> struct std::iterator' is deprecated [-Wdeprecated-declarations]
 2516 |     : public std::iterator<std::output_iterator_tag, T> {
      |                   ^~~~~~~~
/usr/include/c++/13/bits/stl_iterator_base_types.h:127:34: note: declared here
  127 |     struct _GLIBCXX17_DEPRECATED iterator
      |                                  ^~~~~~~~
./google/protobuf/repeated_field.h:2547:19: warning: 'template<class _Category, class _Tp, class _Distance, class _Pointer, class _Reference> struct std::iterator' is deprecated [-Wdeprecated-declarations]
 2547 |     : public std::iterator<std::output_iterator_tag, T> {
      |                   ^~~~~~~~
/usr/include/c++/13/bits/stl_iterator_base_types.h:127:34: note: declared here
  127 |     struct _GLIBCXX17_DEPRECATED iterator
      |                                  ^~~~~~~~
./google/protobuf/repeated_field.h:2571:19: warning: 'template<class _Category, class _Tp, class _Distance, class _Pointer, class _Reference> struct std::iterator' is deprecated [-Wdeprecated-declarations]
 2571 |     : public std::iterator<std::output_iterator_tag, T> {
      |                   ^~~~~~~~
/usr/include/c++/13/bits/stl_iterator_base_types.h:127:34: note: declared here
  127 |     struct _GLIBCXX17_DEPRECATED iterator
      |                                  ^~~~~~~~
./google/protobuf/generated_message_table_driven.h:209:20: warning: 'template<class _Tp> struct std::is_pod' is deprecated: use 'is_standard_layout && is_trivial' instead [-Wdeprecated-declarations]
  209 | static_assert(std::is_pod<ParseTableField>::value, "");
      |                    ^~~~~~
/usr/include/c++/13/type_traits:819:5: note: declared here
  819 |     is_pod
      |     ^~~~~~
./google/protobuf/generated_message_table_driven.h:210:20: warning: 'template<class _Tp> struct std::is_pod' is deprecated: use 'is_standard_layout && is_trivial' instead [-Wdeprecated-declarations]
  210 | static_assert(std::is_pod<AuxillaryParseTableField>::value, "");
      |                    ^~~~~~
/usr/include/c++/13/type_traits:819:5: note: declared here
  819 |     is_pod
      |     ^~~~~~
./google/protobuf/generated_message_table_driven.h:211:20: warning: 'template<class _Tp> struct std::is_pod' is deprecated: use 'is_standard_layout && is_trivial' instead [-Wdeprecated-declarations]
  211 | static_assert(std::is_pod<AuxillaryParseTableField::enum_aux>::value, "");
      |                    ^~~~~~
/usr/include/c++/13/type_traits:819:5: note: declared here
  819 |     is_pod
      |     ^~~~~~
./google/protobuf/generated_message_table_driven.h:212:20: warning: 'template<class _Tp> struct std::is_pod' is deprecated: use 'is_standard_layout && is_trivial' instead [-Wdeprecated-declarations]
  212 | static_assert(std::is_pod<AuxillaryParseTableField::message_aux>::value, "");
      |                    ^~~~~~
/usr/include/c++/13/type_traits:819:5: note: declared here
  819 |     is_pod
      |     ^~~~~~
./google/protobuf/generated_message_table_driven.h:213:20: warning: 'template<class _Tp> struct std::is_pod' is deprecated: use 'is_standard_layout && is_trivial' instead [-Wdeprecated-declarations]
  213 | static_assert(std::is_pod<AuxillaryParseTableField::string_aux>::value, "");
      |                    ^~~~~~
/usr/include/c++/13/type_traits:819:5: note: declared here
  819 |     is_pod
      |     ^~~~~~
./google/protobuf/generated_message_table_driven.h:214:20: warning: 'template<class _Tp> struct std::is_pod' is deprecated: use 'is_standard_layout && is_trivial' instead [-Wdeprecated-declarations]
  214 | static_assert(std::is_pod<ParseTable>::value, "");
      |                    ^~~~~~
/usr/include/c++/13/type_traits:819:5: note: declared here
  819 |     is_pod
      |     ^~~~~~
depbase=`echo google/protobuf/compiler/command_line_interface.lo | sed 's|[^/]*$|.deps/&|;s|\.lo$||'`;\
/bin/bash ../libtool  --tag=CXX   --mode=compile g++ -std=gnu++20 -DHAVE_CONFIG_H -I. -I..   -I/usr/local/include -pthread -DHAVE_PTHREAD=1 -DHAVE_ZLIB=1 -Wall -Wno-sign-compare  -g -O2 -fstack-protector-strong -Wformat -Werror=format-security -Wdate-time -D_FORTIFY_SOURCE=2 -g -MT google/protobuf/compiler/command_line_interface.lo -MD -MP -MF $depbase.Tpo -c -o google/protobuf/compiler/command_line_interface.lo google/protobuf/compiler/command_line_interface.cc &&\
mv -f $depbase.Tpo $depbase.Plo
libtool: compile:  g++ -std=gnu++20 -DHAVE_CONFIG_H -I. -I.. -I/usr/local/include -pthread -DHAVE_PTHREAD=1 -DHAVE_ZLIB=1 -Wall -Wno-sign-compare -g -O2 -fstack-protector-strong -Wformat -Werror=format-security -Wdate-time -D_FORTIFY_SOURCE=2 -g -MT google/protobuf/compiler/command_line_interface.lo -MD -MP -MF google/protobuf/compiler/.deps/command_line_interface.Tpo -c google/protobuf/compiler/command_line_interface.cc  -fPIC -DPIC -o google/protobuf/compiler/.libs/command_line_interface.o
In file included from ./google/protobuf/compiler/plugin.pb.h:24,
                 from google/protobuf/compiler/command_line_interface.cc:71:
./google/protobuf/arena.h: In static member function 'static T* google::protobuf::Arena::CreateArray(google::protobuf::Arena*, size_t)':
./google/protobuf/arena.h:338:24: warning: 'template<class _Tp> struct std::is_pod' is deprecated: use 'is_standard_layout && is_trivial' instead [-Wdeprecated-declarations]
  338 |     static_assert(std::is_pod<T>::value,
      |                        ^~~~~~
In file included from /usr/include/c++/13/bits/stl_pair.h:60,
                 from /usr/include/c++/13/bits/stl_algobase.h:64,
                 from /usr/include/c++/13/bits/stl_tree.h:63,
                 from /usr/include/c++/13/map:62,
                 from ./google/protobuf/compiler/command_line_interface.h:41,
                 from google/protobuf/compiler/command_line_interface.cc:35:
/usr/include/c++/13/type_traits:819:5: note: declared here
  819 |     is_pod
      |     ^~~~~~
In file included from ./google/protobuf/wire_format_lite.h:51,
                 from ./google/protobuf/generated_message_util.h:53,
                 from ./google/protobuf/metadata_lite.h:37,
                 from ./google/protobuf/parse_context.h:41,
                 from ./google/protobuf/map_type_handler.h:34,
                 from ./google/protobuf/map.h:49,
                 from ./google/protobuf/generated_message_table_driven.h:34,
                 from ./google/protobuf/compiler/plugin.pb.h:26:
./google/protobuf/repeated_field.h: At global scope:
./google/protobuf/repeated_field.h:367:20: warning: 'template<class _Tp> struct std::is_pod' is deprecated: use 'is_standard_layout && is_trivial' instead [-Wdeprecated-declarations]
  367 |               std::is_pod<Element>::value>
      |                    ^~~~~~
/usr/include/c++/13/type_traits:819:5: note: declared here
  819 |     is_pod
      |     ^~~~~~
./google/protobuf/repeated_field.h:2494:19: warning: 'template<class _Category, class _Tp, class _Distance, class _Pointer, class _Reference> struct std::iterator' is deprecated [-Wdeprecated-declarations]
 2494 |     : public std::iterator<std::output_iterator_tag, T> {
      |                   ^~~~~~~~
In file included from /usr/include/c++/13/bits/stl_algobase.h:65:
/usr/include/c++/13/bits/stl_iterator_base_types.h:127:34: note: declared here
  127 |     struct _GLIBCXX17_DEPRECATED iterator
      |                                  ^~~~~~~~
./google/protobuf/repeated_field.h:2516:19: warning: 'template<class _Category, class _Tp, class _Distance, class _Pointer, class _Reference> struct std::iterator' is deprecated [-Wdeprecated-declarations]
 2516 |     : public std::iterator<std::output_iterator_tag, T> {
      |                   ^~~~~~~~
/usr/include/c++/13/bits/stl_iterator_base_types.h:127:34: note: declared here
  127 |     struct _GLIBCXX17_DEPRECATED iterator
      |                                  ^~~~~~~~
./google/protobuf/repeated_field.h:2547:19: warning: 'template<class _Category, class _Tp, class _Distance, class _Pointer, class _Reference> struct std::iterator' is deprecated [-Wdeprecated-declarations]
 2547 |     : public std::iterator<std::output_iterator_tag, T> {
      |                   ^~~~~~~~
/usr/include/c++/13/bits/stl_iterator_base_types.h:127:34: note: declared here
  127 |     struct _GLIBCXX17_DEPRECATED iterator
      |                                  ^~~~~~~~
./google/protobuf/repeated_field.h:2571:19: warning: 'template<class _Category, class _Tp, class _Distance, class _Pointer, class _Reference> struct std::iterator' is deprecated [-Wdeprecated-declarations]
 2571 |     : public std::iterator<std::output_iterator_tag, T> {
      |                   ^~~~~~~~
/usr/include/c++/13/bits/stl_iterator_base_types.h:127:34: note: declared here
  127 |     struct _GLIBCXX17_DEPRECATED iterator
      |                                  ^~~~~~~~
./google/protobuf/generated_message_table_driven.h:209:20: warning: 'template<class _Tp> struct std::is_pod' is deprecated: use 'is_standard_layout && is_trivial' instead [-Wdeprecated-declarations]
  209 | static_assert(std::is_pod<ParseTableField>::value, "");
      |                    ^~~~~~
/usr/include/c++/13/type_traits:819:5: note: declared here
  819 |     is_pod
      |     ^~~~~~
./google/protobuf/generated_message_table_driven.h:210:20: warning: 'template<class _Tp> struct std::is_pod' is deprecated: use 'is_standard_layout && is_trivial' instead [-Wdeprecated-declarations]
  210 | static_assert(std::is_pod<AuxillaryParseTableField>::value, "");
      |                    ^~~~~~
/usr/include/c++/13/type_traits:819:5: note: declared here
  819 |     is_pod
      |     ^~~~~~
./google/protobuf/generated_message_table_driven.h:211:20: warning: 'template<class _Tp> struct std::is_pod' is deprecated: use 'is_standard_layout && is_trivial' instead [-Wdeprecated-declarations]
  211 | static_assert(std::is_pod<AuxillaryParseTableField::enum_aux>::value, "");
      |                    ^~~~~~
/usr/include/c++/13/type_traits:819:5: note: declared here
  819 |     is_pod
      |     ^~~~~~
./google/protobuf/generated_message_table_driven.h:212:20: warning: 'template<class _Tp> struct std::is_pod' is deprecated: use 'is_standard_layout && is_trivial' instead [-Wdeprecated-declarations]
  212 | static_assert(std::is_pod<AuxillaryParseTableField::message_aux>::value, "");
      |                    ^~~~~~
/usr/include/c++/13/type_traits:819:5: note: declared here
  819 |     is_pod
      |     ^~~~~~
./google/protobuf/generated_message_table_driven.h:213:20: warning: 'template<class _Tp> struct std::is_pod' is deprecated: use 'is_standard_layout && is_trivial' instead [-Wdeprecated-declarations]
  213 | static_assert(std::is_pod<AuxillaryParseTableField::string_aux>::value, "");
      |                    ^~~~~~
/usr/include/c++/13/type_traits:819:5: note: declared here
  819 |     is_pod
      |     ^~~~~~
./google/protobuf/generated_message_table_driven.h:214:20: warning: 'template<class _Tp> struct std::is_pod' is deprecated: use 'is_standard_layout && is_trivial' instead [-Wdeprecated-declarations]
  214 | static_assert(std::is_pod<ParseTable>::value, "");
      |                    ^~~~~~
/usr/include/c++/13/type_traits:819:5: note: declared here
  819 |     is_pod
      |     ^~~~~~
depbase=`echo google/protobuf/compiler/plugin.lo | sed 's|[^/]*$|.deps/&|;s|\.lo$||'`;\
/bin/bash ../libtool  --tag=CXX   --mode=compile g++ -std=gnu++20 -DHAVE_CONFIG_H -I. -I..   -I/usr/local/include -pthread -DHAVE_PTHREAD=1 -DHAVE_ZLIB=1 -Wall -Wno-sign-compare  -g -O2 -fstack-protector-strong -Wformat -Werror=format-security -Wdate-time -D_FORTIFY_SOURCE=2 -g -MT google/protobuf/compiler/plugin.lo -MD -MP -MF $depbase.Tpo -c -o google/protobuf/compiler/plugin.lo google/protobuf/compiler/plugin.cc &&\
mv -f $depbase.Tpo $depbase.Plo
libtool: compile:  g++ -std=gnu++20 -DHAVE_CONFIG_H -I. -I.. -I/usr/local/include -pthread -DHAVE_PTHREAD=1 -DHAVE_ZLIB=1 -Wall -Wno-sign-compare -g -O2 -fstack-protector-strong -Wformat -Werror=format-security -Wdate-time -D_FORTIFY_SOURCE=2 -g -MT google/protobuf/compiler/plugin.lo -MD -MP -MF google/protobuf/compiler/.deps/plugin.Tpo -c google/protobuf/compiler/plugin.cc  -fPIC -DPIC -o google/protobuf/compiler/.libs/plugin.o
In file included from ./google/protobuf/compiler/plugin.pb.h:24,
                 from google/protobuf/compiler/plugin.cc:46:
./google/protobuf/arena.h: In static member function 'static T* google::protobuf::Arena::CreateArray(google::protobuf::Arena*, size_t)':
./google/protobuf/arena.h:338:24: warning: 'template<class _Tp> struct std::is_pod' is deprecated: use 'is_standard_layout && is_trivial' instead [-Wdeprecated-declarations]
  338 |     static_assert(std::is_pod<T>::value,
      |                        ^~~~~~
In file included from /usr/include/c++/13/bits/char_traits.h:50,
                 from /usr/include/c++/13/string:42,
                 from ./google/protobuf/compiler/plugin.h:65,
                 from google/protobuf/compiler/plugin.cc:33:
/usr/include/c++/13/type_traits:819:5: note: declared here
  819 |     is_pod
      |     ^~~~~~
In file included from ./google/protobuf/wire_format_lite.h:51,
                 from ./google/protobuf/generated_message_util.h:53,
                 from ./google/protobuf/metadata_lite.h:37,
                 from ./google/protobuf/parse_context.h:41,
                 from ./google/protobuf/map_type_handler.h:34,
                 from ./google/protobuf/map.h:49,
                 from ./google/protobuf/generated_message_table_driven.h:34,
                 from ./google/protobuf/compiler/plugin.pb.h:26:
./google/protobuf/repeated_field.h: At global scope:
./google/protobuf/repeated_field.h:367:20: warning: 'template<class _Tp> struct std::is_pod' is deprecated: use 'is_standard_layout && is_trivial' instead [-Wdeprecated-declarations]
  367 |               std::is_pod<Element>::value>
      |                    ^~~~~~
/usr/include/c++/13/type_traits:819:5: note: declared here
  819 |     is_pod
      |     ^~~~~~
./google/protobuf/repeated_field.h:2494:19: warning: 'template<class _Category, class _Tp, class _Distance, class _Pointer, class _Reference> struct std::iterator' is deprecated [-Wdeprecated-declarations]
 2494 |     : public std::iterator<std::output_iterator_tag, T> {
      |                   ^~~~~~~~
In file included from /usr/include/c++/13/bits/stl_construct.h:61,
                 from /usr/include/c++/13/bits/char_traits.h:57:
/usr/include/c++/13/bits/stl_iterator_base_types.h:127:34: note: declared here
  127 |     struct _GLIBCXX17_DEPRECATED iterator
      |                                  ^~~~~~~~
./google/protobuf/repeated_field.h:2516:19: warning: 'template<class _Category, class _Tp, class _Distance, class _Pointer, class _Reference> struct std::iterator' is deprecated [-Wdeprecated-declarations]
 2516 |     : public std::iterator<std::output_iterator_tag, T> {
      |                   ^~~~~~~~
/usr/include/c++/13/bits/stl_iterator_base_types.h:127:34: note: declared here
  127 |     struct _GLIBCXX17_DEPRECATED iterator
      |                                  ^~~~~~~~
./google/protobuf/repeated_field.h:2547:19: warning: 'template<class _Category, class _Tp, class _Distance, class _Pointer, class _Reference> struct std::iterator' is deprecated [-Wdeprecated-declarations]
 2547 |     : public std::iterator<std::output_iterator_tag, T> {
      |                   ^~~~~~~~
/usr/include/c++/13/bits/stl_iterator_base_types.h:127:34: note: declared here
  127 |     struct _GLIBCXX17_DEPRECATED iterator
      |                                  ^~~~~~~~
./google/protobuf/repeated_field.h:2571:19: warning: 'template<class _Category, class _Tp, class _Distance, class _Pointer, class _Reference> struct std::iterator' is deprecated [-Wdeprecated-declarations]
 2571 |     : public std::iterator<std::output_iterator_tag, T> {
      |                   ^~~~~~~~
/usr/include/c++/13/bits/stl_iterator_base_types.h:127:34: note: declared here
  127 |     struct _GLIBCXX17_DEPRECATED iterator
      |                                  ^~~~~~~~
./google/protobuf/generated_message_table_driven.h:209:20: warning: 'template<class _Tp> struct std::is_pod' is deprecated: use 'is_standard_layout && is_trivial' instead [-Wdeprecated-declarations]
  209 | static_assert(std::is_pod<ParseTableField>::value, "");
      |                    ^~~~~~
/usr/include/c++/13/type_traits:819:5: note: declared here
  819 |     is_pod
      |     ^~~~~~
./google/protobuf/generated_message_table_driven.h:210:20: warning: 'template<class _Tp> struct std::is_pod' is deprecated: use 'is_standard_layout && is_trivial' instead [-Wdeprecated-declarations]
  210 | static_assert(std::is_pod<AuxillaryParseTableField>::value, "");
      |                    ^~~~~~
/usr/include/c++/13/type_traits:819:5: note: declared here
  819 |     is_pod
      |     ^~~~~~
./google/protobuf/generated_message_table_driven.h:211:20: warning: 'template<class _Tp> struct std::is_pod' is deprecated: use 'is_standard_layout && is_trivial' instead [-Wdeprecated-declarations]
  211 | static_assert(std::is_pod<AuxillaryParseTableField::enum_aux>::value, "");
      |                    ^~~~~~
/usr/include/c++/13/type_traits:819:5: note: declared here
  819 |     is_pod
      |     ^~~~~~
./google/protobuf/generated_message_table_driven.h:212:20: warning: 'template<class _Tp> struct std::is_pod' is deprecated: use 'is_standard_layout && is_trivial' instead [-Wdeprecated-declarations]
  212 | static_assert(std::is_pod<AuxillaryParseTableField::message_aux>::value, "");
      |                    ^~~~~~
/usr/include/c++/13/type_traits:819:5: note: declared here
  819 |     is_pod
      |     ^~~~~~
./google/protobuf/generated_message_table_driven.h:213:20: warning: 'template<class _Tp> struct std::is_pod' is deprecated: use 'is_standard_layout && is_trivial' instead [-Wdeprecated-declarations]
  213 | static_assert(std::is_pod<AuxillaryParseTableField::string_aux>::value, "");
      |                    ^~~~~~
/usr/include/c++/13/type_traits:819:5: note: declared here
  819 |     is_pod
      |     ^~~~~~
./google/protobuf/generated_message_table_driven.h:214:20: warning: 'template<class _Tp> struct std::is_pod' is deprecated: use 'is_standard_layout && is_trivial' instead [-Wdeprecated-declarations]
  214 | static_assert(std::is_pod<ParseTable>::value, "");
      |                    ^~~~~~
/usr/include/c++/13/type_traits:819:5: note: declared here
  819 |     is_pod
      |     ^~~~~~
depbase=`echo google/protobuf/compiler/plugin.pb.lo | sed 's|[^/]*$|.deps/&|;s|\.lo$||'`;\
/bin/bash ../libtool  --tag=CXX   --mode=compile g++ -std=gnu++20 -DHAVE_CONFIG_H -I. -I..   -I/usr/local/include -pthread -DHAVE_PTHREAD=1 -DHAVE_ZLIB=1 -Wall -Wno-sign-compare  -g -O2 -fstack-protector-strong -Wformat -Werror=format-security -Wdate-time -D_FORTIFY_SOURCE=2 -g -MT google/protobuf/compiler/plugin.pb.lo -MD -MP -MF $depbase.Tpo -c -o google/protobuf/compiler/plugin.pb.lo google/protobuf/compiler/plugin.pb.cc &&\
mv -f $depbase.Tpo $depbase.Plo
libtool: compile:  g++ -std=gnu++20 -DHAVE_CONFIG_H -I. -I.. -I/usr/local/include -pthread -DHAVE_PTHREAD=1 -DHAVE_ZLIB=1 -Wall -Wno-sign-compare -g -O2 -fstack-protector-strong -Wformat -Werror=format-security -Wdate-time -D_FORTIFY_SOURCE=2 -g -MT google/protobuf/compiler/plugin.pb.lo -MD -MP -MF google/protobuf/compiler/.deps/plugin.pb.Tpo -c google/protobuf/compiler/plugin.pb.cc  -fPIC -DPIC -o google/protobuf/compiler/.libs/plugin.pb.o
In file included from ./google/protobuf/compiler/plugin.pb.h:24,
                 from google/protobuf/compiler/plugin.pb.cc:4:
./google/protobuf/arena.h: In static member function 'static T* google::protobuf::Arena::CreateArray(google::protobuf::Arena*, size_t)':
./google/protobuf/arena.h:338:24: warning: 'template<class _Tp> struct std::is_pod' is deprecated: use 'is_standard_layout && is_trivial' instead [-Wdeprecated-declarations]
  338 |     static_assert(std::is_pod<T>::value,
      |                        ^~~~~~
In file included from /usr/include/c++/13/bits/char_traits.h:50,
                 from /usr/include/c++/13/string:42,
                 from ./google/protobuf/compiler/plugin.pb.h:8:
/usr/include/c++/13/type_traits:819:5: note: declared here
  819 |     is_pod
      |     ^~~~~~
In file included from ./google/protobuf/wire_format_lite.h:51,
                 from ./google/protobuf/generated_message_util.h:53,
                 from ./google/protobuf/metadata_lite.h:37,
                 from ./google/protobuf/parse_context.h:41,
                 from ./google/protobuf/map_type_handler.h:34,
                 from ./google/protobuf/map.h:49,
                 from ./google/protobuf/generated_message_table_driven.h:34,
                 from ./google/protobuf/compiler/plugin.pb.h:26:
./google/protobuf/repeated_field.h: At global scope:
./google/protobuf/repeated_field.h:367:20: warning: 'template<class _Tp> struct std::is_pod' is deprecated: use 'is_standard_layout && is_trivial' instead [-Wdeprecated-declarations]
  367 |               std::is_pod<Element>::value>
      |                    ^~~~~~
/usr/include/c++/13/type_traits:819:5: note: declared here
  819 |     is_pod
      |     ^~~~~~
./google/protobuf/repeated_field.h:2494:19: warning: 'template<class _Category, class _Tp, class _Distance, class _Pointer, class _Reference> struct std::iterator' is deprecated [-Wdeprecated-declarations]
 2494 |     : public std::iterator<std::output_iterator_tag, T> {
      |                   ^~~~~~~~
In file included from /usr/include/c++/13/bits/stl_construct.h:61,
                 from /usr/include/c++/13/bits/char_traits.h:57:
/usr/include/c++/13/bits/stl_iterator_base_types.h:127:34: note: declared here
  127 |     struct _GLIBCXX17_DEPRECATED iterator
      |                                  ^~~~~~~~
./google/protobuf/repeated_field.h:2516:19: warning: 'template<class _Category, class _Tp, class _Distance, class _Pointer, class _Reference> struct std::iterator' is deprecated [-Wdeprecated-declarations]
 2516 |     : public std::iterator<std::output_iterator_tag, T> {
      |                   ^~~~~~~~
/usr/include/c++/13/bits/stl_iterator_base_types.h:127:34: note: declared here
  127 |     struct _GLIBCXX17_DEPRECATED iterator
      |                                  ^~~~~~~~
./google/protobuf/repeated_field.h:2547:19: warning: 'template<class _Category, class _Tp, class _Distance, class _Pointer, class _Reference> struct std::iterator' is deprecated [-Wdeprecated-declarations]
 2547 |     : public std::iterator<std::output_iterator_tag, T> {
      |                   ^~~~~~~~
/usr/include/c++/13/bits/stl_iterator_base_types.h:127:34: note: declared here
  127 |     struct _GLIBCXX17_DEPRECATED iterator
      |                                  ^~~~~~~~
./google/protobuf/repeated_field.h:2571:19: warning: 'template<class _Category, class _Tp, class _Distance, class _Pointer, class _Reference> struct std::iterator' is deprecated [-Wdeprecated-declarations]
 2571 |     : public std::iterator<std::output_iterator_tag, T> {
      |                   ^~~~~~~~
/usr/include/c++/13/bits/stl_iterator_base_types.h:127:34: note: declared here
  127 |     struct _GLIBCXX17_DEPRECATED iterator
      |                                  ^~~~~~~~
./google/protobuf/generated_message_table_driven.h:209:20: warning: 'template<class _Tp> struct std::is_pod' is deprecated: use 'is_standard_layout && is_trivial' instead [-Wdeprecated-declarations]
  209 | static_assert(std::is_pod<ParseTableField>::value, "");
      |                    ^~~~~~
/usr/include/c++/13/type_traits:819:5: note: declared here
  819 |     is_pod
      |     ^~~~~~
./google/protobuf/generated_message_table_driven.h:210:20: warning: 'template<class _Tp> struct std::is_pod' is deprecated: use 'is_standard_layout && is_trivial' instead [-Wdeprecated-declarations]
  210 | static_assert(std::is_pod<AuxillaryParseTableField>::value, "");
      |                    ^~~~~~
/usr/include/c++/13/type_traits:819:5: note: declared here
  819 |     is_pod
      |     ^~~~~~
./google/protobuf/generated_message_table_driven.h:211:20: warning: 'template<class _Tp> struct std::is_pod' is deprecated: use 'is_standard_layout && is_trivial' instead [-Wdeprecated-declarations]
  211 | static_assert(std::is_pod<AuxillaryParseTableField::enum_aux>::value, "");
      |                    ^~~~~~
/usr/include/c++/13/type_traits:819:5: note: declared here
  819 |     is_pod
      |     ^~~~~~
./google/protobuf/generated_message_table_driven.h:212:20: warning: 'template<class _Tp> struct std::is_pod' is deprecated: use 'is_standard_layout && is_trivial' instead [-Wdeprecated-declarations]
  212 | static_assert(std::is_pod<AuxillaryParseTableField::message_aux>::value, "");
      |                    ^~~~~~
/usr/include/c++/13/type_traits:819:5: note: declared here
  819 |     is_pod
      |     ^~~~~~
./google/protobuf/generated_message_table_driven.h:213:20: warning: 'template<class _Tp> struct std::is_pod' is deprecated: use 'is_standard_layout && is_trivial' instead [-Wdeprecated-declarations]
  213 | static_assert(std::is_pod<AuxillaryParseTableField::string_aux>::value, "");
      |                    ^~~~~~
/usr/include/c++/13/type_traits:819:5: note: declared here
  819 |     is_pod
      |     ^~~~~~
./google/protobuf/generated_message_table_driven.h:214:20: warning: 'template<class _Tp> struct std::is_pod' is deprecated: use 'is_standard_layout && is_trivial' instead [-Wdeprecated-declarations]
  214 | static_assert(std::is_pod<ParseTable>::value, "");
      |                    ^~~~~~
/usr/include/c++/13/type_traits:819:5: note: declared here
  819 |     is_pod
      |     ^~~~~~
depbase=`echo google/protobuf/compiler/subprocess.lo | sed 's|[^/]*$|.deps/&|;s|\.lo$||'`;\
/bin/bash ../libtool  --tag=CXX   --mode=compile g++ -std=gnu++20 -DHAVE_CONFIG_H -I. -I..   -I/usr/local/include -pthread -DHAVE_PTHREAD=1 -DHAVE_ZLIB=1 -Wall -Wno-sign-compare  -g -O2 -fstack-protector-strong -Wformat -Werror=format-security -Wdate-time -D_FORTIFY_SOURCE=2 -g -MT google/protobuf/compiler/subprocess.lo -MD -MP -MF $depbase.Tpo -c -o google/protobuf/compiler/subprocess.lo google/protobuf/compiler/subprocess.cc &&\
mv -f $depbase.Tpo $depbase.Plo
libtool: compile:  g++ -std=gnu++20 -DHAVE_CONFIG_H -I. -I.. -I/usr/local/include -pthread -DHAVE_PTHREAD=1 -DHAVE_ZLIB=1 -Wall -Wno-sign-compare -g -O2 -fstack-protector-strong -Wformat -Werror=format-security -Wdate-time -D_FORTIFY_SOURCE=2 -g -MT google/protobuf/compiler/subprocess.lo -MD -MP -MF google/protobuf/compiler/.deps/subprocess.Tpo -c google/protobuf/compiler/subprocess.cc  -fPIC -DPIC -o google/protobuf/compiler/.libs/subprocess.o
In file included from ./google/protobuf/message.h:120,
                 from google/protobuf/compiler/subprocess.cc:48:
./google/protobuf/arena.h: In static member function 'static T* google::protobuf::Arena::CreateArray(google::protobuf::Arena*, size_t)':
./google/protobuf/arena.h:338:24: warning: 'template<class _Tp> struct std::is_pod' is deprecated: use 'is_standard_layout && is_trivial' instead [-Wdeprecated-declarations]
  338 |     static_assert(std::is_pod<T>::value,
      |                        ^~~~~~
In file included from /usr/include/c++/13/bits/stl_pair.h:60,
                 from /usr/include/c++/13/bits/stl_algobase.h:64,
                 from /usr/include/c++/13/algorithm:60,
                 from ./google/protobuf/stubs/common.h:38,
                 from ./google/protobuf/compiler/subprocess.h:43,
                 from google/protobuf/compiler/subprocess.cc:33:
/usr/include/c++/13/type_traits:819:5: note: declared here
  819 |     is_pod
      |     ^~~~~~
depbase=`echo google/protobuf/compiler/zip_writer.lo | sed 's|[^/]*$|.deps/&|;s|\.lo$||'`;\
/bin/bash ../libtool  --tag=CXX   --mode=compile g++ -std=gnu++20 -DHAVE_CONFIG_H -I. -I..   -I/usr/local/include -pthread -DHAVE_PTHREAD=1 -DHAVE_ZLIB=1 -Wall -Wno-sign-compare  -g -O2 -fstack-protector-strong -Wformat -Werror=format-security -Wdate-time -D_FORTIFY_SOURCE=2 -g -MT google/protobuf/compiler/zip_writer.lo -MD -MP -MF $depbase.Tpo -c -o google/protobuf/compiler/zip_writer.lo google/protobuf/compiler/zip_writer.cc &&\
mv -f $depbase.Tpo $depbase.Plo
libtool: compile:  g++ -std=gnu++20 -DHAVE_CONFIG_H -I. -I.. -I/usr/local/include -pthread -DHAVE_PTHREAD=1 -DHAVE_ZLIB=1 -Wall -Wno-sign-compare -g -O2 -fstack-protector-strong -Wformat -Werror=format-security -Wdate-time -D_FORTIFY_SOURCE=2 -g -MT google/protobuf/compiler/zip_writer.lo -MD -MP -MF google/protobuf/compiler/.deps/zip_writer.Tpo -c google/protobuf/compiler/zip_writer.cc  -fPIC -DPIC -o google/protobuf/compiler/.libs/zip_writer.o
depbase=`echo google/protobuf/compiler/cpp/cpp_enum.lo | sed 's|[^/]*$|.deps/&|;s|\.lo$||'`;\
/bin/bash ../libtool  --tag=CXX   --mode=compile g++ -std=gnu++20 -DHAVE_CONFIG_H -I. -I..   -I/usr/local/include -pthread -DHAVE_PTHREAD=1 -DHAVE_ZLIB=1 -Wall -Wno-sign-compare  -g -O2 -fstack-protector-strong -Wformat -Werror=format-security -Wdate-time -D_FORTIFY_SOURCE=2 -g -MT google/protobuf/compiler/cpp/cpp_enum.lo -MD -MP -MF $depbase.Tpo -c -o google/protobuf/compiler/cpp/cpp_enum.lo google/protobuf/compiler/cpp/cpp_enum.cc &&\
mv -f $depbase.Tpo $depbase.Plo
libtool: compile:  g++ -std=gnu++20 -DHAVE_CONFIG_H -I. -I.. -I/usr/local/include -pthread -DHAVE_PTHREAD=1 -DHAVE_ZLIB=1 -Wall -Wno-sign-compare -g -O2 -fstack-protector-strong -Wformat -Werror=format-security -Wdate-time -D_FORTIFY_SOURCE=2 -g -MT google/protobuf/compiler/cpp/cpp_enum.lo -MD -MP -MF google/protobuf/compiler/cpp/.deps/cpp_enum.Tpo -c google/protobuf/compiler/cpp/cpp_enum.cc  -fPIC -DPIC -o google/protobuf/compiler/cpp/.libs/cpp_enum.o
In file included from ./google/protobuf/descriptor.pb.h:24,
                 from ./google/protobuf/compiler/cpp/cpp_helpers.h:46,
                 from google/protobuf/compiler/cpp/cpp_enum.cc:38:
./google/protobuf/arena.h: In static member function 'static T* google::protobuf::Arena::CreateArray(google::protobuf::Arena*, size_t)':
./google/protobuf/arena.h:338:24: warning: 'template<class _Tp> struct std::is_pod' is deprecated: use 'is_standard_layout && is_trivial' instead [-Wdeprecated-declarations]
  338 |     static_assert(std::is_pod<T>::value,
      |                        ^~~~~~
In file included from /usr/include/c++/13/bits/stl_pair.h:60,
                 from /usr/include/c++/13/bits/stl_algobase.h:64,
                 from /usr/include/c++/13/bits/stl_tree.h:63,
                 from /usr/include/c++/13/map:62,
                 from google/protobuf/compiler/cpp/cpp_enum.cc:35:
/usr/include/c++/13/type_traits:819:5: note: declared here
  819 |     is_pod
      |     ^~~~~~
In file included from ./google/protobuf/wire_format_lite.h:51,
                 from ./google/protobuf/generated_message_util.h:53,
                 from ./google/protobuf/metadata_lite.h:37,
                 from ./google/protobuf/parse_context.h:41,
                 from ./google/protobuf/map_type_handler.h:34,
                 from ./google/protobuf/map.h:49,
                 from ./google/protobuf/generated_message_table_driven.h:34,
                 from ./google/protobuf/descriptor.pb.h:26:
./google/protobuf/repeated_field.h: At global scope:
./google/protobuf/repeated_field.h:367:20: warning: 'template<class _Tp> struct std::is_pod' is deprecated: use 'is_standard_layout && is_trivial' instead [-Wdeprecated-declarations]
  367 |               std::is_pod<Element>::value>
      |                    ^~~~~~
/usr/include/c++/13/type_traits:819:5: note: declared here
  819 |     is_pod
      |     ^~~~~~
./google/protobuf/repeated_field.h:2494:19: warning: 'template<class _Category, class _Tp, class _Distance, class _Pointer, class _Reference> struct std::iterator' is deprecated [-Wdeprecated-declarations]
 2494 |     : public std::iterator<std::output_iterator_tag, T> {
      |                   ^~~~~~~~
In file included from /usr/include/c++/13/bits/stl_algobase.h:65:
/usr/include/c++/13/bits/stl_iterator_base_types.h:127:34: note: declared here
  127 |     struct _GLIBCXX17_DEPRECATED iterator
      |                                  ^~~~~~~~
./google/protobuf/repeated_field.h:2516:19: warning: 'template<class _Category, class _Tp, class _Distance, class _Pointer, class _Reference> struct std::iterator' is deprecated [-Wdeprecated-declarations]
 2516 |     : public std::iterator<std::output_iterator_tag, T> {
      |                   ^~~~~~~~
/usr/include/c++/13/bits/stl_iterator_base_types.h:127:34: note: declared here
  127 |     struct _GLIBCXX17_DEPRECATED iterator
      |                                  ^~~~~~~~
./google/protobuf/repeated_field.h:2547:19: warning: 'template<class _Category, class _Tp, class _Distance, class _Pointer, class _Reference> struct std::iterator' is deprecated [-Wdeprecated-declarations]
 2547 |     : public std::iterator<std::output_iterator_tag, T> {
      |                   ^~~~~~~~
/usr/include/c++/13/bits/stl_iterator_base_types.h:127:34: note: declared here
  127 |     struct _GLIBCXX17_DEPRECATED iterator
      |                                  ^~~~~~~~
./google/protobuf/repeated_field.h:2571:19: warning: 'template<class _Category, class _Tp, class _Distance, class _Pointer, class _Reference> struct std::iterator' is deprecated [-Wdeprecated-declarations]
 2571 |     : public std::iterator<std::output_iterator_tag, T> {
      |                   ^~~~~~~~
/usr/include/c++/13/bits/stl_iterator_base_types.h:127:34: note: declared here
  127 |     struct _GLIBCXX17_DEPRECATED iterator
      |                                  ^~~~~~~~
./google/protobuf/generated_message_table_driven.h:209:20: warning: 'template<class _Tp> struct std::is_pod' is deprecated: use 'is_standard_layout && is_trivial' instead [-Wdeprecated-declarations]
  209 | static_assert(std::is_pod<ParseTableField>::value, "");
      |                    ^~~~~~
/usr/include/c++/13/type_traits:819:5: note: declared here
  819 |     is_pod
      |     ^~~~~~
./google/protobuf/generated_message_table_driven.h:210:20: warning: 'template<class _Tp> struct std::is_pod' is deprecated: use 'is_standard_layout && is_trivial' instead [-Wdeprecated-declarations]
  210 | static_assert(std::is_pod<AuxillaryParseTableField>::value, "");
      |                    ^~~~~~
/usr/include/c++/13/type_traits:819:5: note: declared here
  819 |     is_pod
      |     ^~~~~~
./google/protobuf/generated_message_table_driven.h:211:20: warning: 'template<class _Tp> struct std::is_pod' is deprecated: use 'is_standard_layout && is_trivial' instead [-Wdeprecated-declarations]
  211 | static_assert(std::is_pod<AuxillaryParseTableField::enum_aux>::value, "");
      |                    ^~~~~~
/usr/include/c++/13/type_traits:819:5: note: declared here
  819 |     is_pod
      |     ^~~~~~
./google/protobuf/generated_message_table_driven.h:212:20: warning: 'template<class _Tp> struct std::is_pod' is deprecated: use 'is_standard_layout && is_trivial' instead [-Wdeprecated-declarations]
  212 | static_assert(std::is_pod<AuxillaryParseTableField::message_aux>::value, "");
      |                    ^~~~~~
/usr/include/c++/13/type_traits:819:5: note: declared here
  819 |     is_pod
      |     ^~~~~~
./google/protobuf/generated_message_table_driven.h:213:20: warning: 'template<class _Tp> struct std::is_pod' is deprecated: use 'is_standard_layout && is_trivial' instead [-Wdeprecated-declarations]
  213 | static_assert(std::is_pod<AuxillaryParseTableField::string_aux>::value, "");
      |                    ^~~~~~
/usr/include/c++/13/type_traits:819:5: note: declared here
  819 |     is_pod
      |     ^~~~~~
./google/protobuf/generated_message_table_driven.h:214:20: warning: 'template<class _Tp> struct std::is_pod' is deprecated: use 'is_standard_layout && is_trivial' instead [-Wdeprecated-declarations]
  214 | static_assert(std::is_pod<ParseTable>::value, "");
      |                    ^~~~~~
/usr/include/c++/13/type_traits:819:5: note: declared here
  819 |     is_pod
      |     ^~~~~~
depbase=`echo google/protobuf/compiler/cpp/cpp_enum_field.lo | sed 's|[^/]*$|.deps/&|;s|\.lo$||'`;\
/bin/bash ../libtool  --tag=CXX   --mode=compile g++ -std=gnu++20 -DHAVE_CONFIG_H -I. -I..   -I/usr/local/include -pthread -DHAVE_PTHREAD=1 -DHAVE_ZLIB=1 -Wall -Wno-sign-compare  -g -O2 -fstack-protector-strong -Wformat -Werror=format-security -Wdate-time -D_FORTIFY_SOURCE=2 -g -MT google/protobuf/compiler/cpp/cpp_enum_field.lo -MD -MP -MF $depbase.Tpo -c -o google/protobuf/compiler/cpp/cpp_enum_field.lo google/protobuf/compiler/cpp/cpp_enum_field.cc &&\
mv -f $depbase.Tpo $depbase.Plo
libtool: compile:  g++ -std=gnu++20 -DHAVE_CONFIG_H -I. -I.. -I/usr/local/include -pthread -DHAVE_PTHREAD=1 -DHAVE_ZLIB=1 -Wall -Wno-sign-compare -g -O2 -fstack-protector-strong -Wformat -Werror=format-security -Wdate-time -D_FORTIFY_SOURCE=2 -g -MT google/protobuf/compiler/cpp/cpp_enum_field.lo -MD -MP -MF google/protobuf/compiler/cpp/.deps/cpp_enum_field.Tpo -c google/protobuf/compiler/cpp/cpp_enum_field.cc  -fPIC -DPIC -o google/protobuf/compiler/cpp/.libs/cpp_enum_field.o
In file included from ./google/protobuf/descriptor.pb.h:24,
                 from ./google/protobuf/compiler/cpp/cpp_helpers.h:46,
                 from ./google/protobuf/compiler/cpp/cpp_field.h:42,
                 from ./google/protobuf/compiler/cpp/cpp_enum_field.h:40,
                 from google/protobuf/compiler/cpp/cpp_enum_field.cc:35:
./google/protobuf/arena.h: In static member function 'static T* google::protobuf::Arena::CreateArray(google::protobuf::Arena*, size_t)':
./google/protobuf/arena.h:338:24: warning: 'template<class _Tp> struct std::is_pod' is deprecated: use 'is_standard_layout && is_trivial' instead [-Wdeprecated-declarations]
  338 |     static_assert(std::is_pod<T>::value,
      |                        ^~~~~~
In file included from /usr/include/c++/13/bits/stl_pair.h:60,
                 from /usr/include/c++/13/bits/stl_algobase.h:64,
                 from /usr/include/c++/13/bits/stl_tree.h:63,
                 from /usr/include/c++/13/map:62,
                 from ./google/protobuf/compiler/cpp/cpp_enum_field.h:38:
/usr/include/c++/13/type_traits:819:5: note: declared here
  819 |     is_pod
      |     ^~~~~~
In file included from ./google/protobuf/wire_format_lite.h:51,
                 from ./google/protobuf/generated_message_util.h:53,
                 from ./google/protobuf/metadata_lite.h:37,
                 from ./google/protobuf/parse_context.h:41,
                 from ./google/protobuf/map_type_handler.h:34,
                 from ./google/protobuf/map.h:49,
                 from ./google/protobuf/generated_message_table_driven.h:34,
                 from ./google/protobuf/descriptor.pb.h:26:
./google/protobuf/repeated_field.h: At global scope:
./google/protobuf/repeated_field.h:367:20: warning: 'template<class _Tp> struct std::is_pod' is deprecated: use 'is_standard_layout && is_trivial' instead [-Wdeprecated-declarations]
  367 |               std::is_pod<Element>::value>
      |                    ^~~~~~
/usr/include/c++/13/type_traits:819:5: note: declared here
  819 |     is_pod
      |     ^~~~~~
./google/protobuf/repeated_field.h:2494:19: warning: 'template<class _Category, class _Tp, class _Distance, class _Pointer, class _Reference> struct std::iterator' is deprecated [-Wdeprecated-declarations]
 2494 |     : public std::iterator<std::output_iterator_tag, T> {
      |                   ^~~~~~~~
In file included from /usr/include/c++/13/bits/stl_algobase.h:65:
/usr/include/c++/13/bits/stl_iterator_base_types.h:127:34: note: declared here
  127 |     struct _GLIBCXX17_DEPRECATED iterator
      |                                  ^~~~~~~~
./google/protobuf/repeated_field.h:2516:19: warning: 'template<class _Category, class _Tp, class _Distance, class _Pointer, class _Reference> struct std::iterator' is deprecated [-Wdeprecated-declarations]
 2516 |     : public std::iterator<std::output_iterator_tag, T> {
      |                   ^~~~~~~~
/usr/include/c++/13/bits/stl_iterator_base_types.h:127:34: note: declared here
  127 |     struct _GLIBCXX17_DEPRECATED iterator
      |                                  ^~~~~~~~
./google/protobuf/repeated_field.h:2547:19: warning: 'template<class _Category, class _Tp, class _Distance, class _Pointer, class _Reference> struct std::iterator' is deprecated [-Wdeprecated-declarations]
 2547 |     : public std::iterator<std::output_iterator_tag, T> {
      |                   ^~~~~~~~
/usr/include/c++/13/bits/stl_iterator_base_types.h:127:34: note: declared here
  127 |     struct _GLIBCXX17_DEPRECATED iterator
      |                                  ^~~~~~~~
./google/protobuf/repeated_field.h:2571:19: warning: 'template<class _Category, class _Tp, class _Distance, class _Pointer, class _Reference> struct std::iterator' is deprecated [-Wdeprecated-declarations]
 2571 |     : public std::iterator<std::output_iterator_tag, T> {
      |                   ^~~~~~~~
/usr/include/c++/13/bits/stl_iterator_base_types.h:127:34: note: declared here
  127 |     struct _GLIBCXX17_DEPRECATED iterator
      |                                  ^~~~~~~~
./google/protobuf/generated_message_table_driven.h:209:20: warning: 'template<class _Tp> struct std::is_pod' is deprecated: use 'is_standard_layout && is_trivial' instead [-Wdeprecated-declarations]
  209 | static_assert(std::is_pod<ParseTableField>::value, "");
      |                    ^~~~~~
/usr/include/c++/13/type_traits:819:5: note: declared here
  819 |     is_pod
      |     ^~~~~~
./google/protobuf/generated_message_table_driven.h:210:20: warning: 'template<class _Tp> struct std::is_pod' is deprecated: use 'is_standard_layout && is_trivial' instead [-Wdeprecated-declarations]
  210 | static_assert(std::is_pod<AuxillaryParseTableField>::value, "");
      |                    ^~~~~~
/usr/include/c++/13/type_traits:819:5: note: declared here
  819 |     is_pod
      |     ^~~~~~
./google/protobuf/generated_message_table_driven.h:211:20: warning: 'template<class _Tp> struct std::is_pod' is deprecated: use 'is_standard_layout && is_trivial' instead [-Wdeprecated-declarations]
  211 | static_assert(std::is_pod<AuxillaryParseTableField::enum_aux>::value, "");
      |                    ^~~~~~
/usr/include/c++/13/type_traits:819:5: note: declared here
  819 |     is_pod
      |     ^~~~~~
./google/protobuf/generated_message_table_driven.h:212:20: warning: 'template<class _Tp> struct std::is_pod' is deprecated: use 'is_standard_layout && is_trivial' instead [-Wdeprecated-declarations]
  212 | static_assert(std::is_pod<AuxillaryParseTableField::message_aux>::value, "");
      |                    ^~~~~~
/usr/include/c++/13/type_traits:819:5: note: declared here
  819 |     is_pod
      |     ^~~~~~
./google/protobuf/generated_message_table_driven.h:213:20: warning: 'template<class _Tp> struct std::is_pod' is deprecated: use 'is_standard_layout && is_trivial' instead [-Wdeprecated-declarations]
  213 | static_assert(std::is_pod<AuxillaryParseTableField::string_aux>::value, "");
      |                    ^~~~~~
/usr/include/c++/13/type_traits:819:5: note: declared here
  819 |     is_pod
      |     ^~~~~~
./google/protobuf/generated_message_table_driven.h:214:20: warning: 'template<class _Tp> struct std::is_pod' is deprecated: use 'is_standard_layout && is_trivial' instead [-Wdeprecated-declarations]
  214 | static_assert(std::is_pod<ParseTable>::value, "");
      |                    ^~~~~~
/usr/include/c++/13/type_traits:819:5: note: declared here
  819 |     is_pod
      |     ^~~~~~
depbase=`echo google/protobuf/compiler/cpp/cpp_extension.lo | sed 's|[^/]*$|.deps/&|;s|\.lo$||'`;\
/bin/bash ../libtool  --tag=CXX   --mode=compile g++ -std=gnu++20 -DHAVE_CONFIG_H -I. -I..   -I/usr/local/include -pthread -DHAVE_PTHREAD=1 -DHAVE_ZLIB=1 -Wall -Wno-sign-compare  -g -O2 -fstack-protector-strong -Wformat -Werror=format-security -Wdate-time -D_FORTIFY_SOURCE=2 -g -MT google/protobuf/compiler/cpp/cpp_extension.lo -MD -MP -MF $depbase.Tpo -c -o google/protobuf/compiler/cpp/cpp_extension.lo google/protobuf/compiler/cpp/cpp_extension.cc &&\
mv -f $depbase.Tpo $depbase.Plo
libtool: compile:  g++ -std=gnu++20 -DHAVE_CONFIG_H -I. -I.. -I/usr/local/include -pthread -DHAVE_PTHREAD=1 -DHAVE_ZLIB=1 -Wall -Wno-sign-compare -g -O2 -fstack-protector-strong -Wformat -Werror=format-security -Wdate-time -D_FORTIFY_SOURCE=2 -g -MT google/protobuf/compiler/cpp/cpp_extension.lo -MD -MP -MF google/protobuf/compiler/cpp/.deps/cpp_extension.Tpo -c google/protobuf/compiler/cpp/cpp_extension.cc  -fPIC -DPIC -o google/protobuf/compiler/cpp/.libs/cpp_extension.o
In file included from ./google/protobuf/descriptor.pb.h:24,
                 from ./google/protobuf/compiler/cpp/cpp_helpers.h:46,
                 from google/protobuf/compiler/cpp/cpp_extension.cc:37:
./google/protobuf/arena.h: In static member function 'static T* google::protobuf::Arena::CreateArray(google::protobuf::Arena*, size_t)':
./google/protobuf/arena.h:338:24: warning: 'template<class _Tp> struct std::is_pod' is deprecated: use 'is_standard_layout && is_trivial' instead [-Wdeprecated-declarations]
  338 |     static_assert(std::is_pod<T>::value,
      |                        ^~~~~~
In file included from /usr/include/c++/13/bits/stl_pair.h:60,
                 from /usr/include/c++/13/bits/stl_algobase.h:64,
                 from /usr/include/c++/13/bits/stl_tree.h:63,
                 from /usr/include/c++/13/map:62,
                 from ./google/protobuf/compiler/cpp/cpp_extension.h:38,
                 from google/protobuf/compiler/cpp/cpp_extension.cc:35:
/usr/include/c++/13/type_traits:819:5: note: declared here
  819 |     is_pod
      |     ^~~~~~
In file included from ./google/protobuf/wire_format_lite.h:51,
                 from ./google/protobuf/generated_message_util.h:53,
                 from ./google/protobuf/metadata_lite.h:37,
                 from ./google/protobuf/parse_context.h:41,
                 from ./google/protobuf/map_type_handler.h:34,
                 from ./google/protobuf/map.h:49,
                 from ./google/protobuf/generated_message_table_driven.h:34,
                 from ./google/protobuf/descriptor.pb.h:26:
./google/protobuf/repeated_field.h: At global scope:
./google/protobuf/repeated_field.h:367:20: warning: 'template<class _Tp> struct std::is_pod' is deprecated: use 'is_standard_layout && is_trivial' instead [-Wdeprecated-declarations]
  367 |               std::is_pod<Element>::value>
      |                    ^~~~~~
/usr/include/c++/13/type_traits:819:5: note: declared here
  819 |     is_pod
      |     ^~~~~~
./google/protobuf/repeated_field.h:2494:19: warning: 'template<class _Category, class _Tp, class _Distance, class _Pointer, class _Reference> struct std::iterator' is deprecated [-Wdeprecated-declarations]
 2494 |     : public std::iterator<std::output_iterator_tag, T> {
      |                   ^~~~~~~~
In file included from /usr/include/c++/13/bits/stl_algobase.h:65:
/usr/include/c++/13/bits/stl_iterator_base_types.h:127:34: note: declared here
  127 |     struct _GLIBCXX17_DEPRECATED iterator
      |                                  ^~~~~~~~
./google/protobuf/repeated_field.h:2516:19: warning: 'template<class _Category, class _Tp, class _Distance, class _Pointer, class _Reference> struct std::iterator' is deprecated [-Wdeprecated-declarations]
 2516 |     : public std::iterator<std::output_iterator_tag, T> {
      |                   ^~~~~~~~
/usr/include/c++/13/bits/stl_iterator_base_types.h:127:34: note: declared here
  127 |     struct _GLIBCXX17_DEPRECATED iterator
      |                                  ^~~~~~~~
./google/protobuf/repeated_field.h:2547:19: warning: 'template<class _Category, class _Tp, class _Distance, class _Pointer, class _Reference> struct std::iterator' is deprecated [-Wdeprecated-declarations]
 2547 |     : public std::iterator<std::output_iterator_tag, T> {
      |                   ^~~~~~~~
/usr/include/c++/13/bits/stl_iterator_base_types.h:127:34: note: declared here
  127 |     struct _GLIBCXX17_DEPRECATED iterator
      |                                  ^~~~~~~~
./google/protobuf/repeated_field.h:2571:19: warning: 'template<class _Category, class _Tp, class _Distance, class _Pointer, class _Reference> struct std::iterator' is deprecated [-Wdeprecated-declarations]
 2571 |     : public std::iterator<std::output_iterator_tag, T> {
      |                   ^~~~~~~~
/usr/include/c++/13/bits/stl_iterator_base_types.h:127:34: note: declared here
  127 |     struct _GLIBCXX17_DEPRECATED iterator
      |                                  ^~~~~~~~
./google/protobuf/generated_message_table_driven.h:209:20: warning: 'template<class _Tp> struct std::is_pod' is deprecated: use 'is_standard_layout && is_trivial' instead [-Wdeprecated-declarations]
  209 | static_assert(std::is_pod<ParseTableField>::value, "");
      |                    ^~~~~~
/usr/include/c++/13/type_traits:819:5: note: declared here
  819 |     is_pod
      |     ^~~~~~
./google/protobuf/generated_message_table_driven.h:210:20: warning: 'template<class _Tp> struct std::is_pod' is deprecated: use 'is_standard_layout && is_trivial' instead [-Wdeprecated-declarations]
  210 | static_assert(std::is_pod<AuxillaryParseTableField>::value, "");
      |                    ^~~~~~
/usr/include/c++/13/type_traits:819:5: note: declared here
  819 |     is_pod
      |     ^~~~~~
./google/protobuf/generated_message_table_driven.h:211:20: warning: 'template<class _Tp> struct std::is_pod' is deprecated: use 'is_standard_layout && is_trivial' instead [-Wdeprecated-declarations]
  211 | static_assert(std::is_pod<AuxillaryParseTableField::enum_aux>::value, "");
      |                    ^~~~~~
/usr/include/c++/13/type_traits:819:5: note: declared here
  819 |     is_pod
      |     ^~~~~~
./google/protobuf/generated_message_table_driven.h:212:20: warning: 'template<class _Tp> struct std::is_pod' is deprecated: use 'is_standard_layout && is_trivial' instead [-Wdeprecated-declarations]
  212 | static_assert(std::is_pod<AuxillaryParseTableField::message_aux>::value, "");
      |                    ^~~~~~
/usr/include/c++/13/type_traits:819:5: note: declared here
  819 |     is_pod
      |     ^~~~~~
./google/protobuf/generated_message_table_driven.h:213:20: warning: 'template<class _Tp> struct std::is_pod' is deprecated: use 'is_standard_layout && is_trivial' instead [-Wdeprecated-declarations]
  213 | static_assert(std::is_pod<AuxillaryParseTableField::string_aux>::value, "");
      |                    ^~~~~~
/usr/include/c++/13/type_traits:819:5: note: declared here
  819 |     is_pod
      |     ^~~~~~
./google/protobuf/generated_message_table_driven.h:214:20: warning: 'template<class _Tp> struct std::is_pod' is deprecated: use 'is_standard_layout && is_trivial' instead [-Wdeprecated-declarations]
  214 | static_assert(std::is_pod<ParseTable>::value, "");
      |                    ^~~~~~
/usr/include/c++/13/type_traits:819:5: note: declared here
  819 |     is_pod
      |     ^~~~~~
depbase=`echo google/protobuf/compiler/cpp/cpp_field.lo | sed 's|[^/]*$|.deps/&|;s|\.lo$||'`;\
/bin/bash ../libtool  --tag=CXX   --mode=compile g++ -std=gnu++20 -DHAVE_CONFIG_H -I. -I..   -I/usr/local/include -pthread -DHAVE_PTHREAD=1 -DHAVE_ZLIB=1 -Wall -Wno-sign-compare  -g -O2 -fstack-protector-strong -Wformat -Werror=format-security -Wdate-time -D_FORTIFY_SOURCE=2 -g -MT google/protobuf/compiler/cpp/cpp_field.lo -MD -MP -MF $depbase.Tpo -c -o google/protobuf/compiler/cpp/cpp_field.lo google/protobuf/compiler/cpp/cpp_field.cc &&\
mv -f $depbase.Tpo $depbase.Plo
libtool: compile:  g++ -std=gnu++20 -DHAVE_CONFIG_H -I. -I.. -I/usr/local/include -pthread -DHAVE_PTHREAD=1 -DHAVE_ZLIB=1 -Wall -Wno-sign-compare -g -O2 -fstack-protector-strong -Wformat -Werror=format-security -Wdate-time -D_FORTIFY_SOURCE=2 -g -MT google/protobuf/compiler/cpp/cpp_field.lo -MD -MP -MF google/protobuf/compiler/cpp/.deps/cpp_field.Tpo -c google/protobuf/compiler/cpp/cpp_field.cc  -fPIC -DPIC -o google/protobuf/compiler/cpp/.libs/cpp_field.o
In file included from ./google/protobuf/descriptor.pb.h:24,
                 from ./google/protobuf/compiler/cpp/cpp_helpers.h:46,
                 from ./google/protobuf/compiler/cpp/cpp_field.h:42,
                 from google/protobuf/compiler/cpp/cpp_field.cc:35:
./google/protobuf/arena.h: In static member function 'static T* google::protobuf::Arena::CreateArray(google::protobuf::Arena*, size_t)':
./google/protobuf/arena.h:338:24: warning: 'template<class _Tp> struct std::is_pod' is deprecated: use 'is_standard_layout && is_trivial' instead [-Wdeprecated-declarations]
  338 |     static_assert(std::is_pod<T>::value,
      |                        ^~~~~~
In file included from /usr/include/c++/13/bits/stl_pair.h:60,
                 from /usr/include/c++/13/bits/stl_algobase.h:64,
                 from /usr/include/c++/13/bits/stl_tree.h:63,
                 from /usr/include/c++/13/map:62,
                 from ./google/protobuf/compiler/cpp/cpp_field.h:38:
/usr/include/c++/13/type_traits:819:5: note: declared here
  819 |     is_pod
      |     ^~~~~~
In file included from ./google/protobuf/wire_format_lite.h:51,
                 from ./google/protobuf/generated_message_util.h:53,
                 from ./google/protobuf/metadata_lite.h:37,
                 from ./google/protobuf/parse_context.h:41,
                 from ./google/protobuf/map_type_handler.h:34,
                 from ./google/protobuf/map.h:49,
                 from ./google/protobuf/generated_message_table_driven.h:34,
                 from ./google/protobuf/descriptor.pb.h:26:
./google/protobuf/repeated_field.h: At global scope:
./google/protobuf/repeated_field.h:367:20: warning: 'template<class _Tp> struct std::is_pod' is deprecated: use 'is_standard_layout && is_trivial' instead [-Wdeprecated-declarations]
  367 |               std::is_pod<Element>::value>
      |                    ^~~~~~
/usr/include/c++/13/type_traits:819:5: note: declared here
  819 |     is_pod
      |     ^~~~~~
./google/protobuf/repeated_field.h:2494:19: warning: 'template<class _Category, class _Tp, class _Distance, class _Pointer, class _Reference> struct std::iterator' is deprecated [-Wdeprecated-declarations]
 2494 |     : public std::iterator<std::output_iterator_tag, T> {
      |                   ^~~~~~~~
In file included from /usr/include/c++/13/bits/stl_algobase.h:65:
/usr/include/c++/13/bits/stl_iterator_base_types.h:127:34: note: declared here
  127 |     struct _GLIBCXX17_DEPRECATED iterator
      |                                  ^~~~~~~~
./google/protobuf/repeated_field.h:2516:19: warning: 'template<class _Category, class _Tp, class _Distance, class _Pointer, class _Reference> struct std::iterator' is deprecated [-Wdeprecated-declarations]
 2516 |     : public std::iterator<std::output_iterator_tag, T> {
      |                   ^~~~~~~~
/usr/include/c++/13/bits/stl_iterator_base_types.h:127:34: note: declared here
  127 |     struct _GLIBCXX17_DEPRECATED iterator
      |                                  ^~~~~~~~
./google/protobuf/repeated_field.h:2547:19: warning: 'template<class _Category, class _Tp, class _Distance, class _Pointer, class _Reference> struct std::iterator' is deprecated [-Wdeprecated-declarations]
 2547 |     : public std::iterator<std::output_iterator_tag, T> {
      |                   ^~~~~~~~
/usr/include/c++/13/bits/stl_iterator_base_types.h:127:34: note: declared here
  127 |     struct _GLIBCXX17_DEPRECATED iterator
      |                                  ^~~~~~~~
./google/protobuf/repeated_field.h:2571:19: warning: 'template<class _Category, class _Tp, class _Distance, class _Pointer, class _Reference> struct std::iterator' is deprecated [-Wdeprecated-declarations]
 2571 |     : public std::iterator<std::output_iterator_tag, T> {
      |                   ^~~~~~~~
/usr/include/c++/13/bits/stl_iterator_base_types.h:127:34: note: declared here
  127 |     struct _GLIBCXX17_DEPRECATED iterator
      |                                  ^~~~~~~~
./google/protobuf/generated_message_table_driven.h:209:20: warning: 'template<class _Tp> struct std::is_pod' is deprecated: use 'is_standard_layout && is_trivial' instead [-Wdeprecated-declarations]
  209 | static_assert(std::is_pod<ParseTableField>::value, "");
      |                    ^~~~~~
/usr/include/c++/13/type_traits:819:5: note: declared here
  819 |     is_pod
      |     ^~~~~~
./google/protobuf/generated_message_table_driven.h:210:20: warning: 'template<class _Tp> struct std::is_pod' is deprecated: use 'is_standard_layout && is_trivial' instead [-Wdeprecated-declarations]
  210 | static_assert(std::is_pod<AuxillaryParseTableField>::value, "");
      |                    ^~~~~~
/usr/include/c++/13/type_traits:819:5: note: declared here
  819 |     is_pod
      |     ^~~~~~
./google/protobuf/generated_message_table_driven.h:211:20: warning: 'template<class _Tp> struct std::is_pod' is deprecated: use 'is_standard_layout && is_trivial' instead [-Wdeprecated-declarations]
  211 | static_assert(std::is_pod<AuxillaryParseTableField::enum_aux>::value, "");
      |                    ^~~~~~
/usr/include/c++/13/type_traits:819:5: note: declared here
  819 |     is_pod
      |     ^~~~~~
./google/protobuf/generated_message_table_driven.h:212:20: warning: 'template<class _Tp> struct std::is_pod' is deprecated: use 'is_standard_layout && is_trivial' instead [-Wdeprecated-declarations]
  212 | static_assert(std::is_pod<AuxillaryParseTableField::message_aux>::value, "");
      |                    ^~~~~~
/usr/include/c++/13/type_traits:819:5: note: declared here
  819 |     is_pod
      |     ^~~~~~
./google/protobuf/generated_message_table_driven.h:213:20: warning: 'template<class _Tp> struct std::is_pod' is deprecated: use 'is_standard_layout && is_trivial' instead [-Wdeprecated-declarations]
  213 | static_assert(std::is_pod<AuxillaryParseTableField::string_aux>::value, "");
      |                    ^~~~~~
/usr/include/c++/13/type_traits:819:5: note: declared here
  819 |     is_pod
      |     ^~~~~~
./google/protobuf/generated_message_table_driven.h:214:20: warning: 'template<class _Tp> struct std::is_pod' is deprecated: use 'is_standard_layout && is_trivial' instead [-Wdeprecated-declarations]
  214 | static_assert(std::is_pod<ParseTable>::value, "");
      |                    ^~~~~~
/usr/include/c++/13/type_traits:819:5: note: declared here
  819 |     is_pod
      |     ^~~~~~
depbase=`echo google/protobuf/compiler/cpp/cpp_file.lo | sed 's|[^/]*$|.deps/&|;s|\.lo$||'`;\
/bin/bash ../libtool  --tag=CXX   --mode=compile g++ -std=gnu++20 -DHAVE_CONFIG_H -I. -I..   -I/usr/local/include -pthread -DHAVE_PTHREAD=1 -DHAVE_ZLIB=1 -Wall -Wno-sign-compare  -g -O2 -fstack-protector-strong -Wformat -Werror=format-security -Wdate-time -D_FORTIFY_SOURCE=2 -g -MT google/protobuf/compiler/cpp/cpp_file.lo -MD -MP -MF $depbase.Tpo -c -o google/protobuf/compiler/cpp/cpp_file.lo google/protobuf/compiler/cpp/cpp_file.cc &&\
mv -f $depbase.Tpo $depbase.Plo
libtool: compile:  g++ -std=gnu++20 -DHAVE_CONFIG_H -I. -I.. -I/usr/local/include -pthread -DHAVE_PTHREAD=1 -DHAVE_ZLIB=1 -Wall -Wno-sign-compare -g -O2 -fstack-protector-strong -Wformat -Werror=format-security -Wdate-time -D_FORTIFY_SOURCE=2 -g -MT google/protobuf/compiler/cpp/cpp_file.lo -MD -MP -MF google/protobuf/compiler/cpp/.deps/cpp_file.Tpo -c google/protobuf/compiler/cpp/cpp_file.cc  -fPIC -DPIC -o google/protobuf/compiler/cpp/.libs/cpp_file.o
In file included from ./google/protobuf/descriptor.pb.h:24,
                 from ./google/protobuf/compiler/cpp/cpp_helpers.h:46,
                 from ./google/protobuf/compiler/cpp/cpp_field.h:42,
                 from ./google/protobuf/compiler/cpp/cpp_file.h:44,
                 from google/protobuf/compiler/cpp/cpp_file.cc:35:
./google/protobuf/arena.h: In static member function 'static T* google::protobuf::Arena::CreateArray(google::protobuf::Arena*, size_t)':
./google/protobuf/arena.h:338:24: warning: 'template<class _Tp> struct std::is_pod' is deprecated: use 'is_standard_layout && is_trivial' instead [-Wdeprecated-declarations]
  338 |     static_assert(std::is_pod<T>::value,
      |                        ^~~~~~
In file included from /usr/include/c++/13/bits/stl_pair.h:60,
                 from /usr/include/c++/13/bits/stl_algobase.h:64,
                 from /usr/include/c++/13/algorithm:60,
                 from ./google/protobuf/compiler/cpp/cpp_file.h:38:
/usr/include/c++/13/type_traits:819:5: note: declared here
  819 |     is_pod
      |     ^~~~~~
In file included from ./google/protobuf/wire_format_lite.h:51,
                 from ./google/protobuf/generated_message_util.h:53,
                 from ./google/protobuf/metadata_lite.h:37,
                 from ./google/protobuf/parse_context.h:41,
                 from ./google/protobuf/map_type_handler.h:34,
                 from ./google/protobuf/map.h:49,
                 from ./google/protobuf/generated_message_table_driven.h:34,
                 from ./google/protobuf/descriptor.pb.h:26:
./google/protobuf/repeated_field.h: At global scope:
./google/protobuf/repeated_field.h:367:20: warning: 'template<class _Tp> struct std::is_pod' is deprecated: use 'is_standard_layout && is_trivial' instead [-Wdeprecated-declarations]
  367 |               std::is_pod<Element>::value>
      |                    ^~~~~~
/usr/include/c++/13/type_traits:819:5: note: declared here
  819 |     is_pod
      |     ^~~~~~
./google/protobuf/repeated_field.h:2494:19: warning: 'template<class _Category, class _Tp, class _Distance, class _Pointer, class _Reference> struct std::iterator' is deprecated [-Wdeprecated-declarations]
 2494 |     : public std::iterator<std::output_iterator_tag, T> {
      |                   ^~~~~~~~
In file included from /usr/include/c++/13/bits/stl_algobase.h:65:
/usr/include/c++/13/bits/stl_iterator_base_types.h:127:34: note: declared here
  127 |     struct _GLIBCXX17_DEPRECATED iterator
      |                                  ^~~~~~~~
./google/protobuf/repeated_field.h:2516:19: warning: 'template<class _Category, class _Tp, class _Distance, class _Pointer, class _Reference> struct std::iterator' is deprecated [-Wdeprecated-declarations]
 2516 |     : public std::iterator<std::output_iterator_tag, T> {
      |                   ^~~~~~~~
/usr/include/c++/13/bits/stl_iterator_base_types.h:127:34: note: declared here
  127 |     struct _GLIBCXX17_DEPRECATED iterator
      |                                  ^~~~~~~~
./google/protobuf/repeated_field.h:2547:19: warning: 'template<class _Category, class _Tp, class _Distance, class _Pointer, class _Reference> struct std::iterator' is deprecated [-Wdeprecated-declarations]
 2547 |     : public std::iterator<std::output_iterator_tag, T> {
      |                   ^~~~~~~~
/usr/include/c++/13/bits/stl_iterator_base_types.h:127:34: note: declared here
  127 |     struct _GLIBCXX17_DEPRECATED iterator
      |                                  ^~~~~~~~
./google/protobuf/repeated_field.h:2571:19: warning: 'template<class _Category, class _Tp, class _Distance, class _Pointer, class _Reference> struct std::iterator' is deprecated [-Wdeprecated-declarations]
 2571 |     : public std::iterator<std::output_iterator_tag, T> {
      |                   ^~~~~~~~
/usr/include/c++/13/bits/stl_iterator_base_types.h:127:34: note: declared here
  127 |     struct _GLIBCXX17_DEPRECATED iterator
      |                                  ^~~~~~~~
./google/protobuf/generated_message_table_driven.h:209:20: warning: 'template<class _Tp> struct std::is_pod' is deprecated: use 'is_standard_layout && is_trivial' instead [-Wdeprecated-declarations]
  209 | static_assert(std::is_pod<ParseTableField>::value, "");
      |                    ^~~~~~
/usr/include/c++/13/type_traits:819:5: note: declared here
  819 |     is_pod
      |     ^~~~~~
./google/protobuf/generated_message_table_driven.h:210:20: warning: 'template<class _Tp> struct std::is_pod' is deprecated: use 'is_standard_layout && is_trivial' instead [-Wdeprecated-declarations]
  210 | static_assert(std::is_pod<AuxillaryParseTableField>::value, "");
      |                    ^~~~~~
/usr/include/c++/13/type_traits:819:5: note: declared here
  819 |     is_pod
      |     ^~~~~~
./google/protobuf/generated_message_table_driven.h:211:20: warning: 'template<class _Tp> struct std::is_pod' is deprecated: use 'is_standard_layout && is_trivial' instead [-Wdeprecated-declarations]
  211 | static_assert(std::is_pod<AuxillaryParseTableField::enum_aux>::value, "");
      |                    ^~~~~~
/usr/include/c++/13/type_traits:819:5: note: declared here
  819 |     is_pod
      |     ^~~~~~
./google/protobuf/generated_message_table_driven.h:212:20: warning: 'template<class _Tp> struct std::is_pod' is deprecated: use 'is_standard_layout && is_trivial' instead [-Wdeprecated-declarations]
  212 | static_assert(std::is_pod<AuxillaryParseTableField::message_aux>::value, "");
      |                    ^~~~~~
/usr/include/c++/13/type_traits:819:5: note: declared here
  819 |     is_pod
      |     ^~~~~~
./google/protobuf/generated_message_table_driven.h:213:20: warning: 'template<class _Tp> struct std::is_pod' is deprecated: use 'is_standard_layout && is_trivial' instead [-Wdeprecated-declarations]
  213 | static_assert(std::is_pod<AuxillaryParseTableField::string_aux>::value, "");
      |                    ^~~~~~
/usr/include/c++/13/type_traits:819:5: note: declared here
  819 |     is_pod
      |     ^~~~~~
./google/protobuf/generated_message_table_driven.h:214:20: warning: 'template<class _Tp> struct std::is_pod' is deprecated: use 'is_standard_layout && is_trivial' instead [-Wdeprecated-declarations]
  214 | static_assert(std::is_pod<ParseTable>::value, "");
      |                    ^~~~~~
/usr/include/c++/13/type_traits:819:5: note: declared here
  819 |     is_pod
      |     ^~~~~~
depbase=`echo google/protobuf/compiler/cpp/cpp_generator.lo | sed 's|[^/]*$|.deps/&|;s|\.lo$||'`;\
/bin/bash ../libtool  --tag=CXX   --mode=compile g++ -std=gnu++20 -DHAVE_CONFIG_H -I. -I..   -I/usr/local/include -pthread -DHAVE_PTHREAD=1 -DHAVE_ZLIB=1 -Wall -Wno-sign-compare  -g -O2 -fstack-protector-strong -Wformat -Werror=format-security -Wdate-time -D_FORTIFY_SOURCE=2 -g -MT google/protobuf/compiler/cpp/cpp_generator.lo -MD -MP -MF $depbase.Tpo -c -o google/protobuf/compiler/cpp/cpp_generator.lo google/protobuf/compiler/cpp/cpp_generator.cc &&\
mv -f $depbase.Tpo $depbase.Plo
libtool: compile:  g++ -std=gnu++20 -DHAVE_CONFIG_H -I. -I.. -I/usr/local/include -pthread -DHAVE_PTHREAD=1 -DHAVE_ZLIB=1 -Wall -Wno-sign-compare -g -O2 -fstack-protector-strong -Wformat -Werror=format-security -Wdate-time -D_FORTIFY_SOURCE=2 -g -MT google/protobuf/compiler/cpp/cpp_generator.lo -MD -MP -MF google/protobuf/compiler/cpp/.deps/cpp_generator.Tpo -c google/protobuf/compiler/cpp/cpp_generator.cc  -fPIC -DPIC -o google/protobuf/compiler/cpp/.libs/cpp_generator.o
In file included from ./google/protobuf/descriptor.pb.h:24,
                 from ./google/protobuf/compiler/cpp/cpp_helpers.h:46,
                 from ./google/protobuf/compiler/cpp/cpp_field.h:42,
                 from ./google/protobuf/compiler/cpp/cpp_file.h:44,
                 from google/protobuf/compiler/cpp/cpp_generator.cc:42:
./google/protobuf/arena.h: In static member function 'static T* google::protobuf::Arena::CreateArray(google::protobuf::Arena*, size_t)':
./google/protobuf/arena.h:338:24: warning: 'template<class _Tp> struct std::is_pod' is deprecated: use 'is_standard_layout && is_trivial' instead [-Wdeprecated-declarations]
  338 |     static_assert(std::is_pod<T>::value,
      |                        ^~~~~~
In file included from /usr/include/c++/13/bits/char_traits.h:50,
                 from /usr/include/c++/13/string:42,
                 from ./google/protobuf/compiler/cpp/cpp_generator.h:40,
                 from google/protobuf/compiler/cpp/cpp_generator.cc:35:
/usr/include/c++/13/type_traits:819:5: note: declared here
  819 |     is_pod
      |     ^~~~~~
In file included from ./google/protobuf/wire_format_lite.h:51,
                 from ./google/protobuf/generated_message_util.h:53,
                 from ./google/protobuf/metadata_lite.h:37,
                 from ./google/protobuf/parse_context.h:41,
                 from ./google/protobuf/map_type_handler.h:34,
                 from ./google/protobuf/map.h:49,
                 from ./google/protobuf/generated_message_table_driven.h:34,
                 from ./google/protobuf/descriptor.pb.h:26:
./google/protobuf/repeated_field.h: At global scope:
./google/protobuf/repeated_field.h:367:20: warning: 'template<class _Tp> struct std::is_pod' is deprecated: use 'is_standard_layout && is_trivial' instead [-Wdeprecated-declarations]
  367 |               std::is_pod<Element>::value>
      |                    ^~~~~~
/usr/include/c++/13/type_traits:819:5: note: declared here
  819 |     is_pod
      |     ^~~~~~
./google/protobuf/repeated_field.h:2494:19: warning: 'template<class _Category, class _Tp, class _Distance, class _Pointer, class _Reference> struct std::iterator' is deprecated [-Wdeprecated-declarations]
 2494 |     : public std::iterator<std::output_iterator_tag, T> {
      |                   ^~~~~~~~
In file included from /usr/include/c++/13/bits/stl_construct.h:61,
                 from /usr/include/c++/13/bits/char_traits.h:57:
/usr/include/c++/13/bits/stl_iterator_base_types.h:127:34: note: declared here
  127 |     struct _GLIBCXX17_DEPRECATED iterator
      |                                  ^~~~~~~~
./google/protobuf/repeated_field.h:2516:19: warning: 'template<class _Category, class _Tp, class _Distance, class _Pointer, class _Reference> struct std::iterator' is deprecated [-Wdeprecated-declarations]
 2516 |     : public std::iterator<std::output_iterator_tag, T> {
      |                   ^~~~~~~~
/usr/include/c++/13/bits/stl_iterator_base_types.h:127:34: note: declared here
  127 |     struct _GLIBCXX17_DEPRECATED iterator
      |                                  ^~~~~~~~
./google/protobuf/repeated_field.h:2547:19: warning: 'template<class _Category, class _Tp, class _Distance, class _Pointer, class _Reference> struct std::iterator' is deprecated [-Wdeprecated-declarations]
 2547 |     : public std::iterator<std::output_iterator_tag, T> {
      |                   ^~~~~~~~
/usr/include/c++/13/bits/stl_iterator_base_types.h:127:34: note: declared here
  127 |     struct _GLIBCXX17_DEPRECATED iterator
      |                                  ^~~~~~~~
./google/protobuf/repeated_field.h:2571:19: warning: 'template<class _Category, class _Tp, class _Distance, class _Pointer, class _Reference> struct std::iterator' is deprecated [-Wdeprecated-declarations]
 2571 |     : public std::iterator<std::output_iterator_tag, T> {
      |                   ^~~~~~~~
/usr/include/c++/13/bits/stl_iterator_base_types.h:127:34: note: declared here
  127 |     struct _GLIBCXX17_DEPRECATED iterator
      |                                  ^~~~~~~~
./google/protobuf/generated_message_table_driven.h:209:20: warning: 'template<class _Tp> struct std::is_pod' is deprecated: use 'is_standard_layout && is_trivial' instead [-Wdeprecated-declarations]
  209 | static_assert(std::is_pod<ParseTableField>::value, "");
      |                    ^~~~~~
/usr/include/c++/13/type_traits:819:5: note: declared here
  819 |     is_pod
      |     ^~~~~~
./google/protobuf/generated_message_table_driven.h:210:20: warning: 'template<class _Tp> struct std::is_pod' is deprecated: use 'is_standard_layout && is_trivial' instead [-Wdeprecated-declarations]
  210 | static_assert(std::is_pod<AuxillaryParseTableField>::value, "");
      |                    ^~~~~~
/usr/include/c++/13/type_traits:819:5: note: declared here
  819 |     is_pod
      |     ^~~~~~
./google/protobuf/generated_message_table_driven.h:211:20: warning: 'template<class _Tp> struct std::is_pod' is deprecated: use 'is_standard_layout && is_trivial' instead [-Wdeprecated-declarations]
  211 | static_assert(std::is_pod<AuxillaryParseTableField::enum_aux>::value, "");
      |                    ^~~~~~
/usr/include/c++/13/type_traits:819:5: note: declared here
  819 |     is_pod
      |     ^~~~~~
./google/protobuf/generated_message_table_driven.h:212:20: warning: 'template<class _Tp> struct std::is_pod' is deprecated: use 'is_standard_layout && is_trivial' instead [-Wdeprecated-declarations]
  212 | static_assert(std::is_pod<AuxillaryParseTableField::message_aux>::value, "");
      |                    ^~~~~~
/usr/include/c++/13/type_traits:819:5: note: declared here
  819 |     is_pod
      |     ^~~~~~
./google/protobuf/generated_message_table_driven.h:213:20: warning: 'template<class _Tp> struct std::is_pod' is deprecated: use 'is_standard_layout && is_trivial' instead [-Wdeprecated-declarations]
  213 | static_assert(std::is_pod<AuxillaryParseTableField::string_aux>::value, "");
      |                    ^~~~~~
/usr/include/c++/13/type_traits:819:5: note: declared here
  819 |     is_pod
      |     ^~~~~~
./google/protobuf/generated_message_table_driven.h:214:20: warning: 'template<class _Tp> struct std::is_pod' is deprecated: use 'is_standard_layout && is_trivial' instead [-Wdeprecated-declarations]
  214 | static_assert(std::is_pod<ParseTable>::value, "");
      |                    ^~~~~~
/usr/include/c++/13/type_traits:819:5: note: declared here
  819 |     is_pod
      |     ^~~~~~
depbase=`echo google/protobuf/compiler/cpp/cpp_helpers.lo | sed 's|[^/]*$|.deps/&|;s|\.lo$||'`;\
/bin/bash ../libtool  --tag=CXX   --mode=compile g++ -std=gnu++20 -DHAVE_CONFIG_H -I. -I..   -I/usr/local/include -pthread -DHAVE_PTHREAD=1 -DHAVE_ZLIB=1 -Wall -Wno-sign-compare  -g -O2 -fstack-protector-strong -Wformat -Werror=format-security -Wdate-time -D_FORTIFY_SOURCE=2 -g -MT google/protobuf/compiler/cpp/cpp_helpers.lo -MD -MP -MF $depbase.Tpo -c -o google/protobuf/compiler/cpp/cpp_helpers.lo google/protobuf/compiler/cpp/cpp_helpers.cc &&\
mv -f $depbase.Tpo $depbase.Plo
libtool: compile:  g++ -std=gnu++20 -DHAVE_CONFIG_H -I. -I.. -I/usr/local/include -pthread -DHAVE_PTHREAD=1 -DHAVE_ZLIB=1 -Wall -Wno-sign-compare -g -O2 -fstack-protector-strong -Wformat -Werror=format-security -Wdate-time -D_FORTIFY_SOURCE=2 -g -MT google/protobuf/compiler/cpp/cpp_helpers.lo -MD -MP -MF google/protobuf/compiler/cpp/.deps/cpp_helpers.Tpo -c google/protobuf/compiler/cpp/cpp_helpers.cc  -fPIC -DPIC -o google/protobuf/compiler/cpp/.libs/cpp_helpers.o
In file included from ./google/protobuf/descriptor.pb.h:24,
                 from ./google/protobuf/compiler/cpp/cpp_helpers.h:46,
                 from google/protobuf/compiler/cpp/cpp_helpers.cc:35:
./google/protobuf/arena.h: In static member function 'static T* google::protobuf::Arena::CreateArray(google::protobuf::Arena*, size_t)':
./google/protobuf/arena.h:338:24: warning: 'template<class _Tp> struct std::is_pod' is deprecated: use 'is_standard_layout && is_trivial' instead [-Wdeprecated-declarations]
  338 |     static_assert(std::is_pod<T>::value,
      |                        ^~~~~~
In file included from /usr/include/c++/13/bits/stl_pair.h:60,
                 from /usr/include/c++/13/bits/stl_algobase.h:64,
                 from /usr/include/c++/13/algorithm:60,
                 from ./google/protobuf/compiler/cpp/cpp_helpers.h:38:
/usr/include/c++/13/type_traits:819:5: note: declared here
  819 |     is_pod
      |     ^~~~~~
In file included from ./google/protobuf/wire_format_lite.h:51,
                 from ./google/protobuf/generated_message_util.h:53,
                 from ./google/protobuf/metadata_lite.h:37,
                 from ./google/protobuf/parse_context.h:41,
                 from ./google/protobuf/map_type_handler.h:34,
                 from ./google/protobuf/map.h:49,
                 from ./google/protobuf/generated_message_table_driven.h:34,
                 from ./google/protobuf/descriptor.pb.h:26:
./google/protobuf/repeated_field.h: At global scope:
./google/protobuf/repeated_field.h:367:20: warning: 'template<class _Tp> struct std::is_pod' is deprecated: use 'is_standard_layout && is_trivial' instead [-Wdeprecated-declarations]
  367 |               std::is_pod<Element>::value>
      |                    ^~~~~~
/usr/include/c++/13/type_traits:819:5: note: declared here
  819 |     is_pod
      |     ^~~~~~
./google/protobuf/repeated_field.h:2494:19: warning: 'template<class _Category, class _Tp, class _Distance, class _Pointer, class _Reference> struct std::iterator' is deprecated [-Wdeprecated-declarations]
 2494 |     : public std::iterator<std::output_iterator_tag, T> {
      |                   ^~~~~~~~
In file included from /usr/include/c++/13/bits/stl_algobase.h:65:
/usr/include/c++/13/bits/stl_iterator_base_types.h:127:34: note: declared here
  127 |     struct _GLIBCXX17_DEPRECATED iterator
      |                                  ^~~~~~~~
./google/protobuf/repeated_field.h:2516:19: warning: 'template<class _Category, class _Tp, class _Distance, class _Pointer, class _Reference> struct std::iterator' is deprecated [-Wdeprecated-declarations]
 2516 |     : public std::iterator<std::output_iterator_tag, T> {
      |                   ^~~~~~~~
/usr/include/c++/13/bits/stl_iterator_base_types.h:127:34: note: declared here
  127 |     struct _GLIBCXX17_DEPRECATED iterator
      |                                  ^~~~~~~~
./google/protobuf/repeated_field.h:2547:19: warning: 'template<class _Category, class _Tp, class _Distance, class _Pointer, class _Reference> struct std::iterator' is deprecated [-Wdeprecated-declarations]
 2547 |     : public std::iterator<std::output_iterator_tag, T> {
      |                   ^~~~~~~~
/usr/include/c++/13/bits/stl_iterator_base_types.h:127:34: note: declared here
  127 |     struct _GLIBCXX17_DEPRECATED iterator
      |                                  ^~~~~~~~
./google/protobuf/repeated_field.h:2571:19: warning: 'template<class _Category, class _Tp, class _Distance, class _Pointer, class _Reference> struct std::iterator' is deprecated [-Wdeprecated-declarations]
 2571 |     : public std::iterator<std::output_iterator_tag, T> {
      |                   ^~~~~~~~
/usr/include/c++/13/bits/stl_iterator_base_types.h:127:34: note: declared here
  127 |     struct _GLIBCXX17_DEPRECATED iterator
      |                                  ^~~~~~~~
./google/protobuf/generated_message_table_driven.h:209:20: warning: 'template<class _Tp> struct std::is_pod' is deprecated: use 'is_standard_layout && is_trivial' instead [-Wdeprecated-declarations]
  209 | static_assert(std::is_pod<ParseTableField>::value, "");
      |                    ^~~~~~
/usr/include/c++/13/type_traits:819:5: note: declared here
  819 |     is_pod
      |     ^~~~~~
./google/protobuf/generated_message_table_driven.h:210:20: warning: 'template<class _Tp> struct std::is_pod' is deprecated: use 'is_standard_layout && is_trivial' instead [-Wdeprecated-declarations]
  210 | static_assert(std::is_pod<AuxillaryParseTableField>::value, "");
      |                    ^~~~~~
/usr/include/c++/13/type_traits:819:5: note: declared here
  819 |     is_pod
      |     ^~~~~~
./google/protobuf/generated_message_table_driven.h:211:20: warning: 'template<class _Tp> struct std::is_pod' is deprecated: use 'is_standard_layout && is_trivial' instead [-Wdeprecated-declarations]
  211 | static_assert(std::is_pod<AuxillaryParseTableField::enum_aux>::value, "");
      |                    ^~~~~~
/usr/include/c++/13/type_traits:819:5: note: declared here
  819 |     is_pod
      |     ^~~~~~
./google/protobuf/generated_message_table_driven.h:212:20: warning: 'template<class _Tp> struct std::is_pod' is deprecated: use 'is_standard_layout && is_trivial' instead [-Wdeprecated-declarations]
  212 | static_assert(std::is_pod<AuxillaryParseTableField::message_aux>::value, "");
      |                    ^~~~~~
/usr/include/c++/13/type_traits:819:5: note: declared here
  819 |     is_pod
      |     ^~~~~~
./google/protobuf/generated_message_table_driven.h:213:20: warning: 'template<class _Tp> struct std::is_pod' is deprecated: use 'is_standard_layout && is_trivial' instead [-Wdeprecated-declarations]
  213 | static_assert(std::is_pod<AuxillaryParseTableField::string_aux>::value, "");
      |                    ^~~~~~
/usr/include/c++/13/type_traits:819:5: note: declared here
  819 |     is_pod
      |     ^~~~~~
./google/protobuf/generated_message_table_driven.h:214:20: warning: 'template<class _Tp> struct std::is_pod' is deprecated: use 'is_standard_layout && is_trivial' instead [-Wdeprecated-declarations]
  214 | static_assert(std::is_pod<ParseTable>::value, "");
      |                    ^~~~~~
/usr/include/c++/13/type_traits:819:5: note: declared here
  819 |     is_pod
      |     ^~~~~~
depbase=`echo google/protobuf/compiler/cpp/cpp_map_field.lo | sed 's|[^/]*$|.deps/&|;s|\.lo$||'`;\
/bin/bash ../libtool  --tag=CXX   --mode=compile g++ -std=gnu++20 -DHAVE_CONFIG_H -I. -I..   -I/usr/local/include -pthread -DHAVE_PTHREAD=1 -DHAVE_ZLIB=1 -Wall -Wno-sign-compare  -g -O2 -fstack-protector-strong -Wformat -Werror=format-security -Wdate-time -D_FORTIFY_SOURCE=2 -g -MT google/protobuf/compiler/cpp/cpp_map_field.lo -MD -MP -MF $depbase.Tpo -c -o google/protobuf/compiler/cpp/cpp_map_field.lo google/protobuf/compiler/cpp/cpp_map_field.cc &&\
mv -f $depbase.Tpo $depbase.Plo
libtool: compile:  g++ -std=gnu++20 -DHAVE_CONFIG_H -I. -I.. -I/usr/local/include -pthread -DHAVE_PTHREAD=1 -DHAVE_ZLIB=1 -Wall -Wno-sign-compare -g -O2 -fstack-protector-strong -Wformat -Werror=format-security -Wdate-time -D_FORTIFY_SOURCE=2 -g -MT google/protobuf/compiler/cpp/cpp_map_field.lo -MD -MP -MF google/protobuf/compiler/cpp/.deps/cpp_map_field.Tpo -c google/protobuf/compiler/cpp/cpp_map_field.cc  -fPIC -DPIC -o google/protobuf/compiler/cpp/.libs/cpp_map_field.o
In file included from ./google/protobuf/descriptor.pb.h:24,
                 from ./google/protobuf/compiler/cpp/cpp_helpers.h:46,
                 from ./google/protobuf/compiler/cpp/cpp_field.h:42,
                 from ./google/protobuf/compiler/cpp/cpp_message_field.h:40,
                 from ./google/protobuf/compiler/cpp/cpp_map_field.h:37,
                 from google/protobuf/compiler/cpp/cpp_map_field.cc:31:
./google/protobuf/arena.h: In static member function 'static T* google::protobuf::Arena::CreateArray(google::protobuf::Arena*, size_t)':
./google/protobuf/arena.h:338:24: warning: 'template<class _Tp> struct std::is_pod' is deprecated: use 'is_standard_layout && is_trivial' instead [-Wdeprecated-declarations]
  338 |     static_assert(std::is_pod<T>::value,
      |                        ^~~~~~
In file included from /usr/include/c++/13/bits/stl_pair.h:60,
                 from /usr/include/c++/13/bits/stl_algobase.h:64,
                 from /usr/include/c++/13/bits/stl_tree.h:63,
                 from /usr/include/c++/13/map:62,
                 from ./google/protobuf/compiler/cpp/cpp_map_field.h:34:
/usr/include/c++/13/type_traits:819:5: note: declared here
  819 |     is_pod
      |     ^~~~~~
In file included from ./google/protobuf/wire_format_lite.h:51,
                 from ./google/protobuf/generated_message_util.h:53,
                 from ./google/protobuf/metadata_lite.h:37,
                 from ./google/protobuf/parse_context.h:41,
                 from ./google/protobuf/map_type_handler.h:34,
                 from ./google/protobuf/map.h:49,
                 from ./google/protobuf/generated_message_table_driven.h:34,
                 from ./google/protobuf/descriptor.pb.h:26:
./google/protobuf/repeated_field.h: At global scope:
./google/protobuf/repeated_field.h:367:20: warning: 'template<class _Tp> struct std::is_pod' is deprecated: use 'is_standard_layout && is_trivial' instead [-Wdeprecated-declarations]
  367 |               std::is_pod<Element>::value>
      |                    ^~~~~~
/usr/include/c++/13/type_traits:819:5: note: declared here
  819 |     is_pod
      |     ^~~~~~
./google/protobuf/repeated_field.h:2494:19: warning: 'template<class _Category, class _Tp, class _Distance, class _Pointer, class _Reference> struct std::iterator' is deprecated [-Wdeprecated-declarations]
 2494 |     : public std::iterator<std::output_iterator_tag, T> {
      |                   ^~~~~~~~
In file included from /usr/include/c++/13/bits/stl_algobase.h:65:
/usr/include/c++/13/bits/stl_iterator_base_types.h:127:34: note: declared here
  127 |     struct _GLIBCXX17_DEPRECATED iterator
      |                                  ^~~~~~~~
./google/protobuf/repeated_field.h:2516:19: warning: 'template<class _Category, class _Tp, class _Distance, class _Pointer, class _Reference> struct std::iterator' is deprecated [-Wdeprecated-declarations]
 2516 |     : public std::iterator<std::output_iterator_tag, T> {
      |                   ^~~~~~~~
/usr/include/c++/13/bits/stl_iterator_base_types.h:127:34: note: declared here
  127 |     struct _GLIBCXX17_DEPRECATED iterator
      |                                  ^~~~~~~~
./google/protobuf/repeated_field.h:2547:19: warning: 'template<class _Category, class _Tp, class _Distance, class _Pointer, class _Reference> struct std::iterator' is deprecated [-Wdeprecated-declarations]
 2547 |     : public std::iterator<std::output_iterator_tag, T> {
      |                   ^~~~~~~~
/usr/include/c++/13/bits/stl_iterator_base_types.h:127:34: note: declared here
  127 |     struct _GLIBCXX17_DEPRECATED iterator
      |                                  ^~~~~~~~
./google/protobuf/repeated_field.h:2571:19: warning: 'template<class _Category, class _Tp, class _Distance, class _Pointer, class _Reference> struct std::iterator' is deprecated [-Wdeprecated-declarations]
 2571 |     : public std::iterator<std::output_iterator_tag, T> {
      |                   ^~~~~~~~
/usr/include/c++/13/bits/stl_iterator_base_types.h:127:34: note: declared here
  127 |     struct _GLIBCXX17_DEPRECATED iterator
      |                                  ^~~~~~~~
./google/protobuf/generated_message_table_driven.h:209:20: warning: 'template<class _Tp> struct std::is_pod' is deprecated: use 'is_standard_layout && is_trivial' instead [-Wdeprecated-declarations]
  209 | static_assert(std::is_pod<ParseTableField>::value, "");
      |                    ^~~~~~
/usr/include/c++/13/type_traits:819:5: note: declared here
  819 |     is_pod
      |     ^~~~~~
./google/protobuf/generated_message_table_driven.h:210:20: warning: 'template<class _Tp> struct std::is_pod' is deprecated: use 'is_standard_layout && is_trivial' instead [-Wdeprecated-declarations]
  210 | static_assert(std::is_pod<AuxillaryParseTableField>::value, "");
      |                    ^~~~~~
/usr/include/c++/13/type_traits:819:5: note: declared here
  819 |     is_pod
      |     ^~~~~~
./google/protobuf/generated_message_table_driven.h:211:20: warning: 'template<class _Tp> struct std::is_pod' is deprecated: use 'is_standard_layout && is_trivial' instead [-Wdeprecated-declarations]
  211 | static_assert(std::is_pod<AuxillaryParseTableField::enum_aux>::value, "");
      |                    ^~~~~~
/usr/include/c++/13/type_traits:819:5: note: declared here
  819 |     is_pod
      |     ^~~~~~
./google/protobuf/generated_message_table_driven.h:212:20: warning: 'template<class _Tp> struct std::is_pod' is deprecated: use 'is_standard_layout && is_trivial' instead [-Wdeprecated-declarations]
  212 | static_assert(std::is_pod<AuxillaryParseTableField::message_aux>::value, "");
      |                    ^~~~~~
/usr/include/c++/13/type_traits:819:5: note: declared here
  819 |     is_pod
      |     ^~~~~~
./google/protobuf/generated_message_table_driven.h:213:20: warning: 'template<class _Tp> struct std::is_pod' is deprecated: use 'is_standard_layout && is_trivial' instead [-Wdeprecated-declarations]
  213 | static_assert(std::is_pod<AuxillaryParseTableField::string_aux>::value, "");
      |                    ^~~~~~
/usr/include/c++/13/type_traits:819:5: note: declared here
  819 |     is_pod
      |     ^~~~~~
./google/protobuf/generated_message_table_driven.h:214:20: warning: 'template<class _Tp> struct std::is_pod' is deprecated: use 'is_standard_layout && is_trivial' instead [-Wdeprecated-declarations]
  214 | static_assert(std::is_pod<ParseTable>::value, "");
      |                    ^~~~~~
/usr/include/c++/13/type_traits:819:5: note: declared here
  819 |     is_pod
      |     ^~~~~~
depbase=`echo google/protobuf/compiler/cpp/cpp_message.lo | sed 's|[^/]*$|.deps/&|;s|\.lo$||'`;\
/bin/bash ../libtool  --tag=CXX   --mode=compile g++ -std=gnu++20 -DHAVE_CONFIG_H -I. -I..   -I/usr/local/include -pthread -DHAVE_PTHREAD=1 -DHAVE_ZLIB=1 -Wall -Wno-sign-compare  -g -O2 -fstack-protector-strong -Wformat -Werror=format-security -Wdate-time -D_FORTIFY_SOURCE=2 -g -MT google/protobuf/compiler/cpp/cpp_message.lo -MD -MP -MF $depbase.Tpo -c -o google/protobuf/compiler/cpp/cpp_message.lo google/protobuf/compiler/cpp/cpp_message.cc &&\
mv -f $depbase.Tpo $depbase.Plo
libtool: compile:  g++ -std=gnu++20 -DHAVE_CONFIG_H -I. -I.. -I/usr/local/include -pthread -DHAVE_PTHREAD=1 -DHAVE_ZLIB=1 -Wall -Wno-sign-compare -g -O2 -fstack-protector-strong -Wformat -Werror=format-security -Wdate-time -D_FORTIFY_SOURCE=2 -g -MT google/protobuf/compiler/cpp/cpp_message.lo -MD -MP -MF google/protobuf/compiler/cpp/.deps/cpp_message.Tpo -c google/protobuf/compiler/cpp/cpp_message.cc  -fPIC -DPIC -o google/protobuf/compiler/cpp/.libs/cpp_message.o
In file included from ./google/protobuf/descriptor.pb.h:24,
                 from ./google/protobuf/compiler/cpp/cpp_helpers.h:46,
                 from ./google/protobuf/compiler/cpp/cpp_field.h:42,
                 from ./google/protobuf/compiler/cpp/cpp_message.h:41,
                 from google/protobuf/compiler/cpp/cpp_message.cc:35:
./google/protobuf/arena.h: In static member function 'static T* google::protobuf::Arena::CreateArray(google::protobuf::Arena*, size_t)':
./google/protobuf/arena.h:338:24: warning: 'template<class _Tp> struct std::is_pod' is deprecated: use 'is_standard_layout && is_trivial' instead [-Wdeprecated-declarations]
  338 |     static_assert(std::is_pod<T>::value,
      |                        ^~~~~~
In file included from /usr/include/c++/13/bits/move.h:37,
                 from /usr/include/c++/13/bits/new_allocator.h:36,
                 from /usr/include/x86_64-linux-gnu/c++/13/bits/c++allocator.h:33,
                 from /usr/include/c++/13/bits/allocator.h:46,
                 from /usr/include/c++/13/memory:65,
                 from ./google/protobuf/compiler/cpp/cpp_message.h:38:
/usr/include/c++/13/type_traits:819:5: note: declared here
  819 |     is_pod
      |     ^~~~~~
In file included from ./google/protobuf/wire_format_lite.h:51,
                 from ./google/protobuf/generated_message_util.h:53,
                 from ./google/protobuf/metadata_lite.h:37,
                 from ./google/protobuf/parse_context.h:41,
                 from ./google/protobuf/map_type_handler.h:34,
                 from ./google/protobuf/map.h:49,
                 from ./google/protobuf/generated_message_table_driven.h:34,
                 from ./google/protobuf/descriptor.pb.h:26:
./google/protobuf/repeated_field.h: At global scope:
./google/protobuf/repeated_field.h:367:20: warning: 'template<class _Tp> struct std::is_pod' is deprecated: use 'is_standard_layout && is_trivial' instead [-Wdeprecated-declarations]
  367 |               std::is_pod<Element>::value>
      |                    ^~~~~~
/usr/include/c++/13/type_traits:819:5: note: declared here
  819 |     is_pod
      |     ^~~~~~
./google/protobuf/repeated_field.h:2494:19: warning: 'template<class _Category, class _Tp, class _Distance, class _Pointer, class _Reference> struct std::iterator' is deprecated [-Wdeprecated-declarations]
 2494 |     : public std::iterator<std::output_iterator_tag, T> {
      |                   ^~~~~~~~
In file included from /usr/include/c++/13/bits/stl_construct.h:61,
                 from /usr/include/c++/13/bits/stl_tempbuf.h:61,
                 from /usr/include/c++/13/memory:66:
/usr/include/c++/13/bits/stl_iterator_base_types.h:127:34: note: declared here
  127 |     struct _GLIBCXX17_DEPRECATED iterator
      |                                  ^~~~~~~~
./google/protobuf/repeated_field.h:2516:19: warning: 'template<class _Category, class _Tp, class _Distance, class _Pointer, class _Reference> struct std::iterator' is deprecated [-Wdeprecated-declarations]
 2516 |     : public std::iterator<std::output_iterator_tag, T> {
      |                   ^~~~~~~~
/usr/include/c++/13/bits/stl_iterator_base_types.h:127:34: note: declared here
  127 |     struct _GLIBCXX17_DEPRECATED iterator
      |                                  ^~~~~~~~
./google/protobuf/repeated_field.h:2547:19: warning: 'template<class _Category, class _Tp, class _Distance, class _Pointer, class _Reference> struct std::iterator' is deprecated [-Wdeprecated-declarations]
 2547 |     : public std::iterator<std::output_iterator_tag, T> {
      |                   ^~~~~~~~
/usr/include/c++/13/bits/stl_iterator_base_types.h:127:34: note: declared here
  127 |     struct _GLIBCXX17_DEPRECATED iterator
      |                                  ^~~~~~~~
./google/protobuf/repeated_field.h:2571:19: warning: 'template<class _Category, class _Tp, class _Distance, class _Pointer, class _Reference> struct std::iterator' is deprecated [-Wdeprecated-declarations]
 2571 |     : public std::iterator<std::output_iterator_tag, T> {
      |                   ^~~~~~~~
/usr/include/c++/13/bits/stl_iterator_base_types.h:127:34: note: declared here
  127 |     struct _GLIBCXX17_DEPRECATED iterator
      |                                  ^~~~~~~~
./google/protobuf/generated_message_table_driven.h:209:20: warning: 'template<class _Tp> struct std::is_pod' is deprecated: use 'is_standard_layout && is_trivial' instead [-Wdeprecated-declarations]
  209 | static_assert(std::is_pod<ParseTableField>::value, "");
      |                    ^~~~~~
/usr/include/c++/13/type_traits:819:5: note: declared here
  819 |     is_pod
      |     ^~~~~~
./google/protobuf/generated_message_table_driven.h:210:20: warning: 'template<class _Tp> struct std::is_pod' is deprecated: use 'is_standard_layout && is_trivial' instead [-Wdeprecated-declarations]
  210 | static_assert(std::is_pod<AuxillaryParseTableField>::value, "");
      |                    ^~~~~~
/usr/include/c++/13/type_traits:819:5: note: declared here
  819 |     is_pod
      |     ^~~~~~
./google/protobuf/generated_message_table_driven.h:211:20: warning: 'template<class _Tp> struct std::is_pod' is deprecated: use 'is_standard_layout && is_trivial' instead [-Wdeprecated-declarations]
  211 | static_assert(std::is_pod<AuxillaryParseTableField::enum_aux>::value, "");
      |                    ^~~~~~
/usr/include/c++/13/type_traits:819:5: note: declared here
  819 |     is_pod
      |     ^~~~~~
./google/protobuf/generated_message_table_driven.h:212:20: warning: 'template<class _Tp> struct std::is_pod' is deprecated: use 'is_standard_layout && is_trivial' instead [-Wdeprecated-declarations]
  212 | static_assert(std::is_pod<AuxillaryParseTableField::message_aux>::value, "");
      |                    ^~~~~~
/usr/include/c++/13/type_traits:819:5: note: declared here
  819 |     is_pod
      |     ^~~~~~
./google/protobuf/generated_message_table_driven.h:213:20: warning: 'template<class _Tp> struct std::is_pod' is deprecated: use 'is_standard_layout && is_trivial' instead [-Wdeprecated-declarations]
  213 | static_assert(std::is_pod<AuxillaryParseTableField::string_aux>::value, "");
      |                    ^~~~~~
/usr/include/c++/13/type_traits:819:5: note: declared here
  819 |     is_pod
      |     ^~~~~~
./google/protobuf/generated_message_table_driven.h:214:20: warning: 'template<class _Tp> struct std::is_pod' is deprecated: use 'is_standard_layout && is_trivial' instead [-Wdeprecated-declarations]
  214 | static_assert(std::is_pod<ParseTable>::value, "");
      |                    ^~~~~~
/usr/include/c++/13/type_traits:819:5: note: declared here
  819 |     is_pod
      |     ^~~~~~
depbase=`echo google/protobuf/compiler/cpp/cpp_message_field.lo | sed 's|[^/]*$|.deps/&|;s|\.lo$||'`;\
/bin/bash ../libtool  --tag=CXX   --mode=compile g++ -std=gnu++20 -DHAVE_CONFIG_H -I. -I..   -I/usr/local/include -pthread -DHAVE_PTHREAD=1 -DHAVE_ZLIB=1 -Wall -Wno-sign-compare  -g -O2 -fstack-protector-strong -Wformat -Werror=format-security -Wdate-time -D_FORTIFY_SOURCE=2 -g -MT google/protobuf/compiler/cpp/cpp_message_field.lo -MD -MP -MF $depbase.Tpo -c -o google/protobuf/compiler/cpp/cpp_message_field.lo google/protobuf/compiler/cpp/cpp_message_field.cc &&\
mv -f $depbase.Tpo $depbase.Plo
libtool: compile:  g++ -std=gnu++20 -DHAVE_CONFIG_H -I. -I.. -I/usr/local/include -pthread -DHAVE_PTHREAD=1 -DHAVE_ZLIB=1 -Wall -Wno-sign-compare -g -O2 -fstack-protector-strong -Wformat -Werror=format-security -Wdate-time -D_FORTIFY_SOURCE=2 -g -MT google/protobuf/compiler/cpp/cpp_message_field.lo -MD -MP -MF google/protobuf/compiler/cpp/.deps/cpp_message_field.Tpo -c google/protobuf/compiler/cpp/cpp_message_field.cc  -fPIC -DPIC -o google/protobuf/compiler/cpp/.libs/cpp_message_field.o
In file included from ./google/protobuf/descriptor.pb.h:24,
                 from ./google/protobuf/compiler/cpp/cpp_helpers.h:46,
                 from ./google/protobuf/compiler/cpp/cpp_field.h:42,
                 from ./google/protobuf/compiler/cpp/cpp_message_field.h:40,
                 from google/protobuf/compiler/cpp/cpp_message_field.cc:35:
./google/protobuf/arena.h: In static member function 'static T* google::protobuf::Arena::CreateArray(google::protobuf::Arena*, size_t)':
./google/protobuf/arena.h:338:24: warning: 'template<class _Tp> struct std::is_pod' is deprecated: use 'is_standard_layout && is_trivial' instead [-Wdeprecated-declarations]
  338 |     static_assert(std::is_pod<T>::value,
      |                        ^~~~~~
In file included from /usr/include/c++/13/bits/stl_pair.h:60,
                 from /usr/include/c++/13/bits/stl_algobase.h:64,
                 from /usr/include/c++/13/bits/stl_tree.h:63,
                 from /usr/include/c++/13/map:62,
                 from ./google/protobuf/compiler/cpp/cpp_message_field.h:38:
/usr/include/c++/13/type_traits:819:5: note: declared here
  819 |     is_pod
      |     ^~~~~~
In file included from ./google/protobuf/wire_format_lite.h:51,
                 from ./google/protobuf/generated_message_util.h:53,
                 from ./google/protobuf/metadata_lite.h:37,
                 from ./google/protobuf/parse_context.h:41,
                 from ./google/protobuf/map_type_handler.h:34,
                 from ./google/protobuf/map.h:49,
                 from ./google/protobuf/generated_message_table_driven.h:34,
                 from ./google/protobuf/descriptor.pb.h:26:
./google/protobuf/repeated_field.h: At global scope:
./google/protobuf/repeated_field.h:367:20: warning: 'template<class _Tp> struct std::is_pod' is deprecated: use 'is_standard_layout && is_trivial' instead [-Wdeprecated-declarations]
  367 |               std::is_pod<Element>::value>
      |                    ^~~~~~
/usr/include/c++/13/type_traits:819:5: note: declared here
  819 |     is_pod
      |     ^~~~~~
./google/protobuf/repeated_field.h:2494:19: warning: 'template<class _Category, class _Tp, class _Distance, class _Pointer, class _Reference> struct std::iterator' is deprecated [-Wdeprecated-declarations]
 2494 |     : public std::iterator<std::output_iterator_tag, T> {
      |                   ^~~~~~~~
In file included from /usr/include/c++/13/bits/stl_algobase.h:65:
/usr/include/c++/13/bits/stl_iterator_base_types.h:127:34: note: declared here
  127 |     struct _GLIBCXX17_DEPRECATED iterator
      |                                  ^~~~~~~~
./google/protobuf/repeated_field.h:2516:19: warning: 'template<class _Category, class _Tp, class _Distance, class _Pointer, class _Reference> struct std::iterator' is deprecated [-Wdeprecated-declarations]
 2516 |     : public std::iterator<std::output_iterator_tag, T> {
      |                   ^~~~~~~~
/usr/include/c++/13/bits/stl_iterator_base_types.h:127:34: note: declared here
  127 |     struct _GLIBCXX17_DEPRECATED iterator
      |                                  ^~~~~~~~
./google/protobuf/repeated_field.h:2547:19: warning: 'template<class _Category, class _Tp, class _Distance, class _Pointer, class _Reference> struct std::iterator' is deprecated [-Wdeprecated-declarations]
 2547 |     : public std::iterator<std::output_iterator_tag, T> {
      |                   ^~~~~~~~
/usr/include/c++/13/bits/stl_iterator_base_types.h:127:34: note: declared here
  127 |     struct _GLIBCXX17_DEPRECATED iterator
      |                                  ^~~~~~~~
./google/protobuf/repeated_field.h:2571:19: warning: 'template<class _Category, class _Tp, class _Distance, class _Pointer, class _Reference> struct std::iterator' is deprecated [-Wdeprecated-declarations]
 2571 |     : public std::iterator<std::output_iterator_tag, T> {
      |                   ^~~~~~~~
/usr/include/c++/13/bits/stl_iterator_base_types.h:127:34: note: declared here
  127 |     struct _GLIBCXX17_DEPRECATED iterator
      |                                  ^~~~~~~~
./google/protobuf/generated_message_table_driven.h:209:20: warning: 'template<class _Tp> struct std::is_pod' is deprecated: use 'is_standard_layout && is_trivial' instead [-Wdeprecated-declarations]
  209 | static_assert(std::is_pod<ParseTableField>::value, "");
      |                    ^~~~~~
/usr/include/c++/13/type_traits:819:5: note: declared here
  819 |     is_pod
      |     ^~~~~~
./google/protobuf/generated_message_table_driven.h:210:20: warning: 'template<class _Tp> struct std::is_pod' is deprecated: use 'is_standard_layout && is_trivial' instead [-Wdeprecated-declarations]
  210 | static_assert(std::is_pod<AuxillaryParseTableField>::value, "");
      |                    ^~~~~~
/usr/include/c++/13/type_traits:819:5: note: declared here
  819 |     is_pod
      |     ^~~~~~
./google/protobuf/generated_message_table_driven.h:211:20: warning: 'template<class _Tp> struct std::is_pod' is deprecated: use 'is_standard_layout && is_trivial' instead [-Wdeprecated-declarations]
  211 | static_assert(std::is_pod<AuxillaryParseTableField::enum_aux>::value, "");
      |                    ^~~~~~
/usr/include/c++/13/type_traits:819:5: note: declared here
  819 |     is_pod
      |     ^~~~~~
./google/protobuf/generated_message_table_driven.h:212:20: warning: 'template<class _Tp> struct std::is_pod' is deprecated: use 'is_standard_layout && is_trivial' instead [-Wdeprecated-declarations]
  212 | static_assert(std::is_pod<AuxillaryParseTableField::message_aux>::value, "");
      |                    ^~~~~~
/usr/include/c++/13/type_traits:819:5: note: declared here
  819 |     is_pod
      |     ^~~~~~
./google/protobuf/generated_message_table_driven.h:213:20: warning: 'template<class _Tp> struct std::is_pod' is deprecated: use 'is_standard_layout && is_trivial' instead [-Wdeprecated-declarations]
  213 | static_assert(std::is_pod<AuxillaryParseTableField::string_aux>::value, "");
      |                    ^~~~~~
/usr/include/c++/13/type_traits:819:5: note: declared here
  819 |     is_pod
      |     ^~~~~~
./google/protobuf/generated_message_table_driven.h:214:20: warning: 'template<class _Tp> struct std::is_pod' is deprecated: use 'is_standard_layout && is_trivial' instead [-Wdeprecated-declarations]
  214 | static_assert(std::is_pod<ParseTable>::value, "");
      |                    ^~~~~~
/usr/include/c++/13/type_traits:819:5: note: declared here
  819 |     is_pod
      |     ^~~~~~
depbase=`echo google/protobuf/compiler/cpp/cpp_padding_optimizer.lo | sed 's|[^/]*$|.deps/&|;s|\.lo$||'`;\
/bin/bash ../libtool  --tag=CXX   --mode=compile g++ -std=gnu++20 -DHAVE_CONFIG_H -I. -I..   -I/usr/local/include -pthread -DHAVE_PTHREAD=1 -DHAVE_ZLIB=1 -Wall -Wno-sign-compare  -g -O2 -fstack-protector-strong -Wformat -Werror=format-security -Wdate-time -D_FORTIFY_SOURCE=2 -g -MT google/protobuf/compiler/cpp/cpp_padding_optimizer.lo -MD -MP -MF $depbase.Tpo -c -o google/protobuf/compiler/cpp/cpp_padding_optimizer.lo google/protobuf/compiler/cpp/cpp_padding_optimizer.cc &&\
mv -f $depbase.Tpo $depbase.Plo
libtool: compile:  g++ -std=gnu++20 -DHAVE_CONFIG_H -I. -I.. -I/usr/local/include -pthread -DHAVE_PTHREAD=1 -DHAVE_ZLIB=1 -Wall -Wno-sign-compare -g -O2 -fstack-protector-strong -Wformat -Werror=format-security -Wdate-time -D_FORTIFY_SOURCE=2 -g -MT google/protobuf/compiler/cpp/cpp_padding_optimizer.lo -MD -MP -MF google/protobuf/compiler/cpp/.deps/cpp_padding_optimizer.Tpo -c google/protobuf/compiler/cpp/cpp_padding_optimizer.cc  -fPIC -DPIC -o google/protobuf/compiler/cpp/.libs/cpp_padding_optimizer.o
In file included from ./google/protobuf/descriptor.pb.h:24,
                 from ./google/protobuf/compiler/cpp/cpp_helpers.h:46,
                 from google/protobuf/compiler/cpp/cpp_padding_optimizer.cc:33:
./google/protobuf/arena.h: In static member function 'static T* google::protobuf::Arena::CreateArray(google::protobuf::Arena*, size_t)':
./google/protobuf/arena.h:338:24: warning: 'template<class _Tp> struct std::is_pod' is deprecated: use 'is_standard_layout && is_trivial' instead [-Wdeprecated-declarations]
  338 |     static_assert(std::is_pod<T>::value,
      |                        ^~~~~~
In file included from /usr/include/c++/13/bits/char_traits.h:50,
                 from /usr/include/c++/13/string:42,
                 from ./google/protobuf/compiler/cpp/cpp_options.h:36,
                 from ./google/protobuf/compiler/cpp/cpp_message_layout_helper.h:38,
                 from ./google/protobuf/compiler/cpp/cpp_padding_optimizer.h:38,
                 from google/protobuf/compiler/cpp/cpp_padding_optimizer.cc:31:
/usr/include/c++/13/type_traits:819:5: note: declared here
  819 |     is_pod
      |     ^~~~~~
In file included from ./google/protobuf/wire_format_lite.h:51,
                 from ./google/protobuf/generated_message_util.h:53,
                 from ./google/protobuf/metadata_lite.h:37,
                 from ./google/protobuf/parse_context.h:41,
                 from ./google/protobuf/map_type_handler.h:34,
                 from ./google/protobuf/map.h:49,
                 from ./google/protobuf/generated_message_table_driven.h:34,
                 from ./google/protobuf/descriptor.pb.h:26:
./google/protobuf/repeated_field.h: At global scope:
./google/protobuf/repeated_field.h:367:20: warning: 'template<class _Tp> struct std::is_pod' is deprecated: use 'is_standard_layout && is_trivial' instead [-Wdeprecated-declarations]
  367 |               std::is_pod<Element>::value>
      |                    ^~~~~~
/usr/include/c++/13/type_traits:819:5: note: declared here
  819 |     is_pod
      |     ^~~~~~
./google/protobuf/repeated_field.h:2494:19: warning: 'template<class _Category, class _Tp, class _Distance, class _Pointer, class _Reference> struct std::iterator' is deprecated [-Wdeprecated-declarations]
 2494 |     : public std::iterator<std::output_iterator_tag, T> {
      |                   ^~~~~~~~
In file included from /usr/include/c++/13/bits/stl_construct.h:61,
                 from /usr/include/c++/13/bits/char_traits.h:57:
/usr/include/c++/13/bits/stl_iterator_base_types.h:127:34: note: declared here
  127 |     struct _GLIBCXX17_DEPRECATED iterator
      |                                  ^~~~~~~~
./google/protobuf/repeated_field.h:2516:19: warning: 'template<class _Category, class _Tp, class _Distance, class _Pointer, class _Reference> struct std::iterator' is deprecated [-Wdeprecated-declarations]
 2516 |     : public std::iterator<std::output_iterator_tag, T> {
      |                   ^~~~~~~~
/usr/include/c++/13/bits/stl_iterator_base_types.h:127:34: note: declared here
  127 |     struct _GLIBCXX17_DEPRECATED iterator
      |                                  ^~~~~~~~
./google/protobuf/repeated_field.h:2547:19: warning: 'template<class _Category, class _Tp, class _Distance, class _Pointer, class _Reference> struct std::iterator' is deprecated [-Wdeprecated-declarations]
 2547 |     : public std::iterator<std::output_iterator_tag, T> {
      |                   ^~~~~~~~
/usr/include/c++/13/bits/stl_iterator_base_types.h:127:34: note: declared here
  127 |     struct _GLIBCXX17_DEPRECATED iterator
      |                                  ^~~~~~~~
./google/protobuf/repeated_field.h:2571:19: warning: 'template<class _Category, class _Tp, class _Distance, class _Pointer, class _Reference> struct std::iterator' is deprecated [-Wdeprecated-declarations]
 2571 |     : public std::iterator<std::output_iterator_tag, T> {
      |                   ^~~~~~~~
/usr/include/c++/13/bits/stl_iterator_base_types.h:127:34: note: declared here
  127 |     struct _GLIBCXX17_DEPRECATED iterator
      |                                  ^~~~~~~~
./google/protobuf/generated_message_table_driven.h:209:20: warning: 'template<class _Tp> struct std::is_pod' is deprecated: use 'is_standard_layout && is_trivial' instead [-Wdeprecated-declarations]
  209 | static_assert(std::is_pod<ParseTableField>::value, "");
      |                    ^~~~~~
/usr/include/c++/13/type_traits:819:5: note: declared here
  819 |     is_pod
      |     ^~~~~~
./google/protobuf/generated_message_table_driven.h:210:20: warning: 'template<class _Tp> struct std::is_pod' is deprecated: use 'is_standard_layout && is_trivial' instead [-Wdeprecated-declarations]
  210 | static_assert(std::is_pod<AuxillaryParseTableField>::value, "");
      |                    ^~~~~~
/usr/include/c++/13/type_traits:819:5: note: declared here
  819 |     is_pod
      |     ^~~~~~
./google/protobuf/generated_message_table_driven.h:211:20: warning: 'template<class _Tp> struct std::is_pod' is deprecated: use 'is_standard_layout && is_trivial' instead [-Wdeprecated-declarations]
  211 | static_assert(std::is_pod<AuxillaryParseTableField::enum_aux>::value, "");
      |                    ^~~~~~
/usr/include/c++/13/type_traits:819:5: note: declared here
  819 |     is_pod
      |     ^~~~~~
./google/protobuf/generated_message_table_driven.h:212:20: warning: 'template<class _Tp> struct std::is_pod' is deprecated: use 'is_standard_layout && is_trivial' instead [-Wdeprecated-declarations]
  212 | static_assert(std::is_pod<AuxillaryParseTableField::message_aux>::value, "");
      |                    ^~~~~~
/usr/include/c++/13/type_traits:819:5: note: declared here
  819 |     is_pod
      |     ^~~~~~
./google/protobuf/generated_message_table_driven.h:213:20: warning: 'template<class _Tp> struct std::is_pod' is deprecated: use 'is_standard_layout && is_trivial' instead [-Wdeprecated-declarations]
  213 | static_assert(std::is_pod<AuxillaryParseTableField::string_aux>::value, "");
      |                    ^~~~~~
/usr/include/c++/13/type_traits:819:5: note: declared here
  819 |     is_pod
      |     ^~~~~~
./google/protobuf/generated_message_table_driven.h:214:20: warning: 'template<class _Tp> struct std::is_pod' is deprecated: use 'is_standard_layout && is_trivial' instead [-Wdeprecated-declarations]
  214 | static_assert(std::is_pod<ParseTable>::value, "");
      |                    ^~~~~~
/usr/include/c++/13/type_traits:819:5: note: declared here
  819 |     is_pod
      |     ^~~~~~
depbase=`echo google/protobuf/compiler/cpp/cpp_primitive_field.lo | sed 's|[^/]*$|.deps/&|;s|\.lo$||'`;\
/bin/bash ../libtool  --tag=CXX   --mode=compile g++ -std=gnu++20 -DHAVE_CONFIG_H -I. -I..   -I/usr/local/include -pthread -DHAVE_PTHREAD=1 -DHAVE_ZLIB=1 -Wall -Wno-sign-compare  -g -O2 -fstack-protector-strong -Wformat -Werror=format-security -Wdate-time -D_FORTIFY_SOURCE=2 -g -MT google/protobuf/compiler/cpp/cpp_primitive_field.lo -MD -MP -MF $depbase.Tpo -c -o google/protobuf/compiler/cpp/cpp_primitive_field.lo google/protobuf/compiler/cpp/cpp_primitive_field.cc &&\
mv -f $depbase.Tpo $depbase.Plo
libtool: compile:  g++ -std=gnu++20 -DHAVE_CONFIG_H -I. -I.. -I/usr/local/include -pthread -DHAVE_PTHREAD=1 -DHAVE_ZLIB=1 -Wall -Wno-sign-compare -g -O2 -fstack-protector-strong -Wformat -Werror=format-security -Wdate-time -D_FORTIFY_SOURCE=2 -g -MT google/protobuf/compiler/cpp/cpp_primitive_field.lo -MD -MP -MF google/protobuf/compiler/cpp/.deps/cpp_primitive_field.Tpo -c google/protobuf/compiler/cpp/cpp_primitive_field.cc  -fPIC -DPIC -o google/protobuf/compiler/cpp/.libs/cpp_primitive_field.o
In file included from ./google/protobuf/descriptor.pb.h:24,
                 from ./google/protobuf/compiler/cpp/cpp_helpers.h:46,
                 from ./google/protobuf/compiler/cpp/cpp_field.h:42,
                 from ./google/protobuf/compiler/cpp/cpp_primitive_field.h:40,
                 from google/protobuf/compiler/cpp/cpp_primitive_field.cc:35:
./google/protobuf/arena.h: In static member function 'static T* google::protobuf::Arena::CreateArray(google::protobuf::Arena*, size_t)':
./google/protobuf/arena.h:338:24: warning: 'template<class _Tp> struct std::is_pod' is deprecated: use 'is_standard_layout && is_trivial' instead [-Wdeprecated-declarations]
  338 |     static_assert(std::is_pod<T>::value,
      |                        ^~~~~~
In file included from /usr/include/c++/13/bits/stl_pair.h:60,
                 from /usr/include/c++/13/bits/stl_algobase.h:64,
                 from /usr/include/c++/13/bits/stl_tree.h:63,
                 from /usr/include/c++/13/map:62,
                 from ./google/protobuf/compiler/cpp/cpp_primitive_field.h:38:
/usr/include/c++/13/type_traits:819:5: note: declared here
  819 |     is_pod
      |     ^~~~~~
In file included from ./google/protobuf/wire_format_lite.h:51,
                 from ./google/protobuf/generated_message_util.h:53,
                 from ./google/protobuf/metadata_lite.h:37,
                 from ./google/protobuf/parse_context.h:41,
                 from ./google/protobuf/map_type_handler.h:34,
                 from ./google/protobuf/map.h:49,
                 from ./google/protobuf/generated_message_table_driven.h:34,
                 from ./google/protobuf/descriptor.pb.h:26:
./google/protobuf/repeated_field.h: At global scope:
./google/protobuf/repeated_field.h:367:20: warning: 'template<class _Tp> struct std::is_pod' is deprecated: use 'is_standard_layout && is_trivial' instead [-Wdeprecated-declarations]
  367 |               std::is_pod<Element>::value>
      |                    ^~~~~~
/usr/include/c++/13/type_traits:819:5: note: declared here
  819 |     is_pod
      |     ^~~~~~
./google/protobuf/repeated_field.h:2494:19: warning: 'template<class _Category, class _Tp, class _Distance, class _Pointer, class _Reference> struct std::iterator' is deprecated [-Wdeprecated-declarations]
 2494 |     : public std::iterator<std::output_iterator_tag, T> {
      |                   ^~~~~~~~
In file included from /usr/include/c++/13/bits/stl_algobase.h:65:
/usr/include/c++/13/bits/stl_iterator_base_types.h:127:34: note: declared here
  127 |     struct _GLIBCXX17_DEPRECATED iterator
      |                                  ^~~~~~~~
./google/protobuf/repeated_field.h:2516:19: warning: 'template<class _Category, class _Tp, class _Distance, class _Pointer, class _Reference> struct std::iterator' is deprecated [-Wdeprecated-declarations]
 2516 |     : public std::iterator<std::output_iterator_tag, T> {
      |                   ^~~~~~~~
/usr/include/c++/13/bits/stl_iterator_base_types.h:127:34: note: declared here
  127 |     struct _GLIBCXX17_DEPRECATED iterator
      |                                  ^~~~~~~~
./google/protobuf/repeated_field.h:2547:19: warning: 'template<class _Category, class _Tp, class _Distance, class _Pointer, class _Reference> struct std::iterator' is deprecated [-Wdeprecated-declarations]
 2547 |     : public std::iterator<std::output_iterator_tag, T> {
      |                   ^~~~~~~~
/usr/include/c++/13/bits/stl_iterator_base_types.h:127:34: note: declared here
  127 |     struct _GLIBCXX17_DEPRECATED iterator
      |                                  ^~~~~~~~
./google/protobuf/repeated_field.h:2571:19: warning: 'template<class _Category, class _Tp, class _Distance, class _Pointer, class _Reference> struct std::iterator' is deprecated [-Wdeprecated-declarations]
 2571 |     : public std::iterator<std::output_iterator_tag, T> {
      |                   ^~~~~~~~
/usr/include/c++/13/bits/stl_iterator_base_types.h:127:34: note: declared here
  127 |     struct _GLIBCXX17_DEPRECATED iterator
      |                                  ^~~~~~~~
./google/protobuf/generated_message_table_driven.h:209:20: warning: 'template<class _Tp> struct std::is_pod' is deprecated: use 'is_standard_layout && is_trivial' instead [-Wdeprecated-declarations]
  209 | static_assert(std::is_pod<ParseTableField>::value, "");
      |                    ^~~~~~
/usr/include/c++/13/type_traits:819:5: note: declared here
  819 |     is_pod
      |     ^~~~~~
./google/protobuf/generated_message_table_driven.h:210:20: warning: 'template<class _Tp> struct std::is_pod' is deprecated: use 'is_standard_layout && is_trivial' instead [-Wdeprecated-declarations]
  210 | static_assert(std::is_pod<AuxillaryParseTableField>::value, "");
      |                    ^~~~~~
/usr/include/c++/13/type_traits:819:5: note: declared here
  819 |     is_pod
      |     ^~~~~~
./google/protobuf/generated_message_table_driven.h:211:20: warning: 'template<class _Tp> struct std::is_pod' is deprecated: use 'is_standard_layout && is_trivial' instead [-Wdeprecated-declarations]
  211 | static_assert(std::is_pod<AuxillaryParseTableField::enum_aux>::value, "");
      |                    ^~~~~~
/usr/include/c++/13/type_traits:819:5: note: declared here
  819 |     is_pod
      |     ^~~~~~
./google/protobuf/generated_message_table_driven.h:212:20: warning: 'template<class _Tp> struct std::is_pod' is deprecated: use 'is_standard_layout && is_trivial' instead [-Wdeprecated-declarations]
  212 | static_assert(std::is_pod<AuxillaryParseTableField::message_aux>::value, "");
      |                    ^~~~~~
/usr/include/c++/13/type_traits:819:5: note: declared here
  819 |     is_pod
      |     ^~~~~~
./google/protobuf/generated_message_table_driven.h:213:20: warning: 'template<class _Tp> struct std::is_pod' is deprecated: use 'is_standard_layout && is_trivial' instead [-Wdeprecated-declarations]
  213 | static_assert(std::is_pod<AuxillaryParseTableField::string_aux>::value, "");
      |                    ^~~~~~
/usr/include/c++/13/type_traits:819:5: note: declared here
  819 |     is_pod
      |     ^~~~~~
./google/protobuf/generated_message_table_driven.h:214:20: warning: 'template<class _Tp> struct std::is_pod' is deprecated: use 'is_standard_layout && is_trivial' instead [-Wdeprecated-declarations]
  214 | static_assert(std::is_pod<ParseTable>::value, "");
      |                    ^~~~~~
/usr/include/c++/13/type_traits:819:5: note: declared here
  819 |     is_pod
      |     ^~~~~~
depbase=`echo google/protobuf/compiler/cpp/cpp_service.lo | sed 's|[^/]*$|.deps/&|;s|\.lo$||'`;\
/bin/bash ../libtool  --tag=CXX   --mode=compile g++ -std=gnu++20 -DHAVE_CONFIG_H -I. -I..   -I/usr/local/include -pthread -DHAVE_PTHREAD=1 -DHAVE_ZLIB=1 -Wall -Wno-sign-compare  -g -O2 -fstack-protector-strong -Wformat -Werror=format-security -Wdate-time -D_FORTIFY_SOURCE=2 -g -MT google/protobuf/compiler/cpp/cpp_service.lo -MD -MP -MF $depbase.Tpo -c -o google/protobuf/compiler/cpp/cpp_service.lo google/protobuf/compiler/cpp/cpp_service.cc &&\
mv -f $depbase.Tpo $depbase.Plo
libtool: compile:  g++ -std=gnu++20 -DHAVE_CONFIG_H -I. -I.. -I/usr/local/include -pthread -DHAVE_PTHREAD=1 -DHAVE_ZLIB=1 -Wall -Wno-sign-compare -g -O2 -fstack-protector-strong -Wformat -Werror=format-security -Wdate-time -D_FORTIFY_SOURCE=2 -g -MT google/protobuf/compiler/cpp/cpp_service.lo -MD -MP -MF google/protobuf/compiler/cpp/.deps/cpp_service.Tpo -c google/protobuf/compiler/cpp/cpp_service.cc  -fPIC -DPIC -o google/protobuf/compiler/cpp/.libs/cpp_service.o
In file included from ./google/protobuf/descriptor.pb.h:24,
                 from ./google/protobuf/compiler/cpp/cpp_helpers.h:46,
                 from google/protobuf/compiler/cpp/cpp_service.cc:36:
./google/protobuf/arena.h: In static member function 'static T* google::protobuf::Arena::CreateArray(google::protobuf::Arena*, size_t)':
./google/protobuf/arena.h:338:24: warning: 'template<class _Tp> struct std::is_pod' is deprecated: use 'is_standard_layout && is_trivial' instead [-Wdeprecated-declarations]
  338 |     static_assert(std::is_pod<T>::value,
      |                        ^~~~~~
In file included from /usr/include/c++/13/bits/stl_pair.h:60,
                 from /usr/include/c++/13/bits/stl_algobase.h:64,
                 from /usr/include/c++/13/bits/stl_tree.h:63,
                 from /usr/include/c++/13/map:62,
                 from ./google/protobuf/compiler/cpp/cpp_service.h:38,
                 from google/protobuf/compiler/cpp/cpp_service.cc:35:
/usr/include/c++/13/type_traits:819:5: note: declared here
  819 |     is_pod
      |     ^~~~~~
In file included from ./google/protobuf/wire_format_lite.h:51,
                 from ./google/protobuf/generated_message_util.h:53,
                 from ./google/protobuf/metadata_lite.h:37,
                 from ./google/protobuf/parse_context.h:41,
                 from ./google/protobuf/map_type_handler.h:34,
                 from ./google/protobuf/map.h:49,
                 from ./google/protobuf/generated_message_table_driven.h:34,
                 from ./google/protobuf/descriptor.pb.h:26:
./google/protobuf/repeated_field.h: At global scope:
./google/protobuf/repeated_field.h:367:20: warning: 'template<class _Tp> struct std::is_pod' is deprecated: use 'is_standard_layout && is_trivial' instead [-Wdeprecated-declarations]
  367 |               std::is_pod<Element>::value>
      |                    ^~~~~~
/usr/include/c++/13/type_traits:819:5: note: declared here
  819 |     is_pod
      |     ^~~~~~
./google/protobuf/repeated_field.h:2494:19: warning: 'template<class _Category, class _Tp, class _Distance, class _Pointer, class _Reference> struct std::iterator' is deprecated [-Wdeprecated-declarations]
 2494 |     : public std::iterator<std::output_iterator_tag, T> {
      |                   ^~~~~~~~
In file included from /usr/include/c++/13/bits/stl_algobase.h:65:
/usr/include/c++/13/bits/stl_iterator_base_types.h:127:34: note: declared here
  127 |     struct _GLIBCXX17_DEPRECATED iterator
      |                                  ^~~~~~~~
./google/protobuf/repeated_field.h:2516:19: warning: 'template<class _Category, class _Tp, class _Distance, class _Pointer, class _Reference> struct std::iterator' is deprecated [-Wdeprecated-declarations]
 2516 |     : public std::iterator<std::output_iterator_tag, T> {
      |                   ^~~~~~~~
/usr/include/c++/13/bits/stl_iterator_base_types.h:127:34: note: declared here
  127 |     struct _GLIBCXX17_DEPRECATED iterator
      |                                  ^~~~~~~~
./google/protobuf/repeated_field.h:2547:19: warning: 'template<class _Category, class _Tp, class _Distance, class _Pointer, class _Reference> struct std::iterator' is deprecated [-Wdeprecated-declarations]
 2547 |     : public std::iterator<std::output_iterator_tag, T> {
      |                   ^~~~~~~~
/usr/include/c++/13/bits/stl_iterator_base_types.h:127:34: note: declared here
  127 |     struct _GLIBCXX17_DEPRECATED iterator
      |                                  ^~~~~~~~
./google/protobuf/repeated_field.h:2571:19: warning: 'template<class _Category, class _Tp, class _Distance, class _Pointer, class _Reference> struct std::iterator' is deprecated [-Wdeprecated-declarations]
 2571 |     : public std::iterator<std::output_iterator_tag, T> {
      |                   ^~~~~~~~
/usr/include/c++/13/bits/stl_iterator_base_types.h:127:34: note: declared here
  127 |     struct _GLIBCXX17_DEPRECATED iterator
      |                                  ^~~~~~~~
./google/protobuf/generated_message_table_driven.h:209:20: warning: 'template<class _Tp> struct std::is_pod' is deprecated: use 'is_standard_layout && is_trivial' instead [-Wdeprecated-declarations]
  209 | static_assert(std::is_pod<ParseTableField>::value, "");
      |                    ^~~~~~
/usr/include/c++/13/type_traits:819:5: note: declared here
  819 |     is_pod
      |     ^~~~~~
./google/protobuf/generated_message_table_driven.h:210:20: warning: 'template<class _Tp> struct std::is_pod' is deprecated: use 'is_standard_layout && is_trivial' instead [-Wdeprecated-declarations]
  210 | static_assert(std::is_pod<AuxillaryParseTableField>::value, "");
      |                    ^~~~~~
/usr/include/c++/13/type_traits:819:5: note: declared here
  819 |     is_pod
      |     ^~~~~~
./google/protobuf/generated_message_table_driven.h:211:20: warning: 'template<class _Tp> struct std::is_pod' is deprecated: use 'is_standard_layout && is_trivial' instead [-Wdeprecated-declarations]
  211 | static_assert(std::is_pod<AuxillaryParseTableField::enum_aux>::value, "");
      |                    ^~~~~~
/usr/include/c++/13/type_traits:819:5: note: declared here
  819 |     is_pod
      |     ^~~~~~
./google/protobuf/generated_message_table_driven.h:212:20: warning: 'template<class _Tp> struct std::is_pod' is deprecated: use 'is_standard_layout && is_trivial' instead [-Wdeprecated-declarations]
  212 | static_assert(std::is_pod<AuxillaryParseTableField::message_aux>::value, "");
      |                    ^~~~~~
/usr/include/c++/13/type_traits:819:5: note: declared here
  819 |     is_pod
      |     ^~~~~~
./google/protobuf/generated_message_table_driven.h:213:20: warning: 'template<class _Tp> struct std::is_pod' is deprecated: use 'is_standard_layout && is_trivial' instead [-Wdeprecated-declarations]
  213 | static_assert(std::is_pod<AuxillaryParseTableField::string_aux>::value, "");
      |                    ^~~~~~
/usr/include/c++/13/type_traits:819:5: note: declared here
  819 |     is_pod
      |     ^~~~~~
./google/protobuf/generated_message_table_driven.h:214:20: warning: 'template<class _Tp> struct std::is_pod' is deprecated: use 'is_standard_layout && is_trivial' instead [-Wdeprecated-declarations]
  214 | static_assert(std::is_pod<ParseTable>::value, "");
      |                    ^~~~~~
/usr/include/c++/13/type_traits:819:5: note: declared here
  819 |     is_pod
      |     ^~~~~~
depbase=`echo google/protobuf/compiler/cpp/cpp_string_field.lo | sed 's|[^/]*$|.deps/&|;s|\.lo$||'`;\
/bin/bash ../libtool  --tag=CXX   --mode=compile g++ -std=gnu++20 -DHAVE_CONFIG_H -I. -I..   -I/usr/local/include -pthread -DHAVE_PTHREAD=1 -DHAVE_ZLIB=1 -Wall -Wno-sign-compare  -g -O2 -fstack-protector-strong -Wformat -Werror=format-security -Wdate-time -D_FORTIFY_SOURCE=2 -g -MT google/protobuf/compiler/cpp/cpp_string_field.lo -MD -MP -MF $depbase.Tpo -c -o google/protobuf/compiler/cpp/cpp_string_field.lo google/protobuf/compiler/cpp/cpp_string_field.cc &&\
mv -f $depbase.Tpo $depbase.Plo
libtool: compile:  g++ -std=gnu++20 -DHAVE_CONFIG_H -I. -I.. -I/usr/local/include -pthread -DHAVE_PTHREAD=1 -DHAVE_ZLIB=1 -Wall -Wno-sign-compare -g -O2 -fstack-protector-strong -Wformat -Werror=format-security -Wdate-time -D_FORTIFY_SOURCE=2 -g -MT google/protobuf/compiler/cpp/cpp_string_field.lo -MD -MP -MF google/protobuf/compiler/cpp/.deps/cpp_string_field.Tpo -c google/protobuf/compiler/cpp/cpp_string_field.cc  -fPIC -DPIC -o google/protobuf/compiler/cpp/.libs/cpp_string_field.o
In file included from ./google/protobuf/descriptor.pb.h:24,
                 from ./google/protobuf/compiler/cpp/cpp_helpers.h:46,
                 from ./google/protobuf/compiler/cpp/cpp_field.h:42,
                 from ./google/protobuf/compiler/cpp/cpp_string_field.h:40,
                 from google/protobuf/compiler/cpp/cpp_string_field.cc:35:
./google/protobuf/arena.h: In static member function 'static T* google::protobuf::Arena::CreateArray(google::protobuf::Arena*, size_t)':
./google/protobuf/arena.h:338:24: warning: 'template<class _Tp> struct std::is_pod' is deprecated: use 'is_standard_layout && is_trivial' instead [-Wdeprecated-declarations]
  338 |     static_assert(std::is_pod<T>::value,
      |                        ^~~~~~
In file included from /usr/include/c++/13/bits/stl_pair.h:60,
                 from /usr/include/c++/13/bits/stl_algobase.h:64,
                 from /usr/include/c++/13/bits/stl_tree.h:63,
                 from /usr/include/c++/13/map:62,
                 from ./google/protobuf/compiler/cpp/cpp_string_field.h:38:
/usr/include/c++/13/type_traits:819:5: note: declared here
  819 |     is_pod
      |     ^~~~~~
In file included from ./google/protobuf/wire_format_lite.h:51,
                 from ./google/protobuf/generated_message_util.h:53,
                 from ./google/protobuf/metadata_lite.h:37,
                 from ./google/protobuf/parse_context.h:41,
                 from ./google/protobuf/map_type_handler.h:34,
                 from ./google/protobuf/map.h:49,
                 from ./google/protobuf/generated_message_table_driven.h:34,
                 from ./google/protobuf/descriptor.pb.h:26:
./google/protobuf/repeated_field.h: At global scope:
./google/protobuf/repeated_field.h:367:20: warning: 'template<class _Tp> struct std::is_pod' is deprecated: use 'is_standard_layout && is_trivial' instead [-Wdeprecated-declarations]
  367 |               std::is_pod<Element>::value>
      |                    ^~~~~~
/usr/include/c++/13/type_traits:819:5: note: declared here
  819 |     is_pod
      |     ^~~~~~
./google/protobuf/repeated_field.h:2494:19: warning: 'template<class _Category, class _Tp, class _Distance, class _Pointer, class _Reference> struct std::iterator' is deprecated [-Wdeprecated-declarations]
 2494 |     : public std::iterator<std::output_iterator_tag, T> {
      |                   ^~~~~~~~
In file included from /usr/include/c++/13/bits/stl_algobase.h:65:
/usr/include/c++/13/bits/stl_iterator_base_types.h:127:34: note: declared here
  127 |     struct _GLIBCXX17_DEPRECATED iterator
      |                                  ^~~~~~~~
./google/protobuf/repeated_field.h:2516:19: warning: 'template<class _Category, class _Tp, class _Distance, class _Pointer, class _Reference> struct std::iterator' is deprecated [-Wdeprecated-declarations]
 2516 |     : public std::iterator<std::output_iterator_tag, T> {
      |                   ^~~~~~~~
/usr/include/c++/13/bits/stl_iterator_base_types.h:127:34: note: declared here
  127 |     struct _GLIBCXX17_DEPRECATED iterator
      |                                  ^~~~~~~~
./google/protobuf/repeated_field.h:2547:19: warning: 'template<class _Category, class _Tp, class _Distance, class _Pointer, class _Reference> struct std::iterator' is deprecated [-Wdeprecated-declarations]
 2547 |     : public std::iterator<std::output_iterator_tag, T> {
      |                   ^~~~~~~~
/usr/include/c++/13/bits/stl_iterator_base_types.h:127:34: note: declared here
  127 |     struct _GLIBCXX17_DEPRECATED iterator
      |                                  ^~~~~~~~
./google/protobuf/repeated_field.h:2571:19: warning: 'template<class _Category, class _Tp, class _Distance, class _Pointer, class _Reference> struct std::iterator' is deprecated [-Wdeprecated-declarations]
 2571 |     : public std::iterator<std::output_iterator_tag, T> {
      |                   ^~~~~~~~
/usr/include/c++/13/bits/stl_iterator_base_types.h:127:34: note: declared here
  127 |     struct _GLIBCXX17_DEPRECATED iterator
      |                                  ^~~~~~~~
./google/protobuf/generated_message_table_driven.h:209:20: warning: 'template<class _Tp> struct std::is_pod' is deprecated: use 'is_standard_layout && is_trivial' instead [-Wdeprecated-declarations]
  209 | static_assert(std::is_pod<ParseTableField>::value, "");
      |                    ^~~~~~
/usr/include/c++/13/type_traits:819:5: note: declared here
  819 |     is_pod
      |     ^~~~~~
./google/protobuf/generated_message_table_driven.h:210:20: warning: 'template<class _Tp> struct std::is_pod' is deprecated: use 'is_standard_layout && is_trivial' instead [-Wdeprecated-declarations]
  210 | static_assert(std::is_pod<AuxillaryParseTableField>::value, "");
      |                    ^~~~~~
/usr/include/c++/13/type_traits:819:5: note: declared here
  819 |     is_pod
      |     ^~~~~~
./google/protobuf/generated_message_table_driven.h:211:20: warning: 'template<class _Tp> struct std::is_pod' is deprecated: use 'is_standard_layout && is_trivial' instead [-Wdeprecated-declarations]
  211 | static_assert(std::is_pod<AuxillaryParseTableField::enum_aux>::value, "");
      |                    ^~~~~~
/usr/include/c++/13/type_traits:819:5: note: declared here
  819 |     is_pod
      |     ^~~~~~
./google/protobuf/generated_message_table_driven.h:212:20: warning: 'template<class _Tp> struct std::is_pod' is deprecated: use 'is_standard_layout && is_trivial' instead [-Wdeprecated-declarations]
  212 | static_assert(std::is_pod<AuxillaryParseTableField::message_aux>::value, "");
      |                    ^~~~~~
/usr/include/c++/13/type_traits:819:5: note: declared here
  819 |     is_pod
      |     ^~~~~~
./google/protobuf/generated_message_table_driven.h:213:20: warning: 'template<class _Tp> struct std::is_pod' is deprecated: use 'is_standard_layout && is_trivial' instead [-Wdeprecated-declarations]
  213 | static_assert(std::is_pod<AuxillaryParseTableField::string_aux>::value, "");
      |                    ^~~~~~
/usr/include/c++/13/type_traits:819:5: note: declared here
  819 |     is_pod
      |     ^~~~~~
./google/protobuf/generated_message_table_driven.h:214:20: warning: 'template<class _Tp> struct std::is_pod' is deprecated: use 'is_standard_layout && is_trivial' instead [-Wdeprecated-declarations]
  214 | static_assert(std::is_pod<ParseTable>::value, "");
      |                    ^~~~~~
/usr/include/c++/13/type_traits:819:5: note: declared here
  819 |     is_pod
      |     ^~~~~~
/bin/bash ../libtool  --tag=CXX   --mode=link g++ -std=gnu++20 -pthread -DHAVE_PTHREAD=1 -DHAVE_ZLIB=1 -Wall -Wno-sign-compare  -g -O2 -fstack-protector-strong -Wformat -Werror=format-security -Wdate-time -D_FORTIFY_SOURCE=2 -g -version-info 19:0:0 -export-dynamic -no-undefined -Wl,--version-script=./libprotoc.map -L/usr/local/lib -o libprotoc.la -rpath /tmp/RtmpGMpJPD/R.INSTALL6d214aad9c/RProtoBufLib/src/pb_build/lib google/protobuf/compiler/code_generator.lo google/protobuf/compiler/command_line_interface.lo google/protobuf/compiler/plugin.lo google/protobuf/compiler/plugin.pb.lo google/protobuf/compiler/subprocess.lo google/protobuf/compiler/zip_writer.lo google/protobuf/compiler/cpp/cpp_enum.lo google/protobuf/compiler/cpp/cpp_enum_field.lo google/protobuf/compiler/cpp/cpp_extension.lo google/protobuf/compiler/cpp/cpp_field.lo google/protobuf/compiler/cpp/cpp_file.lo google/protobuf/compiler/cpp/cpp_generator.lo google/protobuf/compiler/cpp/cpp_helpers.lo google/protobuf/compiler/cpp/cpp_map_field.lo google/protobuf/compiler/cpp/cpp_message.lo google/protobuf/compiler/cpp/cpp_message_field.lo google/protobuf/compiler/cpp/cpp_padding_optimizer.lo google/protobuf/compiler/cpp/cpp_primitive_field.lo google/protobuf/compiler/cpp/cpp_service.lo google/protobuf/compiler/cpp/cpp_string_field.lo  libprotobuf.la -lz 
libtool: link: g++ -std=gnu++20  -fPIC -DPIC -shared -nostdlib /usr/lib/gcc/x86_64-linux-gnu/13/../../../x86_64-linux-gnu/crti.o /usr/lib/gcc/x86_64-linux-gnu/13/crtbeginS.o  google/protobuf/compiler/.libs/code_generator.o google/protobuf/compiler/.libs/command_line_interface.o google/protobuf/compiler/.libs/plugin.o google/protobuf/compiler/.libs/plugin.pb.o google/protobuf/compiler/.libs/subprocess.o google/protobuf/compiler/.libs/zip_writer.o google/protobuf/compiler/cpp/.libs/cpp_enum.o google/protobuf/compiler/cpp/.libs/cpp_enum_field.o google/protobuf/compiler/cpp/.libs/cpp_extension.o google/protobuf/compiler/cpp/.libs/cpp_field.o google/protobuf/compiler/cpp/.libs/cpp_file.o google/protobuf/compiler/cpp/.libs/cpp_generator.o google/protobuf/compiler/cpp/.libs/cpp_helpers.o google/protobuf/compiler/cpp/.libs/cpp_map_field.o google/protobuf/compiler/cpp/.libs/cpp_message.o google/protobuf/compiler/cpp/.libs/cpp_message_field.o google/protobuf/compiler/cpp/.libs/cpp_padding_optimizer.o google/protobuf/compiler/cpp/.libs/cpp_primitive_field.o google/protobuf/compiler/cpp/.libs/cpp_service.o google/protobuf/compiler/cpp/.libs/cpp_string_field.o   -Wl,-rpath -Wl,/tmp/RtmpGMpJPD/R.INSTALL6d214aad9c/RProtoBufLib/src/protobuf-3.8.0/src/.libs -Wl,-rpath -Wl,/tmp/RtmpGMpJPD/R.INSTALL6d214aad9c/RProtoBufLib/src/pb_build/lib -L/usr/local/lib ./.libs/libprotobuf.so -lz -L/usr/lib/gcc/x86_64-linux-gnu/13 -L/usr/lib/gcc/x86_64-linux-gnu/13/../../../x86_64-linux-gnu -L/usr/lib/gcc/x86_64-linux-gnu/13/../../../../lib -L/lib/x86_64-linux-gnu -L/lib/../lib -L/usr/lib/x86_64-linux-gnu -L/usr/lib/../lib -L/usr/lib/gcc/x86_64-linux-gnu/13/../../.. -lstdc++ -lm -lc -lgcc_s /usr/lib/gcc/x86_64-linux-gnu/13/crtendS.o /usr/lib/gcc/x86_64-linux-gnu/13/../../../x86_64-linux-gnu/crtn.o  -pthread -g -O2 -fstack-protector-strong -g -Wl,--version-script=./libprotoc.map   -pthread -Wl,-soname -Wl,libprotoc.so.19 -o .libs/libprotoc.so.19.0.0
libtool: link: (cd ".libs" && rm -f "libprotoc.so.19" && ln -s "libprotoc.so.19.0.0" "libprotoc.so.19")
libtool: link: (cd ".libs" && rm -f "libprotoc.so" && ln -s "libprotoc.so.19.0.0" "libprotoc.so")
libtool: link: ( cd ".libs" && rm -f "libprotoc.la" && ln -s "../libprotoc.la" "libprotoc.la" )
/bin/bash ../libtool  --tag=CXX   --mode=link g++ -std=gnu++20 -pthread -DHAVE_PTHREAD=1 -DHAVE_ZLIB=1 -Wall -Wno-sign-compare  -g -O2 -fstack-protector-strong -Wformat -Werror=format-security -Wdate-time -D_FORTIFY_SOURCE=2 -g -pthread -L/usr/local/lib -o protoc google/protobuf/compiler/main.o  libprotobuf.la libprotoc.la -lz 
libtool: link: g++ -std=gnu++20 -pthread -DHAVE_PTHREAD=1 -DHAVE_ZLIB=1 -Wall -Wno-sign-compare -g -O2 -fstack-protector-strong -Wformat -Werror=format-security -Wdate-time -D_FORTIFY_SOURCE=2 -g -pthread -o .libs/protoc google/protobuf/compiler/main.o  -L/usr/local/lib ./.libs/libprotobuf.so ./.libs/libprotoc.so -lz -pthread -Wl,-rpath -Wl,/tmp/RtmpGMpJPD/R.INSTALL6d214aad9c/RProtoBufLib/src/pb_build/lib
/bin/bash ../libtool  --tag=CXX   --mode=link g++ -std=gnu++20 -pthread -DHAVE_PTHREAD=1 -DHAVE_ZLIB=1 -Wall -Wno-sign-compare  -g -O2 -fstack-protector-strong -Wformat -Werror=format-security -Wdate-time -D_FORTIFY_SOURCE=2 -g -version-info 19:0:0 -export-dynamic -no-undefined -Wl,--version-script=./libprotobuf-lite.map -L/usr/local/lib -o libprotobuf-lite.la -rpath /tmp/RtmpGMpJPD/R.INSTALL6d214aad9c/RProtoBufLib/src/pb_build/lib google/protobuf/stubs/bytestream.lo google/protobuf/stubs/common.lo google/protobuf/stubs/int128.lo google/protobuf/io/io_win32.lo google/protobuf/stubs/status.lo google/protobuf/stubs/statusor.lo google/protobuf/stubs/stringpiece.lo google/protobuf/stubs/stringprintf.lo google/protobuf/stubs/structurally_valid.lo google/protobuf/stubs/strutil.lo google/protobuf/stubs/time.lo google/protobuf/any_lite.lo google/protobuf/arena.lo google/protobuf/extension_set.lo google/protobuf/generated_message_util.lo google/protobuf/generated_message_table_driven_lite.lo google/protobuf/implicit_weak_message.lo google/protobuf/message_lite.lo google/protobuf/parse_context.lo google/protobuf/repeated_field.lo google/protobuf/wire_format_lite.lo google/protobuf/io/coded_stream.lo google/protobuf/io/strtod.lo google/protobuf/io/zero_copy_stream.lo google/protobuf/io/zero_copy_stream_impl_lite.lo   -lz 
libtool: link: g++ -std=gnu++20  -fPIC -DPIC -shared -nostdlib /usr/lib/gcc/x86_64-linux-gnu/13/../../../x86_64-linux-gnu/crti.o /usr/lib/gcc/x86_64-linux-gnu/13/crtbeginS.o  google/protobuf/stubs/.libs/bytestream.o google/protobuf/stubs/.libs/common.o google/protobuf/stubs/.libs/int128.o google/protobuf/io/.libs/io_win32.o google/protobuf/stubs/.libs/status.o google/protobuf/stubs/.libs/statusor.o google/protobuf/stubs/.libs/stringpiece.o google/protobuf/stubs/.libs/stringprintf.o google/protobuf/stubs/.libs/structurally_valid.o google/protobuf/stubs/.libs/strutil.o google/protobuf/stubs/.libs/time.o google/protobuf/.libs/any_lite.o google/protobuf/.libs/arena.o google/protobuf/.libs/extension_set.o google/protobuf/.libs/generated_message_util.o google/protobuf/.libs/generated_message_table_driven_lite.o google/protobuf/.libs/implicit_weak_message.o google/protobuf/.libs/message_lite.o google/protobuf/.libs/parse_context.o google/protobuf/.libs/repeated_field.o google/protobuf/.libs/wire_format_lite.o google/protobuf/io/.libs/coded_stream.o google/protobuf/io/.libs/strtod.o google/protobuf/io/.libs/zero_copy_stream.o google/protobuf/io/.libs/zero_copy_stream_impl_lite.o   -L/usr/local/lib -lz -L/usr/lib/gcc/x86_64-linux-gnu/13 -L/usr/lib/gcc/x86_64-linux-gnu/13/../../../x86_64-linux-gnu -L/usr/lib/gcc/x86_64-linux-gnu/13/../../../../lib -L/lib/x86_64-linux-gnu -L/lib/../lib -L/usr/lib/x86_64-linux-gnu -L/usr/lib/../lib -L/usr/lib/gcc/x86_64-linux-gnu/13/../../.. -lstdc++ -lm -lc -lgcc_s /usr/lib/gcc/x86_64-linux-gnu/13/crtendS.o /usr/lib/gcc/x86_64-linux-gnu/13/../../../x86_64-linux-gnu/crtn.o  -pthread -g -O2 -fstack-protector-strong -g -Wl,--version-script=./libprotobuf-lite.map   -pthread -Wl,-soname -Wl,libprotobuf-lite.so.19 -o .libs/libprotobuf-lite.so.19.0.0
libtool: link: (cd ".libs" && rm -f "libprotobuf-lite.so.19" && ln -s "libprotobuf-lite.so.19.0.0" "libprotobuf-lite.so.19")
libtool: link: (cd ".libs" && rm -f "libprotobuf-lite.so" && ln -s "libprotobuf-lite.so.19.0.0" "libprotobuf-lite.so")
libtool: link: ( cd ".libs" && rm -f "libprotobuf-lite.la" && ln -s "../libprotobuf-lite.la" "libprotobuf-lite.la" )
make[2]: Entering directory '/tmp/RtmpGMpJPD/R.INSTALL6d214aad9c/RProtoBufLib/src/protobuf-3.8.0/src'
 /usr/bin/mkdir -p '/tmp/RtmpGMpJPD/R.INSTALL6d214aad9c/RProtoBufLib/src/pb_build/lib'
 /bin/bash ../libtool   --mode=install /usr/bin/install -c   libprotobuf-lite.la libprotobuf.la libprotoc.la '/tmp/RtmpGMpJPD/R.INSTALL6d214aad9c/RProtoBufLib/src/pb_build/lib'
libtool: install: /usr/bin/install -c .libs/libprotobuf-lite.so.19.0.0 /tmp/RtmpGMpJPD/R.INSTALL6d214aad9c/RProtoBufLib/src/pb_build/lib/libprotobuf-lite.so.19.0.0
libtool: install: (cd /tmp/RtmpGMpJPD/R.INSTALL6d214aad9c/RProtoBufLib/src/pb_build/lib && { ln -s -f libprotobuf-lite.so.19.0.0 libprotobuf-lite.so.19 || { rm -f libprotobuf-lite.so.19 && ln -s libprotobuf-lite.so.19.0.0 libprotobuf-lite.so.19; }; })
libtool: install: (cd /tmp/RtmpGMpJPD/R.INSTALL6d214aad9c/RProtoBufLib/src/pb_build/lib && { ln -s -f libprotobuf-lite.so.19.0.0 libprotobuf-lite.so || { rm -f libprotobuf-lite.so && ln -s libprotobuf-lite.so.19.0.0 libprotobuf-lite.so; }; })
libtool: install: /usr/bin/install -c .libs/libprotobuf-lite.lai /tmp/RtmpGMpJPD/R.INSTALL6d214aad9c/RProtoBufLib/src/pb_build/lib/libprotobuf-lite.la
libtool: install: /usr/bin/install -c .libs/libprotobuf.so.19.0.0 /tmp/RtmpGMpJPD/R.INSTALL6d214aad9c/RProtoBufLib/src/pb_build/lib/libprotobuf.so.19.0.0
libtool: install: (cd /tmp/RtmpGMpJPD/R.INSTALL6d214aad9c/RProtoBufLib/src/pb_build/lib && { ln -s -f libprotobuf.so.19.0.0 libprotobuf.so.19 || { rm -f libprotobuf.so.19 && ln -s libprotobuf.so.19.0.0 libprotobuf.so.19; }; })
libtool: install: (cd /tmp/RtmpGMpJPD/R.INSTALL6d214aad9c/RProtoBufLib/src/pb_build/lib && { ln -s -f libprotobuf.so.19.0.0 libprotobuf.so || { rm -f libprotobuf.so && ln -s libprotobuf.so.19.0.0 libprotobuf.so; }; })
libtool: install: /usr/bin/install -c .libs/libprotobuf.lai /tmp/RtmpGMpJPD/R.INSTALL6d214aad9c/RProtoBufLib/src/pb_build/lib/libprotobuf.la
libtool: warning: relinking 'libprotoc.la'
libtool: install: (cd /tmp/RtmpGMpJPD/R.INSTALL6d214aad9c/RProtoBufLib/src/protobuf-3.8.0/src; /bin/bash "/tmp/RtmpGMpJPD/R.INSTALL6d214aad9c/RProtoBufLib/src/protobuf-3.8.0/libtool"  --tag CXX --mode=relink g++ -std=gnu++20 -pthread -DHAVE_PTHREAD=1 -DHAVE_ZLIB=1 -Wall -Wno-sign-compare -g -O2 -fstack-protector-strong -Wformat -Werror=format-security -Wdate-time -D_FORTIFY_SOURCE=2 -g -version-info 19:0:0 -export-dynamic -no-undefined -Wl,--version-script=./libprotoc.map -L/usr/local/lib -o libprotoc.la -rpath /tmp/RtmpGMpJPD/R.INSTALL6d214aad9c/RProtoBufLib/src/pb_build/lib google/protobuf/compiler/code_generator.lo google/protobuf/compiler/command_line_interface.lo google/protobuf/compiler/plugin.lo google/protobuf/compiler/plugin.pb.lo google/protobuf/compiler/subprocess.lo google/protobuf/compiler/zip_writer.lo google/protobuf/compiler/cpp/cpp_enum.lo google/protobuf/compiler/cpp/cpp_enum_field.lo google/protobuf/compiler/cpp/cpp_extension.lo google/protobuf/compiler/cpp/cpp_field.lo google/protobuf/compiler/cpp/cpp_file.lo google/protobuf/compiler/cpp/cpp_generator.lo google/protobuf/compiler/cpp/cpp_helpers.lo google/protobuf/compiler/cpp/cpp_map_field.lo google/protobuf/compiler/cpp/cpp_message.lo google/protobuf/compiler/cpp/cpp_message_field.lo google/protobuf/compiler/cpp/cpp_padding_optimizer.lo google/protobuf/compiler/cpp/cpp_primitive_field.lo google/protobuf/compiler/cpp/cpp_service.lo google/protobuf/compiler/cpp/cpp_string_field.lo libprotobuf.la -lz )
libtool: relink: g++ -std=gnu++20  -fPIC -DPIC -shared -nostdlib /usr/lib/gcc/x86_64-linux-gnu/13/../../../x86_64-linux-gnu/crti.o /usr/lib/gcc/x86_64-linux-gnu/13/crtbeginS.o  google/protobuf/compiler/.libs/code_generator.o google/protobuf/compiler/.libs/command_line_interface.o google/protobuf/compiler/.libs/plugin.o google/protobuf/compiler/.libs/plugin.pb.o google/protobuf/compiler/.libs/subprocess.o google/protobuf/compiler/.libs/zip_writer.o google/protobuf/compiler/cpp/.libs/cpp_enum.o google/protobuf/compiler/cpp/.libs/cpp_enum_field.o google/protobuf/compiler/cpp/.libs/cpp_extension.o google/protobuf/compiler/cpp/.libs/cpp_field.o google/protobuf/compiler/cpp/.libs/cpp_file.o google/protobuf/compiler/cpp/.libs/cpp_generator.o google/protobuf/compiler/cpp/.libs/cpp_helpers.o google/protobuf/compiler/cpp/.libs/cpp_map_field.o google/protobuf/compiler/cpp/.libs/cpp_message.o google/protobuf/compiler/cpp/.libs/cpp_message_field.o google/protobuf/compiler/cpp/.libs/cpp_padding_optimizer.o google/protobuf/compiler/cpp/.libs/cpp_primitive_field.o google/protobuf/compiler/cpp/.libs/cpp_service.o google/protobuf/compiler/cpp/.libs/cpp_string_field.o   -Wl,-rpath -Wl,/tmp/RtmpGMpJPD/R.INSTALL6d214aad9c/RProtoBufLib/src/pb_build/lib -L/usr/local/lib -L/tmp/RtmpGMpJPD/R.INSTALL6d214aad9c/RProtoBufLib/src/pb_build/lib -lprotobuf -lz -L/usr/lib/gcc/x86_64-linux-gnu/13 -L/usr/lib/gcc/x86_64-linux-gnu/13/../../../x86_64-linux-gnu -L/usr/lib/gcc/x86_64-linux-gnu/13/../../../../lib -L/lib/x86_64-linux-gnu -L/lib/../lib -L/usr/lib/x86_64-linux-gnu -L/usr/lib/../lib -L/usr/lib/gcc/x86_64-linux-gnu/13/../../.. -lstdc++ -lm -lc -lgcc_s /usr/lib/gcc/x86_64-linux-gnu/13/crtendS.o /usr/lib/gcc/x86_64-linux-gnu/13/../../../x86_64-linux-gnu/crtn.o  -pthread -g -O2 -fstack-protector-strong -g -Wl,--version-script=./libprotoc.map   -pthread -Wl,-soname -Wl,libprotoc.so.19 -o .libs/libprotoc.so.19.0.0
libtool: install: /usr/bin/install -c .libs/libprotoc.so.19.0.0T /tmp/RtmpGMpJPD/R.INSTALL6d214aad9c/RProtoBufLib/src/pb_build/lib/libprotoc.so.19.0.0
libtool: install: (cd /tmp/RtmpGMpJPD/R.INSTALL6d214aad9c/RProtoBufLib/src/pb_build/lib && { ln -s -f libprotoc.so.19.0.0 libprotoc.so.19 || { rm -f libprotoc.so.19 && ln -s libprotoc.so.19.0.0 libprotoc.so.19; }; })
libtool: install: (cd /tmp/RtmpGMpJPD/R.INSTALL6d214aad9c/RProtoBufLib/src/pb_build/lib && { ln -s -f libprotoc.so.19.0.0 libprotoc.so || { rm -f libprotoc.so && ln -s libprotoc.so.19.0.0 libprotoc.so; }; })
libtool: install: /usr/bin/install -c .libs/libprotoc.lai /tmp/RtmpGMpJPD/R.INSTALL6d214aad9c/RProtoBufLib/src/pb_build/lib/libprotoc.la
libtool: finish: PATH="/usr/local/sbin:/usr/local/bin:/usr/sbin:/usr/bin:/sbin:/bin:/sbin" ldconfig -n /tmp/RtmpGMpJPD/R.INSTALL6d214aad9c/RProtoBufLib/src/pb_build/lib
----------------------------------------------------------------------
Libraries have been installed in:
   /tmp/RtmpGMpJPD/R.INSTALL6d214aad9c/RProtoBufLib/src/pb_build/lib

If you ever happen to want to link against installed libraries
in a given directory, LIBDIR, you must either use libtool, and
specify the full pathname of the library, or use the '-LLIBDIR'
flag during linking and do at least one of the following:
   - add LIBDIR to the 'LD_LIBRARY_PATH' environment variable
     during execution
   - add LIBDIR to the 'LD_RUN_PATH' environment variable
     during linking
   - use the '-Wl,-rpath -Wl,LIBDIR' linker flag
   - have your system administrator add LIBDIR to '/etc/ld.so.conf'

See any operating system documentation about shared libraries for
more information, such as the ld(1) and ld.so(8) manual pages.
----------------------------------------------------------------------
 /usr/bin/mkdir -p '/tmp/RtmpGMpJPD/R.INSTALL6d214aad9c/RProtoBufLib/src/pb_build/bin'
  /bin/bash ../libtool   --mode=install /usr/bin/install -c protoc '/tmp/RtmpGMpJPD/R.INSTALL6d214aad9c/RProtoBufLib/src/pb_build/bin'
libtool: install: /usr/bin/install -c .libs/protoc /tmp/RtmpGMpJPD/R.INSTALL6d214aad9c/RProtoBufLib/src/pb_build/bin/protoc
 /usr/bin/mkdir -p '/tmp/RtmpGMpJPD/R.INSTALL6d214aad9c/RProtoBufLib/src/pb_build/include'
 /usr/bin/mkdir -p '/tmp/RtmpGMpJPD/R.INSTALL6d214aad9c/RProtoBufLib/src/pb_build/include/google/protobuf/compiler'
 /usr/bin/install -c -m 644  google/protobuf/compiler/plugin.proto '/tmp/RtmpGMpJPD/R.INSTALL6d214aad9c/RProtoBufLib/src/pb_build/include/google/protobuf/compiler'
 /usr/bin/mkdir -p '/tmp/RtmpGMpJPD/R.INSTALL6d214aad9c/RProtoBufLib/src/pb_build/include/google/protobuf'
 /usr/bin/install -c -m 644  google/protobuf/descriptor.proto google/protobuf/any.proto google/protobuf/api.proto google/protobuf/duration.proto google/protobuf/empty.proto google/protobuf/field_mask.proto google/protobuf/source_context.proto google/protobuf/struct.proto google/protobuf/timestamp.proto google/protobuf/type.proto google/protobuf/wrappers.proto '/tmp/RtmpGMpJPD/R.INSTALL6d214aad9c/RProtoBufLib/src/pb_build/include/google/protobuf'
 /usr/bin/mkdir -p '/tmp/RtmpGMpJPD/R.INSTALL6d214aad9c/RProtoBufLib/src/pb_build/include'
 /usr/bin/mkdir -p '/tmp/RtmpGMpJPD/R.INSTALL6d214aad9c/RProtoBufLib/src/pb_build/include/google/protobuf'
 /usr/bin/install -c -m 644  google/protobuf/any.pb.h google/protobuf/api.pb.h google/protobuf/any.h google/protobuf/arena.h google/protobuf/arena_impl.h google/protobuf/arenastring.h google/protobuf/descriptor_database.h google/protobuf/descriptor.h google/protobuf/descriptor.pb.h google/protobuf/duration.pb.h google/protobuf/dynamic_message.h google/protobuf/empty.pb.h google/protobuf/extension_set.h google/protobuf/extension_set_inl.h google/protobuf/field_mask.pb.h google/protobuf/generated_enum_reflection.h google/protobuf/generated_enum_util.h google/protobuf/generated_message_reflection.h google/protobuf/generated_message_table_driven.h google/protobuf/generated_message_util.h google/protobuf/has_bits.h google/protobuf/implicit_weak_message.h google/protobuf/inlined_string_field.h google/protobuf/map_entry.h google/protobuf/map_entry_lite.h google/protobuf/map_field.h google/protobuf/map_field_inl.h google/protobuf/map_field_lite.h google/protobuf/map.h google/protobuf/map_type_handler.h google/protobuf/message.h google/protobuf/message_lite.h google/protobuf/metadata.h google/protobuf/metadata_lite.h google/protobuf/parse_context.h google/protobuf/port.h google/protobuf/port_def.inc google/protobuf/port_undef.inc google/protobuf/reflection.h google/protobuf/reflection_ops.h '/tmp/RtmpGMpJPD/R.INSTALL6d214aad9c/RProtoBufLib/src/pb_build/include/google/protobuf'
 /usr/bin/mkdir -p '/tmp/RtmpGMpJPD/R.INSTALL6d214aad9c/RProtoBufLib/src/pb_build/include/google/protobuf/compiler'
 /usr/bin/install -c -m 644  google/protobuf/compiler/code_generator.h google/protobuf/compiler/command_line_interface.h google/protobuf/compiler/importer.h google/protobuf/compiler/parser.h google/protobuf/compiler/plugin.h google/protobuf/compiler/plugin.pb.h '/tmp/RtmpGMpJPD/R.INSTALL6d214aad9c/RProtoBufLib/src/pb_build/include/google/protobuf/compiler'
 /usr/bin/mkdir -p '/tmp/RtmpGMpJPD/R.INSTALL6d214aad9c/RProtoBufLib/src/pb_build/include/google/protobuf/compiler/cpp'
 /usr/bin/install -c -m 644  google/protobuf/compiler/cpp/cpp_generator.h '/tmp/RtmpGMpJPD/R.INSTALL6d214aad9c/RProtoBufLib/src/pb_build/include/google/protobuf/compiler/cpp'
 /usr/bin/mkdir -p '/tmp/RtmpGMpJPD/R.INSTALL6d214aad9c/RProtoBufLib/src/pb_build/include/google/protobuf/util'
 /usr/bin/install -c -m 644  google/protobuf/util/type_resolver.h google/protobuf/util/delimited_message_util.h google/protobuf/util/field_comparator.h google/protobuf/util/field_mask_util.h google/protobuf/util/json_util.h google/protobuf/util/time_util.h google/protobuf/util/type_resolver_util.h google/protobuf/util/message_differencer.h '/tmp/RtmpGMpJPD/R.INSTALL6d214aad9c/RProtoBufLib/src/pb_build/include/google/protobuf/util'
 /usr/bin/mkdir -p '/tmp/RtmpGMpJPD/R.INSTALL6d214aad9c/RProtoBufLib/src/pb_build/include/google/protobuf/stubs'
 /usr/bin/install -c -m 644  google/protobuf/stubs/callback.h google/protobuf/stubs/bytestream.h google/protobuf/stubs/casts.h google/protobuf/stubs/common.h google/protobuf/stubs/fastmem.h google/protobuf/stubs/hash.h google/protobuf/stubs/logging.h google/protobuf/stubs/macros.h google/protobuf/stubs/mutex.h google/protobuf/stubs/once.h google/protobuf/stubs/platform_macros.h google/protobuf/stubs/port.h google/protobuf/stubs/status.h google/protobuf/stubs/stl_util.h google/protobuf/stubs/stringpiece.h google/protobuf/stubs/strutil.h google/protobuf/stubs/template_util.h '/tmp/RtmpGMpJPD/R.INSTALL6d214aad9c/RProtoBufLib/src/pb_build/include/google/protobuf/stubs'
 /usr/bin/mkdir -p '/tmp/RtmpGMpJPD/R.INSTALL6d214aad9c/RProtoBufLib/src/pb_build/include/google/protobuf'
 /usr/bin/install -c -m 644  google/protobuf/repeated_field.h google/protobuf/service.h google/protobuf/source_context.pb.h google/protobuf/struct.pb.h google/protobuf/text_format.h google/protobuf/timestamp.pb.h google/protobuf/type.pb.h google/protobuf/unknown_field_set.h google/protobuf/wire_format.h google/protobuf/wire_format_lite.h google/protobuf/wrappers.pb.h '/tmp/RtmpGMpJPD/R.INSTALL6d214aad9c/RProtoBufLib/src/pb_build/include/google/protobuf'
 /usr/bin/mkdir -p '/tmp/RtmpGMpJPD/R.INSTALL6d214aad9c/RProtoBufLib/src/pb_build/include/google/protobuf/io'
 /usr/bin/install -c -m 644  google/protobuf/io/coded_stream.h google/protobuf/io/gzip_stream.h google/protobuf/io/printer.h google/protobuf/io/strtod.h google/protobuf/io/tokenizer.h google/protobuf/io/zero_copy_stream.h google/protobuf/io/zero_copy_stream_impl.h google/protobuf/io/zero_copy_stream_impl_lite.h '/tmp/RtmpGMpJPD/R.INSTALL6d214aad9c/RProtoBufLib/src/pb_build/include/google/protobuf/io'
make[2]: Leaving directory '/tmp/RtmpGMpJPD/R.INSTALL6d214aad9c/RProtoBufLib/src/protobuf-3.8.0/src'
make[1]: Leaving directory '/tmp/RtmpGMpJPD/R.INSTALL6d214aad9c/RProtoBufLib/src/protobuf-3.8.0/src'
configure: creating ./config.status
config.status: creating src/Makevars
** libs
specified C++11
using C++ compiler: ‘g++ (Ubuntu 13.3.0-6ubuntu2~24.04.1) 13.3.0’
g++ -std=gnu++20 -shared -fpic -I../inst/include/ -I/tmp/RtmpGMpJPD/R.INSTALL6d214aad9c/RProtoBufLib/src/pb_build/include/ -o GatingSet_pb_lib/libGatingSet.pb.so GatingSet_pb_lib/GatingSet.pb.cc
In file included from ../inst/include/cytolib/GatingSet.pb.h:24,
                 from GatingSet_pb_lib/GatingSet.pb.cc:4:
/tmp/RtmpGMpJPD/R.INSTALL6d214aad9c/RProtoBufLib/src/pb_build/include/google/protobuf/arena.h: In static member function ‘static T* google::protobuf::Arena::CreateArray(google::protobuf::Arena*, size_t)’:
/tmp/RtmpGMpJPD/R.INSTALL6d214aad9c/RProtoBufLib/src/pb_build/include/google/protobuf/arena.h:338:24: warning: ‘template<class _Tp> struct std::is_pod’ is deprecated: use 'is_standard_layout && is_trivial' instead [-Wdeprecated-declarations]
  338 |     static_assert(std::is_pod<T>::value,
      |                        ^~~~~~
In file included from /usr/include/c++/13/bits/char_traits.h:50,
                 from /usr/include/c++/13/string:42,
                 from ../inst/include/cytolib/GatingSet.pb.h:8:
/usr/include/c++/13/type_traits:819:5: note: declared here
  819 |     is_pod
      |     ^~~~~~
In file included from /tmp/RtmpGMpJPD/R.INSTALL6d214aad9c/RProtoBufLib/src/pb_build/include/google/protobuf/wire_format_lite.h:51,
                 from /tmp/RtmpGMpJPD/R.INSTALL6d214aad9c/RProtoBufLib/src/pb_build/include/google/protobuf/generated_message_util.h:53,
                 from /tmp/RtmpGMpJPD/R.INSTALL6d214aad9c/RProtoBufLib/src/pb_build/include/google/protobuf/metadata_lite.h:37,
                 from /tmp/RtmpGMpJPD/R.INSTALL6d214aad9c/RProtoBufLib/src/pb_build/include/google/protobuf/parse_context.h:41,
                 from /tmp/RtmpGMpJPD/R.INSTALL6d214aad9c/RProtoBufLib/src/pb_build/include/google/protobuf/map_type_handler.h:34,
                 from /tmp/RtmpGMpJPD/R.INSTALL6d214aad9c/RProtoBufLib/src/pb_build/include/google/protobuf/map.h:49,
                 from /tmp/RtmpGMpJPD/R.INSTALL6d214aad9c/RProtoBufLib/src/pb_build/include/google/protobuf/generated_message_table_driven.h:34,
                 from ../inst/include/cytolib/GatingSet.pb.h:26:
/tmp/RtmpGMpJPD/R.INSTALL6d214aad9c/RProtoBufLib/src/pb_build/include/google/protobuf/repeated_field.h: At global scope:
/tmp/RtmpGMpJPD/R.INSTALL6d214aad9c/RProtoBufLib/src/pb_build/include/google/protobuf/repeated_field.h:367:20: warning: ‘template<class _Tp> struct std::is_pod’ is deprecated: use 'is_standard_layout && is_trivial' instead [-Wdeprecated-declarations]
  367 |               std::is_pod<Element>::value>
      |                    ^~~~~~
/usr/include/c++/13/type_traits:819:5: note: declared here
  819 |     is_pod
      |     ^~~~~~
/tmp/RtmpGMpJPD/R.INSTALL6d214aad9c/RProtoBufLib/src/pb_build/include/google/protobuf/repeated_field.h:2494:19: warning: ‘template<class _Category, class _Tp, class _Distance, class _Pointer, class _Reference> struct std::iterator’ is deprecated [-Wdeprecated-declarations]
 2494 |     : public std::iterator<std::output_iterator_tag, T> {
      |                   ^~~~~~~~
In file included from /usr/include/c++/13/bits/stl_construct.h:61,
                 from /usr/include/c++/13/bits/char_traits.h:57:
/usr/include/c++/13/bits/stl_iterator_base_types.h:127:34: note: declared here
  127 |     struct _GLIBCXX17_DEPRECATED iterator
      |                                  ^~~~~~~~
/tmp/RtmpGMpJPD/R.INSTALL6d214aad9c/RProtoBufLib/src/pb_build/include/google/protobuf/repeated_field.h:2516:19: warning: ‘template<class _Category, class _Tp, class _Distance, class _Pointer, class _Reference> struct std::iterator’ is deprecated [-Wdeprecated-declarations]
 2516 |     : public std::iterator<std::output_iterator_tag, T> {
      |                   ^~~~~~~~
/usr/include/c++/13/bits/stl_iterator_base_types.h:127:34: note: declared here
  127 |     struct _GLIBCXX17_DEPRECATED iterator
      |                                  ^~~~~~~~
/tmp/RtmpGMpJPD/R.INSTALL6d214aad9c/RProtoBufLib/src/pb_build/include/google/protobuf/repeated_field.h:2547:19: warning: ‘template<class _Category, class _Tp, class _Distance, class _Pointer, class _Reference> struct std::iterator’ is deprecated [-Wdeprecated-declarations]
 2547 |     : public std::iterator<std::output_iterator_tag, T> {
      |                   ^~~~~~~~
/usr/include/c++/13/bits/stl_iterator_base_types.h:127:34: note: declared here
  127 |     struct _GLIBCXX17_DEPRECATED iterator
      |                                  ^~~~~~~~
/tmp/RtmpGMpJPD/R.INSTALL6d214aad9c/RProtoBufLib/src/pb_build/include/google/protobuf/repeated_field.h:2571:19: warning: ‘template<class _Category, class _Tp, class _Distance, class _Pointer, class _Reference> struct std::iterator’ is deprecated [-Wdeprecated-declarations]
 2571 |     : public std::iterator<std::output_iterator_tag, T> {
      |                   ^~~~~~~~
/usr/include/c++/13/bits/stl_iterator_base_types.h:127:34: note: declared here
  127 |     struct _GLIBCXX17_DEPRECATED iterator
      |                                  ^~~~~~~~
/tmp/RtmpGMpJPD/R.INSTALL6d214aad9c/RProtoBufLib/src/pb_build/include/google/protobuf/generated_message_table_driven.h:209:20: warning: ‘template<class _Tp> struct std::is_pod’ is deprecated: use 'is_standard_layout && is_trivial' instead [-Wdeprecated-declarations]
  209 | static_assert(std::is_pod<ParseTableField>::value, "");
      |                    ^~~~~~
/usr/include/c++/13/type_traits:819:5: note: declared here
  819 |     is_pod
      |     ^~~~~~
/tmp/RtmpGMpJPD/R.INSTALL6d214aad9c/RProtoBufLib/src/pb_build/include/google/protobuf/generated_message_table_driven.h:210:20: warning: ‘template<class _Tp> struct std::is_pod’ is deprecated: use 'is_standard_layout && is_trivial' instead [-Wdeprecated-declarations]
  210 | static_assert(std::is_pod<AuxillaryParseTableField>::value, "");
      |                    ^~~~~~
/usr/include/c++/13/type_traits:819:5: note: declared here
  819 |     is_pod
      |     ^~~~~~
/tmp/RtmpGMpJPD/R.INSTALL6d214aad9c/RProtoBufLib/src/pb_build/include/google/protobuf/generated_message_table_driven.h:211:20: warning: ‘template<class _Tp> struct std::is_pod’ is deprecated: use 'is_standard_layout && is_trivial' instead [-Wdeprecated-declarations]
  211 | static_assert(std::is_pod<AuxillaryParseTableField::enum_aux>::value, "");
      |                    ^~~~~~
/usr/include/c++/13/type_traits:819:5: note: declared here
  819 |     is_pod
      |     ^~~~~~
/tmp/RtmpGMpJPD/R.INSTALL6d214aad9c/RProtoBufLib/src/pb_build/include/google/protobuf/generated_message_table_driven.h:212:20: warning: ‘template<class _Tp> struct std::is_pod’ is deprecated: use 'is_standard_layout && is_trivial' instead [-Wdeprecated-declarations]
  212 | static_assert(std::is_pod<AuxillaryParseTableField::message_aux>::value, "");
      |                    ^~~~~~
/usr/include/c++/13/type_traits:819:5: note: declared here
  819 |     is_pod
      |     ^~~~~~
/tmp/RtmpGMpJPD/R.INSTALL6d214aad9c/RProtoBufLib/src/pb_build/include/google/protobuf/generated_message_table_driven.h:213:20: warning: ‘template<class _Tp> struct std::is_pod’ is deprecated: use 'is_standard_layout && is_trivial' instead [-Wdeprecated-declarations]
  213 | static_assert(std::is_pod<AuxillaryParseTableField::string_aux>::value, "");
      |                    ^~~~~~
/usr/include/c++/13/type_traits:819:5: note: declared here
  819 |     is_pod
      |     ^~~~~~
/tmp/RtmpGMpJPD/R.INSTALL6d214aad9c/RProtoBufLib/src/pb_build/include/google/protobuf/generated_message_table_driven.h:214:20: warning: ‘template<class _Tp> struct std::is_pod’ is deprecated: use 'is_standard_layout && is_trivial' instead [-Wdeprecated-declarations]
  214 | static_assert(std::is_pod<ParseTable>::value, "");
      |                    ^~~~~~
/usr/include/c++/13/type_traits:819:5: note: declared here
  819 |     is_pod
      |     ^~~~~~
mkdir -p "/tmp/library/00LOCK-RProtoBufLib/00new/RProtoBufLib/include"
cp -r /tmp/RtmpGMpJPD/R.INSTALL6d214aad9c/RProtoBufLib/src/pb_build/include/google /tmp/library/00LOCK-RProtoBufLib/00new/RProtoBufLib/include
mkdir -p "/tmp/library/00LOCK-RProtoBufLib/00new/RProtoBufLib/lib/"
cp /tmp/RtmpGMpJPD/R.INSTALL6d214aad9c/RProtoBufLib/src/pb_build/lib/libprotobuf* /tmp/library/00LOCK-RProtoBufLib/00new/RProtoBufLib/lib/
cp GatingSet_pb_lib/libGatingSet.pb.so /tmp/library/00LOCK-RProtoBufLib/00new/RProtoBufLib/lib//libGatingSet.pb.so
g++ -std=gnu++20 -I"/usr/local/lib/R/include" -DNDEBUG -I../inst/include/ -I/tmp/RtmpGMpJPD/R.INSTALL6d214aad9c/RProtoBufLib/src/pb_build/include/  -I/usr/local/include    -fpic  -g -O2 -fstack-protector-strong -Wformat -Werror=format-security -Wdate-time -D_FORTIFY_SOURCE=2 -g   -c dummy.cpp -o dummy.o
g++ -std=gnu++20 -shared -L/usr/local/lib/R/lib -L/usr/local/lib -o RProtoBufLib.so dummy.o -L/usr/local/lib/R/lib -lR
installing to /tmp/library/00LOCK-RProtoBufLib/00new/RProtoBufLib/libs
** R
** inst
** byte-compile and prepare package for lazy loading
** help
*** installing help indices
** building package indices
** installing vignettes
** testing if installed package can be loaded from temporary location
** checking absolute paths in shared objects and dynamic libraries
** testing if installed package can be loaded from final location
** testing if installed package keeps a record of temporary installation path
* SHA256 sums
* creating tarball
packaged installation of ‘RProtoBufLib’ as ‘RProtoBufLib_2.24.0_R_x86_64-pc-linux-gnu.tar.gz’
* DONE (RProtoBufLib)
* installing *source* package ‘flowPeaks’ ...
** this is package ‘flowPeaks’ version ‘1.58.0’
** using staged installation
** libs
using C++ compiler: ‘g++ (Ubuntu 13.3.0-6ubuntu2~24.04.1) 13.3.0’
g++ -std=gnu++20 -I"/usr/local/lib/R/include" -DNDEBUG   -I/usr/local/include   `gsl-config --cflags`  -fpic  -g -O2 -fstack-protector-strong -Wformat -Werror=format-security -Wdate-time -D_FORTIFY_SOURCE=2 -g   -c Rpack.cpp -o Rpack.o
g++ -std=gnu++20 -I"/usr/local/lib/R/include" -DNDEBUG   -I/usr/local/include   `gsl-config --cflags`  -fpic  -g -O2 -fstack-protector-strong -Wformat -Werror=format-security -Wdate-time -D_FORTIFY_SOURCE=2 -g   -c Rregistrate.cpp -o Rregistrate.o
g++ -std=gnu++20 -I"/usr/local/lib/R/include" -DNDEBUG   -I/usr/local/include   `gsl-config --cflags`  -fpic  -g -O2 -fstack-protector-strong -Wformat -Werror=format-security -Wdate-time -D_FORTIFY_SOURCE=2 -g   -c VoronoiDiagramGenerator.cpp -o VoronoiDiagramGenerator.o
g++ -std=gnu++20 -I"/usr/local/lib/R/include" -DNDEBUG   -I/usr/local/include   `gsl-config --cflags`  -fpic  -g -O2 -fstack-protector-strong -Wformat -Werror=format-security -Wdate-time -D_FORTIFY_SOURCE=2 -g   -c flowPeaks.cpp -o flowPeaks.o
g++ -std=gnu++20 -I"/usr/local/lib/R/include" -DNDEBUG   -I/usr/local/include   `gsl-config --cflags`  -fpic  -g -O2 -fstack-protector-strong -Wformat -Werror=format-security -Wdate-time -D_FORTIFY_SOURCE=2 -g   -c func_collect.cpp -o func_collect.o
g++ -std=gnu++20 -I"/usr/local/lib/R/include" -DNDEBUG   -I/usr/local/include   `gsl-config --cflags`  -fpic  -g -O2 -fstack-protector-strong -Wformat -Werror=format-security -Wdate-time -D_FORTIFY_SOURCE=2 -g   -c func_collect_supp.cpp -o func_collect_supp.o
g++ -std=gnu++20 -I"/usr/local/lib/R/include" -DNDEBUG   -I/usr/local/include   `gsl-config --cflags`  -fpic  -g -O2 -fstack-protector-strong -Wformat -Werror=format-security -Wdate-time -D_FORTIFY_SOURCE=2 -g   -c gvector_gmatrix.cpp -o gvector_gmatrix.o
g++ -std=gnu++20 -I"/usr/local/lib/R/include" -DNDEBUG   -I/usr/local/include   `gsl-config --cflags`  -fpic  -g -O2 -fstack-protector-strong -Wformat -Werror=format-security -Wdate-time -D_FORTIFY_SOURCE=2 -g   -c kd_tree.cpp -o kd_tree.o
g++ -std=gnu++20 -I"/usr/local/lib/R/include" -DNDEBUG   -I/usr/local/include   `gsl-config --cflags`  -fpic  -g -O2 -fstack-protector-strong -Wformat -Werror=format-security -Wdate-time -D_FORTIFY_SOURCE=2 -g   -c kmns.cpp -o kmns.o
g++ -std=gnu++20 -shared -L/usr/local/lib/R/lib -L/usr/local/lib -o flowPeaks.so Rpack.o Rregistrate.o VoronoiDiagramGenerator.o flowPeaks.o func_collect.o func_collect_supp.o gvector_gmatrix.o kd_tree.o kmns.o -L/usr/lib/x86_64-linux-gnu -lgsl -lgslcblas -lm -L/usr/local/lib/R/lib -lR
installing to /tmp/library/00LOCK-flowPeaks/00new/flowPeaks/libs
** R
** data
** inst
** byte-compile and prepare package for lazy loading
** help
*** installing help indices
** building package indices
** installing vignettes
** testing if installed package can be loaded from temporary location
** checking absolute paths in shared objects and dynamic libraries
** testing if installed package can be loaded from final location
** testing if installed package keeps a record of temporary installation path
* SHA256 sums
* creating tarball
packaged installation of ‘flowPeaks’ as ‘flowPeaks_1.58.0_R_x86_64-pc-linux-gnu.tar.gz’
* DONE (flowPeaks)
* installing *source* package ‘Rhdf5lib’ ...
** this is package ‘Rhdf5lib’ version ‘2.0.0’
** using staged installation
-- The C compiler identification is GNU 13.3.0
-- Detecting C compiler ABI info
-- Detecting C compiler ABI info - done
-- Check for working C compiler: /usr/bin/gcc - skipped
-- Detecting C compile features
-- Detecting C compile features - done
-- Performing Test HAVE_DECL___BUILTIN_CLZLL
-- Performing Test HAVE_DECL___BUILTIN_CLZLL - Success
-- Looking for snprintf
-- Looking for snprintf - found
-- Configuring done (0.5s)
-- Generating done (0.0s)
-- Build files have been written to: /tmp/RtmprOTXrw/R.INSTALL1f39640dd33c/Rhdf5lib/_build_libaec
[ 11%] Building C object src/CMakeFiles/aec-static-objects.dir/encode.c.o
[ 22%] Building C object src/CMakeFiles/aec-static-objects.dir/encode_accessors.c.o
[ 33%] Building C object src/CMakeFiles/aec-static-objects.dir/decode.c.o
[ 44%] Building C object src/CMakeFiles/aec-static-objects.dir/vector.c.o
[ 44%] Built target aec-static-objects
[ 55%] Linking C static library libaec.a
[ 55%] Built target aec-static
[ 66%] Building C object src/CMakeFiles/sz-static-objects.dir/sz_compat.c.o
[ 66%] Built target sz-static-objects
[ 77%] Linking C static library libsz.a
[ 77%] Built target sz-static
[ 88%] Building C object src/CMakeFiles/graec.dir/graec.c.o
[100%] Linking C executable graec
[100%] Built target graec
-- Install configuration: "Release"
-- Installing: /tmp/RtmprOTXrw/R.INSTALL1f39640dd33c/Rhdf5lib/inst/lib/cmake/libaec/libaec-config.cmake
-- Installing: /tmp/RtmprOTXrw/R.INSTALL1f39640dd33c/Rhdf5lib/inst/lib/cmake/libaec/libaec-config-version.cmake
-- Installing: /tmp/RtmprOTXrw/R.INSTALL1f39640dd33c/Rhdf5lib/inst/include/libaec.h
-- Installing: /tmp/RtmprOTXrw/R.INSTALL1f39640dd33c/Rhdf5lib/inst/include/szlib.h
-- Installing: /tmp/RtmprOTXrw/R.INSTALL1f39640dd33c/Rhdf5lib/inst/lib/libaec.a
-- Installing: /tmp/RtmprOTXrw/R.INSTALL1f39640dd33c/Rhdf5lib/inst/lib/libsz.a
-- Installing: /tmp/RtmprOTXrw/R.INSTALL1f39640dd33c/Rhdf5lib/inst/lib/cmake/libaec/libaec-targets.cmake
-- Installing: /tmp/RtmprOTXrw/R.INSTALL1f39640dd33c/Rhdf5lib/inst/lib/cmake/libaec/libaec-targets-release.cmake
-- The C compiler identification is GNU 13.3.0
-- Detecting C compiler ABI info
-- Detecting C compiler ABI info - done
-- Check for working C compiler: /usr/bin/gcc - skipped
-- Detecting C compile features
-- Detecting C compile features - done
-- Final: share
-- Looking for include file sys/file.h
-- Looking for include file sys/file.h - found
-- Looking for include files sys/file.h, sys/ioctl.h
-- Looking for include files sys/file.h, sys/ioctl.h - found
-- Looking for 3 include files sys/file.h, ..., sys/resource.h
-- Looking for 3 include files sys/file.h, ..., sys/resource.h - found
-- Looking for 4 include files sys/file.h, ..., sys/socket.h
-- Looking for 4 include files sys/file.h, ..., sys/socket.h - found
-- Looking for 5 include files sys/file.h, ..., sys/stat.h
-- Looking for 5 include files sys/file.h, ..., sys/stat.h - found
-- Looking for 6 include files sys/file.h, ..., sys/time.h
-- Looking for 6 include files sys/file.h, ..., sys/time.h - found
-- Looking for 7 include files sys/file.h, ..., sys/types.h
-- Looking for 7 include files sys/file.h, ..., sys/types.h - found
-- Looking for 8 include files sys/file.h, ..., features.h
-- Looking for 8 include files sys/file.h, ..., features.h - found
-- Looking for 9 include files sys/file.h, ..., dirent.h
-- Looking for 9 include files sys/file.h, ..., dirent.h - found
-- Looking for 10 include files sys/file.h, ..., unistd.h
-- Looking for 10 include files sys/file.h, ..., unistd.h - found
-- Looking for 11 include files sys/file.h, ..., pwd.h
-- Looking for 11 include files sys/file.h, ..., pwd.h - found
-- Looking for 12 include files sys/file.h, ..., pthread.h
-- Looking for 12 include files sys/file.h, ..., pthread.h - found
-- Looking for 13 include files sys/file.h, ..., dlfcn.h
-- Looking for 13 include files sys/file.h, ..., dlfcn.h - found
-- Looking for 14 include files sys/file.h, ..., netinet/in.h
-- Looking for 14 include files sys/file.h, ..., netinet/in.h - found
-- Looking for 15 include files sys/file.h, ..., netdb.h
-- Looking for 15 include files sys/file.h, ..., netdb.h - found
-- Looking for 16 include files sys/file.h, ..., arpa/inet.h
-- Looking for 16 include files sys/file.h, ..., arpa/inet.h - found
-- Looking for include file quadmath.h
-- Looking for include file quadmath.h - found
-- Looking for ceil in m;
-- Looking for ceil in m; - found
-- Looking for dlopen in dl;m
-- Looking for dlopen in dl;m - found
-- Looking for WSAStartup in ws2_32;m;dl
-- Looking for WSAStartup in ws2_32;m;dl - not found
-- Looking for gethostbyname in wsock32;m;dl
-- Looking for gethostbyname in wsock32;m;dl - not found
-- Looking for gethostname in ucb;m;dl
-- Looking for gethostname in ucb;m;dl - not found
-- Looking for sys/types.h
-- Looking for sys/types.h - found
-- Looking for stdint.h
-- Looking for stdint.h - found
-- Looking for stddef.h
-- Looking for stddef.h - found
-- Check size of char
-- Check size of char - done
-- Check size of short
-- Check size of short - done
-- Check size of int
-- Check size of int - done
-- Check size of unsigned
-- Check size of unsigned - done
-- Check size of long
-- Check size of long - done
-- Check size of long long
-- Check size of long long - done
-- Check size of float
-- Check size of float - done
-- Check size of double
-- Check size of double - done
-- Check size of long double
-- Check size of long double - done
-- Check size of int8_t
-- Check size of int8_t - done
-- Check size of uint8_t
-- Check size of uint8_t - done
-- Check size of int_least8_t
-- Check size of int_least8_t - done
-- Check size of uint_least8_t
-- Check size of uint_least8_t - done
-- Check size of int_fast8_t
-- Check size of int_fast8_t - done
-- Check size of uint_fast8_t
-- Check size of uint_fast8_t - done
-- Check size of int16_t
-- Check size of int16_t - done
-- Check size of uint16_t
-- Check size of uint16_t - done
-- Check size of int_least16_t
-- Check size of int_least16_t - done
-- Check size of uint_least16_t
-- Check size of uint_least16_t - done
-- Check size of int_fast16_t
-- Check size of int_fast16_t - done
-- Check size of uint_fast16_t
-- Check size of uint_fast16_t - done
-- Check size of int32_t
-- Check size of int32_t - done
-- Check size of uint32_t
-- Check size of uint32_t - done
-- Check size of int_least32_t
-- Check size of int_least32_t - done
-- Check size of uint_least32_t
-- Check size of uint_least32_t - done
-- Check size of int_fast32_t
-- Check size of int_fast32_t - done
-- Check size of uint_fast32_t
-- Check size of uint_fast32_t - done
-- Check size of int64_t
-- Check size of int64_t - done
-- Check size of uint64_t
-- Check size of uint64_t - done
-- Check size of int_least64_t
-- Check size of int_least64_t - done
-- Check size of uint_least64_t
-- Check size of uint_least64_t - done
-- Check size of int_fast64_t
-- Check size of int_fast64_t - done
-- Check size of uint_fast64_t
-- Check size of uint_fast64_t - done
-- Check size of size_t
-- Check size of size_t - done
-- Check size of ssize_t
-- Check size of ssize_t - done
-- Check size of ptrdiff_t
-- Check size of ptrdiff_t - done
-- Check size of off_t
-- Check size of off_t - done
-- Check size of time_t
-- Check size of time_t - done
-- Check size of _Bool
-- Check size of _Bool - done
-- Looking for CLOCK_MONOTONIC
-- Looking for CLOCK_MONOTONIC - not found
-- Performing Test H5_HAVE_TM_GMTOFF
-- Performing Test H5_HAVE_TM_GMTOFF - Success
-- Performing Test H5_HAVE___TM_GMTOFF
-- Performing Test H5_HAVE___TM_GMTOFF - Failed
-- Performing Test H5_HAVE_STRUCT_TIMEZONE
-- Performing Test H5_HAVE_STRUCT_TIMEZONE - Failed
-- Looking for gettimeofday
-- Looking for gettimeofday - found
-- Performing Test H5_HAVE_STAT_ST_BLOCKS
-- Performing Test H5_HAVE_STAT_ST_BLOCKS - Success
-- Looking for ioctl
-- Looking for ioctl - found
-- Performing Test H5_HAVE_STRUCT_VIDEOCONFIG
-- Performing Test H5_HAVE_STRUCT_VIDEOCONFIG - Failed
-- Performing Test H5_HAVE_STRUCT_TEXT_INFO
-- Performing Test H5_HAVE_STRUCT_TEXT_INFO - Failed
-- Looking for _getvideoconfig
-- Looking for _getvideoconfig - not found
-- Looking for gettextinfo
-- Looking for gettextinfo - not found
-- Looking for _scrsize
-- Looking for _scrsize - not found
-- Looking for GetConsoleScreenBufferInfo
-- Looking for GetConsoleScreenBufferInfo - not found
-- Looking for TIOCGWINSZ
-- Looking for TIOCGWINSZ - found
-- Looking for TIOCGETD
-- Looking for TIOCGETD - found
-- Looking for alarm
-- Looking for alarm - found
-- Looking for fcntl
-- Looking for fcntl - found
-- Looking for flock
-- Looking for flock - found
-- Looking for fork
-- Looking for fork - found
-- Looking for gethostname
-- Looking for gethostname - found
-- Looking for getrusage
-- Looking for getrusage - found
-- Looking for pread
-- Looking for pread - found
-- Looking for pwrite
-- Looking for pwrite - found
-- Looking for rand_r
-- Looking for rand_r - found
-- Looking for random
-- Looking for random - found
-- Looking for strcasestr
-- Looking for strcasestr - found
-- Looking for strdup
-- Looking for strdup - found
-- Looking for symlink
-- Looking for symlink - found
-- Looking for tmpfile
-- Looking for tmpfile - found
-- Looking for asprintf
-- Looking for asprintf - found
-- Looking for vasprintf
-- Looking for vasprintf - found
-- Looking for waitpid
-- Looking for waitpid - found
-- Looking for sigsetjmp
-- Looking for sigsetjmp - found
-- Looking for clock_gettime
-- Looking for clock_gettime - found
-- Looking for clock_gettime in rt
-- Looking for clock_gettime in rt - found
-- Looking for clock_gettime in posix4
-- Looking for clock_gettime in posix4 - not found
-- Check size of CLOCK_MONOTONIC_COARSE
-- Check size of CLOCK_MONOTONIC_COARSE - done
-- Found CURL: /usr/lib/x86_64-linux-gnu/libcurl.so (found version "8.5.0")  
-- Found OpenSSL: /usr/lib/x86_64-linux-gnu/libcrypto.so (found version "3.0.13")  
-- Checking if _Float16 support is available
-- Check size of _Float16
-- Check size of _Float16 - done
-- Looking for FLT16_EPSILON
-- Looking for FLT16_EPSILON - found
-- Looking for FLT16_MIN
-- Looking for FLT16_MIN - found
-- Looking for FLT16_MAX
-- Looking for FLT16_MAX - found
-- Looking for FLT16_MIN_10_EXP
-- Looking for FLT16_MIN_10_EXP - found
-- Looking for FLT16_MAX_10_EXP
-- Looking for FLT16_MAX_10_EXP - found
-- Looking for FLT16_MANT_DIG
-- Looking for FLT16_MANT_DIG - found
-- Looking for fabsf16
-- Looking for fabsf16 - not found
-- Found Perl: /usr/bin/perl (found version "5.38.2") 
-- ... disable color and URL extended diagnostic messages
-- ....All Warnings are enabled
-- Found ZLIB: /usr/lib/x86_64-linux-gnu/libz.so (found version "1.3")  
-- The CXX compiler identification is GNU 13.3.0
-- Detecting CXX compiler ABI info
-- Detecting CXX compiler ABI info - done
-- Check for working CXX compiler: /usr/bin/g++ - skipped
-- Detecting CXX compile features
-- Detecting CXX compile features - done
-- ... disable color and URL extended diagnostic messages
-- ....All Warnings are enabled
-- Configuring done (16.9s)
-- Generating done (0.1s)
CMake Warning:
  Manually-specified variables were not used by the project:

    HDF5_BUILD_EXAMPLES


-- Build files have been written to: /tmp/RtmprOTXrw/R.INSTALL1f39640dd33c/Rhdf5lib/_build_hdf5
[  0%] Building C object src/CMakeFiles/hdf5-static.dir/H5.c.o
[  0%] Building C object src/CMakeFiles/hdf5-static.dir/H5build_settings.c.o
[  0%] Building C object src/CMakeFiles/hdf5-static.dir/H5checksum.c.o
[  1%] Building C object src/CMakeFiles/hdf5-static.dir/H5dbg.c.o
[  1%] Building C object src/CMakeFiles/hdf5-static.dir/H5mpi.c.o
[  1%] Building C object src/CMakeFiles/hdf5-static.dir/H5system.c.o
[  1%] Building C object src/CMakeFiles/hdf5-static.dir/H5timer.c.o
[  2%] Building C object src/CMakeFiles/hdf5-static.dir/H5trace.c.o
[  2%] Building C object src/CMakeFiles/hdf5-static.dir/H5A.c.o
[  2%] Building C object src/CMakeFiles/hdf5-static.dir/H5Abtree2.c.o
[  2%] Building C object src/CMakeFiles/hdf5-static.dir/H5Adense.c.o
[  3%] Building C object src/CMakeFiles/hdf5-static.dir/H5Adeprec.c.o
[  3%] Building C object src/CMakeFiles/hdf5-static.dir/H5Aint.c.o
[  3%] Building C object src/CMakeFiles/hdf5-static.dir/H5Atest.c.o
[  3%] Building C object src/CMakeFiles/hdf5-static.dir/H5AC.c.o
[  4%] Building C object src/CMakeFiles/hdf5-static.dir/H5ACdbg.c.o
[  4%] Building C object src/CMakeFiles/hdf5-static.dir/H5ACmpio.c.o
[  4%] Building C object src/CMakeFiles/hdf5-static.dir/H5ACproxy_entry.c.o
[  4%] Building C object src/CMakeFiles/hdf5-static.dir/H5B.c.o
[  5%] Building C object src/CMakeFiles/hdf5-static.dir/H5Bcache.c.o
[  5%] Building C object src/CMakeFiles/hdf5-static.dir/H5Bdbg.c.o
[  5%] Building C object src/CMakeFiles/hdf5-static.dir/H5B2.c.o
[  5%] Building C object src/CMakeFiles/hdf5-static.dir/H5B2cache.c.o
[  6%] Building C object src/CMakeFiles/hdf5-static.dir/H5B2dbg.c.o
[  6%] Building C object src/CMakeFiles/hdf5-static.dir/H5B2hdr.c.o
[  6%] Building C object src/CMakeFiles/hdf5-static.dir/H5B2int.c.o
[  6%] Building C object src/CMakeFiles/hdf5-static.dir/H5B2internal.c.o
[  7%] Building C object src/CMakeFiles/hdf5-static.dir/H5B2leaf.c.o
[  7%] Building C object src/CMakeFiles/hdf5-static.dir/H5B2stat.c.o
[  7%] Building C object src/CMakeFiles/hdf5-static.dir/H5B2test.c.o
[  7%] Building C object src/CMakeFiles/hdf5-static.dir/H5C.c.o
[  8%] Building C object src/CMakeFiles/hdf5-static.dir/H5Cdbg.c.o
[  8%] Building C object src/CMakeFiles/hdf5-static.dir/H5Centry.c.o
[  8%] Building C object src/CMakeFiles/hdf5-static.dir/H5Cepoch.c.o
[  8%] Building C object src/CMakeFiles/hdf5-static.dir/H5Cimage.c.o
[  9%] Building C object src/CMakeFiles/hdf5-static.dir/H5Cint.c.o
[  9%] Building C object src/CMakeFiles/hdf5-static.dir/H5Clog.c.o
[  9%] Building C object src/CMakeFiles/hdf5-static.dir/H5Clog_json.c.o
[  9%] Building C object src/CMakeFiles/hdf5-static.dir/H5Clog_trace.c.o
[ 10%] Building C object src/CMakeFiles/hdf5-static.dir/H5Cmpio.c.o
[ 10%] Building C object src/CMakeFiles/hdf5-static.dir/H5Cprefetched.c.o
[ 10%] Building C object src/CMakeFiles/hdf5-static.dir/H5Cquery.c.o
[ 10%] Building C object src/CMakeFiles/hdf5-static.dir/H5Ctag.c.o
[ 11%] Building C object src/CMakeFiles/hdf5-static.dir/H5Ctest.c.o
[ 11%] Building C object src/CMakeFiles/hdf5-static.dir/H5CX.c.o
[ 11%] Building C object src/CMakeFiles/hdf5-static.dir/H5D.c.o
[ 11%] Building C object src/CMakeFiles/hdf5-static.dir/H5Dbtree.c.o
[ 12%] Building C object src/CMakeFiles/hdf5-static.dir/H5Dbtree2.c.o
[ 12%] Building C object src/CMakeFiles/hdf5-static.dir/H5Dchunk.c.o
[ 12%] Building C object src/CMakeFiles/hdf5-static.dir/H5Dcompact.c.o
[ 12%] Building C object src/CMakeFiles/hdf5-static.dir/H5Dcontig.c.o
[ 13%] Building C object src/CMakeFiles/hdf5-static.dir/H5Ddbg.c.o
[ 13%] Building C object src/CMakeFiles/hdf5-static.dir/H5Ddeprec.c.o
[ 13%] Building C object src/CMakeFiles/hdf5-static.dir/H5Dearray.c.o
[ 13%] Building C object src/CMakeFiles/hdf5-static.dir/H5Defl.c.o
[ 14%] Building C object src/CMakeFiles/hdf5-static.dir/H5Dfarray.c.o
[ 14%] Building C object src/CMakeFiles/hdf5-static.dir/H5Dfill.c.o
[ 14%] Building C object src/CMakeFiles/hdf5-static.dir/H5Dint.c.o
[ 14%] Building C object src/CMakeFiles/hdf5-static.dir/H5Dio.c.o
[ 15%] Building C object src/CMakeFiles/hdf5-static.dir/H5Dlayout.c.o
[ 15%] Building C object src/CMakeFiles/hdf5-static.dir/H5Dmpio.c.o
[ 15%] Building C object src/CMakeFiles/hdf5-static.dir/H5Dnone.c.o
[ 15%] Building C object src/CMakeFiles/hdf5-static.dir/H5Doh.c.o
[ 16%] Building C object src/CMakeFiles/hdf5-static.dir/H5Dscatgath.c.o
[ 16%] Building C object src/CMakeFiles/hdf5-static.dir/H5Dselect.c.o
[ 16%] Building C object src/CMakeFiles/hdf5-static.dir/H5Dsingle.c.o
[ 17%] Building C object src/CMakeFiles/hdf5-static.dir/H5Dtest.c.o
[ 17%] Building C object src/CMakeFiles/hdf5-static.dir/H5Dvirtual.c.o
[ 17%] Building C object src/CMakeFiles/hdf5-static.dir/H5E.c.o
[ 17%] Building C object src/CMakeFiles/hdf5-static.dir/H5Edeprec.c.o
[ 18%] Building C object src/CMakeFiles/hdf5-static.dir/H5Eint.c.o
[ 18%] Building C object src/CMakeFiles/hdf5-static.dir/H5EA.c.o
[ 18%] Building C object src/CMakeFiles/hdf5-static.dir/H5EAcache.c.o
[ 18%] Building C object src/CMakeFiles/hdf5-static.dir/H5EAdbg.c.o
[ 19%] Building C object src/CMakeFiles/hdf5-static.dir/H5EAdblkpage.c.o
[ 19%] Building C object src/CMakeFiles/hdf5-static.dir/H5EAdblock.c.o
[ 19%] Building C object src/CMakeFiles/hdf5-static.dir/H5EAhdr.c.o
[ 19%] Building C object src/CMakeFiles/hdf5-static.dir/H5EAiblock.c.o
[ 20%] Building C object src/CMakeFiles/hdf5-static.dir/H5EAint.c.o
[ 20%] Building C object src/CMakeFiles/hdf5-static.dir/H5EAsblock.c.o
[ 20%] Building C object src/CMakeFiles/hdf5-static.dir/H5EAstat.c.o
[ 20%] Building C object src/CMakeFiles/hdf5-static.dir/H5EAtest.c.o
[ 21%] Building C object src/CMakeFiles/hdf5-static.dir/H5ES.c.o
[ 21%] Building C object src/CMakeFiles/hdf5-static.dir/H5ESevent.c.o
[ 21%] Building C object src/CMakeFiles/hdf5-static.dir/H5ESint.c.o
[ 21%] Building C object src/CMakeFiles/hdf5-static.dir/H5ESlist.c.o
[ 22%] Building C object src/CMakeFiles/hdf5-static.dir/H5F.c.o
[ 22%] Building C object src/CMakeFiles/hdf5-static.dir/H5Faccum.c.o
[ 22%] Building C object src/CMakeFiles/hdf5-static.dir/H5Fcwfs.c.o
[ 22%] Building C object src/CMakeFiles/hdf5-static.dir/H5Fdbg.c.o
[ 23%] Building C object src/CMakeFiles/hdf5-static.dir/H5Fdeprec.c.o
[ 23%] Building C object src/CMakeFiles/hdf5-static.dir/H5Fefc.c.o
[ 23%] Building C object src/CMakeFiles/hdf5-static.dir/H5Ffake.c.o
[ 23%] Building C object src/CMakeFiles/hdf5-static.dir/H5Fint.c.o
[ 24%] Building C object src/CMakeFiles/hdf5-static.dir/H5Fio.c.o
[ 24%] Building C object src/CMakeFiles/hdf5-static.dir/H5Fmount.c.o
[ 24%] Building C object src/CMakeFiles/hdf5-static.dir/H5Fmpi.c.o
[ 24%] Building C object src/CMakeFiles/hdf5-static.dir/H5Fquery.c.o
[ 25%] Building C object src/CMakeFiles/hdf5-static.dir/H5Fsfile.c.o
[ 25%] Building C object src/CMakeFiles/hdf5-static.dir/H5Fspace.c.o
[ 25%] Building C object src/CMakeFiles/hdf5-static.dir/H5Fsuper.c.o
[ 25%] Building C object src/CMakeFiles/hdf5-static.dir/H5Fsuper_cache.c.o
[ 26%] Building C object src/CMakeFiles/hdf5-static.dir/H5Ftest.c.o
[ 26%] Building C object src/CMakeFiles/hdf5-static.dir/H5FA.c.o
[ 26%] Building C object src/CMakeFiles/hdf5-static.dir/H5FAcache.c.o
[ 26%] Building C object src/CMakeFiles/hdf5-static.dir/H5FAdbg.c.o
[ 27%] Building C object src/CMakeFiles/hdf5-static.dir/H5FAdblkpage.c.o
[ 27%] Building C object src/CMakeFiles/hdf5-static.dir/H5FAdblock.c.o
[ 27%] Building C object src/CMakeFiles/hdf5-static.dir/H5FAhdr.c.o
[ 27%] Building C object src/CMakeFiles/hdf5-static.dir/H5FAint.c.o
[ 28%] Building C object src/CMakeFiles/hdf5-static.dir/H5FAstat.c.o
[ 28%] Building C object src/CMakeFiles/hdf5-static.dir/H5FAtest.c.o
[ 28%] Building C object src/CMakeFiles/hdf5-static.dir/H5FD.c.o
[ 28%] Building C object src/CMakeFiles/hdf5-static.dir/H5FDcore.c.o
[ 29%] Building C object src/CMakeFiles/hdf5-static.dir/H5FDdirect.c.o
[ 29%] Building C object src/CMakeFiles/hdf5-static.dir/H5FDfamily.c.o
[ 29%] Building C object src/CMakeFiles/hdf5-static.dir/H5FDhdfs.c.o
[ 29%] Building C object src/CMakeFiles/hdf5-static.dir/H5FDint.c.o
[ 30%] Building C object src/CMakeFiles/hdf5-static.dir/H5FDlog.c.o
[ 30%] Building C object src/CMakeFiles/hdf5-static.dir/H5FDmirror.c.o
[ 30%] Building C object src/CMakeFiles/hdf5-static.dir/H5FDmpi.c.o
[ 30%] Building C object src/CMakeFiles/hdf5-static.dir/H5FDmpio.c.o
[ 31%] Building C object src/CMakeFiles/hdf5-static.dir/H5FDmulti.c.o
[ 31%] Building C object src/CMakeFiles/hdf5-static.dir/H5FDonion.c.o
[ 31%] Building C object src/CMakeFiles/hdf5-static.dir/H5FDonion_header.c.o
[ 31%] Building C object src/CMakeFiles/hdf5-static.dir/H5FDonion_history.c.o
[ 32%] Building C object src/CMakeFiles/hdf5-static.dir/H5FDonion_index.c.o
[ 32%] Building C object src/CMakeFiles/hdf5-static.dir/H5FDperform.c.o
[ 32%] Building C object src/CMakeFiles/hdf5-static.dir/H5FDros3.c.o
[ 32%] Building C object src/CMakeFiles/hdf5-static.dir/H5FDs3comms.c.o
/tmp/RtmprOTXrw/R.INSTALL1f39640dd33c/Rhdf5lib/vendor/hdf5/src/H5FDs3comms.c: In function ‘H5FD__s3comms_load_aws_creds_from_file’:
/tmp/RtmprOTXrw/R.INSTALL1f39640dd33c/Rhdf5lib/vendor/hdf5/src/H5FDs3comms.c:1825:17: warning: ‘__builtin_strncpy’ specified bound depends on the length of the source argument [-Wstringop-truncation]
 1825 |                 strncpy(setting_pointers[setting_i], (const char *)line_buffer, strlen(line_buffer));
      |                 ^
/tmp/RtmprOTXrw/R.INSTALL1f39640dd33c/Rhdf5lib/vendor/hdf5/src/H5FDs3comms.c:1825:17: note: length computed here
 1825 |                 strncpy(setting_pointers[setting_i], (const char *)line_buffer, strlen(line_buffer));
      |                 ^~~~~~~~~~~~~~~~~~~~~~~~~~~~~~~~~~~~~~~~~~~~~~~~~~~~~~~~~~~~~~~~~~~~~~~~~~~~~~~~~~~~
In file included from /usr/include/string.h:548,
                 from /tmp/RtmprOTXrw/R.INSTALL1f39640dd33c/Rhdf5lib/vendor/hdf5/src/H5private.h:34,
                 from /tmp/RtmprOTXrw/R.INSTALL1f39640dd33c/Rhdf5lib/vendor/hdf5/src/H5FDs3comms.c:38:
In function ‘strncpy’,
    inlined from ‘H5FD_s3comms_parse_url’ at /tmp/RtmprOTXrw/R.INSTALL1f39640dd33c/Rhdf5lib/vendor/hdf5/src/H5FDs3comms.c:2008:5:
/usr/include/x86_64-linux-gnu/bits/string_fortified.h:95:10: warning: ‘__builtin_strncpy’ destination unchanged after copying no bytes [-Wstringop-truncation]
   95 |   return __builtin___strncpy_chk (__dest, __src, __len,
      |          ^~~~~~~~~~~~~~~~~~~~~~~~~~~~~~~~~~~~~~~~~~~~~~
   96 |                                   __glibc_objsize (__dest));
      |                                   ~~~~~~~~~~~~~~~~~~~~~~~~~
[ 33%] Building C object src/CMakeFiles/hdf5-static.dir/H5FDsec2.c.o
[ 33%] Building C object src/CMakeFiles/hdf5-static.dir/H5FDspace.c.o
[ 33%] Building C object src/CMakeFiles/hdf5-static.dir/H5FDsplitter.c.o
[ 34%] Building C object src/CMakeFiles/hdf5-static.dir/H5FDstdio.c.o
[ 34%] Building C object src/CMakeFiles/hdf5-static.dir/H5FDtest.c.o
[ 34%] Building C object src/CMakeFiles/hdf5-static.dir/H5FDwindows.c.o
[ 34%] Building C object src/CMakeFiles/hdf5-static.dir/H5FL.c.o
[ 35%] Building C object src/CMakeFiles/hdf5-static.dir/H5FO.c.o
[ 35%] Building C object src/CMakeFiles/hdf5-static.dir/H5FS.c.o
[ 35%] Building C object src/CMakeFiles/hdf5-static.dir/H5FScache.c.o
[ 35%] Building C object src/CMakeFiles/hdf5-static.dir/H5FSdbg.c.o
[ 36%] Building C object src/CMakeFiles/hdf5-static.dir/H5FSint.c.o
[ 36%] Building C object src/CMakeFiles/hdf5-static.dir/H5FSsection.c.o
[ 36%] Building C object src/CMakeFiles/hdf5-static.dir/H5FSstat.c.o
[ 36%] Building C object src/CMakeFiles/hdf5-static.dir/H5FStest.c.o
[ 37%] Building C object src/CMakeFiles/hdf5-static.dir/H5G.c.o
[ 37%] Building C object src/CMakeFiles/hdf5-static.dir/H5Gbtree2.c.o
[ 37%] Building C object src/CMakeFiles/hdf5-static.dir/H5Gcache.c.o
[ 37%] Building C object src/CMakeFiles/hdf5-static.dir/H5Gcompact.c.o
[ 38%] Building C object src/CMakeFiles/hdf5-static.dir/H5Gdense.c.o
[ 38%] Building C object src/CMakeFiles/hdf5-static.dir/H5Gdeprec.c.o
[ 38%] Building C object src/CMakeFiles/hdf5-static.dir/H5Gent.c.o
[ 38%] Building C object src/CMakeFiles/hdf5-static.dir/H5Gint.c.o
[ 39%] Building C object src/CMakeFiles/hdf5-static.dir/H5Glink.c.o
[ 39%] Building C object src/CMakeFiles/hdf5-static.dir/H5Gloc.c.o
[ 39%] Building C object src/CMakeFiles/hdf5-static.dir/H5Gname.c.o
[ 39%] Building C object src/CMakeFiles/hdf5-static.dir/H5Gnode.c.o
[ 40%] Building C object src/CMakeFiles/hdf5-static.dir/H5Gobj.c.o
[ 40%] Building C object src/CMakeFiles/hdf5-static.dir/H5Goh.c.o
[ 40%] Building C object src/CMakeFiles/hdf5-static.dir/H5Groot.c.o
[ 40%] Building C object src/CMakeFiles/hdf5-static.dir/H5Gstab.c.o
[ 41%] Building C object src/CMakeFiles/hdf5-static.dir/H5Gtest.c.o
[ 41%] Building C object src/CMakeFiles/hdf5-static.dir/H5Gtraverse.c.o
[ 41%] Building C object src/CMakeFiles/hdf5-static.dir/H5HF.c.o
[ 41%] Building C object src/CMakeFiles/hdf5-static.dir/H5HFbtree2.c.o
[ 42%] Building C object src/CMakeFiles/hdf5-static.dir/H5HFcache.c.o
[ 42%] Building C object src/CMakeFiles/hdf5-static.dir/H5HFdbg.c.o
[ 42%] Building C object src/CMakeFiles/hdf5-static.dir/H5HFdblock.c.o
[ 42%] Building C object src/CMakeFiles/hdf5-static.dir/H5HFdtable.c.o
[ 43%] Building C object src/CMakeFiles/hdf5-static.dir/H5HFhdr.c.o
[ 43%] Building C object src/CMakeFiles/hdf5-static.dir/H5HFhuge.c.o
[ 43%] Building C object src/CMakeFiles/hdf5-static.dir/H5HFiblock.c.o
[ 43%] Building C object src/CMakeFiles/hdf5-static.dir/H5HFiter.c.o
[ 44%] Building C object src/CMakeFiles/hdf5-static.dir/H5HFman.c.o
[ 44%] Building C object src/CMakeFiles/hdf5-static.dir/H5HFsection.c.o
[ 44%] Building C object src/CMakeFiles/hdf5-static.dir/H5HFspace.c.o
[ 44%] Building C object src/CMakeFiles/hdf5-static.dir/H5HFstat.c.o
[ 45%] Building C object src/CMakeFiles/hdf5-static.dir/H5HFtest.c.o
[ 45%] Building C object src/CMakeFiles/hdf5-static.dir/H5HFtiny.c.o
[ 45%] Building C object src/CMakeFiles/hdf5-static.dir/H5HG.c.o
[ 45%] Building C object src/CMakeFiles/hdf5-static.dir/H5HGcache.c.o
[ 46%] Building C object src/CMakeFiles/hdf5-static.dir/H5HGdbg.c.o
[ 46%] Building C object src/CMakeFiles/hdf5-static.dir/H5HGquery.c.o
[ 46%] Building C object src/CMakeFiles/hdf5-static.dir/H5HL.c.o
[ 46%] Building C object src/CMakeFiles/hdf5-static.dir/H5HLcache.c.o
[ 47%] Building C object src/CMakeFiles/hdf5-static.dir/H5HLdbg.c.o
[ 47%] Building C object src/CMakeFiles/hdf5-static.dir/H5HLdblk.c.o
[ 47%] Building C object src/CMakeFiles/hdf5-static.dir/H5HLint.c.o
[ 47%] Building C object src/CMakeFiles/hdf5-static.dir/H5HLprfx.c.o
[ 48%] Building C object src/CMakeFiles/hdf5-static.dir/H5I.c.o
[ 48%] Building C object src/CMakeFiles/hdf5-static.dir/H5Idbg.c.o
[ 48%] Building C object src/CMakeFiles/hdf5-static.dir/H5Iint.c.o
[ 48%] Building C object src/CMakeFiles/hdf5-static.dir/H5Itest.c.o
[ 49%] Building C object src/CMakeFiles/hdf5-static.dir/H5L.c.o
[ 49%] Building C object src/CMakeFiles/hdf5-static.dir/H5Ldeprec.c.o
[ 49%] Building C object src/CMakeFiles/hdf5-static.dir/H5Lexternal.c.o
[ 50%] Building C object src/CMakeFiles/hdf5-static.dir/H5Lint.c.o
[ 50%] Building C object src/CMakeFiles/hdf5-static.dir/H5M.c.o
[ 50%] Building C object src/CMakeFiles/hdf5-static.dir/H5MF.c.o
[ 50%] Building C object src/CMakeFiles/hdf5-static.dir/H5MFaggr.c.o
[ 51%] Building C object src/CMakeFiles/hdf5-static.dir/H5MFdbg.c.o
[ 51%] Building C object src/CMakeFiles/hdf5-static.dir/H5MFsection.c.o
[ 51%] Building C object src/CMakeFiles/hdf5-static.dir/H5MM.c.o
[ 51%] Building C object src/CMakeFiles/hdf5-static.dir/H5O.c.o
[ 52%] Building C object src/CMakeFiles/hdf5-static.dir/H5Oainfo.c.o
[ 52%] Building C object src/CMakeFiles/hdf5-static.dir/H5Oalloc.c.o
[ 52%] Building C object src/CMakeFiles/hdf5-static.dir/H5Oattr.c.o
[ 52%] Building C object src/CMakeFiles/hdf5-static.dir/H5Oattribute.c.o
[ 53%] Building C object src/CMakeFiles/hdf5-static.dir/H5Obogus.c.o
[ 53%] Building C object src/CMakeFiles/hdf5-static.dir/H5Obtreek.c.o
[ 53%] Building C object src/CMakeFiles/hdf5-static.dir/H5Ocache.c.o
[ 53%] Building C object src/CMakeFiles/hdf5-static.dir/H5Ocache_image.c.o
[ 54%] Building C object src/CMakeFiles/hdf5-static.dir/H5Ochunk.c.o
[ 54%] Building C object src/CMakeFiles/hdf5-static.dir/H5Ocont.c.o
[ 54%] Building C object src/CMakeFiles/hdf5-static.dir/H5Ocopy.c.o
[ 54%] Building C object src/CMakeFiles/hdf5-static.dir/H5Ocopy_ref.c.o
[ 55%] Building C object src/CMakeFiles/hdf5-static.dir/H5Odbg.c.o
[ 55%] Building C object src/CMakeFiles/hdf5-static.dir/H5Odeprec.c.o
[ 55%] Building C object src/CMakeFiles/hdf5-static.dir/H5Odrvinfo.c.o
[ 55%] Building C object src/CMakeFiles/hdf5-static.dir/H5Odtype.c.o
[ 56%] Building C object src/CMakeFiles/hdf5-static.dir/H5Oefl.c.o
[ 56%] Building C object src/CMakeFiles/hdf5-static.dir/H5Ofill.c.o
[ 56%] Building C object src/CMakeFiles/hdf5-static.dir/H5Oflush.c.o
[ 56%] Building C object src/CMakeFiles/hdf5-static.dir/H5Ofsinfo.c.o
[ 57%] Building C object src/CMakeFiles/hdf5-static.dir/H5Oginfo.c.o
[ 57%] Building C object src/CMakeFiles/hdf5-static.dir/H5Oint.c.o
[ 57%] Building C object src/CMakeFiles/hdf5-static.dir/H5Olayout.c.o
[ 57%] Building C object src/CMakeFiles/hdf5-static.dir/H5Olinfo.c.o
[ 58%] Building C object src/CMakeFiles/hdf5-static.dir/H5Olink.c.o
[ 58%] Building C object src/CMakeFiles/hdf5-static.dir/H5Omessage.c.o
[ 58%] Building C object src/CMakeFiles/hdf5-static.dir/H5Omtime.c.o
[ 58%] Building C object src/CMakeFiles/hdf5-static.dir/H5Oname.c.o
[ 59%] Building C object src/CMakeFiles/hdf5-static.dir/H5Onull.c.o
[ 59%] Building C object src/CMakeFiles/hdf5-static.dir/H5Opline.c.o
[ 59%] Building C object src/CMakeFiles/hdf5-static.dir/H5Orefcount.c.o
[ 59%] Building C object src/CMakeFiles/hdf5-static.dir/H5Osdspace.c.o
[ 60%] Building C object src/CMakeFiles/hdf5-static.dir/H5Oshared.c.o
[ 60%] Building C object src/CMakeFiles/hdf5-static.dir/H5Oshmesg.c.o
[ 60%] Building C object src/CMakeFiles/hdf5-static.dir/H5Ostab.c.o
[ 60%] Building C object src/CMakeFiles/hdf5-static.dir/H5Otest.c.o
[ 61%] Building C object src/CMakeFiles/hdf5-static.dir/H5Ounknown.c.o
[ 61%] Building C object src/CMakeFiles/hdf5-static.dir/H5P.c.o
[ 61%] Building C object src/CMakeFiles/hdf5-static.dir/H5Pacpl.c.o
[ 61%] Building C object src/CMakeFiles/hdf5-static.dir/H5Pdapl.c.o
[ 62%] Building C object src/CMakeFiles/hdf5-static.dir/H5Pdcpl.c.o
[ 62%] Building C object src/CMakeFiles/hdf5-static.dir/H5Pdeprec.c.o
[ 62%] Building C object src/CMakeFiles/hdf5-static.dir/H5Pdxpl.c.o
[ 62%] Building C object src/CMakeFiles/hdf5-static.dir/H5Pencdec.c.o
[ 63%] Building C object src/CMakeFiles/hdf5-static.dir/H5Pfapl.c.o
[ 63%] Building C object src/CMakeFiles/hdf5-static.dir/H5Pfcpl.c.o
[ 63%] Building C object src/CMakeFiles/hdf5-static.dir/H5Pfmpl.c.o
[ 63%] Building C object src/CMakeFiles/hdf5-static.dir/H5Pgcpl.c.o
[ 64%] Building C object src/CMakeFiles/hdf5-static.dir/H5Pint.c.o
[ 64%] Building C object src/CMakeFiles/hdf5-static.dir/H5Plapl.c.o
[ 64%] Building C object src/CMakeFiles/hdf5-static.dir/H5Plcpl.c.o
[ 64%] Building C object src/CMakeFiles/hdf5-static.dir/H5Pmapl.c.o
[ 65%] Building C object src/CMakeFiles/hdf5-static.dir/H5Pmcpl.c.o
[ 65%] Building C object src/CMakeFiles/hdf5-static.dir/H5Pocpl.c.o
[ 65%] Building C object src/CMakeFiles/hdf5-static.dir/H5Pocpypl.c.o
[ 65%] Building C object src/CMakeFiles/hdf5-static.dir/H5Pstrcpl.c.o
[ 66%] Building C object src/CMakeFiles/hdf5-static.dir/H5Ptest.c.o
[ 66%] Building C object src/CMakeFiles/hdf5-static.dir/H5PB.c.o
[ 66%] Building C object src/CMakeFiles/hdf5-static.dir/H5PL.c.o
[ 67%] Building C object src/CMakeFiles/hdf5-static.dir/H5PLint.c.o
[ 67%] Building C object src/CMakeFiles/hdf5-static.dir/H5PLpath.c.o
[ 67%] Building C object src/CMakeFiles/hdf5-static.dir/H5PLplugin_cache.c.o
[ 67%] Building C object src/CMakeFiles/hdf5-static.dir/H5R.c.o
[ 68%] Building C object src/CMakeFiles/hdf5-static.dir/H5Rdeprec.c.o
[ 68%] Building C object src/CMakeFiles/hdf5-static.dir/H5Rint.c.o
[ 68%] Building C object src/CMakeFiles/hdf5-static.dir/H5UC.c.o
[ 68%] Building C object src/CMakeFiles/hdf5-static.dir/H5RS.c.o
[ 69%] Building C object src/CMakeFiles/hdf5-static.dir/H5S.c.o
[ 69%] Building C object src/CMakeFiles/hdf5-static.dir/H5Sall.c.o
[ 69%] Building C object src/CMakeFiles/hdf5-static.dir/H5Sdbg.c.o
[ 69%] Building C object src/CMakeFiles/hdf5-static.dir/H5Sdeprec.c.o
[ 70%] Building C object src/CMakeFiles/hdf5-static.dir/H5Shyper.c.o
[ 70%] Building C object src/CMakeFiles/hdf5-static.dir/H5Smpio.c.o
[ 70%] Building C object src/CMakeFiles/hdf5-static.dir/H5Snone.c.o
[ 70%] Building C object src/CMakeFiles/hdf5-static.dir/H5Spoint.c.o
[ 71%] Building C object src/CMakeFiles/hdf5-static.dir/H5Sselect.c.o
[ 71%] Building C object src/CMakeFiles/hdf5-static.dir/H5Stest.c.o
[ 71%] Building C object src/CMakeFiles/hdf5-static.dir/H5SL.c.o
[ 71%] Building C object src/CMakeFiles/hdf5-static.dir/H5SM.c.o
[ 72%] Building C object src/CMakeFiles/hdf5-static.dir/H5SMbtree2.c.o
[ 72%] Building C object src/CMakeFiles/hdf5-static.dir/H5SMcache.c.o
[ 72%] Building C object src/CMakeFiles/hdf5-static.dir/H5SMmessage.c.o
[ 72%] Building C object src/CMakeFiles/hdf5-static.dir/H5SMtest.c.o
[ 73%] Building C object src/CMakeFiles/hdf5-static.dir/H5T.c.o
[ 73%] Building C object src/CMakeFiles/hdf5-static.dir/H5Tarray.c.o
[ 73%] Building C object src/CMakeFiles/hdf5-static.dir/H5Tbit.c.o
[ 73%] Building C object src/CMakeFiles/hdf5-static.dir/H5Tcommit.c.o
[ 74%] Building C object src/CMakeFiles/hdf5-static.dir/H5Tcompound.c.o
[ 74%] Building C object src/CMakeFiles/hdf5-static.dir/H5Tconv.c.o
[ 74%] Building C object src/CMakeFiles/hdf5-static.dir/H5Tconv_integer.c.o
[ 74%] Building C object src/CMakeFiles/hdf5-static.dir/H5Tconv_float.c.o
[ 75%] Building C object src/CMakeFiles/hdf5-static.dir/H5Tconv_string.c.o
[ 75%] Building C object src/CMakeFiles/hdf5-static.dir/H5Tconv_bitfield.c.o
[ 75%] Building C object src/CMakeFiles/hdf5-static.dir/H5Tconv_compound.c.o
[ 75%] Building C object src/CMakeFiles/hdf5-static.dir/H5Tconv_reference.c.o
[ 76%] Building C object src/CMakeFiles/hdf5-static.dir/H5Tconv_enum.c.o
[ 76%] Building C object src/CMakeFiles/hdf5-static.dir/H5Tconv_vlen.c.o
[ 76%] Building C object src/CMakeFiles/hdf5-static.dir/H5Tconv_array.c.o
[ 76%] Building C object src/CMakeFiles/hdf5-static.dir/H5Tcset.c.o
[ 77%] Building C object src/CMakeFiles/hdf5-static.dir/H5Tdbg.c.o
[ 77%] Building C object src/CMakeFiles/hdf5-static.dir/H5Tdeprec.c.o
[ 77%] Building C object src/CMakeFiles/hdf5-static.dir/H5Tenum.c.o
[ 77%] Building C object src/CMakeFiles/hdf5-static.dir/H5Tfields.c.o
[ 78%] Building C object src/CMakeFiles/hdf5-static.dir/H5Tfixed.c.o
[ 78%] Building C object src/CMakeFiles/hdf5-static.dir/H5Tfloat.c.o
[ 78%] Building C object src/CMakeFiles/hdf5-static.dir/H5Tinit_float.c.o
[ 78%] Building C object src/CMakeFiles/hdf5-static.dir/H5Tnative.c.o
[ 79%] Building C object src/CMakeFiles/hdf5-static.dir/H5Toffset.c.o
[ 79%] Building C object src/CMakeFiles/hdf5-static.dir/H5Toh.c.o
[ 79%] Building C object src/CMakeFiles/hdf5-static.dir/H5Topaque.c.o
[ 79%] Building C object src/CMakeFiles/hdf5-static.dir/H5Torder.c.o
[ 80%] Building C object src/CMakeFiles/hdf5-static.dir/H5Tpad.c.o
[ 80%] Building C object src/CMakeFiles/hdf5-static.dir/H5Tprecis.c.o
[ 80%] Building C object src/CMakeFiles/hdf5-static.dir/H5Tref.c.o
[ 80%] Building C object src/CMakeFiles/hdf5-static.dir/H5Tstrpad.c.o
[ 81%] Building C object src/CMakeFiles/hdf5-static.dir/H5Tvisit.c.o
[ 81%] Building C object src/CMakeFiles/hdf5-static.dir/H5Tvlen.c.o
[ 81%] Building C object src/CMakeFiles/hdf5-static.dir/H5TS.c.o
[ 81%] Building C object src/CMakeFiles/hdf5-static.dir/H5VL.c.o
[ 82%] Building C object src/CMakeFiles/hdf5-static.dir/H5VLcallback.c.o
[ 82%] Building C object src/CMakeFiles/hdf5-static.dir/H5VLdyn_ops.c.o
[ 82%] Building C object src/CMakeFiles/hdf5-static.dir/H5VLint.c.o
[ 82%] Building C object src/CMakeFiles/hdf5-static.dir/H5VLnative.c.o
[ 83%] Building C object src/CMakeFiles/hdf5-static.dir/H5VLnative_attr.c.o
[ 83%] Building C object src/CMakeFiles/hdf5-static.dir/H5VLnative_blob.c.o
[ 83%] Building C object src/CMakeFiles/hdf5-static.dir/H5VLnative_dataset.c.o
[ 84%] Building C object src/CMakeFiles/hdf5-static.dir/H5VLnative_datatype.c.o
[ 84%] Building C object src/CMakeFiles/hdf5-static.dir/H5VLnative_file.c.o
[ 84%] Building C object src/CMakeFiles/hdf5-static.dir/H5VLnative_group.c.o
[ 84%] Building C object src/CMakeFiles/hdf5-static.dir/H5VLnative_link.c.o
[ 85%] Building C object src/CMakeFiles/hdf5-static.dir/H5VLnative_introspect.c.o
[ 85%] Building C object src/CMakeFiles/hdf5-static.dir/H5VLnative_object.c.o
[ 85%] Building C object src/CMakeFiles/hdf5-static.dir/H5VLnative_token.c.o
[ 85%] Building C object src/CMakeFiles/hdf5-static.dir/H5VLpassthru.c.o
[ 86%] Building C object src/CMakeFiles/hdf5-static.dir/H5VLtest.c.o
[ 86%] Building C object src/CMakeFiles/hdf5-static.dir/H5VM.c.o
[ 86%] Building C object src/CMakeFiles/hdf5-static.dir/H5WB.c.o
[ 86%] Building C object src/CMakeFiles/hdf5-static.dir/H5Z.c.o
[ 87%] Building C object src/CMakeFiles/hdf5-static.dir/H5Zdeflate.c.o
[ 87%] Building C object src/CMakeFiles/hdf5-static.dir/H5Zfletcher32.c.o
[ 87%] Building C object src/CMakeFiles/hdf5-static.dir/H5Znbit.c.o
[ 87%] Building C object src/CMakeFiles/hdf5-static.dir/H5Zscaleoffset.c.o
[ 88%] Building C object src/CMakeFiles/hdf5-static.dir/H5Zshuffle.c.o
[ 88%] Building C object src/CMakeFiles/hdf5-static.dir/H5Zszip.c.o
[ 88%] Building C object src/CMakeFiles/hdf5-static.dir/H5Ztrans.c.o
[ 88%] Linking C static library ../bin/libhdf5.a
[ 88%] Built target hdf5-static
[ 89%] Building C object hl/src/CMakeFiles/hdf5_hl-static.dir/H5DO.c.o
[ 89%] Building C object hl/src/CMakeFiles/hdf5_hl-static.dir/H5DS.c.o
[ 89%] Building C object hl/src/CMakeFiles/hdf5_hl-static.dir/H5IM.c.o
[ 89%] Building C object hl/src/CMakeFiles/hdf5_hl-static.dir/H5LT.c.o
[ 90%] Building C object hl/src/CMakeFiles/hdf5_hl-static.dir/H5LTanalyze.c.o
[ 90%] Building C object hl/src/CMakeFiles/hdf5_hl-static.dir/H5LTparse.c.o
[ 90%] Building C object hl/src/CMakeFiles/hdf5_hl-static.dir/H5PT.c.o
[ 90%] Building C object hl/src/CMakeFiles/hdf5_hl-static.dir/H5TB.c.o
[ 91%] Building C object hl/src/CMakeFiles/hdf5_hl-static.dir/H5LD.c.o
[ 91%] Linking C static library ../../bin/libhdf5_hl.a
[ 91%] Built target hdf5_hl-static
[ 92%] Building CXX object c++/src/CMakeFiles/hdf5_cpp-static.dir/H5AbstractDs.cpp.o
[ 92%] Building CXX object c++/src/CMakeFiles/hdf5_cpp-static.dir/H5ArrayType.cpp.o
[ 92%] Building CXX object c++/src/CMakeFiles/hdf5_cpp-static.dir/H5AtomType.cpp.o
[ 92%] Building CXX object c++/src/CMakeFiles/hdf5_cpp-static.dir/H5Attribute.cpp.o
[ 93%] Building CXX object c++/src/CMakeFiles/hdf5_cpp-static.dir/H5CommonFG.cpp.o
[ 93%] Building CXX object c++/src/CMakeFiles/hdf5_cpp-static.dir/H5CompType.cpp.o
[ 93%] Building CXX object c++/src/CMakeFiles/hdf5_cpp-static.dir/H5DataSet.cpp.o
[ 93%] Building CXX object c++/src/CMakeFiles/hdf5_cpp-static.dir/H5DataSpace.cpp.o
[ 94%] Building CXX object c++/src/CMakeFiles/hdf5_cpp-static.dir/H5DataType.cpp.o
[ 94%] Building CXX object c++/src/CMakeFiles/hdf5_cpp-static.dir/H5DaccProp.cpp.o
[ 94%] Building CXX object c++/src/CMakeFiles/hdf5_cpp-static.dir/H5DcreatProp.cpp.o
[ 94%] Building CXX object c++/src/CMakeFiles/hdf5_cpp-static.dir/H5DxferProp.cpp.o
[ 95%] Building CXX object c++/src/CMakeFiles/hdf5_cpp-static.dir/H5EnumType.cpp.o
[ 95%] Building CXX object c++/src/CMakeFiles/hdf5_cpp-static.dir/H5Exception.cpp.o
[ 95%] Building CXX object c++/src/CMakeFiles/hdf5_cpp-static.dir/H5FaccProp.cpp.o
[ 95%] Building CXX object c++/src/CMakeFiles/hdf5_cpp-static.dir/H5FcreatProp.cpp.o
[ 96%] Building CXX object c++/src/CMakeFiles/hdf5_cpp-static.dir/H5File.cpp.o
[ 96%] Building CXX object c++/src/CMakeFiles/hdf5_cpp-static.dir/H5FloatType.cpp.o
[ 96%] Building CXX object c++/src/CMakeFiles/hdf5_cpp-static.dir/H5Group.cpp.o
[ 96%] Building CXX object c++/src/CMakeFiles/hdf5_cpp-static.dir/H5IdComponent.cpp.o
[ 97%] Building CXX object c++/src/CMakeFiles/hdf5_cpp-static.dir/H5IntType.cpp.o
[ 97%] Building CXX object c++/src/CMakeFiles/hdf5_cpp-static.dir/H5LaccProp.cpp.o
[ 97%] Building CXX object c++/src/CMakeFiles/hdf5_cpp-static.dir/H5LcreatProp.cpp.o
[ 97%] Building CXX object c++/src/CMakeFiles/hdf5_cpp-static.dir/H5Library.cpp.o
[ 98%] Building CXX object c++/src/CMakeFiles/hdf5_cpp-static.dir/H5Location.cpp.o
/tmp/RtmprOTXrw/R.INSTALL1f39640dd33c/Rhdf5lib/vendor/hdf5/c++/src/H5Location.cpp: In member function ‘std::string H5::H5Location::getObjnameByIdx(hsize_t) const’:
/tmp/RtmprOTXrw/R.INSTALL1f39640dd33c/Rhdf5lib/vendor/hdf5/c++/src/H5Location.cpp:2001:46: warning: argument 1 range [9223372036854775809, 18446744073709551615] exceeds maximum object size 9223372036854775807 [-Walloc-size-larger-than=]
 2001 |     char *name_C = new char[actual_name_len]();
      |                                              ^
In file included from /usr/include/c++/13/bits/exception_ptr.h:38,
                 from /usr/include/c++/13/exception:164,
                 from /usr/include/c++/13/ios:41,
                 from /usr/include/c++/13/ostream:40,
                 from /usr/include/c++/13/iostream:41,
                 from /tmp/RtmprOTXrw/R.INSTALL1f39640dd33c/Rhdf5lib/vendor/hdf5/c++/src/H5Location.cpp:13:
/usr/include/c++/13/new:128:26: note: in a call to allocation function ‘void* operator new [](std::size_t)’ declared here
  128 | _GLIBCXX_NODISCARD void* operator new[](std::size_t) _GLIBCXX_THROW (std::bad_alloc)
      |                          ^~~~~~~~
[ 98%] Building CXX object c++/src/CMakeFiles/hdf5_cpp-static.dir/H5Object.cpp.o
[ 98%] Building CXX object c++/src/CMakeFiles/hdf5_cpp-static.dir/H5OcreatProp.cpp.o
[ 98%] Building CXX object c++/src/CMakeFiles/hdf5_cpp-static.dir/H5PredType.cpp.o
[ 99%] Building CXX object c++/src/CMakeFiles/hdf5_cpp-static.dir/H5PropList.cpp.o
[ 99%] Building CXX object c++/src/CMakeFiles/hdf5_cpp-static.dir/H5StrType.cpp.o
[ 99%] Building CXX object c++/src/CMakeFiles/hdf5_cpp-static.dir/H5VarLenType.cpp.o
[ 99%] Linking CXX static library ../../bin/libhdf5_cpp.a
[ 99%] Built target hdf5_cpp-static
[ 99%] Building CXX object hl/c++/src/CMakeFiles/hdf5_hl_cpp-static.dir/H5PacketTable.cpp.o
[100%] Linking CXX static library ../../../bin/libhdf5_hl_cpp.a
[100%] Built target hdf5_hl_cpp-static
-- Install configuration: "Release"
-- Installing: /tmp/RtmprOTXrw/R.INSTALL1f39640dd33c/Rhdf5lib/inst/include/hdf5.h
-- Installing: /tmp/RtmprOTXrw/R.INSTALL1f39640dd33c/Rhdf5lib/inst/include/H5api_adpt.h
-- Installing: /tmp/RtmprOTXrw/R.INSTALL1f39640dd33c/Rhdf5lib/inst/include/H5encode.h
-- Installing: /tmp/RtmprOTXrw/R.INSTALL1f39640dd33c/Rhdf5lib/inst/include/H5public.h
-- Installing: /tmp/RtmprOTXrw/R.INSTALL1f39640dd33c/Rhdf5lib/inst/include/H5Apublic.h
-- Installing: /tmp/RtmprOTXrw/R.INSTALL1f39640dd33c/Rhdf5lib/inst/include/H5ACpublic.h
-- Installing: /tmp/RtmprOTXrw/R.INSTALL1f39640dd33c/Rhdf5lib/inst/include/H5Cpublic.h
-- Installing: /tmp/RtmprOTXrw/R.INSTALL1f39640dd33c/Rhdf5lib/inst/include/H5Dpublic.h
-- Installing: /tmp/RtmprOTXrw/R.INSTALL1f39640dd33c/Rhdf5lib/inst/include/H5Epubgen.h
-- Installing: /tmp/RtmprOTXrw/R.INSTALL1f39640dd33c/Rhdf5lib/inst/include/H5Epublic.h
-- Installing: /tmp/RtmprOTXrw/R.INSTALL1f39640dd33c/Rhdf5lib/inst/include/H5ESdevelop.h
-- Installing: /tmp/RtmprOTXrw/R.INSTALL1f39640dd33c/Rhdf5lib/inst/include/H5ESpublic.h
-- Installing: /tmp/RtmprOTXrw/R.INSTALL1f39640dd33c/Rhdf5lib/inst/include/H5Fpublic.h
-- Installing: /tmp/RtmprOTXrw/R.INSTALL1f39640dd33c/Rhdf5lib/inst/include/H5FDcore.h
-- Installing: /tmp/RtmprOTXrw/R.INSTALL1f39640dd33c/Rhdf5lib/inst/include/H5FDdevelop.h
-- Installing: /tmp/RtmprOTXrw/R.INSTALL1f39640dd33c/Rhdf5lib/inst/include/H5FDdirect.h
-- Installing: /tmp/RtmprOTXrw/R.INSTALL1f39640dd33c/Rhdf5lib/inst/include/H5FDfamily.h
-- Installing: /tmp/RtmprOTXrw/R.INSTALL1f39640dd33c/Rhdf5lib/inst/include/H5FDhdfs.h
-- Installing: /tmp/RtmprOTXrw/R.INSTALL1f39640dd33c/Rhdf5lib/inst/include/H5FDlog.h
-- Installing: /tmp/RtmprOTXrw/R.INSTALL1f39640dd33c/Rhdf5lib/inst/include/H5FDmirror.h
-- Installing: /tmp/RtmprOTXrw/R.INSTALL1f39640dd33c/Rhdf5lib/inst/include/H5FDmpi.h
-- Installing: /tmp/RtmprOTXrw/R.INSTALL1f39640dd33c/Rhdf5lib/inst/include/H5FDmpio.h
-- Installing: /tmp/RtmprOTXrw/R.INSTALL1f39640dd33c/Rhdf5lib/inst/include/H5FDmulti.h
-- Installing: /tmp/RtmprOTXrw/R.INSTALL1f39640dd33c/Rhdf5lib/inst/include/H5FDonion.h
-- Installing: /tmp/RtmprOTXrw/R.INSTALL1f39640dd33c/Rhdf5lib/inst/include/H5FDpublic.h
-- Installing: /tmp/RtmprOTXrw/R.INSTALL1f39640dd33c/Rhdf5lib/inst/include/H5FDros3.h
-- Installing: /tmp/RtmprOTXrw/R.INSTALL1f39640dd33c/Rhdf5lib/inst/include/H5FDs3comms.h
-- Installing: /tmp/RtmprOTXrw/R.INSTALL1f39640dd33c/Rhdf5lib/inst/include/H5FDsec2.h
-- Installing: /tmp/RtmprOTXrw/R.INSTALL1f39640dd33c/Rhdf5lib/inst/include/H5FDsplitter.h
-- Installing: /tmp/RtmprOTXrw/R.INSTALL1f39640dd33c/Rhdf5lib/inst/include/H5FDstdio.h
-- Installing: /tmp/RtmprOTXrw/R.INSTALL1f39640dd33c/Rhdf5lib/inst/include/H5FDwindows.h
-- Installing: /tmp/RtmprOTXrw/R.INSTALL1f39640dd33c/Rhdf5lib/inst/include/H5FDsubfiling.h
-- Installing: /tmp/RtmprOTXrw/R.INSTALL1f39640dd33c/Rhdf5lib/inst/include/H5FDioc.h
-- Installing: /tmp/RtmprOTXrw/R.INSTALL1f39640dd33c/Rhdf5lib/inst/include/H5Gpublic.h
-- Installing: /tmp/RtmprOTXrw/R.INSTALL1f39640dd33c/Rhdf5lib/inst/include/H5Idevelop.h
-- Installing: /tmp/RtmprOTXrw/R.INSTALL1f39640dd33c/Rhdf5lib/inst/include/H5Ipublic.h
-- Installing: /tmp/RtmprOTXrw/R.INSTALL1f39640dd33c/Rhdf5lib/inst/include/H5Ldevelop.h
-- Installing: /tmp/RtmprOTXrw/R.INSTALL1f39640dd33c/Rhdf5lib/inst/include/H5Lpublic.h
-- Installing: /tmp/RtmprOTXrw/R.INSTALL1f39640dd33c/Rhdf5lib/inst/include/H5Mpublic.h
-- Installing: /tmp/RtmprOTXrw/R.INSTALL1f39640dd33c/Rhdf5lib/inst/include/H5MMpublic.h
-- Installing: /tmp/RtmprOTXrw/R.INSTALL1f39640dd33c/Rhdf5lib/inst/include/H5Opublic.h
-- Installing: /tmp/RtmprOTXrw/R.INSTALL1f39640dd33c/Rhdf5lib/inst/include/H5Ppublic.h
-- Installing: /tmp/RtmprOTXrw/R.INSTALL1f39640dd33c/Rhdf5lib/inst/include/H5PLextern.h
-- Installing: /tmp/RtmprOTXrw/R.INSTALL1f39640dd33c/Rhdf5lib/inst/include/H5PLpublic.h
-- Installing: /tmp/RtmprOTXrw/R.INSTALL1f39640dd33c/Rhdf5lib/inst/include/H5Rpublic.h
-- Installing: /tmp/RtmprOTXrw/R.INSTALL1f39640dd33c/Rhdf5lib/inst/include/H5Spublic.h
-- Installing: /tmp/RtmprOTXrw/R.INSTALL1f39640dd33c/Rhdf5lib/inst/include/H5Tdevelop.h
-- Installing: /tmp/RtmprOTXrw/R.INSTALL1f39640dd33c/Rhdf5lib/inst/include/H5Tpublic.h
-- Installing: /tmp/RtmprOTXrw/R.INSTALL1f39640dd33c/Rhdf5lib/inst/include/H5TSdevelop.h
-- Installing: /tmp/RtmprOTXrw/R.INSTALL1f39640dd33c/Rhdf5lib/inst/include/H5VLconnector.h
-- Installing: /tmp/RtmprOTXrw/R.INSTALL1f39640dd33c/Rhdf5lib/inst/include/H5VLconnector_passthru.h
-- Installing: /tmp/RtmprOTXrw/R.INSTALL1f39640dd33c/Rhdf5lib/inst/include/H5VLnative.h
-- Installing: /tmp/RtmprOTXrw/R.INSTALL1f39640dd33c/Rhdf5lib/inst/include/H5VLpassthru.h
-- Installing: /tmp/RtmprOTXrw/R.INSTALL1f39640dd33c/Rhdf5lib/inst/include/H5VLpublic.h
-- Installing: /tmp/RtmprOTXrw/R.INSTALL1f39640dd33c/Rhdf5lib/inst/include/H5Zdevelop.h
-- Installing: /tmp/RtmprOTXrw/R.INSTALL1f39640dd33c/Rhdf5lib/inst/include/H5Zpublic.h
-- Up-to-date: /tmp/RtmprOTXrw/R.INSTALL1f39640dd33c/Rhdf5lib/inst/include/H5Epubgen.h
-- Installing: /tmp/RtmprOTXrw/R.INSTALL1f39640dd33c/Rhdf5lib/inst/include/H5version.h
-- Installing: /tmp/RtmprOTXrw/R.INSTALL1f39640dd33c/Rhdf5lib/inst/include/H5overflow.h
-- Installing: /tmp/RtmprOTXrw/R.INSTALL1f39640dd33c/Rhdf5lib/inst/include/H5pubconf.h
-- Installing: /tmp/RtmprOTXrw/R.INSTALL1f39640dd33c/Rhdf5lib/inst/lib/libhdf5.a
-- Installing: /tmp/RtmprOTXrw/R.INSTALL1f39640dd33c/Rhdf5lib/inst/lib/pkgconfig/hdf5.pc
-- Installing: /tmp/RtmprOTXrw/R.INSTALL1f39640dd33c/Rhdf5lib/inst/bin/h5cc
-- Installing: /tmp/RtmprOTXrw/R.INSTALL1f39640dd33c/Rhdf5lib/inst/include/H5DOpublic.h
-- Installing: /tmp/RtmprOTXrw/R.INSTALL1f39640dd33c/Rhdf5lib/inst/include/H5DSpublic.h
-- Installing: /tmp/RtmprOTXrw/R.INSTALL1f39640dd33c/Rhdf5lib/inst/include/H5IMpublic.h
-- Installing: /tmp/RtmprOTXrw/R.INSTALL1f39640dd33c/Rhdf5lib/inst/include/H5LTpublic.h
-- Installing: /tmp/RtmprOTXrw/R.INSTALL1f39640dd33c/Rhdf5lib/inst/include/H5PTpublic.h
-- Installing: /tmp/RtmprOTXrw/R.INSTALL1f39640dd33c/Rhdf5lib/inst/include/H5TBpublic.h
-- Installing: /tmp/RtmprOTXrw/R.INSTALL1f39640dd33c/Rhdf5lib/inst/include/H5LDpublic.h
-- Installing: /tmp/RtmprOTXrw/R.INSTALL1f39640dd33c/Rhdf5lib/inst/include/hdf5_hl.h
-- Installing: /tmp/RtmprOTXrw/R.INSTALL1f39640dd33c/Rhdf5lib/inst/lib/libhdf5_hl.a
-- Installing: /tmp/RtmprOTXrw/R.INSTALL1f39640dd33c/Rhdf5lib/inst/lib/pkgconfig/hdf5_hl.pc
-- Installing: /tmp/RtmprOTXrw/R.INSTALL1f39640dd33c/Rhdf5lib/inst/bin/h5hlcc
-- Installing: /tmp/RtmprOTXrw/R.INSTALL1f39640dd33c/Rhdf5lib/inst/include/H5AbstractDs.h
-- Installing: /tmp/RtmprOTXrw/R.INSTALL1f39640dd33c/Rhdf5lib/inst/include/H5Alltypes.h
-- Installing: /tmp/RtmprOTXrw/R.INSTALL1f39640dd33c/Rhdf5lib/inst/include/H5ArrayType.h
-- Installing: /tmp/RtmprOTXrw/R.INSTALL1f39640dd33c/Rhdf5lib/inst/include/H5AtomType.h
-- Installing: /tmp/RtmprOTXrw/R.INSTALL1f39640dd33c/Rhdf5lib/inst/include/H5Attribute.h
-- Installing: /tmp/RtmprOTXrw/R.INSTALL1f39640dd33c/Rhdf5lib/inst/include/H5Classes.h
-- Installing: /tmp/RtmprOTXrw/R.INSTALL1f39640dd33c/Rhdf5lib/inst/include/H5CommonFG.h
-- Installing: /tmp/RtmprOTXrw/R.INSTALL1f39640dd33c/Rhdf5lib/inst/include/H5CompType.h
-- Installing: /tmp/RtmprOTXrw/R.INSTALL1f39640dd33c/Rhdf5lib/inst/include/H5Cpp.h
-- Installing: /tmp/RtmprOTXrw/R.INSTALL1f39640dd33c/Rhdf5lib/inst/include/H5CppDoc.h
-- Installing: /tmp/RtmprOTXrw/R.INSTALL1f39640dd33c/Rhdf5lib/inst/include/H5DataSet.h
-- Installing: /tmp/RtmprOTXrw/R.INSTALL1f39640dd33c/Rhdf5lib/inst/include/H5DataSpace.h
-- Installing: /tmp/RtmprOTXrw/R.INSTALL1f39640dd33c/Rhdf5lib/inst/include/H5DataType.h
-- Installing: /tmp/RtmprOTXrw/R.INSTALL1f39640dd33c/Rhdf5lib/inst/include/H5DaccProp.h
-- Installing: /tmp/RtmprOTXrw/R.INSTALL1f39640dd33c/Rhdf5lib/inst/include/H5DcreatProp.h
-- Installing: /tmp/RtmprOTXrw/R.INSTALL1f39640dd33c/Rhdf5lib/inst/include/H5DxferProp.h
-- Installing: /tmp/RtmprOTXrw/R.INSTALL1f39640dd33c/Rhdf5lib/inst/include/H5EnumType.h
-- Installing: /tmp/RtmprOTXrw/R.INSTALL1f39640dd33c/Rhdf5lib/inst/include/H5Exception.h
-- Installing: /tmp/RtmprOTXrw/R.INSTALL1f39640dd33c/Rhdf5lib/inst/include/H5FaccProp.h
-- Installing: /tmp/RtmprOTXrw/R.INSTALL1f39640dd33c/Rhdf5lib/inst/include/H5FcreatProp.h
-- Installing: /tmp/RtmprOTXrw/R.INSTALL1f39640dd33c/Rhdf5lib/inst/include/H5File.h
-- Installing: /tmp/RtmprOTXrw/R.INSTALL1f39640dd33c/Rhdf5lib/inst/include/H5FloatType.h
-- Installing: /tmp/RtmprOTXrw/R.INSTALL1f39640dd33c/Rhdf5lib/inst/include/H5Group.h
-- Installing: /tmp/RtmprOTXrw/R.INSTALL1f39640dd33c/Rhdf5lib/inst/include/H5IdComponent.h
-- Installing: /tmp/RtmprOTXrw/R.INSTALL1f39640dd33c/Rhdf5lib/inst/include/H5Include.h
-- Installing: /tmp/RtmprOTXrw/R.INSTALL1f39640dd33c/Rhdf5lib/inst/include/H5IntType.h
-- Installing: /tmp/RtmprOTXrw/R.INSTALL1f39640dd33c/Rhdf5lib/inst/include/H5LaccProp.h
-- Installing: /tmp/RtmprOTXrw/R.INSTALL1f39640dd33c/Rhdf5lib/inst/include/H5LcreatProp.h
-- Installing: /tmp/RtmprOTXrw/R.INSTALL1f39640dd33c/Rhdf5lib/inst/include/H5Library.h
-- Installing: /tmp/RtmprOTXrw/R.INSTALL1f39640dd33c/Rhdf5lib/inst/include/H5Location.h
-- Installing: /tmp/RtmprOTXrw/R.INSTALL1f39640dd33c/Rhdf5lib/inst/include/H5Object.h
-- Installing: /tmp/RtmprOTXrw/R.INSTALL1f39640dd33c/Rhdf5lib/inst/include/H5OcreatProp.h
-- Installing: /tmp/RtmprOTXrw/R.INSTALL1f39640dd33c/Rhdf5lib/inst/include/H5PredType.h
-- Installing: /tmp/RtmprOTXrw/R.INSTALL1f39640dd33c/Rhdf5lib/inst/include/H5PropList.h
-- Installing: /tmp/RtmprOTXrw/R.INSTALL1f39640dd33c/Rhdf5lib/inst/include/H5StrType.h
-- Installing: /tmp/RtmprOTXrw/R.INSTALL1f39640dd33c/Rhdf5lib/inst/include/H5VarLenType.h
-- Installing: /tmp/RtmprOTXrw/R.INSTALL1f39640dd33c/Rhdf5lib/inst/lib/libhdf5_cpp.a
-- Installing: /tmp/RtmprOTXrw/R.INSTALL1f39640dd33c/Rhdf5lib/inst/lib/pkgconfig/hdf5_cpp.pc
-- Installing: /tmp/RtmprOTXrw/R.INSTALL1f39640dd33c/Rhdf5lib/inst/bin/h5c++
-- Installing: /tmp/RtmprOTXrw/R.INSTALL1f39640dd33c/Rhdf5lib/inst/include/H5PacketTable.h
-- Installing: /tmp/RtmprOTXrw/R.INSTALL1f39640dd33c/Rhdf5lib/inst/lib/libhdf5_hl_cpp.a
-- Installing: /tmp/RtmprOTXrw/R.INSTALL1f39640dd33c/Rhdf5lib/inst/lib/pkgconfig/hdf5_hl_cpp.pc
-- Installing: /tmp/RtmprOTXrw/R.INSTALL1f39640dd33c/Rhdf5lib/inst/bin/h5hlc++
-- Installing: /tmp/RtmprOTXrw/R.INSTALL1f39640dd33c/Rhdf5lib/inst/cmake/hdf5-targets.cmake
-- Installing: /tmp/RtmprOTXrw/R.INSTALL1f39640dd33c/Rhdf5lib/inst/cmake/hdf5-targets-release.cmake
-- Installing: /tmp/RtmprOTXrw/R.INSTALL1f39640dd33c/Rhdf5lib/inst/cmake/hdf5-config.cmake
-- Installing: /tmp/RtmprOTXrw/R.INSTALL1f39640dd33c/Rhdf5lib/inst/cmake/hdf5-config-version.cmake
-- Installing: /tmp/RtmprOTXrw/R.INSTALL1f39640dd33c/Rhdf5lib/inst/lib/libhdf5.settings
-- Up-to-date: /tmp/RtmprOTXrw/R.INSTALL1f39640dd33c/Rhdf5lib/inst/share/COPYING
** R
** inst
** byte-compile and prepare package for lazy loading
** help
*** installing help indices
*** copying figures
** building package indices
** installing vignettes
** testing if installed package can be loaded from temporary location
** testing if installed package can be loaded from final location
** testing if installed package keeps a record of temporary installation path
* SHA256 sums
* creating tarball
packaged installation of ‘Rhdf5lib’ as ‘Rhdf5lib_2.0.0_R_x86_64-pc-linux-gnu.tar.gz’
* DONE (Rhdf5lib)
Warning: SystemRequirements specified C++11: support has been removed
* installing *source* package ‘cytolib’ ...
** this is package ‘cytolib’ version ‘2.24.0’
** using staged installation
checking for a sed that does not truncate output... /usr/bin/sed
'config' variable 'CXX11FLAGS' is defunct
checking whether the C++ compiler works... yes
checking for C++ compiler default output file name... a.out
checking for suffix of executables... 
checking whether we are cross compiling... no
checking for suffix of object files... o
checking whether we are using the GNU C++ compiler... yes
checking whether g++ -std=gnu++20 accepts -g... yes
checking how to run the C++ preprocessor... g++ -std=gnu++20 -E
checking whether we are using the GNU C++ compiler... (cached) yes
checking whether g++ -std=gnu++20 accepts -g... (cached) yes
configure: Parsing cytolib version info ...
configure: CYTOLIB_VERSION=2.24.0
configure: creating ./config.status
config.status: creating inst/include/cytolib/cytolibConfig.h
config.status: creating src/Makevars
** libs
specified C++11
using C++ compiler: ‘g++ (Ubuntu 13.3.0-6ubuntu2~24.04.1) 13.3.0’
g++ -std=gnu++20 -I"/usr/local/lib/R/include" -DNDEBUG -DROUT -I../inst/include -w -Wfatal-errors -DBOOST_NO_AUTO_PTR -DBOOST_FILESYSTEM_NO_CXX20_ATOMIC_REF -DBOOST_FILESYSTEM_SINGLE_THREADED  -I'/mnt/library/BH/include' -I'/tmp/library/RProtoBufLib/include' -I'/tmp/library/Rhdf5lib/include' -I/usr/local/include    -fpic  -g -O2 -fstack-protector-strong -Wformat -Werror=format-security -Wdate-time -D_FORTIFY_SOURCE=2 -g   -c dummy.cpp -o dummy.o
g++ -std=gnu++20 -I"/usr/local/lib/R/include" -DNDEBUG -DROUT -I../inst/include -w -Wfatal-errors -DBOOST_NO_AUTO_PTR -DBOOST_FILESYSTEM_NO_CXX20_ATOMIC_REF -DBOOST_FILESYSTEM_SINGLE_THREADED  -I'/mnt/library/BH/include' -I'/tmp/library/RProtoBufLib/include' -I'/tmp/library/Rhdf5lib/include' -I/usr/local/include    -fpic  -g -O2 -fstack-protector-strong -Wformat -Werror=format-security -Wdate-time -D_FORTIFY_SOURCE=2 -g   -c boost/libs/system/src/error_code.cpp -o boost/libs/system/src/error_code.o
g++ -std=gnu++20 -I"/usr/local/lib/R/include" -DNDEBUG -DROUT -I../inst/include -w -Wfatal-errors -DBOOST_NO_AUTO_PTR -DBOOST_FILESYSTEM_NO_CXX20_ATOMIC_REF -DBOOST_FILESYSTEM_SINGLE_THREADED  -I'/mnt/library/BH/include' -I'/tmp/library/RProtoBufLib/include' -I'/tmp/library/Rhdf5lib/include' -I/usr/local/include    -fpic  -g -O2 -fstack-protector-strong -Wformat -Werror=format-security -Wdate-time -D_FORTIFY_SOURCE=2 -g   -c boost/libs/filesystem/src/codecvt_error_category.cpp -o boost/libs/filesystem/src/codecvt_error_category.o
g++ -std=gnu++20 -I"/usr/local/lib/R/include" -DNDEBUG -DROUT -I../inst/include -w -Wfatal-errors -DBOOST_NO_AUTO_PTR -DBOOST_FILESYSTEM_NO_CXX20_ATOMIC_REF -DBOOST_FILESYSTEM_SINGLE_THREADED  -I'/mnt/library/BH/include' -I'/tmp/library/RProtoBufLib/include' -I'/tmp/library/Rhdf5lib/include' -I/usr/local/include    -fpic  -g -O2 -fstack-protector-strong -Wformat -Werror=format-security -Wdate-time -D_FORTIFY_SOURCE=2 -g   -c boost/libs/filesystem/src/directory.cpp -o boost/libs/filesystem/src/directory.o
g++ -std=gnu++20 -I"/usr/local/lib/R/include" -DNDEBUG -DROUT -I../inst/include -w -Wfatal-errors -DBOOST_NO_AUTO_PTR -DBOOST_FILESYSTEM_NO_CXX20_ATOMIC_REF -DBOOST_FILESYSTEM_SINGLE_THREADED  -I'/mnt/library/BH/include' -I'/tmp/library/RProtoBufLib/include' -I'/tmp/library/Rhdf5lib/include' -I/usr/local/include    -fpic  -g -O2 -fstack-protector-strong -Wformat -Werror=format-security -Wdate-time -D_FORTIFY_SOURCE=2 -g   -c boost/libs/filesystem/src/exception.cpp -o boost/libs/filesystem/src/exception.o
g++ -std=gnu++20 -I"/usr/local/lib/R/include" -DNDEBUG -DROUT -I../inst/include -w -Wfatal-errors -DBOOST_NO_AUTO_PTR -DBOOST_FILESYSTEM_NO_CXX20_ATOMIC_REF -DBOOST_FILESYSTEM_SINGLE_THREADED  -I'/mnt/library/BH/include' -I'/tmp/library/RProtoBufLib/include' -I'/tmp/library/Rhdf5lib/include' -I/usr/local/include    -fpic  -g -O2 -fstack-protector-strong -Wformat -Werror=format-security -Wdate-time -D_FORTIFY_SOURCE=2 -g   -c boost/libs/filesystem/src/operations.cpp -o boost/libs/filesystem/src/operations.o
g++ -std=gnu++20 -I"/usr/local/lib/R/include" -DNDEBUG -DROUT -I../inst/include -w -Wfatal-errors -DBOOST_NO_AUTO_PTR -DBOOST_FILESYSTEM_NO_CXX20_ATOMIC_REF -DBOOST_FILESYSTEM_SINGLE_THREADED  -I'/mnt/library/BH/include' -I'/tmp/library/RProtoBufLib/include' -I'/tmp/library/Rhdf5lib/include' -I/usr/local/include    -fpic  -g -O2 -fstack-protector-strong -Wformat -Werror=format-security -Wdate-time -D_FORTIFY_SOURCE=2 -g   -c boost/libs/filesystem/src/path.cpp -o boost/libs/filesystem/src/path.o
g++ -std=gnu++20 -I"/usr/local/lib/R/include" -DNDEBUG -DROUT -I../inst/include -w -Wfatal-errors -DBOOST_NO_AUTO_PTR -DBOOST_FILESYSTEM_NO_CXX20_ATOMIC_REF -DBOOST_FILESYSTEM_SINGLE_THREADED  -I'/mnt/library/BH/include' -I'/tmp/library/RProtoBufLib/include' -I'/tmp/library/Rhdf5lib/include' -I/usr/local/include    -fpic  -g -O2 -fstack-protector-strong -Wformat -Werror=format-security -Wdate-time -D_FORTIFY_SOURCE=2 -g   -c boost/libs/filesystem/src/path_traits.cpp -o boost/libs/filesystem/src/path_traits.o
g++ -std=gnu++20 -I"/usr/local/lib/R/include" -DNDEBUG -DROUT -I../inst/include -w -Wfatal-errors -DBOOST_NO_AUTO_PTR -DBOOST_FILESYSTEM_NO_CXX20_ATOMIC_REF -DBOOST_FILESYSTEM_SINGLE_THREADED  -I'/mnt/library/BH/include' -I'/tmp/library/RProtoBufLib/include' -I'/tmp/library/Rhdf5lib/include' -I/usr/local/include    -fpic  -g -O2 -fstack-protector-strong -Wformat -Werror=format-security -Wdate-time -D_FORTIFY_SOURCE=2 -g   -c boost/libs/filesystem/src/portability.cpp -o boost/libs/filesystem/src/portability.o
g++ -std=gnu++20 -I"/usr/local/lib/R/include" -DNDEBUG -DROUT -I../inst/include -w -Wfatal-errors -DBOOST_NO_AUTO_PTR -DBOOST_FILESYSTEM_NO_CXX20_ATOMIC_REF -DBOOST_FILESYSTEM_SINGLE_THREADED  -I'/mnt/library/BH/include' -I'/tmp/library/RProtoBufLib/include' -I'/tmp/library/Rhdf5lib/include' -I/usr/local/include    -fpic  -g -O2 -fstack-protector-strong -Wformat -Werror=format-security -Wdate-time -D_FORTIFY_SOURCE=2 -g   -c boost/libs/filesystem/src/unique_path.cpp -o boost/libs/filesystem/src/unique_path.o
g++ -std=gnu++20 -I"/usr/local/lib/R/include" -DNDEBUG -DROUT -I../inst/include -w -Wfatal-errors -DBOOST_NO_AUTO_PTR -DBOOST_FILESYSTEM_NO_CXX20_ATOMIC_REF -DBOOST_FILESYSTEM_SINGLE_THREADED  -I'/mnt/library/BH/include' -I'/tmp/library/RProtoBufLib/include' -I'/tmp/library/Rhdf5lib/include' -I/usr/local/include    -fpic  -g -O2 -fstack-protector-strong -Wformat -Werror=format-security -Wdate-time -D_FORTIFY_SOURCE=2 -g   -c boost/libs/filesystem/src/utf8_codecvt_facet.cpp -o boost/libs/filesystem/src/utf8_codecvt_facet.o
g++ -std=gnu++20 -I"/usr/local/lib/R/include" -DNDEBUG -DROUT -I../inst/include -w -Wfatal-errors -DBOOST_NO_AUTO_PTR -DBOOST_FILESYSTEM_NO_CXX20_ATOMIC_REF -DBOOST_FILESYSTEM_SINGLE_THREADED  -I'/mnt/library/BH/include' -I'/tmp/library/RProtoBufLib/include' -I'/tmp/library/Rhdf5lib/include' -I/usr/local/include    -fpic  -g -O2 -fstack-protector-strong -Wformat -Werror=format-security -Wdate-time -D_FORTIFY_SOURCE=2 -g   -c boost/libs/filesystem/src/windows_file_codecvt.cpp -o boost/libs/filesystem/src/windows_file_codecvt.o
g++ -std=gnu++20 -I"/usr/local/lib/R/include" -DNDEBUG -DROUT -I../inst/include -w -Wfatal-errors -DBOOST_NO_AUTO_PTR -DBOOST_FILESYSTEM_NO_CXX20_ATOMIC_REF -DBOOST_FILESYSTEM_SINGLE_THREADED  -I'/mnt/library/BH/include' -I'/tmp/library/RProtoBufLib/include' -I'/tmp/library/Rhdf5lib/include' -I/usr/local/include    -fpic  -g -O2 -fstack-protector-strong -Wformat -Werror=format-security -Wdate-time -D_FORTIFY_SOURCE=2 -g   -c CytoFrame.cpp -o CytoFrame.o
g++ -std=gnu++20 -I"/usr/local/lib/R/include" -DNDEBUG -DROUT -I../inst/include -w -Wfatal-errors -DBOOST_NO_AUTO_PTR -DBOOST_FILESYSTEM_NO_CXX20_ATOMIC_REF -DBOOST_FILESYSTEM_SINGLE_THREADED  -I'/mnt/library/BH/include' -I'/tmp/library/RProtoBufLib/include' -I'/tmp/library/Rhdf5lib/include' -I/usr/local/include    -fpic  -g -O2 -fstack-protector-strong -Wformat -Werror=format-security -Wdate-time -D_FORTIFY_SOURCE=2 -g   -c CytoFrameView.cpp -o CytoFrameView.o
In file included from /mnt/library/BH/include/boost/type_traits/is_convertible.hpp:17,
                 from /mnt/library/BH/include/boost/range/iterator_range_core.hpp:37,
                 from /mnt/library/BH/include/boost/range/iterator_range.hpp:13,
                 from /mnt/library/BH/include/boost/range/as_literal.hpp:18,
                 from /mnt/library/BH/include/boost/algorithm/string/trim.hpp:19,
                 from /mnt/library/BH/include/boost/algorithm/string.hpp:19,
                 from ../inst/include/cytolib/transformation.hpp:18,
                 from ../inst/include/cytolib/compensation.hpp:15,
                 from ../inst/include/cytolib/CytoFrame.hpp:14,
                 from ../inst/include/cytolib/MemCytoFrame.hpp:12,
                 from ../inst/include/cytolib/CytoFrameView.hpp:12,
                 from CytoFrameView.cpp:3:
/mnt/library/BH/include/boost/type_traits/is_complete.hpp:54:49: error: ‘is_function’ is not a member of ‘boost’; did you mean ‘std::is_function’?
   54 |       : public integral_constant<bool, ::boost::is_function<typename boost::remove_reference<T>::type>::value || (sizeof(boost::detail::check_is_complete<T>(0)) != sizeof(char))> {};
      |                                                 ^~~~~~~~~~~
compilation terminated due to -Wfatal-errors.
make: *** [/usr/local/lib/R/etc/Makeconf:199: CytoFrameView.o] Error 1
ERROR: compilation failed for package ‘cytolib’
* removing ‘/tmp/library/cytolib’
ERROR: dependency ‘cytolib’ is not available for package ‘flowCore’
Perhaps try a variation of:
install.packages('cytolib')
* removing ‘/tmp/library/flowCore’

The downloaded source packages are in
	‘/tmp/RtmpQMGsRC/downloaded_packages’
Old packages: 'diffobj', 'httr2', 'pak', 'pkgdown', 'urlchecker', 'xfun',
  'zip', 'MASS', 'nlme', 'survival'
Warning messages:
1: In install.packages(...) :
  installation of package ‘cytolib’ had non-zero exit status
2: In install.packages(...) :
  installation of package ‘flowCore’ had non-zero exit status

real	10m28.562s
user	8m0.504s
sys	1m34.735s
