+ Rscript -e 'Sys.setenv(BIOCONDUCTOR_USE_CONTAINER_REPOSITORY=FALSE);
  p <- .libPaths();
  p <- c('\''/tmp/library'\'', '\''/mnt/library'\'', p);
  .libPaths(p);
  if(BiocManager::install('\''PCAtools'\'', INSTALL_opts = '\''--build'\'', update = TRUE, quiet = FALSE, dependencies=TRUE, force = TRUE, keep_outputs = TRUE) %in% rownames(installed.packages())) q(status = 0) else q(status = 1)'
'getOption("repos")' replaces Bioconductor standard repositories, see
'help("repositories", package = "BiocManager")' for details.
Replacement repositories:
    CRAN: https://p3m.dev/cran/__linux__/noble/latest
Bioconductor version 3.24 (BiocManager 1.30.27), R 4.6.1 (2026-06-24)
Installing package(s) 'PCAtools'
also installing the dependency ‘concaveman’

trying URL 'https://p3m.dev/cran/__linux__/noble/latest/src/contrib/concaveman_1.2.0.tar.gz'
trying URL 'https://bioconductor.org/packages/3.24/bioc/src/contrib/PCAtools_2.25.0.tar.gz'
* installing *binary* package ‘concaveman’ ...
* package ‘concaveman’ successfully unpacked and SHA256 sums checked
* ‘concaveman’ was already a binary package and will not be rebuilt
* SHA256 sums
* creating tarball
packaged installation of ‘concaveman’ as ‘concaveman_1.2.0_R_x86_64-pc-linux-gnu.tar.gz’
* DONE (concaveman)
* installing *source* package ‘PCAtools’ ...
** this is package ‘PCAtools’ version ‘2.25.0’
** package ‘PCAtools’ successfully unpacked and MD5 sums checked
** using staged installation
** libs
specified C++17
using C++ compiler: ‘g++ (Ubuntu 13.3.0-6ubuntu2~24.04.1) 13.3.0’
using C++17
g++ -std=gnu++17 -I"/usr/local/lib/R/include" -DNDEBUG  -I'/usr/local/lib/R/site-library/Rcpp/include' -I'/mnt/library/beachmat/include' -I'/mnt/library/assorthead/include' -I'/mnt/library/BH/include' -I'/mnt/library/dqrng/include' -I/usr/local/include    -fpic  -g -O2 -fstack-protector-strong -Wformat -Werror=format-security -Wdate-time -D_FORTIFY_SOURCE=2 -g   -c RcppExports.cpp -o RcppExports.o
g++ -std=gnu++17 -I"/usr/local/lib/R/include" -DNDEBUG  -I'/usr/local/lib/R/site-library/Rcpp/include' -I'/mnt/library/beachmat/include' -I'/mnt/library/assorthead/include' -I'/mnt/library/BH/include' -I'/mnt/library/dqrng/include' -I/usr/local/include    -fpic  -g -O2 -fstack-protector-strong -Wformat -Werror=format-security -Wdate-time -D_FORTIFY_SOURCE=2 -g   -c shuffle_matrix.cpp -o shuffle_matrix.o
In file included from /mnt/library/BH/include/boost/range/algorithm.hpp:64,
                 from shuffle_matrix.cpp:5:
/mnt/library/BH/include/boost/range/algorithm/random_shuffle.hpp: In instantiation of ‘RandomAccessRange& boost::range::random_shuffle(RandomAccessRange&, Generator&) [with RandomAccessRange = std::vector<double>; Generator = pcg_detail::engine<unsigned int, long unsigned int, pcg_detail::xsh_rr_mixin<unsigned int, long unsigned int>, true, pcg_detail::specific_stream<long unsigned int>, pcg_detail::default_multiplier<long unsigned int> >]’:
shuffle_matrix.cpp:34:41:   required from here
/mnt/library/BH/include/boost/range/algorithm/random_shuffle.hpp:124:27: warning: ‘void std::random_shuffle(_RAIter, _RAIter, _Generator&&) [with _RAIter = __gnu_cxx::__normal_iterator<double*, vector<double> >; _Generator = pcg_detail::engine<unsigned int, long unsigned int, pcg_detail::xsh_rr_mixin<unsigned int, long unsigned int>, true, pcg_detail::specific_stream<long unsigned int>, pcg_detail::default_multiplier<long unsigned int> >&]’ is deprecated: use 'std::shuffle' instead [-Wdeprecated-declarations]
  124 |     detail::random_shuffle(boost::begin(rng), boost::end(rng), gen);
      |     ~~~~~~~~~~~~~~~~~~~~~~^~~~~~~~~~~~~~~~~~~~~~~~~~~~~~~~~~~~~~~~~
In file included from /usr/include/c++/13/functional:67,
                 from /mnt/library/assorthead/include/manticore/manticore.hpp:6,
                 from /mnt/library/assorthead/include/tatami_r/parallelize.hpp:12,
                 from /mnt/library/beachmat/include/Rtatami.h:6,
                 from shuffle_matrix.cpp:1:
/usr/include/c++/13/bits/stl_algo.h:4620:5: note: declared here
 4620 |     random_shuffle(_RandomAccessIterator __first, _RandomAccessIterator __last,
      |     ^~~~~~~~~~~~~~
In file included from /mnt/library/BH/include/boost/concept/assert.hpp:35,
                 from /mnt/library/BH/include/boost/concept_check.hpp:20,
                 from /mnt/library/BH/include/boost/range/concepts.hpp:19,
                 from /mnt/library/BH/include/boost/range/algorithm.hpp:29:
/mnt/library/BH/include/boost/concept/detail/general.hpp: In instantiation of ‘static void boost::concepts::requirement<boost::concepts::failed************ Model::************>::failed() [with Model = boost::concepts::usage_requirements<boost::CopyConstructible<__gnu_cxx::__normal_iterator<double*, std::vector<double> > > >]’:
/mnt/library/BH/include/boost/concept_check.hpp:167:5:   required from ‘struct boost::CopyConstructible<__gnu_cxx::__normal_iterator<double*, std::vector<double> > >’
/mnt/library/BH/include/boost/range/concepts.hpp:127:16:   required from ‘struct boost::range_detail::IncrementableIteratorConcept<__gnu_cxx::__normal_iterator<double*, std::vector<double> > >’
/mnt/library/BH/include/boost/range/concepts.hpp:149:16:   required from ‘struct boost::range_detail::SinglePassIteratorConcept<__gnu_cxx::__normal_iterator<double*, std::vector<double> > >’
/mnt/library/BH/include/boost/concept/detail/has_constraints.hpp:32:62:   required by substitution of ‘template<class Model> boost::concepts::detail::yes boost::concepts::detail::has_constraints_(Model*, wrap_constraints<Model, (& Model::constraints)>*) [with Model = boost::range_detail::SinglePassIteratorConcept<__gnu_cxx::__normal_iterator<double*, std::vector<double> > >]’
/mnt/library/BH/include/boost/concept/detail/has_constraints.hpp:42:5:   required from ‘const bool boost::concepts::not_satisfied<boost::range_detail::SinglePassIteratorConcept<__gnu_cxx::__normal_iterator<double*, std::vector<double> > > >::value’
/mnt/library/BH/include/boost/concept/detail/has_constraints.hpp:45:51:   [ skipping 6 instantiation contexts, use -ftemplate-backtrace-limit=0 to disable ]
/mnt/library/BH/include/boost/concept/detail/has_constraints.hpp:32:62:   required by substitution of ‘template<class Model> boost::concepts::detail::yes boost::concepts::detail::has_constraints_(Model*, wrap_constraints<Model, (& Model::constraints)>*) [with Model = boost::RandomAccessRangeConcept<std::vector<double> >]’
/mnt/library/BH/include/boost/concept/detail/has_constraints.hpp:42:5:   required from ‘const bool boost::concepts::not_satisfied<boost::RandomAccessRangeConcept<std::vector<double> > >::value’
/mnt/library/BH/include/boost/concept/detail/has_constraints.hpp:45:51:   required from ‘struct boost::concepts::not_satisfied<boost::RandomAccessRangeConcept<std::vector<double> > >’
/mnt/library/BH/include/boost/concept/detail/general.hpp:72:8:   required from ‘struct boost::concepts::requirement_<void (*)(boost::RandomAccessRangeConcept<std::vector<double> >)>’
/mnt/library/BH/include/boost/range/algorithm/nth_element.hpp:33:5:   required from ‘RandomAccessRange& boost::range::random_shuffle(RandomAccessRange&, Generator&) [with RandomAccessRange = std::vector<double>; Generator = pcg_detail::engine<unsigned int, long unsigned int, pcg_detail::xsh_rr_mixin<unsigned int, long unsigned int>, true, pcg_detail::specific_stream<long unsigned int>, pcg_detail::default_multiplier<long unsigned int> >]’
shuffle_matrix.cpp:34:41:   required from here
/mnt/library/BH/include/boost/concept/detail/general.hpp:50:47: warning: ‘this’ pointer is null [-Wnonnull]
   50 |     static void failed() { ((Model*)0)->~Model(); }
      |                            ~~~~~~~~~~~~~~~~~~~^~
In file included from /mnt/library/BH/include/boost/concept_check.hpp:31:
/mnt/library/BH/include/boost/concept/usage.hpp:20:5: note: in a call to non-static member function ‘boost::concepts::usage_requirements<Model>::~usage_requirements() [with Model = boost::CopyConstructible<__gnu_cxx::__normal_iterator<double*, std::vector<double> > >]’
   20 |     ~usage_requirements() { ((Model*)0)->~Model(); }
      |     ^
/mnt/library/BH/include/boost/concept/detail/general.hpp: In instantiation of ‘static void boost::concepts::requirement<boost::concepts::failed************ Model::************>::failed() [with Model = boost::concepts::usage_requirements<boost::Convertible<boost::iterators::random_access_traversal_tag, boost::iterators::incrementable_traversal_tag> >]’:
/mnt/library/BH/include/boost/concept_check.hpp:208:5:   required from ‘struct boost::Convertible<boost::iterators::random_access_traversal_tag, boost::iterators::incrementable_traversal_tag>’
/mnt/library/BH/include/boost/concept/detail/has_constraints.hpp:32:62:   required by substitution of ‘template<class Model> boost::concepts::detail::yes boost::concepts::detail::has_constraints_(Model*, wrap_constraints<Model, (& Model::constraints)>*) [with Model = boost::Convertible<boost::iterators::random_access_traversal_tag, boost::iterators::incrementable_traversal_tag>]’
/mnt/library/BH/include/boost/concept/detail/has_constraints.hpp:42:5:   required from ‘const bool boost::concepts::not_satisfied<boost::Convertible<boost::iterators::random_access_traversal_tag, boost::iterators::incrementable_traversal_tag> >::value’
/mnt/library/BH/include/boost/concept/detail/has_constraints.hpp:45:51:   required from ‘struct boost::concepts::not_satisfied<boost::Convertible<boost::iterators::random_access_traversal_tag, boost::iterators::incrementable_traversal_tag> >’
/mnt/library/BH/include/boost/concept/detail/general.hpp:72:8:   required from ‘struct boost::concepts::requirement_<void (*)(boost::Convertible<boost::iterators::random_access_traversal_tag, boost::iterators::incrementable_traversal_tag>)>’
/mnt/library/BH/include/boost/iterator/iterator_concepts.hpp:106:7:   [ skipping 10 instantiation contexts, use -ftemplate-backtrace-limit=0 to disable ]
/mnt/library/BH/include/boost/concept/detail/has_constraints.hpp:32:62:   required by substitution of ‘template<class Model> boost::concepts::detail::yes boost::concepts::detail::has_constraints_(Model*, wrap_constraints<Model, (& Model::constraints)>*) [with Model = boost::RandomAccessRangeConcept<std::vector<double> >]’
/mnt/library/BH/include/boost/concept/detail/has_constraints.hpp:42:5:   required from ‘const bool boost::concepts::not_satisfied<boost::RandomAccessRangeConcept<std::vector<double> > >::value’
/mnt/library/BH/include/boost/concept/detail/has_constraints.hpp:45:51:   required from ‘struct boost::concepts::not_satisfied<boost::RandomAccessRangeConcept<std::vector<double> > >’
/mnt/library/BH/include/boost/concept/detail/general.hpp:72:8:   required from ‘struct boost::concepts::requirement_<void (*)(boost::RandomAccessRangeConcept<std::vector<double> >)>’
/mnt/library/BH/include/boost/range/algorithm/nth_element.hpp:33:5:   required from ‘RandomAccessRange& boost::range::random_shuffle(RandomAccessRange&, Generator&) [with RandomAccessRange = std::vector<double>; Generator = pcg_detail::engine<unsigned int, long unsigned int, pcg_detail::xsh_rr_mixin<unsigned int, long unsigned int>, true, pcg_detail::specific_stream<long unsigned int>, pcg_detail::default_multiplier<long unsigned int> >]’
shuffle_matrix.cpp:34:41:   required from here
/mnt/library/BH/include/boost/concept/detail/general.hpp:50:47: warning: ‘this’ pointer is null [-Wnonnull]
   50 |     static void failed() { ((Model*)0)->~Model(); }
      |                            ~~~~~~~~~~~~~~~~~~~^~
/mnt/library/BH/include/boost/concept/usage.hpp:20:5: note: in a call to non-static member function ‘boost::concepts::usage_requirements<Model>::~usage_requirements() [with Model = boost::Convertible<boost::iterators::random_access_traversal_tag, boost::iterators::incrementable_traversal_tag>]’
   20 |     ~usage_requirements() { ((Model*)0)->~Model(); }
      |     ^
/mnt/library/BH/include/boost/concept/detail/general.hpp: In instantiation of ‘static void boost::concepts::requirement<boost::concepts::failed************ Model::************>::failed() [with Model = boost::Convertible<boost::iterators::random_access_traversal_tag, boost::iterators::incrementable_traversal_tag>]’:
/mnt/library/BH/include/boost/iterator/iterator_concepts.hpp:106:7:   required from ‘struct boost::range_detail::IncrementableIteratorConcept<__gnu_cxx::__normal_iterator<double*, std::vector<double> > >’
/mnt/library/BH/include/boost/range/concepts.hpp:149:16:   required from ‘struct boost::range_detail::SinglePassIteratorConcept<__gnu_cxx::__normal_iterator<double*, std::vector<double> > >’
/mnt/library/BH/include/boost/concept/detail/has_constraints.hpp:32:62:   required by substitution of ‘template<class Model> boost::concepts::detail::yes boost::concepts::detail::has_constraints_(Model*, wrap_constraints<Model, (& Model::constraints)>*) [with Model = boost::range_detail::SinglePassIteratorConcept<__gnu_cxx::__normal_iterator<double*, std::vector<double> > >]’
/mnt/library/BH/include/boost/concept/detail/has_constraints.hpp:42:5:   required from ‘const bool boost::concepts::not_satisfied<boost::range_detail::SinglePassIteratorConcept<__gnu_cxx::__normal_iterator<double*, std::vector<double> > > >::value’
/mnt/library/BH/include/boost/concept/detail/has_constraints.hpp:45:51:   required from ‘struct boost::concepts::not_satisfied<boost::range_detail::SinglePassIteratorConcept<__gnu_cxx::__normal_iterator<double*, std::vector<double> > > >’
/mnt/library/BH/include/boost/concept/detail/general.hpp:72:8:   [ skipping 5 instantiation contexts, use -ftemplate-backtrace-limit=0 to disable ]
/mnt/library/BH/include/boost/concept/detail/has_constraints.hpp:32:62:   required by substitution of ‘template<class Model> boost::concepts::detail::yes boost::concepts::detail::has_constraints_(Model*, wrap_constraints<Model, (& Model::constraints)>*) [with Model = boost::RandomAccessRangeConcept<std::vector<double> >]’
/mnt/library/BH/include/boost/concept/detail/has_constraints.hpp:42:5:   required from ‘const bool boost::concepts::not_satisfied<boost::RandomAccessRangeConcept<std::vector<double> > >::value’
/mnt/library/BH/include/boost/concept/detail/has_constraints.hpp:45:51:   required from ‘struct boost::concepts::not_satisfied<boost::RandomAccessRangeConcept<std::vector<double> > >’
/mnt/library/BH/include/boost/concept/detail/general.hpp:72:8:   required from ‘struct boost::concepts::requirement_<void (*)(boost::RandomAccessRangeConcept<std::vector<double> >)>’
/mnt/library/BH/include/boost/range/algorithm/nth_element.hpp:33:5:   required from ‘RandomAccessRange& boost::range::random_shuffle(RandomAccessRange&, Generator&) [with RandomAccessRange = std::vector<double>; Generator = pcg_detail::engine<unsigned int, long unsigned int, pcg_detail::xsh_rr_mixin<unsigned int, long unsigned int>, true, pcg_detail::specific_stream<long unsigned int>, pcg_detail::default_multiplier<long unsigned int> >]’
shuffle_matrix.cpp:34:41:   required from here
/mnt/library/BH/include/boost/concept/detail/general.hpp:50:47: warning: ‘this’ pointer is null [-Wnonnull]
   50 |     static void failed() { ((Model*)0)->~Model(); }
      |                            ~~~~~~~~~~~~~~~~~~~^~
/mnt/library/BH/include/boost/concept/usage.hpp:37:7: note: in a call to non-static member function ‘boost::Convertible<X, Y>::~Convertible() [with X = boost::iterators::random_access_traversal_tag; Y = boost::iterators::incrementable_traversal_tag]’
   37 |       ~model()
      |       ^
/mnt/library/BH/include/boost/concept_check.hpp:208:5: note: in expansion of macro ‘BOOST_CONCEPT_USAGE’
  208 |     BOOST_CONCEPT_USAGE(Convertible) {
      |     ^~~~~~~~~~~~~~~~~~~
/mnt/library/BH/include/boost/concept/detail/general.hpp: In instantiation of ‘static void boost::concepts::requirement<boost::concepts::failed************ Model::************>::failed() [with Model = boost::concepts::usage_requirements<boost::range_detail::IncrementableIteratorConcept<__gnu_cxx::__normal_iterator<double*, std::vector<double> > > >]’:
/mnt/library/BH/include/boost/range/concepts.hpp:138:13:   required from ‘struct boost::range_detail::IncrementableIteratorConcept<__gnu_cxx::__normal_iterator<double*, std::vector<double> > >’
/mnt/library/BH/include/boost/range/concepts.hpp:149:16:   required from ‘struct boost::range_detail::SinglePassIteratorConcept<__gnu_cxx::__normal_iterator<double*, std::vector<double> > >’
/mnt/library/BH/include/boost/concept/detail/has_constraints.hpp:32:62:   required by substitution of ‘template<class Model> boost::concepts::detail::yes boost::concepts::detail::has_constraints_(Model*, wrap_constraints<Model, (& Model::constraints)>*) [with Model = boost::range_detail::SinglePassIteratorConcept<__gnu_cxx::__normal_iterator<double*, std::vector<double> > >]’
/mnt/library/BH/include/boost/concept/detail/has_constraints.hpp:42:5:   required from ‘const bool boost::concepts::not_satisfied<boost::range_detail::SinglePassIteratorConcept<__gnu_cxx::__normal_iterator<double*, std::vector<double> > > >::value’
/mnt/library/BH/include/boost/concept/detail/has_constraints.hpp:45:51:   required from ‘struct boost::concepts::not_satisfied<boost::range_detail::SinglePassIteratorConcept<__gnu_cxx::__normal_iterator<double*, std::vector<double> > > >’
/mnt/library/BH/include/boost/concept/detail/general.hpp:72:8:   [ skipping 5 instantiation contexts, use -ftemplate-backtrace-limit=0 to disable ]
/mnt/library/BH/include/boost/concept/detail/has_constraints.hpp:32:62:   required by substitution of ‘template<class Model> boost::concepts::detail::yes boost::concepts::detail::has_constraints_(Model*, wrap_constraints<Model, (& Model::constraints)>*) [with Model = boost::RandomAccessRangeConcept<std::vector<double> >]’
/mnt/library/BH/include/boost/concept/detail/has_constraints.hpp:42:5:   required from ‘const bool boost::concepts::not_satisfied<boost::RandomAccessRangeConcept<std::vector<double> > >::value’
/mnt/library/BH/include/boost/concept/detail/has_constraints.hpp:45:51:   required from ‘struct boost::concepts::not_satisfied<boost::RandomAccessRangeConcept<std::vector<double> > >’
/mnt/library/BH/include/boost/concept/detail/general.hpp:72:8:   required from ‘struct boost::concepts::requirement_<void (*)(boost::RandomAccessRangeConcept<std::vector<double> >)>’
/mnt/library/BH/include/boost/range/algorithm/nth_element.hpp:33:5:   required from ‘RandomAccessRange& boost::range::random_shuffle(RandomAccessRange&, Generator&) [with RandomAccessRange = std::vector<double>; Generator = pcg_detail::engine<unsigned int, long unsigned int, pcg_detail::xsh_rr_mixin<unsigned int, long unsigned int>, true, pcg_detail::specific_stream<long unsigned int>, pcg_detail::default_multiplier<long unsigned int> >]’
shuffle_matrix.cpp:34:41:   required from here
/mnt/library/BH/include/boost/concept/detail/general.hpp:50:47: warning: ‘this’ pointer is null [-Wnonnull]
   50 |     static void failed() { ((Model*)0)->~Model(); }
      |                            ~~~~~~~~~~~~~~~~~~~^~
/mnt/library/BH/include/boost/concept/usage.hpp:20:5: note: in a call to non-static member function ‘boost::concepts::usage_requirements<Model>::~usage_requirements() [with Model = boost::range_detail::IncrementableIteratorConcept<__gnu_cxx::__normal_iterator<double*, std::vector<double> > >]’
   20 |     ~usage_requirements() { ((Model*)0)->~Model(); }
      |     ^
/mnt/library/BH/include/boost/concept/detail/general.hpp: In instantiation of ‘static void boost::concepts::requirement<boost::concepts::failed************ Model::************>::failed() [with Model = boost::concepts::usage_requirements<boost::EqualityComparable<__gnu_cxx::__normal_iterator<double*, std::vector<double> > > >]’:
/mnt/library/BH/include/boost/concept_check.hpp:233:5:   required from ‘struct boost::EqualityComparable<__gnu_cxx::__normal_iterator<double*, std::vector<double> > >’
/mnt/library/BH/include/boost/range/concepts.hpp:149:16:   required from ‘struct boost::range_detail::SinglePassIteratorConcept<__gnu_cxx::__normal_iterator<double*, std::vector<double> > >’
/mnt/library/BH/include/boost/concept/detail/has_constraints.hpp:32:62:   required by substitution of ‘template<class Model> boost::concepts::detail::yes boost::concepts::detail::has_constraints_(Model*, wrap_constraints<Model, (& Model::constraints)>*) [with Model = boost::range_detail::SinglePassIteratorConcept<__gnu_cxx::__normal_iterator<double*, std::vector<double> > >]’
/mnt/library/BH/include/boost/concept/detail/has_constraints.hpp:42:5:   required from ‘const bool boost::concepts::not_satisfied<boost::range_detail::SinglePassIteratorConcept<__gnu_cxx::__normal_iterator<double*, std::vector<double> > > >::value’
/mnt/library/BH/include/boost/concept/detail/has_constraints.hpp:45:51:   required from ‘struct boost::concepts::not_satisfied<boost::range_detail::SinglePassIteratorConcept<__gnu_cxx::__normal_iterator<double*, std::vector<double> > > >’
/mnt/library/BH/include/boost/concept/detail/general.hpp:72:8:   [ skipping 5 instantiation contexts, use -ftemplate-backtrace-limit=0 to disable ]
/mnt/library/BH/include/boost/concept/detail/has_constraints.hpp:32:62:   required by substitution of ‘template<class Model> boost::concepts::detail::yes boost::concepts::detail::has_constraints_(Model*, wrap_constraints<Model, (& Model::constraints)>*) [with Model = boost::RandomAccessRangeConcept<std::vector<double> >]’
/mnt/library/BH/include/boost/concept/detail/has_constraints.hpp:42:5:   required from ‘const bool boost::concepts::not_satisfied<boost::RandomAccessRangeConcept<std::vector<double> > >::value’
/mnt/library/BH/include/boost/concept/detail/has_constraints.hpp:45:51:   required from ‘struct boost::concepts::not_satisfied<boost::RandomAccessRangeConcept<std::vector<double> > >’
/mnt/library/BH/include/boost/concept/detail/general.hpp:72:8:   required from ‘struct boost::concepts::requirement_<void (*)(boost::RandomAccessRangeConcept<std::vector<double> >)>’
/mnt/library/BH/include/boost/range/algorithm/nth_element.hpp:33:5:   required from ‘RandomAccessRange& boost::range::random_shuffle(RandomAccessRange&, Generator&) [with RandomAccessRange = std::vector<double>; Generator = pcg_detail::engine<unsigned int, long unsigned int, pcg_detail::xsh_rr_mixin<unsigned int, long unsigned int>, true, pcg_detail::specific_stream<long unsigned int>, pcg_detail::default_multiplier<long unsigned int> >]’
shuffle_matrix.cpp:34:41:   required from here
/mnt/library/BH/include/boost/concept/detail/general.hpp:50:47: warning: ‘this’ pointer is null [-Wnonnull]
   50 |     static void failed() { ((Model*)0)->~Model(); }
      |                            ~~~~~~~~~~~~~~~~~~~^~
/mnt/library/BH/include/boost/concept/usage.hpp:20:5: note: in a call to non-static member function ‘boost::concepts::usage_requirements<Model>::~usage_requirements() [with Model = boost::EqualityComparable<__gnu_cxx::__normal_iterator<double*, std::vector<double> > >]’
   20 |     ~usage_requirements() { ((Model*)0)->~Model(); }
      |     ^
/mnt/library/BH/include/boost/concept/detail/general.hpp: In instantiation of ‘static void boost::concepts::requirement<boost::concepts::failed************ Model::************>::failed() [with Model = boost::concepts::usage_requirements<boost::Convertible<boost::iterators::random_access_traversal_tag, boost::iterators::single_pass_traversal_tag> >]’:
/mnt/library/BH/include/boost/concept_check.hpp:208:5:   required from ‘struct boost::Convertible<boost::iterators::random_access_traversal_tag, boost::iterators::single_pass_traversal_tag>’
/mnt/library/BH/include/boost/concept/detail/has_constraints.hpp:32:62:   required by substitution of ‘template<class Model> boost::concepts::detail::yes boost::concepts::detail::has_constraints_(Model*, wrap_constraints<Model, (& Model::constraints)>*) [with Model = boost::Convertible<boost::iterators::random_access_traversal_tag, boost::iterators::single_pass_traversal_tag>]’
/mnt/library/BH/include/boost/concept/detail/has_constraints.hpp:42:5:   required from ‘const bool boost::concepts::not_satisfied<boost::Convertible<boost::iterators::random_access_traversal_tag, boost::iterators::single_pass_traversal_tag> >::value’
/mnt/library/BH/include/boost/concept/detail/has_constraints.hpp:45:51:   required from ‘struct boost::concepts::not_satisfied<boost::Convertible<boost::iterators::random_access_traversal_tag, boost::iterators::single_pass_traversal_tag> >’
/mnt/library/BH/include/boost/concept/detail/general.hpp:72:8:   required from ‘struct boost::concepts::requirement_<void (*)(boost::Convertible<boost::iterators::random_access_traversal_tag, boost::iterators::single_pass_traversal_tag>)>’
/mnt/library/BH/include/boost/range/concepts.hpp:154:13:   [ skipping 9 instantiation contexts, use -ftemplate-backtrace-limit=0 to disable ]
/mnt/library/BH/include/boost/concept/detail/has_constraints.hpp:32:62:   required by substitution of ‘template<class Model> boost::concepts::detail::yes boost::concepts::detail::has_constraints_(Model*, wrap_constraints<Model, (& Model::constraints)>*) [with Model = boost::RandomAccessRangeConcept<std::vector<double> >]’
/mnt/library/BH/include/boost/concept/detail/has_constraints.hpp:42:5:   required from ‘const bool boost::concepts::not_satisfied<boost::RandomAccessRangeConcept<std::vector<double> > >::value’
/mnt/library/BH/include/boost/concept/detail/has_constraints.hpp:45:51:   required from ‘struct boost::concepts::not_satisfied<boost::RandomAccessRangeConcept<std::vector<double> > >’
/mnt/library/BH/include/boost/concept/detail/general.hpp:72:8:   required from ‘struct boost::concepts::requirement_<void (*)(boost::RandomAccessRangeConcept<std::vector<double> >)>’
/mnt/library/BH/include/boost/range/algorithm/nth_element.hpp:33:5:   required from ‘RandomAccessRange& boost::range::random_shuffle(RandomAccessRange&, Generator&) [with RandomAccessRange = std::vector<double>; Generator = pcg_detail::engine<unsigned int, long unsigned int, pcg_detail::xsh_rr_mixin<unsigned int, long unsigned int>, true, pcg_detail::specific_stream<long unsigned int>, pcg_detail::default_multiplier<long unsigned int> >]’
shuffle_matrix.cpp:34:41:   required from here
/mnt/library/BH/include/boost/concept/detail/general.hpp:50:47: warning: ‘this’ pointer is null [-Wnonnull]
   50 |     static void failed() { ((Model*)0)->~Model(); }
      |                            ~~~~~~~~~~~~~~~~~~~^~
/mnt/library/BH/include/boost/concept/usage.hpp:20:5: note: in a call to non-static member function ‘boost::concepts::usage_requirements<Model>::~usage_requirements() [with Model = boost::Convertible<boost::iterators::random_access_traversal_tag, boost::iterators::single_pass_traversal_tag>]’
   20 |     ~usage_requirements() { ((Model*)0)->~Model(); }
      |     ^
/mnt/library/BH/include/boost/concept/detail/general.hpp: In instantiation of ‘static void boost::concepts::requirement<boost::concepts::failed************ Model::************>::failed() [with Model = boost::Convertible<boost::iterators::random_access_traversal_tag, boost::iterators::single_pass_traversal_tag>]’:
/mnt/library/BH/include/boost/range/concepts.hpp:154:13:   required from ‘struct boost::range_detail::SinglePassIteratorConcept<__gnu_cxx::__normal_iterator<double*, std::vector<double> > >’
/mnt/library/BH/include/boost/concept/detail/has_constraints.hpp:32:62:   required by substitution of ‘template<class Model> boost::concepts::detail::yes boost::concepts::detail::has_constraints_(Model*, wrap_constraints<Model, (& Model::constraints)>*) [with Model = boost::range_detail::SinglePassIteratorConcept<__gnu_cxx::__normal_iterator<double*, std::vector<double> > >]’
/mnt/library/BH/include/boost/concept/detail/has_constraints.hpp:42:5:   required from ‘const bool boost::concepts::not_satisfied<boost::range_detail::SinglePassIteratorConcept<__gnu_cxx::__normal_iterator<double*, std::vector<double> > > >::value’
/mnt/library/BH/include/boost/concept/detail/has_constraints.hpp:45:51:   required from ‘struct boost::concepts::not_satisfied<boost::range_detail::SinglePassIteratorConcept<__gnu_cxx::__normal_iterator<double*, std::vector<double> > > >’
/mnt/library/BH/include/boost/concept/detail/general.hpp:72:8:   required from ‘struct boost::concepts::requirement_<void (*)(boost::range_detail::SinglePassIteratorConcept<__gnu_cxx::__normal_iterator<double*, std::vector<double> > >)>’
/mnt/library/BH/include/boost/range/concepts.hpp:280:9:   [ skipping 4 instantiation contexts, use -ftemplate-backtrace-limit=0 to disable ]
/mnt/library/BH/include/boost/concept/detail/has_constraints.hpp:32:62:   required by substitution of ‘template<class Model> boost::concepts::detail::yes boost::concepts::detail::has_constraints_(Model*, wrap_constraints<Model, (& Model::constraints)>*) [with Model = boost::RandomAccessRangeConcept<std::vector<double> >]’
/mnt/library/BH/include/boost/concept/detail/has_constraints.hpp:42:5:   required from ‘const bool boost::concepts::not_satisfied<boost::RandomAccessRangeConcept<std::vector<double> > >::value’
/mnt/library/BH/include/boost/concept/detail/has_constraints.hpp:45:51:   required from ‘struct boost::concepts::not_satisfied<boost::RandomAccessRangeConcept<std::vector<double> > >’
/mnt/library/BH/include/boost/concept/detail/general.hpp:72:8:   required from ‘struct boost::concepts::requirement_<void (*)(boost::RandomAccessRangeConcept<std::vector<double> >)>’
/mnt/library/BH/include/boost/range/algorithm/nth_element.hpp:33:5:   required from ‘RandomAccessRange& boost::range::random_shuffle(RandomAccessRange&, Generator&) [with RandomAccessRange = std::vector<double>; Generator = pcg_detail::engine<unsigned int, long unsigned int, pcg_detail::xsh_rr_mixin<unsigned int, long unsigned int>, true, pcg_detail::specific_stream<long unsigned int>, pcg_detail::default_multiplier<long unsigned int> >]’
shuffle_matrix.cpp:34:41:   required from here
/mnt/library/BH/include/boost/concept/detail/general.hpp:50:47: warning: ‘this’ pointer is null [-Wnonnull]
   50 |     static void failed() { ((Model*)0)->~Model(); }
      |                            ~~~~~~~~~~~~~~~~~~~^~
/mnt/library/BH/include/boost/concept/usage.hpp:37:7: note: in a call to non-static member function ‘boost::Convertible<X, Y>::~Convertible() [with X = boost::iterators::random_access_traversal_tag; Y = boost::iterators::single_pass_traversal_tag]’
   37 |       ~model()
      |       ^
/mnt/library/BH/include/boost/concept_check.hpp:208:5: note: in expansion of macro ‘BOOST_CONCEPT_USAGE’
  208 |     BOOST_CONCEPT_USAGE(Convertible) {
      |     ^~~~~~~~~~~~~~~~~~~
/mnt/library/BH/include/boost/concept/detail/general.hpp: In instantiation of ‘static void boost::concepts::requirement<boost::concepts::failed************ Model::************>::failed() [with Model = boost::concepts::usage_requirements<boost::range_detail::SinglePassIteratorConcept<__gnu_cxx::__normal_iterator<double*, std::vector<double> > > >]’:
/mnt/library/BH/include/boost/range/concepts.hpp:160:13:   required from ‘struct boost::range_detail::SinglePassIteratorConcept<__gnu_cxx::__normal_iterator<double*, std::vector<double> > >’
/mnt/library/BH/include/boost/concept/detail/has_constraints.hpp:32:62:   required by substitution of ‘template<class Model> boost::concepts::detail::yes boost::concepts::detail::has_constraints_(Model*, wrap_constraints<Model, (& Model::constraints)>*) [with Model = boost::range_detail::SinglePassIteratorConcept<__gnu_cxx::__normal_iterator<double*, std::vector<double> > >]’
/mnt/library/BH/include/boost/concept/detail/has_constraints.hpp:42:5:   required from ‘const bool boost::concepts::not_satisfied<boost::range_detail::SinglePassIteratorConcept<__gnu_cxx::__normal_iterator<double*, std::vector<double> > > >::value’
/mnt/library/BH/include/boost/concept/detail/has_constraints.hpp:45:51:   required from ‘struct boost::concepts::not_satisfied<boost::range_detail::SinglePassIteratorConcept<__gnu_cxx::__normal_iterator<double*, std::vector<double> > > >’
/mnt/library/BH/include/boost/concept/detail/general.hpp:72:8:   required from ‘struct boost::concepts::requirement_<void (*)(boost::range_detail::SinglePassIteratorConcept<__gnu_cxx::__normal_iterator<double*, std::vector<double> > >)>’
/mnt/library/BH/include/boost/range/concepts.hpp:280:9:   [ skipping 4 instantiation contexts, use -ftemplate-backtrace-limit=0 to disable ]
/mnt/library/BH/include/boost/concept/detail/has_constraints.hpp:32:62:   required by substitution of ‘template<class Model> boost::concepts::detail::yes boost::concepts::detail::has_constraints_(Model*, wrap_constraints<Model, (& Model::constraints)>*) [with Model = boost::RandomAccessRangeConcept<std::vector<double> >]’
/mnt/library/BH/include/boost/concept/detail/has_constraints.hpp:42:5:   required from ‘const bool boost::concepts::not_satisfied<boost::RandomAccessRangeConcept<std::vector<double> > >::value’
/mnt/library/BH/include/boost/concept/detail/has_constraints.hpp:45:51:   required from ‘struct boost::concepts::not_satisfied<boost::RandomAccessRangeConcept<std::vector<double> > >’
/mnt/library/BH/include/boost/concept/detail/general.hpp:72:8:   required from ‘struct boost::concepts::requirement_<void (*)(boost::RandomAccessRangeConcept<std::vector<double> >)>’
/mnt/library/BH/include/boost/range/algorithm/nth_element.hpp:33:5:   required from ‘RandomAccessRange& boost::range::random_shuffle(RandomAccessRange&, Generator&) [with RandomAccessRange = std::vector<double>; Generator = pcg_detail::engine<unsigned int, long unsigned int, pcg_detail::xsh_rr_mixin<unsigned int, long unsigned int>, true, pcg_detail::specific_stream<long unsigned int>, pcg_detail::default_multiplier<long unsigned int> >]’
shuffle_matrix.cpp:34:41:   required from here
/mnt/library/BH/include/boost/concept/detail/general.hpp:50:47: warning: ‘this’ pointer is null [-Wnonnull]
   50 |     static void failed() { ((Model*)0)->~Model(); }
      |                            ~~~~~~~~~~~~~~~~~~~^~
/mnt/library/BH/include/boost/concept/usage.hpp:20:5: note: in a call to non-static member function ‘boost::concepts::usage_requirements<Model>::~usage_requirements() [with Model = boost::range_detail::SinglePassIteratorConcept<__gnu_cxx::__normal_iterator<double*, std::vector<double> > >]’
   20 |     ~usage_requirements() { ((Model*)0)->~Model(); }
      |     ^
/mnt/library/BH/include/boost/concept/detail/general.hpp: In instantiation of ‘static void boost::concepts::requirement<boost::concepts::failed************ Model::************>::failed() [with Model = boost::range_detail::SinglePassIteratorConcept<__gnu_cxx::__normal_iterator<double*, std::vector<double> > >]’:
/mnt/library/BH/include/boost/range/concepts.hpp:280:9:   required from ‘struct boost::SinglePassRangeConcept<std::vector<double> >’
/mnt/library/BH/include/boost/range/concepts.hpp:320:12:   required from ‘struct boost::ForwardRangeConcept<std::vector<double> >’
/mnt/library/BH/include/boost/range/concepts.hpp:354:12:   required from ‘struct boost::BidirectionalRangeConcept<std::vector<double> >’
/mnt/library/BH/include/boost/range/concepts.hpp:372:12:   required from ‘struct boost::RandomAccessRangeConcept<std::vector<double> >’
/mnt/library/BH/include/boost/concept/detail/has_constraints.hpp:32:62:   required by substitution of ‘template<class Model> boost::concepts::detail::yes boost::concepts::detail::has_constraints_(Model*, wrap_constraints<Model, (& Model::constraints)>*) [with Model = boost::RandomAccessRangeConcept<std::vector<double> >]’
/mnt/library/BH/include/boost/concept/detail/has_constraints.hpp:42:5:   required from ‘const bool boost::concepts::not_satisfied<boost::RandomAccessRangeConcept<std::vector<double> > >::value’
/mnt/library/BH/include/boost/concept/detail/has_constraints.hpp:45:51:   required from ‘struct boost::concepts::not_satisfied<boost::RandomAccessRangeConcept<std::vector<double> > >’
/mnt/library/BH/include/boost/concept/detail/general.hpp:72:8:   required from ‘struct boost::concepts::requirement_<void (*)(boost::RandomAccessRangeConcept<std::vector<double> >)>’
/mnt/library/BH/include/boost/range/algorithm/nth_element.hpp:33:5:   required from ‘RandomAccessRange& boost::range::random_shuffle(RandomAccessRange&, Generator&) [with RandomAccessRange = std::vector<double>; Generator = pcg_detail::engine<unsigned int, long unsigned int, pcg_detail::xsh_rr_mixin<unsigned int, long unsigned int>, true, pcg_detail::specific_stream<long unsigned int>, pcg_detail::default_multiplier<long unsigned int> >]’
shuffle_matrix.cpp:34:41:   required from here
/mnt/library/BH/include/boost/concept/detail/general.hpp:50:47: warning: ‘this’ pointer is null [-Wnonnull]
   50 |     static void failed() { ((Model*)0)->~Model(); }
      |                            ~~~~~~~~~~~~~~~~~~~^~
/mnt/library/BH/include/boost/concept/usage.hpp:37:7: note: in a call to non-static member function ‘boost::range_detail::SinglePassIteratorConcept<Iterator>::~SinglePassIteratorConcept() [with Iterator = __gnu_cxx::__normal_iterator<double*, std::vector<double> >]’
   37 |       ~model()
      |       ^
/mnt/library/BH/include/boost/range/concepts.hpp:160:13: note: in expansion of macro ‘BOOST_CONCEPT_USAGE’
  160 |             BOOST_CONCEPT_USAGE(SinglePassIteratorConcept)
      |             ^~~~~~~~~~~~~~~~~~~
/mnt/library/BH/include/boost/concept/detail/general.hpp: In instantiation of ‘static void boost::concepts::requirement<boost::concepts::failed************ Model::************>::failed() [with Model = boost::concepts::usage_requirements<boost::CopyConstructible<__gnu_cxx::__normal_iterator<const double*, std::vector<double> > > >]’:
/mnt/library/BH/include/boost/concept_check.hpp:167:5:   required from ‘struct boost::CopyConstructible<__gnu_cxx::__normal_iterator<const double*, std::vector<double> > >’
/mnt/library/BH/include/boost/range/concepts.hpp:127:16:   required from ‘struct boost::range_detail::IncrementableIteratorConcept<__gnu_cxx::__normal_iterator<const double*, std::vector<double> > >’
/mnt/library/BH/include/boost/range/concepts.hpp:149:16:   required from ‘struct boost::range_detail::SinglePassIteratorConcept<__gnu_cxx::__normal_iterator<const double*, std::vector<double> > >’
/mnt/library/BH/include/boost/concept/detail/has_constraints.hpp:32:62:   required by substitution of ‘template<class Model> boost::concepts::detail::yes boost::concepts::detail::has_constraints_(Model*, wrap_constraints<Model, (& Model::constraints)>*) [with Model = boost::range_detail::SinglePassIteratorConcept<__gnu_cxx::__normal_iterator<const double*, std::vector<double> > >]’
/mnt/library/BH/include/boost/concept/detail/has_constraints.hpp:42:5:   required from ‘const bool boost::concepts::not_satisfied<boost::range_detail::SinglePassIteratorConcept<__gnu_cxx::__normal_iterator<const double*, std::vector<double> > > >::value’
/mnt/library/BH/include/boost/concept/detail/has_constraints.hpp:45:51:   [ skipping 6 instantiation contexts, use -ftemplate-backtrace-limit=0 to disable ]
/mnt/library/BH/include/boost/concept/detail/has_constraints.hpp:32:62:   required by substitution of ‘template<class Model> boost::concepts::detail::yes boost::concepts::detail::has_constraints_(Model*, wrap_constraints<Model, (& Model::constraints)>*) [with Model = boost::RandomAccessRangeConcept<std::vector<double> >]’
/mnt/library/BH/include/boost/concept/detail/has_constraints.hpp:42:5:   required from ‘const bool boost::concepts::not_satisfied<boost::RandomAccessRangeConcept<std::vector<double> > >::value’
/mnt/library/BH/include/boost/concept/detail/has_constraints.hpp:45:51:   required from ‘struct boost::concepts::not_satisfied<boost::RandomAccessRangeConcept<std::vector<double> > >’
/mnt/library/BH/include/boost/concept/detail/general.hpp:72:8:   required from ‘struct boost::concepts::requirement_<void (*)(boost::RandomAccessRangeConcept<std::vector<double> >)>’
/mnt/library/BH/include/boost/range/algorithm/nth_element.hpp:33:5:   required from ‘RandomAccessRange& boost::range::random_shuffle(RandomAccessRange&, Generator&) [with RandomAccessRange = std::vector<double>; Generator = pcg_detail::engine<unsigned int, long unsigned int, pcg_detail::xsh_rr_mixin<unsigned int, long unsigned int>, true, pcg_detail::specific_stream<long unsigned int>, pcg_detail::default_multiplier<long unsigned int> >]’
shuffle_matrix.cpp:34:41:   required from here
/mnt/library/BH/include/boost/concept/detail/general.hpp:50:47: warning: ‘this’ pointer is null [-Wnonnull]
   50 |     static void failed() { ((Model*)0)->~Model(); }
      |                            ~~~~~~~~~~~~~~~~~~~^~
/mnt/library/BH/include/boost/concept/usage.hpp:20:5: note: in a call to non-static member function ‘boost::concepts::usage_requirements<Model>::~usage_requirements() [with Model = boost::CopyConstructible<__gnu_cxx::__normal_iterator<const double*, std::vector<double> > >]’
   20 |     ~usage_requirements() { ((Model*)0)->~Model(); }
      |     ^
/mnt/library/BH/include/boost/concept/detail/general.hpp: In instantiation of ‘static void boost::concepts::requirement<boost::concepts::failed************ Model::************>::failed() [with Model = boost::concepts::usage_requirements<boost::range_detail::IncrementableIteratorConcept<__gnu_cxx::__normal_iterator<const double*, std::vector<double> > > >]’:
/mnt/library/BH/include/boost/range/concepts.hpp:138:13:   required from ‘struct boost::range_detail::IncrementableIteratorConcept<__gnu_cxx::__normal_iterator<const double*, std::vector<double> > >’
/mnt/library/BH/include/boost/range/concepts.hpp:149:16:   required from ‘struct boost::range_detail::SinglePassIteratorConcept<__gnu_cxx::__normal_iterator<const double*, std::vector<double> > >’
/mnt/library/BH/include/boost/concept/detail/has_constraints.hpp:32:62:   required by substitution of ‘template<class Model> boost::concepts::detail::yes boost::concepts::detail::has_constraints_(Model*, wrap_constraints<Model, (& Model::constraints)>*) [with Model = boost::range_detail::SinglePassIteratorConcept<__gnu_cxx::__normal_iterator<const double*, std::vector<double> > >]’
/mnt/library/BH/include/boost/concept/detail/has_constraints.hpp:42:5:   required from ‘const bool boost::concepts::not_satisfied<boost::range_detail::SinglePassIteratorConcept<__gnu_cxx::__normal_iterator<const double*, std::vector<double> > > >::value’
/mnt/library/BH/include/boost/concept/detail/has_constraints.hpp:45:51:   required from ‘struct boost::concepts::not_satisfied<boost::range_detail::SinglePassIteratorConcept<__gnu_cxx::__normal_iterator<const double*, std::vector<double> > > >’
/mnt/library/BH/include/boost/concept/detail/general.hpp:72:8:   [ skipping 5 instantiation contexts, use -ftemplate-backtrace-limit=0 to disable ]
/mnt/library/BH/include/boost/concept/detail/has_constraints.hpp:32:62:   required by substitution of ‘template<class Model> boost::concepts::detail::yes boost::concepts::detail::has_constraints_(Model*, wrap_constraints<Model, (& Model::constraints)>*) [with Model = boost::RandomAccessRangeConcept<std::vector<double> >]’
/mnt/library/BH/include/boost/concept/detail/has_constraints.hpp:42:5:   required from ‘const bool boost::concepts::not_satisfied<boost::RandomAccessRangeConcept<std::vector<double> > >::value’
/mnt/library/BH/include/boost/concept/detail/has_constraints.hpp:45:51:   required from ‘struct boost::concepts::not_satisfied<boost::RandomAccessRangeConcept<std::vector<double> > >’
/mnt/library/BH/include/boost/concept/detail/general.hpp:72:8:   required from ‘struct boost::concepts::requirement_<void (*)(boost::RandomAccessRangeConcept<std::vector<double> >)>’
/mnt/library/BH/include/boost/range/algorithm/nth_element.hpp:33:5:   required from ‘RandomAccessRange& boost::range::random_shuffle(RandomAccessRange&, Generator&) [with RandomAccessRange = std::vector<double>; Generator = pcg_detail::engine<unsigned int, long unsigned int, pcg_detail::xsh_rr_mixin<unsigned int, long unsigned int>, true, pcg_detail::specific_stream<long unsigned int>, pcg_detail::default_multiplier<long unsigned int> >]’
shuffle_matrix.cpp:34:41:   required from here
/mnt/library/BH/include/boost/concept/detail/general.hpp:50:47: warning: ‘this’ pointer is null [-Wnonnull]
   50 |     static void failed() { ((Model*)0)->~Model(); }
      |                            ~~~~~~~~~~~~~~~~~~~^~
/mnt/library/BH/include/boost/concept/usage.hpp:20:5: note: in a call to non-static member function ‘boost::concepts::usage_requirements<Model>::~usage_requirements() [with Model = boost::range_detail::IncrementableIteratorConcept<__gnu_cxx::__normal_iterator<const double*, std::vector<double> > >]’
   20 |     ~usage_requirements() { ((Model*)0)->~Model(); }
      |     ^
/mnt/library/BH/include/boost/concept/detail/general.hpp: In instantiation of ‘static void boost::concepts::requirement<boost::concepts::failed************ Model::************>::failed() [with Model = boost::concepts::usage_requirements<boost::EqualityComparable<__gnu_cxx::__normal_iterator<const double*, std::vector<double> > > >]’:
/mnt/library/BH/include/boost/concept_check.hpp:233:5:   required from ‘struct boost::EqualityComparable<__gnu_cxx::__normal_iterator<const double*, std::vector<double> > >’
/mnt/library/BH/include/boost/range/concepts.hpp:149:16:   required from ‘struct boost::range_detail::SinglePassIteratorConcept<__gnu_cxx::__normal_iterator<const double*, std::vector<double> > >’
/mnt/library/BH/include/boost/concept/detail/has_constraints.hpp:32:62:   required by substitution of ‘template<class Model> boost::concepts::detail::yes boost::concepts::detail::has_constraints_(Model*, wrap_constraints<Model, (& Model::constraints)>*) [with Model = boost::range_detail::SinglePassIteratorConcept<__gnu_cxx::__normal_iterator<const double*, std::vector<double> > >]’
/mnt/library/BH/include/boost/concept/detail/has_constraints.hpp:42:5:   required from ‘const bool boost::concepts::not_satisfied<boost::range_detail::SinglePassIteratorConcept<__gnu_cxx::__normal_iterator<const double*, std::vector<double> > > >::value’
/mnt/library/BH/include/boost/concept/detail/has_constraints.hpp:45:51:   required from ‘struct boost::concepts::not_satisfied<boost::range_detail::SinglePassIteratorConcept<__gnu_cxx::__normal_iterator<const double*, std::vector<double> > > >’
/mnt/library/BH/include/boost/concept/detail/general.hpp:72:8:   [ skipping 5 instantiation contexts, use -ftemplate-backtrace-limit=0 to disable ]
/mnt/library/BH/include/boost/concept/detail/has_constraints.hpp:32:62:   required by substitution of ‘template<class Model> boost::concepts::detail::yes boost::concepts::detail::has_constraints_(Model*, wrap_constraints<Model, (& Model::constraints)>*) [with Model = boost::RandomAccessRangeConcept<std::vector<double> >]’
/mnt/library/BH/include/boost/concept/detail/has_constraints.hpp:42:5:   required from ‘const bool boost::concepts::not_satisfied<boost::RandomAccessRangeConcept<std::vector<double> > >::value’
/mnt/library/BH/include/boost/concept/detail/has_constraints.hpp:45:51:   required from ‘struct boost::concepts::not_satisfied<boost::RandomAccessRangeConcept<std::vector<double> > >’
/mnt/library/BH/include/boost/concept/detail/general.hpp:72:8:   required from ‘struct boost::concepts::requirement_<void (*)(boost::RandomAccessRangeConcept<std::vector<double> >)>’
/mnt/library/BH/include/boost/range/algorithm/nth_element.hpp:33:5:   required from ‘RandomAccessRange& boost::range::random_shuffle(RandomAccessRange&, Generator&) [with RandomAccessRange = std::vector<double>; Generator = pcg_detail::engine<unsigned int, long unsigned int, pcg_detail::xsh_rr_mixin<unsigned int, long unsigned int>, true, pcg_detail::specific_stream<long unsigned int>, pcg_detail::default_multiplier<long unsigned int> >]’
shuffle_matrix.cpp:34:41:   required from here
/mnt/library/BH/include/boost/concept/detail/general.hpp:50:47: warning: ‘this’ pointer is null [-Wnonnull]
   50 |     static void failed() { ((Model*)0)->~Model(); }
      |                            ~~~~~~~~~~~~~~~~~~~^~
/mnt/library/BH/include/boost/concept/usage.hpp:20:5: note: in a call to non-static member function ‘boost::concepts::usage_requirements<Model>::~usage_requirements() [with Model = boost::EqualityComparable<__gnu_cxx::__normal_iterator<const double*, std::vector<double> > >]’
   20 |     ~usage_requirements() { ((Model*)0)->~Model(); }
      |     ^
/mnt/library/BH/include/boost/concept/detail/general.hpp: In instantiation of ‘static void boost::concepts::requirement<boost::concepts::failed************ Model::************>::failed() [with Model = boost::concepts::usage_requirements<boost::range_detail::SinglePassIteratorConcept<__gnu_cxx::__normal_iterator<const double*, std::vector<double> > > >]’:
/mnt/library/BH/include/boost/range/concepts.hpp:160:13:   required from ‘struct boost::range_detail::SinglePassIteratorConcept<__gnu_cxx::__normal_iterator<const double*, std::vector<double> > >’
/mnt/library/BH/include/boost/concept/detail/has_constraints.hpp:32:62:   required by substitution of ‘template<class Model> boost::concepts::detail::yes boost::concepts::detail::has_constraints_(Model*, wrap_constraints<Model, (& Model::constraints)>*) [with Model = boost::range_detail::SinglePassIteratorConcept<__gnu_cxx::__normal_iterator<const double*, std::vector<double> > >]’
/mnt/library/BH/include/boost/concept/detail/has_constraints.hpp:42:5:   required from ‘const bool boost::concepts::not_satisfied<boost::range_detail::SinglePassIteratorConcept<__gnu_cxx::__normal_iterator<const double*, std::vector<double> > > >::value’
/mnt/library/BH/include/boost/concept/detail/has_constraints.hpp:45:51:   required from ‘struct boost::concepts::not_satisfied<boost::range_detail::SinglePassIteratorConcept<__gnu_cxx::__normal_iterator<const double*, std::vector<double> > > >’
/mnt/library/BH/include/boost/concept/detail/general.hpp:72:8:   required from ‘struct boost::concepts::requirement_<void (*)(boost::range_detail::SinglePassIteratorConcept<__gnu_cxx::__normal_iterator<const double*, std::vector<double> > >)>’
/mnt/library/BH/include/boost/range/concepts.hpp:283:9:   [ skipping 4 instantiation contexts, use -ftemplate-backtrace-limit=0 to disable ]
/mnt/library/BH/include/boost/concept/detail/has_constraints.hpp:32:62:   required by substitution of ‘template<class Model> boost::concepts::detail::yes boost::concepts::detail::has_constraints_(Model*, wrap_constraints<Model, (& Model::constraints)>*) [with Model = boost::RandomAccessRangeConcept<std::vector<double> >]’
/mnt/library/BH/include/boost/concept/detail/has_constraints.hpp:42:5:   required from ‘const bool boost::concepts::not_satisfied<boost::RandomAccessRangeConcept<std::vector<double> > >::value’
/mnt/library/BH/include/boost/concept/detail/has_constraints.hpp:45:51:   required from ‘struct boost::concepts::not_satisfied<boost::RandomAccessRangeConcept<std::vector<double> > >’
/mnt/library/BH/include/boost/concept/detail/general.hpp:72:8:   required from ‘struct boost::concepts::requirement_<void (*)(boost::RandomAccessRangeConcept<std::vector<double> >)>’
/mnt/library/BH/include/boost/range/algorithm/nth_element.hpp:33:5:   required from ‘RandomAccessRange& boost::range::random_shuffle(RandomAccessRange&, Generator&) [with RandomAccessRange = std::vector<double>; Generator = pcg_detail::engine<unsigned int, long unsigned int, pcg_detail::xsh_rr_mixin<unsigned int, long unsigned int>, true, pcg_detail::specific_stream<long unsigned int>, pcg_detail::default_multiplier<long unsigned int> >]’
shuffle_matrix.cpp:34:41:   required from here
/mnt/library/BH/include/boost/concept/detail/general.hpp:50:47: warning: ‘this’ pointer is null [-Wnonnull]
   50 |     static void failed() { ((Model*)0)->~Model(); }
      |                            ~~~~~~~~~~~~~~~~~~~^~
/mnt/library/BH/include/boost/concept/usage.hpp:20:5: note: in a call to non-static member function ‘boost::concepts::usage_requirements<Model>::~usage_requirements() [with Model = boost::range_detail::SinglePassIteratorConcept<__gnu_cxx::__normal_iterator<const double*, std::vector<double> > >]’
   20 |     ~usage_requirements() { ((Model*)0)->~Model(); }
      |     ^
/mnt/library/BH/include/boost/concept/detail/general.hpp: In instantiation of ‘static void boost::concepts::requirement<boost::concepts::failed************ Model::************>::failed() [with Model = boost::range_detail::SinglePassIteratorConcept<__gnu_cxx::__normal_iterator<const double*, std::vector<double> > >]’:
/mnt/library/BH/include/boost/range/concepts.hpp:283:9:   required from ‘struct boost::SinglePassRangeConcept<std::vector<double> >’
/mnt/library/BH/include/boost/range/concepts.hpp:320:12:   required from ‘struct boost::ForwardRangeConcept<std::vector<double> >’
/mnt/library/BH/include/boost/range/concepts.hpp:354:12:   required from ‘struct boost::BidirectionalRangeConcept<std::vector<double> >’
/mnt/library/BH/include/boost/range/concepts.hpp:372:12:   required from ‘struct boost::RandomAccessRangeConcept<std::vector<double> >’
/mnt/library/BH/include/boost/concept/detail/has_constraints.hpp:32:62:   required by substitution of ‘template<class Model> boost::concepts::detail::yes boost::concepts::detail::has_constraints_(Model*, wrap_constraints<Model, (& Model::constraints)>*) [with Model = boost::RandomAccessRangeConcept<std::vector<double> >]’
/mnt/library/BH/include/boost/concept/detail/has_constraints.hpp:42:5:   required from ‘const bool boost::concepts::not_satisfied<boost::RandomAccessRangeConcept<std::vector<double> > >::value’
/mnt/library/BH/include/boost/concept/detail/has_constraints.hpp:45:51:   required from ‘struct boost::concepts::not_satisfied<boost::RandomAccessRangeConcept<std::vector<double> > >’
/mnt/library/BH/include/boost/concept/detail/general.hpp:72:8:   required from ‘struct boost::concepts::requirement_<void (*)(boost::RandomAccessRangeConcept<std::vector<double> >)>’
/mnt/library/BH/include/boost/range/algorithm/nth_element.hpp:33:5:   required from ‘RandomAccessRange& boost::range::random_shuffle(RandomAccessRange&, Generator&) [with RandomAccessRange = std::vector<double>; Generator = pcg_detail::engine<unsigned int, long unsigned int, pcg_detail::xsh_rr_mixin<unsigned int, long unsigned int>, true, pcg_detail::specific_stream<long unsigned int>, pcg_detail::default_multiplier<long unsigned int> >]’
shuffle_matrix.cpp:34:41:   required from here
/mnt/library/BH/include/boost/concept/detail/general.hpp:50:47: warning: ‘this’ pointer is null [-Wnonnull]
   50 |     static void failed() { ((Model*)0)->~Model(); }
      |                            ~~~~~~~~~~~~~~~~~~~^~
/mnt/library/BH/include/boost/concept/usage.hpp:37:7: note: in a call to non-static member function ‘boost::range_detail::SinglePassIteratorConcept<Iterator>::~SinglePassIteratorConcept() [with Iterator = __gnu_cxx::__normal_iterator<const double*, std::vector<double> >]’
   37 |       ~model()
      |       ^
/mnt/library/BH/include/boost/range/concepts.hpp:160:13: note: in expansion of macro ‘BOOST_CONCEPT_USAGE’
  160 |             BOOST_CONCEPT_USAGE(SinglePassIteratorConcept)
      |             ^~~~~~~~~~~~~~~~~~~
/mnt/library/BH/include/boost/concept/detail/general.hpp: In instantiation of ‘static void boost::concepts::requirement<boost::concepts::failed************ Model::************>::failed() [with Model = boost::concepts::usage_requirements<boost::SinglePassRangeConcept<std::vector<double> > >]’:
/mnt/library/BH/include/boost/range/concepts.hpp:286:9:   required from ‘struct boost::SinglePassRangeConcept<std::vector<double> >’
/mnt/library/BH/include/boost/range/concepts.hpp:320:12:   required from ‘struct boost::ForwardRangeConcept<std::vector<double> >’
/mnt/library/BH/include/boost/range/concepts.hpp:354:12:   required from ‘struct boost::BidirectionalRangeConcept<std::vector<double> >’
/mnt/library/BH/include/boost/range/concepts.hpp:372:12:   required from ‘struct boost::RandomAccessRangeConcept<std::vector<double> >’
/mnt/library/BH/include/boost/concept/detail/has_constraints.hpp:32:62:   required by substitution of ‘template<class Model> boost::concepts::detail::yes boost::concepts::detail::has_constraints_(Model*, wrap_constraints<Model, (& Model::constraints)>*) [with Model = boost::RandomAccessRangeConcept<std::vector<double> >]’
/mnt/library/BH/include/boost/concept/detail/has_constraints.hpp:42:5:   required from ‘const bool boost::concepts::not_satisfied<boost::RandomAccessRangeConcept<std::vector<double> > >::value’
/mnt/library/BH/include/boost/concept/detail/has_constraints.hpp:45:51:   required from ‘struct boost::concepts::not_satisfied<boost::RandomAccessRangeConcept<std::vector<double> > >’
/mnt/library/BH/include/boost/concept/detail/general.hpp:72:8:   required from ‘struct boost::concepts::requirement_<void (*)(boost::RandomAccessRangeConcept<std::vector<double> >)>’
/mnt/library/BH/include/boost/range/algorithm/nth_element.hpp:33:5:   required from ‘RandomAccessRange& boost::range::random_shuffle(RandomAccessRange&, Generator&) [with RandomAccessRange = std::vector<double>; Generator = pcg_detail::engine<unsigned int, long unsigned int, pcg_detail::xsh_rr_mixin<unsigned int, long unsigned int>, true, pcg_detail::specific_stream<long unsigned int>, pcg_detail::default_multiplier<long unsigned int> >]’
shuffle_matrix.cpp:34:41:   required from here
/mnt/library/BH/include/boost/concept/detail/general.hpp:50:47: warning: ‘this’ pointer is null [-Wnonnull]
   50 |     static void failed() { ((Model*)0)->~Model(); }
      |                            ~~~~~~~~~~~~~~~~~~~^~
/mnt/library/BH/include/boost/concept/usage.hpp:20:5: note: in a call to non-static member function ‘boost::concepts::usage_requirements<Model>::~usage_requirements() [with Model = boost::SinglePassRangeConcept<std::vector<double> >]’
   20 |     ~usage_requirements() { ((Model*)0)->~Model(); }
      |     ^
/mnt/library/BH/include/boost/concept/detail/general.hpp: In instantiation of ‘static void boost::concepts::requirement<boost::concepts::failed************ Model::************>::failed() [with Model = boost::concepts::usage_requirements<boost::DefaultConstructible<__gnu_cxx::__normal_iterator<double*, std::vector<double> > > >]’:
/mnt/library/BH/include/boost/concept_check.hpp:137:5:   required from ‘struct boost::DefaultConstructible<__gnu_cxx::__normal_iterator<double*, std::vector<double> > >’
/mnt/library/BH/include/boost/range/concepts.hpp:183:16:   required from ‘struct boost::range_detail::ForwardIteratorConcept<__gnu_cxx::__normal_iterator<double*, std::vector<double> > >’
/mnt/library/BH/include/boost/concept/detail/has_constraints.hpp:32:62:   required by substitution of ‘template<class Model> boost::concepts::detail::yes boost::concepts::detail::has_constraints_(Model*, wrap_constraints<Model, (& Model::constraints)>*) [with Model = boost::range_detail::ForwardIteratorConcept<__gnu_cxx::__normal_iterator<double*, std::vector<double> > >]’
/mnt/library/BH/include/boost/concept/detail/has_constraints.hpp:42:5:   required from ‘const bool boost::concepts::not_satisfied<boost::range_detail::ForwardIteratorConcept<__gnu_cxx::__normal_iterator<double*, std::vector<double> > > >::value’
/mnt/library/BH/include/boost/concept/detail/has_constraints.hpp:45:51:   required from ‘struct boost::concepts::not_satisfied<boost::range_detail::ForwardIteratorConcept<__gnu_cxx::__normal_iterator<double*, std::vector<double> > > >’
/mnt/library/BH/include/boost/concept/detail/general.hpp:72:8:   [ skipping 4 instantiation contexts, use -ftemplate-backtrace-limit=0 to disable ]
/mnt/library/BH/include/boost/concept/detail/has_constraints.hpp:32:62:   required by substitution of ‘template<class Model> boost::concepts::detail::yes boost::concepts::detail::has_constraints_(Model*, wrap_constraints<Model, (& Model::constraints)>*) [with Model = boost::RandomAccessRangeConcept<std::vector<double> >]’
/mnt/library/BH/include/boost/concept/detail/has_constraints.hpp:42:5:   required from ‘const bool boost::concepts::not_satisfied<boost::RandomAccessRangeConcept<std::vector<double> > >::value’
/mnt/library/BH/include/boost/concept/detail/has_constraints.hpp:45:51:   required from ‘struct boost::concepts::not_satisfied<boost::RandomAccessRangeConcept<std::vector<double> > >’
/mnt/library/BH/include/boost/concept/detail/general.hpp:72:8:   required from ‘struct boost::concepts::requirement_<void (*)(boost::RandomAccessRangeConcept<std::vector<double> >)>’
/mnt/library/BH/include/boost/range/algorithm/nth_element.hpp:33:5:   required from ‘RandomAccessRange& boost::range::random_shuffle(RandomAccessRange&, Generator&) [with RandomAccessRange = std::vector<double>; Generator = pcg_detail::engine<unsigned int, long unsigned int, pcg_detail::xsh_rr_mixin<unsigned int, long unsigned int>, true, pcg_detail::specific_stream<long unsigned int>, pcg_detail::default_multiplier<long unsigned int> >]’
shuffle_matrix.cpp:34:41:   required from here
/mnt/library/BH/include/boost/concept/detail/general.hpp:50:47: warning: ‘this’ pointer is null [-Wnonnull]
   50 |     static void failed() { ((Model*)0)->~Model(); }
      |                            ~~~~~~~~~~~~~~~~~~~^~
/mnt/library/BH/include/boost/concept/usage.hpp:20:5: note: in a call to non-static member function ‘boost::concepts::usage_requirements<Model>::~usage_requirements() [with Model = boost::DefaultConstructible<__gnu_cxx::__normal_iterator<double*, std::vector<double> > >]’
   20 |     ~usage_requirements() { ((Model*)0)->~Model(); }
      |     ^
/mnt/library/BH/include/boost/concept/detail/general.hpp: In instantiation of ‘static void boost::concepts::requirement<boost::concepts::failed************ Model::************>::failed() [with Model = boost::concepts::usage_requirements<boost::Convertible<boost::iterators::random_access_traversal_tag, boost::iterators::forward_traversal_tag> >]’:
/mnt/library/BH/include/boost/concept_check.hpp:208:5:   required from ‘struct boost::Convertible<boost::iterators::random_access_traversal_tag, boost::iterators::forward_traversal_tag>’
/mnt/library/BH/include/boost/concept/detail/has_constraints.hpp:32:62:   required by substitution of ‘template<class Model> boost::concepts::detail::yes boost::concepts::detail::has_constraints_(Model*, wrap_constraints<Model, (& Model::constraints)>*) [with Model = boost::Convertible<boost::iterators::random_access_traversal_tag, boost::iterators::forward_traversal_tag>]’
/mnt/library/BH/include/boost/concept/detail/has_constraints.hpp:42:5:   required from ‘const bool boost::concepts::not_satisfied<boost::Convertible<boost::iterators::random_access_traversal_tag, boost::iterators::forward_traversal_tag> >::value’
/mnt/library/BH/include/boost/concept/detail/has_constraints.hpp:45:51:   required from ‘struct boost::concepts::not_satisfied<boost::Convertible<boost::iterators::random_access_traversal_tag, boost::iterators::forward_traversal_tag> >’
/mnt/library/BH/include/boost/concept/detail/general.hpp:72:8:   required from ‘struct boost::concepts::requirement_<void (*)(boost::Convertible<boost::iterators::random_access_traversal_tag, boost::iterators::forward_traversal_tag>)>’
/mnt/library/BH/include/boost/range/concepts.hpp:193:13:   [ skipping 8 instantiation contexts, use -ftemplate-backtrace-limit=0 to disable ]
/mnt/library/BH/include/boost/concept/detail/has_constraints.hpp:32:62:   required by substitution of ‘template<class Model> boost::concepts::detail::yes boost::concepts::detail::has_constraints_(Model*, wrap_constraints<Model, (& Model::constraints)>*) [with Model = boost::RandomAccessRangeConcept<std::vector<double> >]’
/mnt/library/BH/include/boost/concept/detail/has_constraints.hpp:42:5:   required from ‘const bool boost::concepts::not_satisfied<boost::RandomAccessRangeConcept<std::vector<double> > >::value’
/mnt/library/BH/include/boost/concept/detail/has_constraints.hpp:45:51:   required from ‘struct boost::concepts::not_satisfied<boost::RandomAccessRangeConcept<std::vector<double> > >’
/mnt/library/BH/include/boost/concept/detail/general.hpp:72:8:   required from ‘struct boost::concepts::requirement_<void (*)(boost::RandomAccessRangeConcept<std::vector<double> >)>’
/mnt/library/BH/include/boost/range/algorithm/nth_element.hpp:33:5:   required from ‘RandomAccessRange& boost::range::random_shuffle(RandomAccessRange&, Generator&) [with RandomAccessRange = std::vector<double>; Generator = pcg_detail::engine<unsigned int, long unsigned int, pcg_detail::xsh_rr_mixin<unsigned int, long unsigned int>, true, pcg_detail::specific_stream<long unsigned int>, pcg_detail::default_multiplier<long unsigned int> >]’
shuffle_matrix.cpp:34:41:   required from here
/mnt/library/BH/include/boost/concept/detail/general.hpp:50:47: warning: ‘this’ pointer is null [-Wnonnull]
   50 |     static void failed() { ((Model*)0)->~Model(); }
      |                            ~~~~~~~~~~~~~~~~~~~^~
/mnt/library/BH/include/boost/concept/usage.hpp:20:5: note: in a call to non-static member function ‘boost::concepts::usage_requirements<Model>::~usage_requirements() [with Model = boost::Convertible<boost::iterators::random_access_traversal_tag, boost::iterators::forward_traversal_tag>]’
   20 |     ~usage_requirements() { ((Model*)0)->~Model(); }
      |     ^
/mnt/library/BH/include/boost/concept/detail/general.hpp: In instantiation of ‘static void boost::concepts::requirement<boost::concepts::failed************ Model::************>::failed() [with Model = boost::Convertible<boost::iterators::random_access_traversal_tag, boost::iterators::forward_traversal_tag>]’:
/mnt/library/BH/include/boost/range/concepts.hpp:193:13:   required from ‘struct boost::range_detail::ForwardIteratorConcept<__gnu_cxx::__normal_iterator<double*, std::vector<double> > >’
/mnt/library/BH/include/boost/concept/detail/has_constraints.hpp:32:62:   required by substitution of ‘template<class Model> boost::concepts::detail::yes boost::concepts::detail::has_constraints_(Model*, wrap_constraints<Model, (& Model::constraints)>*) [with Model = boost::range_detail::ForwardIteratorConcept<__gnu_cxx::__normal_iterator<double*, std::vector<double> > >]’
/mnt/library/BH/include/boost/concept/detail/has_constraints.hpp:42:5:   required from ‘const bool boost::concepts::not_satisfied<boost::range_detail::ForwardIteratorConcept<__gnu_cxx::__normal_iterator<double*, std::vector<double> > > >::value’
/mnt/library/BH/include/boost/concept/detail/has_constraints.hpp:45:51:   required from ‘struct boost::concepts::not_satisfied<boost::range_detail::ForwardIteratorConcept<__gnu_cxx::__normal_iterator<double*, std::vector<double> > > >’
/mnt/library/BH/include/boost/concept/detail/general.hpp:72:8:   required from ‘struct boost::concepts::requirement_<void (*)(boost::range_detail::ForwardIteratorConcept<__gnu_cxx::__normal_iterator<double*, std::vector<double> > >)>’
/mnt/library/BH/include/boost/range/concepts.hpp:323:9:   [ skipping 3 instantiation contexts, use -ftemplate-backtrace-limit=0 to disable ]
/mnt/library/BH/include/boost/concept/detail/has_constraints.hpp:32:62:   required by substitution of ‘template<class Model> boost::concepts::detail::yes boost::concepts::detail::has_constraints_(Model*, wrap_constraints<Model, (& Model::constraints)>*) [with Model = boost::RandomAccessRangeConcept<std::vector<double> >]’
/mnt/library/BH/include/boost/concept/detail/has_constraints.hpp:42:5:   required from ‘const bool boost::concepts::not_satisfied<boost::RandomAccessRangeConcept<std::vector<double> > >::value’
/mnt/library/BH/include/boost/concept/detail/has_constraints.hpp:45:51:   required from ‘struct boost::concepts::not_satisfied<boost::RandomAccessRangeConcept<std::vector<double> > >’
/mnt/library/BH/include/boost/concept/detail/general.hpp:72:8:   required from ‘struct boost::concepts::requirement_<void (*)(boost::RandomAccessRangeConcept<std::vector<double> >)>’
/mnt/library/BH/include/boost/range/algorithm/nth_element.hpp:33:5:   required from ‘RandomAccessRange& boost::range::random_shuffle(RandomAccessRange&, Generator&) [with RandomAccessRange = std::vector<double>; Generator = pcg_detail::engine<unsigned int, long unsigned int, pcg_detail::xsh_rr_mixin<unsigned int, long unsigned int>, true, pcg_detail::specific_stream<long unsigned int>, pcg_detail::default_multiplier<long unsigned int> >]’
shuffle_matrix.cpp:34:41:   required from here
/mnt/library/BH/include/boost/concept/detail/general.hpp:50:47: warning: ‘this’ pointer is null [-Wnonnull]
   50 |     static void failed() { ((Model*)0)->~Model(); }
      |                            ~~~~~~~~~~~~~~~~~~~^~
/mnt/library/BH/include/boost/concept/usage.hpp:37:7: note: in a call to non-static member function ‘boost::Convertible<X, Y>::~Convertible() [with X = boost::iterators::random_access_traversal_tag; Y = boost::iterators::forward_traversal_tag]’
   37 |       ~model()
      |       ^
/mnt/library/BH/include/boost/concept_check.hpp:208:5: note: in expansion of macro ‘BOOST_CONCEPT_USAGE’
  208 |     BOOST_CONCEPT_USAGE(Convertible) {
      |     ^~~~~~~~~~~~~~~~~~~
/mnt/library/BH/include/boost/concept/detail/general.hpp: In instantiation of ‘static void boost::concepts::requirement<boost::concepts::failed************ Model::************>::failed() [with Model = boost::concepts::usage_requirements<boost::range_detail::ForwardIteratorConcept<__gnu_cxx::__normal_iterator<double*, std::vector<double> > > >]’:
/mnt/library/BH/include/boost/range/concepts.hpp:199:13:   required from ‘struct boost::range_detail::ForwardIteratorConcept<__gnu_cxx::__normal_iterator<double*, std::vector<double> > >’
/mnt/library/BH/include/boost/concept/detail/has_constraints.hpp:32:62:   required by substitution of ‘template<class Model> boost::concepts::detail::yes boost::concepts::detail::has_constraints_(Model*, wrap_constraints<Model, (& Model::constraints)>*) [with Model = boost::range_detail::ForwardIteratorConcept<__gnu_cxx::__normal_iterator<double*, std::vector<double> > >]’
/mnt/library/BH/include/boost/concept/detail/has_constraints.hpp:42:5:   required from ‘const bool boost::concepts::not_satisfied<boost::range_detail::ForwardIteratorConcept<__gnu_cxx::__normal_iterator<double*, std::vector<double> > > >::value’
/mnt/library/BH/include/boost/concept/detail/has_constraints.hpp:45:51:   required from ‘struct boost::concepts::not_satisfied<boost::range_detail::ForwardIteratorConcept<__gnu_cxx::__normal_iterator<double*, std::vector<double> > > >’
/mnt/library/BH/include/boost/concept/detail/general.hpp:72:8:   required from ‘struct boost::concepts::requirement_<void (*)(boost::range_detail::ForwardIteratorConcept<__gnu_cxx::__normal_iterator<double*, std::vector<double> > >)>’
/mnt/library/BH/include/boost/range/concepts.hpp:323:9:   [ skipping 3 instantiation contexts, use -ftemplate-backtrace-limit=0 to disable ]
/mnt/library/BH/include/boost/concept/detail/has_constraints.hpp:32:62:   required by substitution of ‘template<class Model> boost::concepts::detail::yes boost::concepts::detail::has_constraints_(Model*, wrap_constraints<Model, (& Model::constraints)>*) [with Model = boost::RandomAccessRangeConcept<std::vector<double> >]’
/mnt/library/BH/include/boost/concept/detail/has_constraints.hpp:42:5:   required from ‘const bool boost::concepts::not_satisfied<boost::RandomAccessRangeConcept<std::vector<double> > >::value’
/mnt/library/BH/include/boost/concept/detail/has_constraints.hpp:45:51:   required from ‘struct boost::concepts::not_satisfied<boost::RandomAccessRangeConcept<std::vector<double> > >’
/mnt/library/BH/include/boost/concept/detail/general.hpp:72:8:   required from ‘struct boost::concepts::requirement_<void (*)(boost::RandomAccessRangeConcept<std::vector<double> >)>’
/mnt/library/BH/include/boost/range/algorithm/nth_element.hpp:33:5:   required from ‘RandomAccessRange& boost::range::random_shuffle(RandomAccessRange&, Generator&) [with RandomAccessRange = std::vector<double>; Generator = pcg_detail::engine<unsigned int, long unsigned int, pcg_detail::xsh_rr_mixin<unsigned int, long unsigned int>, true, pcg_detail::specific_stream<long unsigned int>, pcg_detail::default_multiplier<long unsigned int> >]’
shuffle_matrix.cpp:34:41:   required from here
/mnt/library/BH/include/boost/concept/detail/general.hpp:50:47: warning: ‘this’ pointer is null [-Wnonnull]
   50 |     static void failed() { ((Model*)0)->~Model(); }
      |                            ~~~~~~~~~~~~~~~~~~~^~
/mnt/library/BH/include/boost/concept/usage.hpp:20:5: note: in a call to non-static member function ‘boost::concepts::usage_requirements<Model>::~usage_requirements() [with Model = boost::range_detail::ForwardIteratorConcept<__gnu_cxx::__normal_iterator<double*, std::vector<double> > >]’
   20 |     ~usage_requirements() { ((Model*)0)->~Model(); }
      |     ^
/mnt/library/BH/include/boost/concept/detail/general.hpp: In instantiation of ‘static void boost::concepts::requirement<boost::concepts::failed************ Model::************>::failed() [with Model = boost::range_detail::ForwardIteratorConcept<__gnu_cxx::__normal_iterator<double*, std::vector<double> > >]’:
/mnt/library/BH/include/boost/range/concepts.hpp:323:9:   required from ‘struct boost::ForwardRangeConcept<std::vector<double> >’
/mnt/library/BH/include/boost/range/concepts.hpp:354:12:   required from ‘struct boost::BidirectionalRangeConcept<std::vector<double> >’
/mnt/library/BH/include/boost/range/concepts.hpp:372:12:   required from ‘struct boost::RandomAccessRangeConcept<std::vector<double> >’
/mnt/library/BH/include/boost/concept/detail/has_constraints.hpp:32:62:   required by substitution of ‘template<class Model> boost::concepts::detail::yes boost::concepts::detail::has_constraints_(Model*, wrap_constraints<Model, (& Model::constraints)>*) [with Model = boost::RandomAccessRangeConcept<std::vector<double> >]’
/mnt/library/BH/include/boost/concept/detail/has_constraints.hpp:42:5:   required from ‘const bool boost::concepts::not_satisfied<boost::RandomAccessRangeConcept<std::vector<double> > >::value’
/mnt/library/BH/include/boost/concept/detail/has_constraints.hpp:45:51:   required from ‘struct boost::concepts::not_satisfied<boost::RandomAccessRangeConcept<std::vector<double> > >’
/mnt/library/BH/include/boost/concept/detail/general.hpp:72:8:   required from ‘struct boost::concepts::requirement_<void (*)(boost::RandomAccessRangeConcept<std::vector<double> >)>’
/mnt/library/BH/include/boost/range/algorithm/nth_element.hpp:33:5:   required from ‘RandomAccessRange& boost::range::random_shuffle(RandomAccessRange&, Generator&) [with RandomAccessRange = std::vector<double>; Generator = pcg_detail::engine<unsigned int, long unsigned int, pcg_detail::xsh_rr_mixin<unsigned int, long unsigned int>, true, pcg_detail::specific_stream<long unsigned int>, pcg_detail::default_multiplier<long unsigned int> >]’
shuffle_matrix.cpp:34:41:   required from here
/mnt/library/BH/include/boost/concept/detail/general.hpp:50:47: warning: ‘this’ pointer is null [-Wnonnull]
   50 |     static void failed() { ((Model*)0)->~Model(); }
      |                            ~~~~~~~~~~~~~~~~~~~^~
/mnt/library/BH/include/boost/concept/usage.hpp:37:7: note: in a call to non-static member function ‘boost::range_detail::ForwardIteratorConcept<Iterator>::~ForwardIteratorConcept() [with Iterator = __gnu_cxx::__normal_iterator<double*, std::vector<double> >]’
   37 |       ~model()
      |       ^
/mnt/library/BH/include/boost/range/concepts.hpp:199:13: note: in expansion of macro ‘BOOST_CONCEPT_USAGE’
  199 |             BOOST_CONCEPT_USAGE(ForwardIteratorConcept)
      |             ^~~~~~~~~~~~~~~~~~~
/mnt/library/BH/include/boost/concept/detail/general.hpp: In instantiation of ‘static void boost::concepts::requirement<boost::concepts::failed************ Model::************>::failed() [with Model = boost::concepts::usage_requirements<boost::DefaultConstructible<__gnu_cxx::__normal_iterator<const double*, std::vector<double> > > >]’:
/mnt/library/BH/include/boost/concept_check.hpp:137:5:   required from ‘struct boost::DefaultConstructible<__gnu_cxx::__normal_iterator<const double*, std::vector<double> > >’
/mnt/library/BH/include/boost/range/concepts.hpp:183:16:   required from ‘struct boost::range_detail::ForwardIteratorConcept<__gnu_cxx::__normal_iterator<const double*, std::vector<double> > >’
/mnt/library/BH/include/boost/concept/detail/has_constraints.hpp:32:62:   required by substitution of ‘template<class Model> boost::concepts::detail::yes boost::concepts::detail::has_constraints_(Model*, wrap_constraints<Model, (& Model::constraints)>*) [with Model = boost::range_detail::ForwardIteratorConcept<__gnu_cxx::__normal_iterator<const double*, std::vector<double> > >]’
/mnt/library/BH/include/boost/concept/detail/has_constraints.hpp:42:5:   required from ‘const bool boost::concepts::not_satisfied<boost::range_detail::ForwardIteratorConcept<__gnu_cxx::__normal_iterator<const double*, std::vector<double> > > >::value’
/mnt/library/BH/include/boost/concept/detail/has_constraints.hpp:45:51:   required from ‘struct boost::concepts::not_satisfied<boost::range_detail::ForwardIteratorConcept<__gnu_cxx::__normal_iterator<const double*, std::vector<double> > > >’
/mnt/library/BH/include/boost/concept/detail/general.hpp:72:8:   [ skipping 4 instantiation contexts, use -ftemplate-backtrace-limit=0 to disable ]
/mnt/library/BH/include/boost/concept/detail/has_constraints.hpp:32:62:   required by substitution of ‘template<class Model> boost::concepts::detail::yes boost::concepts::detail::has_constraints_(Model*, wrap_constraints<Model, (& Model::constraints)>*) [with Model = boost::RandomAccessRangeConcept<std::vector<double> >]’
/mnt/library/BH/include/boost/concept/detail/has_constraints.hpp:42:5:   required from ‘const bool boost::concepts::not_satisfied<boost::RandomAccessRangeConcept<std::vector<double> > >::value’
/mnt/library/BH/include/boost/concept/detail/has_constraints.hpp:45:51:   required from ‘struct boost::concepts::not_satisfied<boost::RandomAccessRangeConcept<std::vector<double> > >’
/mnt/library/BH/include/boost/concept/detail/general.hpp:72:8:   required from ‘struct boost::concepts::requirement_<void (*)(boost::RandomAccessRangeConcept<std::vector<double> >)>’
/mnt/library/BH/include/boost/range/algorithm/nth_element.hpp:33:5:   required from ‘RandomAccessRange& boost::range::random_shuffle(RandomAccessRange&, Generator&) [with RandomAccessRange = std::vector<double>; Generator = pcg_detail::engine<unsigned int, long unsigned int, pcg_detail::xsh_rr_mixin<unsigned int, long unsigned int>, true, pcg_detail::specific_stream<long unsigned int>, pcg_detail::default_multiplier<long unsigned int> >]’
shuffle_matrix.cpp:34:41:   required from here
/mnt/library/BH/include/boost/concept/detail/general.hpp:50:47: warning: ‘this’ pointer is null [-Wnonnull]
   50 |     static void failed() { ((Model*)0)->~Model(); }
      |                            ~~~~~~~~~~~~~~~~~~~^~
/mnt/library/BH/include/boost/concept/usage.hpp:20:5: note: in a call to non-static member function ‘boost::concepts::usage_requirements<Model>::~usage_requirements() [with Model = boost::DefaultConstructible<__gnu_cxx::__normal_iterator<const double*, std::vector<double> > >]’
   20 |     ~usage_requirements() { ((Model*)0)->~Model(); }
      |     ^
/mnt/library/BH/include/boost/concept/detail/general.hpp: In instantiation of ‘static void boost::concepts::requirement<boost::concepts::failed************ Model::************>::failed() [with Model = boost::concepts::usage_requirements<boost::range_detail::ForwardIteratorConcept<__gnu_cxx::__normal_iterator<const double*, std::vector<double> > > >]’:
/mnt/library/BH/include/boost/range/concepts.hpp:199:13:   required from ‘struct boost::range_detail::ForwardIteratorConcept<__gnu_cxx::__normal_iterator<const double*, std::vector<double> > >’
/mnt/library/BH/include/boost/concept/detail/has_constraints.hpp:32:62:   required by substitution of ‘template<class Model> boost::concepts::detail::yes boost::concepts::detail::has_constraints_(Model*, wrap_constraints<Model, (& Model::constraints)>*) [with Model = boost::range_detail::ForwardIteratorConcept<__gnu_cxx::__normal_iterator<const double*, std::vector<double> > >]’
/mnt/library/BH/include/boost/concept/detail/has_constraints.hpp:42:5:   required from ‘const bool boost::concepts::not_satisfied<boost::range_detail::ForwardIteratorConcept<__gnu_cxx::__normal_iterator<const double*, std::vector<double> > > >::value’
/mnt/library/BH/include/boost/concept/detail/has_constraints.hpp:45:51:   required from ‘struct boost::concepts::not_satisfied<boost::range_detail::ForwardIteratorConcept<__gnu_cxx::__normal_iterator<const double*, std::vector<double> > > >’
/mnt/library/BH/include/boost/concept/detail/general.hpp:72:8:   required from ‘struct boost::concepts::requirement_<void (*)(boost::range_detail::ForwardIteratorConcept<__gnu_cxx::__normal_iterator<const double*, std::vector<double> > >)>’
/mnt/library/BH/include/boost/range/concepts.hpp:324:9:   [ skipping 3 instantiation contexts, use -ftemplate-backtrace-limit=0 to disable ]
/mnt/library/BH/include/boost/concept/detail/has_constraints.hpp:32:62:   required by substitution of ‘template<class Model> boost::concepts::detail::yes boost::concepts::detail::has_constraints_(Model*, wrap_constraints<Model, (& Model::constraints)>*) [with Model = boost::RandomAccessRangeConcept<std::vector<double> >]’
/mnt/library/BH/include/boost/concept/detail/has_constraints.hpp:42:5:   required from ‘const bool boost::concepts::not_satisfied<boost::RandomAccessRangeConcept<std::vector<double> > >::value’
/mnt/library/BH/include/boost/concept/detail/has_constraints.hpp:45:51:   required from ‘struct boost::concepts::not_satisfied<boost::RandomAccessRangeConcept<std::vector<double> > >’
/mnt/library/BH/include/boost/concept/detail/general.hpp:72:8:   required from ‘struct boost::concepts::requirement_<void (*)(boost::RandomAccessRangeConcept<std::vector<double> >)>’
/mnt/library/BH/include/boost/range/algorithm/nth_element.hpp:33:5:   required from ‘RandomAccessRange& boost::range::random_shuffle(RandomAccessRange&, Generator&) [with RandomAccessRange = std::vector<double>; Generator = pcg_detail::engine<unsigned int, long unsigned int, pcg_detail::xsh_rr_mixin<unsigned int, long unsigned int>, true, pcg_detail::specific_stream<long unsigned int>, pcg_detail::default_multiplier<long unsigned int> >]’
shuffle_matrix.cpp:34:41:   required from here
/mnt/library/BH/include/boost/concept/detail/general.hpp:50:47: warning: ‘this’ pointer is null [-Wnonnull]
   50 |     static void failed() { ((Model*)0)->~Model(); }
      |                            ~~~~~~~~~~~~~~~~~~~^~
/mnt/library/BH/include/boost/concept/usage.hpp:20:5: note: in a call to non-static member function ‘boost::concepts::usage_requirements<Model>::~usage_requirements() [with Model = boost::range_detail::ForwardIteratorConcept<__gnu_cxx::__normal_iterator<const double*, std::vector<double> > >]’
   20 |     ~usage_requirements() { ((Model*)0)->~Model(); }
      |     ^
/mnt/library/BH/include/boost/concept/detail/general.hpp: In instantiation of ‘static void boost::concepts::requirement<boost::concepts::failed************ Model::************>::failed() [with Model = boost::range_detail::ForwardIteratorConcept<__gnu_cxx::__normal_iterator<const double*, std::vector<double> > >]’:
/mnt/library/BH/include/boost/range/concepts.hpp:324:9:   required from ‘struct boost::ForwardRangeConcept<std::vector<double> >’
/mnt/library/BH/include/boost/range/concepts.hpp:354:12:   required from ‘struct boost::BidirectionalRangeConcept<std::vector<double> >’
/mnt/library/BH/include/boost/range/concepts.hpp:372:12:   required from ‘struct boost::RandomAccessRangeConcept<std::vector<double> >’
/mnt/library/BH/include/boost/concept/detail/has_constraints.hpp:32:62:   required by substitution of ‘template<class Model> boost::concepts::detail::yes boost::concepts::detail::has_constraints_(Model*, wrap_constraints<Model, (& Model::constraints)>*) [with Model = boost::RandomAccessRangeConcept<std::vector<double> >]’
/mnt/library/BH/include/boost/concept/detail/has_constraints.hpp:42:5:   required from ‘const bool boost::concepts::not_satisfied<boost::RandomAccessRangeConcept<std::vector<double> > >::value’
/mnt/library/BH/include/boost/concept/detail/has_constraints.hpp:45:51:   required from ‘struct boost::concepts::not_satisfied<boost::RandomAccessRangeConcept<std::vector<double> > >’
/mnt/library/BH/include/boost/concept/detail/general.hpp:72:8:   required from ‘struct boost::concepts::requirement_<void (*)(boost::RandomAccessRangeConcept<std::vector<double> >)>’
/mnt/library/BH/include/boost/range/algorithm/nth_element.hpp:33:5:   required from ‘RandomAccessRange& boost::range::random_shuffle(RandomAccessRange&, Generator&) [with RandomAccessRange = std::vector<double>; Generator = pcg_detail::engine<unsigned int, long unsigned int, pcg_detail::xsh_rr_mixin<unsigned int, long unsigned int>, true, pcg_detail::specific_stream<long unsigned int>, pcg_detail::default_multiplier<long unsigned int> >]’
shuffle_matrix.cpp:34:41:   required from here
/mnt/library/BH/include/boost/concept/detail/general.hpp:50:47: warning: ‘this’ pointer is null [-Wnonnull]
   50 |     static void failed() { ((Model*)0)->~Model(); }
      |                            ~~~~~~~~~~~~~~~~~~~^~
/mnt/library/BH/include/boost/concept/usage.hpp:37:7: note: in a call to non-static member function ‘boost::range_detail::ForwardIteratorConcept<Iterator>::~ForwardIteratorConcept() [with Iterator = __gnu_cxx::__normal_iterator<const double*, std::vector<double> >]’
   37 |       ~model()
      |       ^
/mnt/library/BH/include/boost/range/concepts.hpp:199:13: note: in expansion of macro ‘BOOST_CONCEPT_USAGE’
  199 |             BOOST_CONCEPT_USAGE(ForwardIteratorConcept)
      |             ^~~~~~~~~~~~~~~~~~~
/mnt/library/BH/include/boost/concept/detail/general.hpp: In instantiation of ‘static void boost::concepts::requirement<boost::concepts::failed************ Model::************>::failed() [with Model = boost::concepts::usage_requirements<boost::Convertible<boost::iterators::random_access_traversal_tag, boost::iterators::bidirectional_traversal_tag> >]’:
/mnt/library/BH/include/boost/concept_check.hpp:208:5:   required from ‘struct boost::Convertible<boost::iterators::random_access_traversal_tag, boost::iterators::bidirectional_traversal_tag>’
/mnt/library/BH/include/boost/concept/detail/has_constraints.hpp:32:62:   required by substitution of ‘template<class Model> boost::concepts::detail::yes boost::concepts::detail::has_constraints_(Model*, wrap_constraints<Model, (& Model::constraints)>*) [with Model = boost::Convertible<boost::iterators::random_access_traversal_tag, boost::iterators::bidirectional_traversal_tag>]’
/mnt/library/BH/include/boost/concept/detail/has_constraints.hpp:42:5:   required from ‘const bool boost::concepts::not_satisfied<boost::Convertible<boost::iterators::random_access_traversal_tag, boost::iterators::bidirectional_traversal_tag> >::value’
/mnt/library/BH/include/boost/concept/detail/has_constraints.hpp:45:51:   required from ‘struct boost::concepts::not_satisfied<boost::Convertible<boost::iterators::random_access_traversal_tag, boost::iterators::bidirectional_traversal_tag> >’
/mnt/library/BH/include/boost/concept/detail/general.hpp:72:8:   required from ‘struct boost::concepts::requirement_<void (*)(boost::Convertible<boost::iterators::random_access_traversal_tag, boost::iterators::bidirectional_traversal_tag>)>’
/mnt/library/BH/include/boost/range/concepts.hpp:220:14:   [ skipping 7 instantiation contexts, use -ftemplate-backtrace-limit=0 to disable ]
/mnt/library/BH/include/boost/concept/detail/has_constraints.hpp:32:62:   required by substitution of ‘template<class Model> boost::concepts::detail::yes boost::concepts::detail::has_constraints_(Model*, wrap_constraints<Model, (& Model::constraints)>*) [with Model = boost::RandomAccessRangeConcept<std::vector<double> >]’
/mnt/library/BH/include/boost/concept/detail/has_constraints.hpp:42:5:   required from ‘const bool boost::concepts::not_satisfied<boost::RandomAccessRangeConcept<std::vector<double> > >::value’
/mnt/library/BH/include/boost/concept/detail/has_constraints.hpp:45:51:   required from ‘struct boost::concepts::not_satisfied<boost::RandomAccessRangeConcept<std::vector<double> > >’
/mnt/library/BH/include/boost/concept/detail/general.hpp:72:8:   required from ‘struct boost::concepts::requirement_<void (*)(boost::RandomAccessRangeConcept<std::vector<double> >)>’
/mnt/library/BH/include/boost/range/algorithm/nth_element.hpp:33:5:   required from ‘RandomAccessRange& boost::range::random_shuffle(RandomAccessRange&, Generator&) [with RandomAccessRange = std::vector<double>; Generator = pcg_detail::engine<unsigned int, long unsigned int, pcg_detail::xsh_rr_mixin<unsigned int, long unsigned int>, true, pcg_detail::specific_stream<long unsigned int>, pcg_detail::default_multiplier<long unsigned int> >]’
shuffle_matrix.cpp:34:41:   required from here
/mnt/library/BH/include/boost/concept/detail/general.hpp:50:47: warning: ‘this’ pointer is null [-Wnonnull]
   50 |     static void failed() { ((Model*)0)->~Model(); }
      |                            ~~~~~~~~~~~~~~~~~~~^~
/mnt/library/BH/include/boost/concept/usage.hpp:20:5: note: in a call to non-static member function ‘boost::concepts::usage_requirements<Model>::~usage_requirements() [with Model = boost::Convertible<boost::iterators::random_access_traversal_tag, boost::iterators::bidirectional_traversal_tag>]’
   20 |     ~usage_requirements() { ((Model*)0)->~Model(); }
      |     ^
/mnt/library/BH/include/boost/concept/detail/general.hpp: In instantiation of ‘static void boost::concepts::requirement<boost::concepts::failed************ Model::************>::failed() [with Model = boost::Convertible<boost::iterators::random_access_traversal_tag, boost::iterators::bidirectional_traversal_tag>]’:
/mnt/library/BH/include/boost/range/concepts.hpp:220:14:   required from ‘struct boost::range_detail::BidirectionalIteratorConcept<__gnu_cxx::__normal_iterator<double*, std::vector<double> > >’
/mnt/library/BH/include/boost/concept/detail/has_constraints.hpp:32:62:   required by substitution of ‘template<class Model> boost::concepts::detail::yes boost::concepts::detail::has_constraints_(Model*, wrap_constraints<Model, (& Model::constraints)>*) [with Model = boost::range_detail::BidirectionalIteratorConcept<__gnu_cxx::__normal_iterator<double*, std::vector<double> > >]’
/mnt/library/BH/include/boost/concept/detail/has_constraints.hpp:42:5:   required from ‘const bool boost::concepts::not_satisfied<boost::range_detail::BidirectionalIteratorConcept<__gnu_cxx::__normal_iterator<double*, std::vector<double> > > >::value’
/mnt/library/BH/include/boost/concept/detail/has_constraints.hpp:45:51:   required from ‘struct boost::concepts::not_satisfied<boost::range_detail::BidirectionalIteratorConcept<__gnu_cxx::__normal_iterator<double*, std::vector<double> > > >’
/mnt/library/BH/include/boost/concept/detail/general.hpp:72:8:   required from ‘struct boost::concepts::requirement_<void (*)(boost::range_detail::BidirectionalIteratorConcept<__gnu_cxx::__normal_iterator<double*, std::vector<double> > >)>’
/mnt/library/BH/include/boost/range/concepts.hpp:357:9:   [ skipping 2 instantiation contexts, use -ftemplate-backtrace-limit=0 to disable ]
/mnt/library/BH/include/boost/concept/detail/has_constraints.hpp:32:62:   required by substitution of ‘template<class Model> boost::concepts::detail::yes boost::concepts::detail::has_constraints_(Model*, wrap_constraints<Model, (& Model::constraints)>*) [with Model = boost::RandomAccessRangeConcept<std::vector<double> >]’
/mnt/library/BH/include/boost/concept/detail/has_constraints.hpp:42:5:   required from ‘const bool boost::concepts::not_satisfied<boost::RandomAccessRangeConcept<std::vector<double> > >::value’
/mnt/library/BH/include/boost/concept/detail/has_constraints.hpp:45:51:   required from ‘struct boost::concepts::not_satisfied<boost::RandomAccessRangeConcept<std::vector<double> > >’
/mnt/library/BH/include/boost/concept/detail/general.hpp:72:8:   required from ‘struct boost::concepts::requirement_<void (*)(boost::RandomAccessRangeConcept<std::vector<double> >)>’
/mnt/library/BH/include/boost/range/algorithm/nth_element.hpp:33:5:   required from ‘RandomAccessRange& boost::range::random_shuffle(RandomAccessRange&, Generator&) [with RandomAccessRange = std::vector<double>; Generator = pcg_detail::engine<unsigned int, long unsigned int, pcg_detail::xsh_rr_mixin<unsigned int, long unsigned int>, true, pcg_detail::specific_stream<long unsigned int>, pcg_detail::default_multiplier<long unsigned int> >]’
shuffle_matrix.cpp:34:41:   required from here
/mnt/library/BH/include/boost/concept/detail/general.hpp:50:47: warning: ‘this’ pointer is null [-Wnonnull]
   50 |     static void failed() { ((Model*)0)->~Model(); }
      |                            ~~~~~~~~~~~~~~~~~~~^~
/mnt/library/BH/include/boost/concept/usage.hpp:37:7: note: in a call to non-static member function ‘boost::Convertible<X, Y>::~Convertible() [with X = boost::iterators::random_access_traversal_tag; Y = boost::iterators::bidirectional_traversal_tag]’
   37 |       ~model()
      |       ^
/mnt/library/BH/include/boost/concept_check.hpp:208:5: note: in expansion of macro ‘BOOST_CONCEPT_USAGE’
  208 |     BOOST_CONCEPT_USAGE(Convertible) {
      |     ^~~~~~~~~~~~~~~~~~~
/mnt/library/BH/include/boost/concept/detail/general.hpp: In instantiation of ‘static void boost::concepts::requirement<boost::concepts::failed************ Model::************>::failed() [with Model = boost::concepts::usage_requirements<boost::range_detail::BidirectionalIteratorConcept<__gnu_cxx::__normal_iterator<double*, std::vector<double> > > >]’:
/mnt/library/BH/include/boost/range/concepts.hpp:226:14:   required from ‘struct boost::range_detail::BidirectionalIteratorConcept<__gnu_cxx::__normal_iterator<double*, std::vector<double> > >’
/mnt/library/BH/include/boost/concept/detail/has_constraints.hpp:32:62:   required by substitution of ‘template<class Model> boost::concepts::detail::yes boost::concepts::detail::has_constraints_(Model*, wrap_constraints<Model, (& Model::constraints)>*) [with Model = boost::range_detail::BidirectionalIteratorConcept<__gnu_cxx::__normal_iterator<double*, std::vector<double> > >]’
/mnt/library/BH/include/boost/concept/detail/has_constraints.hpp:42:5:   required from ‘const bool boost::concepts::not_satisfied<boost::range_detail::BidirectionalIteratorConcept<__gnu_cxx::__normal_iterator<double*, std::vector<double> > > >::value’
/mnt/library/BH/include/boost/concept/detail/has_constraints.hpp:45:51:   required from ‘struct boost::concepts::not_satisfied<boost::range_detail::BidirectionalIteratorConcept<__gnu_cxx::__normal_iterator<double*, std::vector<double> > > >’
/mnt/library/BH/include/boost/concept/detail/general.hpp:72:8:   required from ‘struct boost::concepts::requirement_<void (*)(boost::range_detail::BidirectionalIteratorConcept<__gnu_cxx::__normal_iterator<double*, std::vector<double> > >)>’
/mnt/library/BH/include/boost/range/concepts.hpp:357:9:   [ skipping 2 instantiation contexts, use -ftemplate-backtrace-limit=0 to disable ]
/mnt/library/BH/include/boost/concept/detail/has_constraints.hpp:32:62:   required by substitution of ‘template<class Model> boost::concepts::detail::yes boost::concepts::detail::has_constraints_(Model*, wrap_constraints<Model, (& Model::constraints)>*) [with Model = boost::RandomAccessRangeConcept<std::vector<double> >]’
/mnt/library/BH/include/boost/concept/detail/has_constraints.hpp:42:5:   required from ‘const bool boost::concepts::not_satisfied<boost::RandomAccessRangeConcept<std::vector<double> > >::value’
/mnt/library/BH/include/boost/concept/detail/has_constraints.hpp:45:51:   required from ‘struct boost::concepts::not_satisfied<boost::RandomAccessRangeConcept<std::vector<double> > >’
/mnt/library/BH/include/boost/concept/detail/general.hpp:72:8:   required from ‘struct boost::concepts::requirement_<void (*)(boost::RandomAccessRangeConcept<std::vector<double> >)>’
/mnt/library/BH/include/boost/range/algorithm/nth_element.hpp:33:5:   required from ‘RandomAccessRange& boost::range::random_shuffle(RandomAccessRange&, Generator&) [with RandomAccessRange = std::vector<double>; Generator = pcg_detail::engine<unsigned int, long unsigned int, pcg_detail::xsh_rr_mixin<unsigned int, long unsigned int>, true, pcg_detail::specific_stream<long unsigned int>, pcg_detail::default_multiplier<long unsigned int> >]’
shuffle_matrix.cpp:34:41:   required from here
/mnt/library/BH/include/boost/concept/detail/general.hpp:50:47: warning: ‘this’ pointer is null [-Wnonnull]
   50 |     static void failed() { ((Model*)0)->~Model(); }
      |                            ~~~~~~~~~~~~~~~~~~~^~
/mnt/library/BH/include/boost/concept/usage.hpp:20:5: note: in a call to non-static member function ‘boost::concepts::usage_requirements<Model>::~usage_requirements() [with Model = boost::range_detail::BidirectionalIteratorConcept<__gnu_cxx::__normal_iterator<double*, std::vector<double> > >]’
   20 |     ~usage_requirements() { ((Model*)0)->~Model(); }
      |     ^
/mnt/library/BH/include/boost/concept/detail/general.hpp: In instantiation of ‘static void boost::concepts::requirement<boost::concepts::failed************ Model::************>::failed() [with Model = boost::range_detail::BidirectionalIteratorConcept<__gnu_cxx::__normal_iterator<double*, std::vector<double> > >]’:
/mnt/library/BH/include/boost/range/concepts.hpp:357:9:   required from ‘struct boost::BidirectionalRangeConcept<std::vector<double> >’
/mnt/library/BH/include/boost/range/concepts.hpp:372:12:   required from ‘struct boost::RandomAccessRangeConcept<std::vector<double> >’
/mnt/library/BH/include/boost/concept/detail/has_constraints.hpp:32:62:   required by substitution of ‘template<class Model> boost::concepts::detail::yes boost::concepts::detail::has_constraints_(Model*, wrap_constraints<Model, (& Model::constraints)>*) [with Model = boost::RandomAccessRangeConcept<std::vector<double> >]’
/mnt/library/BH/include/boost/concept/detail/has_constraints.hpp:42:5:   required from ‘const bool boost::concepts::not_satisfied<boost::RandomAccessRangeConcept<std::vector<double> > >::value’
/mnt/library/BH/include/boost/concept/detail/has_constraints.hpp:45:51:   required from ‘struct boost::concepts::not_satisfied<boost::RandomAccessRangeConcept<std::vector<double> > >’
/mnt/library/BH/include/boost/concept/detail/general.hpp:72:8:   required from ‘struct boost::concepts::requirement_<void (*)(boost::RandomAccessRangeConcept<std::vector<double> >)>’
/mnt/library/BH/include/boost/range/algorithm/nth_element.hpp:33:5:   required from ‘RandomAccessRange& boost::range::random_shuffle(RandomAccessRange&, Generator&) [with RandomAccessRange = std::vector<double>; Generator = pcg_detail::engine<unsigned int, long unsigned int, pcg_detail::xsh_rr_mixin<unsigned int, long unsigned int>, true, pcg_detail::specific_stream<long unsigned int>, pcg_detail::default_multiplier<long unsigned int> >]’
shuffle_matrix.cpp:34:41:   required from here
/mnt/library/BH/include/boost/concept/detail/general.hpp:50:47: warning: ‘this’ pointer is null [-Wnonnull]
   50 |     static void failed() { ((Model*)0)->~Model(); }
      |                            ~~~~~~~~~~~~~~~~~~~^~
/mnt/library/BH/include/boost/concept/usage.hpp:37:7: note: in a call to non-static member function ‘boost::range_detail::BidirectionalIteratorConcept<Iterator>::~BidirectionalIteratorConcept() [with Iterator = __gnu_cxx::__normal_iterator<double*, std::vector<double> >]’
   37 |       ~model()
      |       ^
/mnt/library/BH/include/boost/range/concepts.hpp:226:14: note: in expansion of macro ‘BOOST_CONCEPT_USAGE’
  226 |              BOOST_CONCEPT_USAGE(BidirectionalIteratorConcept)
      |              ^~~~~~~~~~~~~~~~~~~
/mnt/library/BH/include/boost/concept/detail/general.hpp: In instantiation of ‘static void boost::concepts::requirement<boost::concepts::failed************ Model::************>::failed() [with Model = boost::concepts::usage_requirements<boost::range_detail::BidirectionalIteratorConcept<__gnu_cxx::__normal_iterator<const double*, std::vector<double> > > >]’:
/mnt/library/BH/include/boost/range/concepts.hpp:226:14:   required from ‘struct boost::range_detail::BidirectionalIteratorConcept<__gnu_cxx::__normal_iterator<const double*, std::vector<double> > >’
/mnt/library/BH/include/boost/concept/detail/has_constraints.hpp:32:62:   required by substitution of ‘template<class Model> boost::concepts::detail::yes boost::concepts::detail::has_constraints_(Model*, wrap_constraints<Model, (& Model::constraints)>*) [with Model = boost::range_detail::BidirectionalIteratorConcept<__gnu_cxx::__normal_iterator<const double*, std::vector<double> > >]’
/mnt/library/BH/include/boost/concept/detail/has_constraints.hpp:42:5:   required from ‘const bool boost::concepts::not_satisfied<boost::range_detail::BidirectionalIteratorConcept<__gnu_cxx::__normal_iterator<const double*, std::vector<double> > > >::value’
/mnt/library/BH/include/boost/concept/detail/has_constraints.hpp:45:51:   required from ‘struct boost::concepts::not_satisfied<boost::range_detail::BidirectionalIteratorConcept<__gnu_cxx::__normal_iterator<const double*, std::vector<double> > > >’
/mnt/library/BH/include/boost/concept/detail/general.hpp:72:8:   required from ‘struct boost::concepts::requirement_<void (*)(boost::range_detail::BidirectionalIteratorConcept<__gnu_cxx::__normal_iterator<const double*, std::vector<double> > >)>’
/mnt/library/BH/include/boost/range/concepts.hpp:358:9:   [ skipping 2 instantiation contexts, use -ftemplate-backtrace-limit=0 to disable ]
/mnt/library/BH/include/boost/concept/detail/has_constraints.hpp:32:62:   required by substitution of ‘template<class Model> boost::concepts::detail::yes boost::concepts::detail::has_constraints_(Model*, wrap_constraints<Model, (& Model::constraints)>*) [with Model = boost::RandomAccessRangeConcept<std::vector<double> >]’
/mnt/library/BH/include/boost/concept/detail/has_constraints.hpp:42:5:   required from ‘const bool boost::concepts::not_satisfied<boost::RandomAccessRangeConcept<std::vector<double> > >::value’
/mnt/library/BH/include/boost/concept/detail/has_constraints.hpp:45:51:   required from ‘struct boost::concepts::not_satisfied<boost::RandomAccessRangeConcept<std::vector<double> > >’
/mnt/library/BH/include/boost/concept/detail/general.hpp:72:8:   required from ‘struct boost::concepts::requirement_<void (*)(boost::RandomAccessRangeConcept<std::vector<double> >)>’
/mnt/library/BH/include/boost/range/algorithm/nth_element.hpp:33:5:   required from ‘RandomAccessRange& boost::range::random_shuffle(RandomAccessRange&, Generator&) [with RandomAccessRange = std::vector<double>; Generator = pcg_detail::engine<unsigned int, long unsigned int, pcg_detail::xsh_rr_mixin<unsigned int, long unsigned int>, true, pcg_detail::specific_stream<long unsigned int>, pcg_detail::default_multiplier<long unsigned int> >]’
shuffle_matrix.cpp:34:41:   required from here
/mnt/library/BH/include/boost/concept/detail/general.hpp:50:47: warning: ‘this’ pointer is null [-Wnonnull]
   50 |     static void failed() { ((Model*)0)->~Model(); }
      |                            ~~~~~~~~~~~~~~~~~~~^~
/mnt/library/BH/include/boost/concept/usage.hpp:20:5: note: in a call to non-static member function ‘boost::concepts::usage_requirements<Model>::~usage_requirements() [with Model = boost::range_detail::BidirectionalIteratorConcept<__gnu_cxx::__normal_iterator<const double*, std::vector<double> > >]’
   20 |     ~usage_requirements() { ((Model*)0)->~Model(); }
      |     ^
/mnt/library/BH/include/boost/concept/detail/general.hpp: In instantiation of ‘static void boost::concepts::requirement<boost::concepts::failed************ Model::************>::failed() [with Model = boost::range_detail::BidirectionalIteratorConcept<__gnu_cxx::__normal_iterator<const double*, std::vector<double> > >]’:
/mnt/library/BH/include/boost/range/concepts.hpp:358:9:   required from ‘struct boost::BidirectionalRangeConcept<std::vector<double> >’
/mnt/library/BH/include/boost/range/concepts.hpp:372:12:   required from ‘struct boost::RandomAccessRangeConcept<std::vector<double> >’
/mnt/library/BH/include/boost/concept/detail/has_constraints.hpp:32:62:   required by substitution of ‘template<class Model> boost::concepts::detail::yes boost::concepts::detail::has_constraints_(Model*, wrap_constraints<Model, (& Model::constraints)>*) [with Model = boost::RandomAccessRangeConcept<std::vector<double> >]’
/mnt/library/BH/include/boost/concept/detail/has_constraints.hpp:42:5:   required from ‘const bool boost::concepts::not_satisfied<boost::RandomAccessRangeConcept<std::vector<double> > >::value’
/mnt/library/BH/include/boost/concept/detail/has_constraints.hpp:45:51:   required from ‘struct boost::concepts::not_satisfied<boost::RandomAccessRangeConcept<std::vector<double> > >’
/mnt/library/BH/include/boost/concept/detail/general.hpp:72:8:   required from ‘struct boost::concepts::requirement_<void (*)(boost::RandomAccessRangeConcept<std::vector<double> >)>’
/mnt/library/BH/include/boost/range/algorithm/nth_element.hpp:33:5:   required from ‘RandomAccessRange& boost::range::random_shuffle(RandomAccessRange&, Generator&) [with RandomAccessRange = std::vector<double>; Generator = pcg_detail::engine<unsigned int, long unsigned int, pcg_detail::xsh_rr_mixin<unsigned int, long unsigned int>, true, pcg_detail::specific_stream<long unsigned int>, pcg_detail::default_multiplier<long unsigned int> >]’
shuffle_matrix.cpp:34:41:   required from here
/mnt/library/BH/include/boost/concept/detail/general.hpp:50:47: warning: ‘this’ pointer is null [-Wnonnull]
   50 |     static void failed() { ((Model*)0)->~Model(); }
      |                            ~~~~~~~~~~~~~~~~~~~^~
/mnt/library/BH/include/boost/concept/usage.hpp:37:7: note: in a call to non-static member function ‘boost::range_detail::BidirectionalIteratorConcept<Iterator>::~BidirectionalIteratorConcept() [with Iterator = __gnu_cxx::__normal_iterator<const double*, std::vector<double> >]’
   37 |       ~model()
      |       ^
/mnt/library/BH/include/boost/range/concepts.hpp:226:14: note: in expansion of macro ‘BOOST_CONCEPT_USAGE’
  226 |              BOOST_CONCEPT_USAGE(BidirectionalIteratorConcept)
      |              ^~~~~~~~~~~~~~~~~~~
/mnt/library/BH/include/boost/concept/detail/general.hpp: In instantiation of ‘static void boost::concepts::requirement<boost::concepts::failed************ Model::************>::failed() [with Model = boost::concepts::usage_requirements<boost::Convertible<boost::iterators::random_access_traversal_tag, boost::iterators::random_access_traversal_tag> >]’:
/mnt/library/BH/include/boost/concept_check.hpp:208:5:   required from ‘struct boost::Convertible<boost::iterators::random_access_traversal_tag, boost::iterators::random_access_traversal_tag>’
/mnt/library/BH/include/boost/concept/detail/has_constraints.hpp:32:62:   required by substitution of ‘template<class Model> boost::concepts::detail::yes boost::concepts::detail::has_constraints_(Model*, wrap_constraints<Model, (& Model::constraints)>*) [with Model = boost::Convertible<boost::iterators::random_access_traversal_tag, boost::iterators::random_access_traversal_tag>]’
/mnt/library/BH/include/boost/concept/detail/has_constraints.hpp:42:5:   required from ‘const bool boost::concepts::not_satisfied<boost::Convertible<boost::iterators::random_access_traversal_tag, boost::iterators::random_access_traversal_tag> >::value’
/mnt/library/BH/include/boost/concept/detail/has_constraints.hpp:45:51:   required from ‘struct boost::concepts::not_satisfied<boost::Convertible<boost::iterators::random_access_traversal_tag, boost::iterators::random_access_traversal_tag> >’
/mnt/library/BH/include/boost/concept/detail/general.hpp:72:8:   required from ‘struct boost::concepts::requirement_<void (*)(boost::Convertible<boost::iterators::random_access_traversal_tag, boost::iterators::random_access_traversal_tag>)>’
/mnt/library/BH/include/boost/range/concepts.hpp:241:14:   [ skipping 6 instantiation contexts, use -ftemplate-backtrace-limit=0 to disable ]
/mnt/library/BH/include/boost/concept/detail/has_constraints.hpp:32:62:   required by substitution of ‘template<class Model> boost::concepts::detail::yes boost::concepts::detail::has_constraints_(Model*, wrap_constraints<Model, (& Model::constraints)>*) [with Model = boost::RandomAccessRangeConcept<std::vector<double> >]’
/mnt/library/BH/include/boost/concept/detail/has_constraints.hpp:42:5:   required from ‘const bool boost::concepts::not_satisfied<boost::RandomAccessRangeConcept<std::vector<double> > >::value’
/mnt/library/BH/include/boost/concept/detail/has_constraints.hpp:45:51:   required from ‘struct boost::concepts::not_satisfied<boost::RandomAccessRangeConcept<std::vector<double> > >’
/mnt/library/BH/include/boost/concept/detail/general.hpp:72:8:   required from ‘struct boost::concepts::requirement_<void (*)(boost::RandomAccessRangeConcept<std::vector<double> >)>’
/mnt/library/BH/include/boost/range/algorithm/nth_element.hpp:33:5:   required from ‘RandomAccessRange& boost::range::random_shuffle(RandomAccessRange&, Generator&) [with RandomAccessRange = std::vector<double>; Generator = pcg_detail::engine<unsigned int, long unsigned int, pcg_detail::xsh_rr_mixin<unsigned int, long unsigned int>, true, pcg_detail::specific_stream<long unsigned int>, pcg_detail::default_multiplier<long unsigned int> >]’
shuffle_matrix.cpp:34:41:   required from here
/mnt/library/BH/include/boost/concept/detail/general.hpp:50:47: warning: ‘this’ pointer is null [-Wnonnull]
   50 |     static void failed() { ((Model*)0)->~Model(); }
      |                            ~~~~~~~~~~~~~~~~~~~^~
/mnt/library/BH/include/boost/concept/usage.hpp:20:5: note: in a call to non-static member function ‘boost::concepts::usage_requirements<Model>::~usage_requirements() [with Model = boost::Convertible<boost::iterators::random_access_traversal_tag, boost::iterators::random_access_traversal_tag>]’
   20 |     ~usage_requirements() { ((Model*)0)->~Model(); }
      |     ^
/mnt/library/BH/include/boost/concept/detail/general.hpp: In instantiation of ‘static void boost::concepts::requirement<boost::concepts::failed************ Model::************>::failed() [with Model = boost::Convertible<boost::iterators::random_access_traversal_tag, boost::iterators::random_access_traversal_tag>]’:
/mnt/library/BH/include/boost/range/concepts.hpp:241:14:   required from ‘struct boost::range_detail::RandomAccessIteratorConcept<__gnu_cxx::__normal_iterator<double*, std::vector<double> > >’
/mnt/library/BH/include/boost/concept/detail/has_constraints.hpp:32:62:   required by substitution of ‘template<class Model> boost::concepts::detail::yes boost::concepts::detail::has_constraints_(Model*, wrap_constraints<Model, (& Model::constraints)>*) [with Model = boost::range_detail::RandomAccessIteratorConcept<__gnu_cxx::__normal_iterator<double*, std::vector<double> > >]’
/mnt/library/BH/include/boost/concept/detail/has_constraints.hpp:42:5:   required from ‘const bool boost::concepts::not_satisfied<boost::range_detail::RandomAccessIteratorConcept<__gnu_cxx::__normal_iterator<double*, std::vector<double> > > >::value’
/mnt/library/BH/include/boost/concept/detail/has_constraints.hpp:45:51:   required from ‘struct boost::concepts::not_satisfied<boost::range_detail::RandomAccessIteratorConcept<__gnu_cxx::__normal_iterator<double*, std::vector<double> > > >’
/mnt/library/BH/include/boost/concept/detail/general.hpp:72:8:   [ skipping 2 instantiation contexts, use -ftemplate-backtrace-limit=0 to disable ]
/mnt/library/BH/include/boost/concept/detail/has_constraints.hpp:32:62:   required by substitution of ‘template<class Model> boost::concepts::detail::yes boost::concepts::detail::has_constraints_(Model*, wrap_constraints<Model, (& Model::constraints)>*) [with Model = boost::RandomAccessRangeConcept<std::vector<double> >]’
/mnt/library/BH/include/boost/concept/detail/has_constraints.hpp:42:5:   required from ‘const bool boost::concepts::not_satisfied<boost::RandomAccessRangeConcept<std::vector<double> > >::value’
/mnt/library/BH/include/boost/concept/detail/has_constraints.hpp:45:51:   required from ‘struct boost::concepts::not_satisfied<boost::RandomAccessRangeConcept<std::vector<double> > >’
/mnt/library/BH/include/boost/concept/detail/general.hpp:72:8:   required from ‘struct boost::concepts::requirement_<void (*)(boost::RandomAccessRangeConcept<std::vector<double> >)>’
/mnt/library/BH/include/boost/range/algorithm/nth_element.hpp:33:5:   required from ‘RandomAccessRange& boost::range::random_shuffle(RandomAccessRange&, Generator&) [with RandomAccessRange = std::vector<double>; Generator = pcg_detail::engine<unsigned int, long unsigned int, pcg_detail::xsh_rr_mixin<unsigned int, long unsigned int>, true, pcg_detail::specific_stream<long unsigned int>, pcg_detail::default_multiplier<long unsigned int> >]’
shuffle_matrix.cpp:34:41:   required from here
/mnt/library/BH/include/boost/concept/detail/general.hpp:50:47: warning: ‘this’ pointer is null [-Wnonnull]
   50 |     static void failed() { ((Model*)0)->~Model(); }
      |                            ~~~~~~~~~~~~~~~~~~~^~
/mnt/library/BH/include/boost/concept/usage.hpp:37:7: note: in a call to non-static member function ‘boost::Convertible<X, Y>::~Convertible() [with X = boost::iterators::random_access_traversal_tag; Y = boost::iterators::random_access_traversal_tag]’
   37 |       ~model()
      |       ^
/mnt/library/BH/include/boost/concept_check.hpp:208:5: note: in expansion of macro ‘BOOST_CONCEPT_USAGE’
  208 |     BOOST_CONCEPT_USAGE(Convertible) {
      |     ^~~~~~~~~~~~~~~~~~~
/mnt/library/BH/include/boost/concept/detail/general.hpp: In instantiation of ‘static void boost::concepts::requirement<boost::concepts::failed************ Model::************>::failed() [with Model = boost::concepts::usage_requirements<boost::range_detail::RandomAccessIteratorConcept<__gnu_cxx::__normal_iterator<double*, std::vector<double> > > >]’:
/mnt/library/BH/include/boost/range/concepts.hpp:247:14:   required from ‘struct boost::range_detail::RandomAccessIteratorConcept<__gnu_cxx::__normal_iterator<double*, std::vector<double> > >’
/mnt/library/BH/include/boost/concept/detail/has_constraints.hpp:32:62:   required by substitution of ‘template<class Model> boost::concepts::detail::yes boost::concepts::detail::has_constraints_(Model*, wrap_constraints<Model, (& Model::constraints)>*) [with Model = boost::range_detail::RandomAccessIteratorConcept<__gnu_cxx::__normal_iterator<double*, std::vector<double> > >]’
/mnt/library/BH/include/boost/concept/detail/has_constraints.hpp:42:5:   required from ‘const bool boost::concepts::not_satisfied<boost::range_detail::RandomAccessIteratorConcept<__gnu_cxx::__normal_iterator<double*, std::vector<double> > > >::value’
/mnt/library/BH/include/boost/concept/detail/has_constraints.hpp:45:51:   required from ‘struct boost::concepts::not_satisfied<boost::range_detail::RandomAccessIteratorConcept<__gnu_cxx::__normal_iterator<double*, std::vector<double> > > >’
/mnt/library/BH/include/boost/concept/detail/general.hpp:72:8:   [ skipping 2 instantiation contexts, use -ftemplate-backtrace-limit=0 to disable ]
/mnt/library/BH/include/boost/concept/detail/has_constraints.hpp:32:62:   required by substitution of ‘template<class Model> boost::concepts::detail::yes boost::concepts::detail::has_constraints_(Model*, wrap_constraints<Model, (& Model::constraints)>*) [with Model = boost::RandomAccessRangeConcept<std::vector<double> >]’
/mnt/library/BH/include/boost/concept/detail/has_constraints.hpp:42:5:   required from ‘const bool boost::concepts::not_satisfied<boost::RandomAccessRangeConcept<std::vector<double> > >::value’
/mnt/library/BH/include/boost/concept/detail/has_constraints.hpp:45:51:   required from ‘struct boost::concepts::not_satisfied<boost::RandomAccessRangeConcept<std::vector<double> > >’
/mnt/library/BH/include/boost/concept/detail/general.hpp:72:8:   required from ‘struct boost::concepts::requirement_<void (*)(boost::RandomAccessRangeConcept<std::vector<double> >)>’
/mnt/library/BH/include/boost/range/algorithm/nth_element.hpp:33:5:   required from ‘RandomAccessRange& boost::range::random_shuffle(RandomAccessRange&, Generator&) [with RandomAccessRange = std::vector<double>; Generator = pcg_detail::engine<unsigned int, long unsigned int, pcg_detail::xsh_rr_mixin<unsigned int, long unsigned int>, true, pcg_detail::specific_stream<long unsigned int>, pcg_detail::default_multiplier<long unsigned int> >]’
shuffle_matrix.cpp:34:41:   required from here
/mnt/library/BH/include/boost/concept/detail/general.hpp:50:47: warning: ‘this’ pointer is null [-Wnonnull]
   50 |     static void failed() { ((Model*)0)->~Model(); }
      |                            ~~~~~~~~~~~~~~~~~~~^~
/mnt/library/BH/include/boost/concept/usage.hpp:20:5: note: in a call to non-static member function ‘boost::concepts::usage_requirements<Model>::~usage_requirements() [with Model = boost::range_detail::RandomAccessIteratorConcept<__gnu_cxx::__normal_iterator<double*, std::vector<double> > >]’
   20 |     ~usage_requirements() { ((Model*)0)->~Model(); }
      |     ^
/mnt/library/BH/include/boost/concept/detail/general.hpp: In instantiation of ‘static void boost::concepts::requirement<boost::concepts::failed************ Model::************>::failed() [with Model = boost::range_detail::RandomAccessIteratorConcept<__gnu_cxx::__normal_iterator<double*, std::vector<double> > >]’:
/mnt/library/BH/include/boost/range/concepts.hpp:375:9:   required from ‘struct boost::RandomAccessRangeConcept<std::vector<double> >’
/mnt/library/BH/include/boost/concept/detail/has_constraints.hpp:32:62:   required by substitution of ‘template<class Model> boost::concepts::detail::yes boost::concepts::detail::has_constraints_(Model*, wrap_constraints<Model, (& Model::constraints)>*) [with Model = boost::RandomAccessRangeConcept<std::vector<double> >]’
/mnt/library/BH/include/boost/concept/detail/has_constraints.hpp:42:5:   required from ‘const bool boost::concepts::not_satisfied<boost::RandomAccessRangeConcept<std::vector<double> > >::value’
/mnt/library/BH/include/boost/concept/detail/has_constraints.hpp:45:51:   required from ‘struct boost::concepts::not_satisfied<boost::RandomAccessRangeConcept<std::vector<double> > >’
/mnt/library/BH/include/boost/concept/detail/general.hpp:72:8:   required from ‘struct boost::concepts::requirement_<void (*)(boost::RandomAccessRangeConcept<std::vector<double> >)>’
/mnt/library/BH/include/boost/range/algorithm/nth_element.hpp:33:5:   required from ‘RandomAccessRange& boost::range::random_shuffle(RandomAccessRange&, Generator&) [with RandomAccessRange = std::vector<double>; Generator = pcg_detail::engine<unsigned int, long unsigned int, pcg_detail::xsh_rr_mixin<unsigned int, long unsigned int>, true, pcg_detail::specific_stream<long unsigned int>, pcg_detail::default_multiplier<long unsigned int> >]’
shuffle_matrix.cpp:34:41:   required from here
/mnt/library/BH/include/boost/concept/detail/general.hpp:50:47: warning: ‘this’ pointer is null [-Wnonnull]
   50 |     static void failed() { ((Model*)0)->~Model(); }
      |                            ~~~~~~~~~~~~~~~~~~~^~
/mnt/library/BH/include/boost/concept/usage.hpp:37:7: note: in a call to non-static member function ‘boost::range_detail::RandomAccessIteratorConcept<Iterator>::~RandomAccessIteratorConcept() [with Iterator = __gnu_cxx::__normal_iterator<double*, std::vector<double> >]’
   37 |       ~model()
      |       ^
/mnt/library/BH/include/boost/range/concepts.hpp:247:14: note: in expansion of macro ‘BOOST_CONCEPT_USAGE’
  247 |              BOOST_CONCEPT_USAGE(RandomAccessIteratorConcept)
      |              ^~~~~~~~~~~~~~~~~~~
/mnt/library/BH/include/boost/concept/detail/general.hpp: In instantiation of ‘static void boost::concepts::requirement<boost::concepts::failed************ Model::************>::failed() [with Model = boost::concepts::usage_requirements<boost::range_detail::RandomAccessIteratorConcept<__gnu_cxx::__normal_iterator<const double*, std::vector<double> > > >]’:
/mnt/library/BH/include/boost/range/concepts.hpp:247:14:   required from ‘struct boost::range_detail::RandomAccessIteratorConcept<__gnu_cxx::__normal_iterator<const double*, std::vector<double> > >’
/mnt/library/BH/include/boost/concept/detail/has_constraints.hpp:32:62:   required by substitution of ‘template<class Model> boost::concepts::detail::yes boost::concepts::detail::has_constraints_(Model*, wrap_constraints<Model, (& Model::constraints)>*) [with Model = boost::range_detail::RandomAccessIteratorConcept<__gnu_cxx::__normal_iterator<const double*, std::vector<double> > >]’
/mnt/library/BH/include/boost/concept/detail/has_constraints.hpp:42:5:   required from ‘const bool boost::concepts::not_satisfied<boost::range_detail::RandomAccessIteratorConcept<__gnu_cxx::__normal_iterator<const double*, std::vector<double> > > >::value’
/mnt/library/BH/include/boost/concept/detail/has_constraints.hpp:45:51:   required from ‘struct boost::concepts::not_satisfied<boost::range_detail::RandomAccessIteratorConcept<__gnu_cxx::__normal_iterator<const double*, std::vector<double> > > >’
/mnt/library/BH/include/boost/concept/detail/general.hpp:72:8:   [ skipping 2 instantiation contexts, use -ftemplate-backtrace-limit=0 to disable ]
/mnt/library/BH/include/boost/concept/detail/has_constraints.hpp:32:62:   required by substitution of ‘template<class Model> boost::concepts::detail::yes boost::concepts::detail::has_constraints_(Model*, wrap_constraints<Model, (& Model::constraints)>*) [with Model = boost::RandomAccessRangeConcept<std::vector<double> >]’
/mnt/library/BH/include/boost/concept/detail/has_constraints.hpp:42:5:   required from ‘const bool boost::concepts::not_satisfied<boost::RandomAccessRangeConcept<std::vector<double> > >::value’
/mnt/library/BH/include/boost/concept/detail/has_constraints.hpp:45:51:   required from ‘struct boost::concepts::not_satisfied<boost::RandomAccessRangeConcept<std::vector<double> > >’
/mnt/library/BH/include/boost/concept/detail/general.hpp:72:8:   required from ‘struct boost::concepts::requirement_<void (*)(boost::RandomAccessRangeConcept<std::vector<double> >)>’
/mnt/library/BH/include/boost/range/algorithm/nth_element.hpp:33:5:   required from ‘RandomAccessRange& boost::range::random_shuffle(RandomAccessRange&, Generator&) [with RandomAccessRange = std::vector<double>; Generator = pcg_detail::engine<unsigned int, long unsigned int, pcg_detail::xsh_rr_mixin<unsigned int, long unsigned int>, true, pcg_detail::specific_stream<long unsigned int>, pcg_detail::default_multiplier<long unsigned int> >]’
shuffle_matrix.cpp:34:41:   required from here
/mnt/library/BH/include/boost/concept/detail/general.hpp:50:47: warning: ‘this’ pointer is null [-Wnonnull]
   50 |     static void failed() { ((Model*)0)->~Model(); }
      |                            ~~~~~~~~~~~~~~~~~~~^~
/mnt/library/BH/include/boost/concept/usage.hpp:20:5: note: in a call to non-static member function ‘boost::concepts::usage_requirements<Model>::~usage_requirements() [with Model = boost::range_detail::RandomAccessIteratorConcept<__gnu_cxx::__normal_iterator<const double*, std::vector<double> > >]’
   20 |     ~usage_requirements() { ((Model*)0)->~Model(); }
      |     ^
/mnt/library/BH/include/boost/concept/detail/general.hpp: In instantiation of ‘static void boost::concepts::requirement<boost::concepts::failed************ Model::************>::failed() [with Model = boost::range_detail::RandomAccessIteratorConcept<__gnu_cxx::__normal_iterator<const double*, std::vector<double> > >]’:
/mnt/library/BH/include/boost/range/concepts.hpp:376:9:   required from ‘struct boost::RandomAccessRangeConcept<std::vector<double> >’
/mnt/library/BH/include/boost/concept/detail/has_constraints.hpp:32:62:   required by substitution of ‘template<class Model> boost::concepts::detail::yes boost::concepts::detail::has_constraints_(Model*, wrap_constraints<Model, (& Model::constraints)>*) [with Model = boost::RandomAccessRangeConcept<std::vector<double> >]’
/mnt/library/BH/include/boost/concept/detail/has_constraints.hpp:42:5:   required from ‘const bool boost::concepts::not_satisfied<boost::RandomAccessRangeConcept<std::vector<double> > >::value’
/mnt/library/BH/include/boost/concept/detail/has_constraints.hpp:45:51:   required from ‘struct boost::concepts::not_satisfied<boost::RandomAccessRangeConcept<std::vector<double> > >’
/mnt/library/BH/include/boost/concept/detail/general.hpp:72:8:   required from ‘struct boost::concepts::requirement_<void (*)(boost::RandomAccessRangeConcept<std::vector<double> >)>’
/mnt/library/BH/include/boost/range/algorithm/nth_element.hpp:33:5:   required from ‘RandomAccessRange& boost::range::random_shuffle(RandomAccessRange&, Generator&) [with RandomAccessRange = std::vector<double>; Generator = pcg_detail::engine<unsigned int, long unsigned int, pcg_detail::xsh_rr_mixin<unsigned int, long unsigned int>, true, pcg_detail::specific_stream<long unsigned int>, pcg_detail::default_multiplier<long unsigned int> >]’
shuffle_matrix.cpp:34:41:   required from here
/mnt/library/BH/include/boost/concept/detail/general.hpp:50:47: warning: ‘this’ pointer is null [-Wnonnull]
   50 |     static void failed() { ((Model*)0)->~Model(); }
      |                            ~~~~~~~~~~~~~~~~~~~^~
/mnt/library/BH/include/boost/concept/usage.hpp:37:7: note: in a call to non-static member function ‘boost::range_detail::RandomAccessIteratorConcept<Iterator>::~RandomAccessIteratorConcept() [with Iterator = __gnu_cxx::__normal_iterator<const double*, std::vector<double> >]’
   37 |       ~model()
      |       ^
/mnt/library/BH/include/boost/range/concepts.hpp:247:14: note: in expansion of macro ‘BOOST_CONCEPT_USAGE’
  247 |              BOOST_CONCEPT_USAGE(RandomAccessIteratorConcept)
      |              ^~~~~~~~~~~~~~~~~~~
/mnt/library/BH/include/boost/concept/detail/general.hpp: In instantiation of ‘static void boost::concepts::requirement<boost::concepts::failed************ Model::************>::failed() [with Model = boost::RandomAccessRangeConcept<std::vector<double> >]’:
/mnt/library/BH/include/boost/range/algorithm/nth_element.hpp:33:5:   required from ‘RandomAccessRange& boost::range::random_shuffle(RandomAccessRange&, Generator&) [with RandomAccessRange = std::vector<double>; Generator = pcg_detail::engine<unsigned int, long unsigned int, pcg_detail::xsh_rr_mixin<unsigned int, long unsigned int>, true, pcg_detail::specific_stream<long unsigned int>, pcg_detail::default_multiplier<long unsigned int> >]’
shuffle_matrix.cpp:34:41:   required from here
/mnt/library/BH/include/boost/concept/detail/general.hpp:50:47: warning: ‘this’ pointer is null [-Wnonnull]
   50 |     static void failed() { ((Model*)0)->~Model(); }
      |                            ~~~~~~~~~~~~~~~~~~~^~
/mnt/library/BH/include/boost/range/concepts.hpp:372:12: note: in a call to non-static member function ‘boost::RandomAccessRangeConcept<std::vector<double> >::~RandomAccessRangeConcept()’
  372 |     struct RandomAccessRangeConcept : BidirectionalRangeConcept<T>
      |            ^~~~~~~~~~~~~~~~~~~~~~~~
/mnt/library/BH/include/boost/concept/usage.hpp: In instantiation of ‘boost::concepts::usage_requirements<Model>::~usage_requirements() [with Model = boost::CopyConstructible<__gnu_cxx::__normal_iterator<double*, std::vector<double> > >]’:
/mnt/library/BH/include/boost/concept/detail/general.hpp:50:47:   required from ‘static void boost::concepts::requirement<boost::concepts::failed************ Model::************>::failed() [with Model = boost::concepts::usage_requirements<boost::CopyConstructible<__gnu_cxx::__normal_iterator<double*, std::vector<double> > > >]’
/mnt/library/BH/include/boost/concept_check.hpp:167:5:   required from ‘struct boost::CopyConstructible<__gnu_cxx::__normal_iterator<double*, std::vector<double> > >’
/mnt/library/BH/include/boost/range/concepts.hpp:127:16:   required from ‘struct boost::range_detail::IncrementableIteratorConcept<__gnu_cxx::__normal_iterator<double*, std::vector<double> > >’
/mnt/library/BH/include/boost/range/concepts.hpp:149:16:   required from ‘struct boost::range_detail::SinglePassIteratorConcept<__gnu_cxx::__normal_iterator<double*, std::vector<double> > >’
/mnt/library/BH/include/boost/concept/detail/has_constraints.hpp:32:62:   required by substitution of ‘template<class Model> boost::concepts::detail::yes boost::concepts::detail::has_constraints_(Model*, wrap_constraints<Model, (& Model::constraints)>*) [with Model = boost::range_detail::SinglePassIteratorConcept<__gnu_cxx::__normal_iterator<double*, std::vector<double> > >]’
/mnt/library/BH/include/boost/concept/detail/has_constraints.hpp:42:5:   [ skipping 7 instantiation contexts, use -ftemplate-backtrace-limit=0 to disable ]
/mnt/library/BH/include/boost/concept/detail/has_constraints.hpp:32:62:   required by substitution of ‘template<class Model> boost::concepts::detail::yes boost::concepts::detail::has_constraints_(Model*, wrap_constraints<Model, (& Model::constraints)>*) [with Model = boost::RandomAccessRangeConcept<std::vector<double> >]’
/mnt/library/BH/include/boost/concept/detail/has_constraints.hpp:42:5:   required from ‘const bool boost::concepts::not_satisfied<boost::RandomAccessRangeConcept<std::vector<double> > >::value’
/mnt/library/BH/include/boost/concept/detail/has_constraints.hpp:45:51:   required from ‘struct boost::concepts::not_satisfied<boost::RandomAccessRangeConcept<std::vector<double> > >’
/mnt/library/BH/include/boost/concept/detail/general.hpp:72:8:   required from ‘struct boost::concepts::requirement_<void (*)(boost::RandomAccessRangeConcept<std::vector<double> >)>’
/mnt/library/BH/include/boost/range/algorithm/nth_element.hpp:33:5:   required from ‘RandomAccessRange& boost::range::random_shuffle(RandomAccessRange&, Generator&) [with RandomAccessRange = std::vector<double>; Generator = pcg_detail::engine<unsigned int, long unsigned int, pcg_detail::xsh_rr_mixin<unsigned int, long unsigned int>, true, pcg_detail::specific_stream<long unsigned int>, pcg_detail::default_multiplier<long unsigned int> >]’
shuffle_matrix.cpp:34:41:   required from here
/mnt/library/BH/include/boost/concept/usage.hpp:20:48: warning: ‘this’ pointer is null [-Wnonnull]
   20 |     ~usage_requirements() { ((Model*)0)->~Model(); }
      |                             ~~~~~~~~~~~~~~~~~~~^~
/mnt/library/BH/include/boost/concept/usage.hpp:37:7: note: in a call to non-static member function ‘boost::CopyConstructible<TT>::~CopyConstructible() [with TT = __gnu_cxx::__normal_iterator<double*, std::vector<double> >]’
   37 |       ~model()
      |       ^
/mnt/library/BH/include/boost/concept_check.hpp:167:5: note: in expansion of macro ‘BOOST_CONCEPT_USAGE’
  167 |     BOOST_CONCEPT_USAGE(CopyConstructible) {
      |     ^~~~~~~~~~~~~~~~~~~
/mnt/library/BH/include/boost/concept/usage.hpp: In instantiation of ‘boost::concepts::usage_requirements<Model>::~usage_requirements() [with Model = boost::Convertible<boost::iterators::random_access_traversal_tag, boost::iterators::incrementable_traversal_tag>]’:
/mnt/library/BH/include/boost/concept/detail/general.hpp:50:47:   required from ‘static void boost::concepts::requirement<boost::concepts::failed************ Model::************>::failed() [with Model = boost::concepts::usage_requirements<boost::Convertible<boost::iterators::random_access_traversal_tag, boost::iterators::incrementable_traversal_tag> >]’
/mnt/library/BH/include/boost/concept_check.hpp:208:5:   required from ‘struct boost::Convertible<boost::iterators::random_access_traversal_tag, boost::iterators::incrementable_traversal_tag>’
/mnt/library/BH/include/boost/concept/detail/has_constraints.hpp:32:62:   required by substitution of ‘template<class Model> boost::concepts::detail::yes boost::concepts::detail::has_constraints_(Model*, wrap_constraints<Model, (& Model::constraints)>*) [with Model = boost::Convertible<boost::iterators::random_access_traversal_tag, boost::iterators::incrementable_traversal_tag>]’
/mnt/library/BH/include/boost/concept/detail/has_constraints.hpp:42:5:   required from ‘const bool boost::concepts::not_satisfied<boost::Convertible<boost::iterators::random_access_traversal_tag, boost::iterators::incrementable_traversal_tag> >::value’
/mnt/library/BH/include/boost/concept/detail/has_constraints.hpp:45:51:   required from ‘struct boost::concepts::not_satisfied<boost::Convertible<boost::iterators::random_access_traversal_tag, boost::iterators::incrementable_traversal_tag> >’
/mnt/library/BH/include/boost/concept/detail/general.hpp:72:8:   [ skipping 11 instantiation contexts, use -ftemplate-backtrace-limit=0 to disable ]
/mnt/library/BH/include/boost/concept/detail/has_constraints.hpp:32:62:   required by substitution of ‘template<class Model> boost::concepts::detail::yes boost::concepts::detail::has_constraints_(Model*, wrap_constraints<Model, (& Model::constraints)>*) [with Model = boost::RandomAccessRangeConcept<std::vector<double> >]’
/mnt/library/BH/include/boost/concept/detail/has_constraints.hpp:42:5:   required from ‘const bool boost::concepts::not_satisfied<boost::RandomAccessRangeConcept<std::vector<double> > >::value’
/mnt/library/BH/include/boost/concept/detail/has_constraints.hpp:45:51:   required from ‘struct boost::concepts::not_satisfied<boost::RandomAccessRangeConcept<std::vector<double> > >’
/mnt/library/BH/include/boost/concept/detail/general.hpp:72:8:   required from ‘struct boost::concepts::requirement_<void (*)(boost::RandomAccessRangeConcept<std::vector<double> >)>’
/mnt/library/BH/include/boost/range/algorithm/nth_element.hpp:33:5:   required from ‘RandomAccessRange& boost::range::random_shuffle(RandomAccessRange&, Generator&) [with RandomAccessRange = std::vector<double>; Generator = pcg_detail::engine<unsigned int, long unsigned int, pcg_detail::xsh_rr_mixin<unsigned int, long unsigned int>, true, pcg_detail::specific_stream<long unsigned int>, pcg_detail::default_multiplier<long unsigned int> >]’
shuffle_matrix.cpp:34:41:   required from here
/mnt/library/BH/include/boost/concept/usage.hpp:20:48: warning: ‘this’ pointer is null [-Wnonnull]
   20 |     ~usage_requirements() { ((Model*)0)->~Model(); }
      |                             ~~~~~~~~~~~~~~~~~~~^~
/mnt/library/BH/include/boost/concept/usage.hpp:37:7: note: in a call to non-static member function ‘boost::Convertible<X, Y>::~Convertible() [with X = boost::iterators::random_access_traversal_tag; Y = boost::iterators::incrementable_traversal_tag]’
   37 |       ~model()
      |       ^
/mnt/library/BH/include/boost/concept_check.hpp:208:5: note: in expansion of macro ‘BOOST_CONCEPT_USAGE’
  208 |     BOOST_CONCEPT_USAGE(Convertible) {
      |     ^~~~~~~~~~~~~~~~~~~
/mnt/library/BH/include/boost/concept/usage.hpp: In instantiation of ‘boost::concepts::usage_requirements<Model>::~usage_requirements() [with Model = boost::range_detail::IncrementableIteratorConcept<__gnu_cxx::__normal_iterator<double*, std::vector<double> > >]’:
/mnt/library/BH/include/boost/concept/detail/general.hpp:50:47:   required from ‘static void boost::concepts::requirement<boost::concepts::failed************ Model::************>::failed() [with Model = boost::concepts::usage_requirements<boost::range_detail::IncrementableIteratorConcept<__gnu_cxx::__normal_iterator<double*, std::vector<double> > > >]’
/mnt/library/BH/include/boost/range/concepts.hpp:138:13:   required from ‘struct boost::range_detail::IncrementableIteratorConcept<__gnu_cxx::__normal_iterator<double*, std::vector<double> > >’
/mnt/library/BH/include/boost/range/concepts.hpp:149:16:   required from ‘struct boost::range_detail::SinglePassIteratorConcept<__gnu_cxx::__normal_iterator<double*, std::vector<double> > >’
/mnt/library/BH/include/boost/concept/detail/has_constraints.hpp:32:62:   required by substitution of ‘template<class Model> boost::concepts::detail::yes boost::concepts::detail::has_constraints_(Model*, wrap_constraints<Model, (& Model::constraints)>*) [with Model = boost::range_detail::SinglePassIteratorConcept<__gnu_cxx::__normal_iterator<double*, std::vector<double> > >]’
/mnt/library/BH/include/boost/concept/detail/has_constraints.hpp:42:5:   required from ‘const bool boost::concepts::not_satisfied<boost::range_detail::SinglePassIteratorConcept<__gnu_cxx::__normal_iterator<double*, std::vector<double> > > >::value’
/mnt/library/BH/include/boost/concept/detail/has_constraints.hpp:45:51:   [ skipping 6 instantiation contexts, use -ftemplate-backtrace-limit=0 to disable ]
/mnt/library/BH/include/boost/concept/detail/has_constraints.hpp:32:62:   required by substitution of ‘template<class Model> boost::concepts::detail::yes boost::concepts::detail::has_constraints_(Model*, wrap_constraints<Model, (& Model::constraints)>*) [with Model = boost::RandomAccessRangeConcept<std::vector<double> >]’
/mnt/library/BH/include/boost/concept/detail/has_constraints.hpp:42:5:   required from ‘const bool boost::concepts::not_satisfied<boost::RandomAccessRangeConcept<std::vector<double> > >::value’
/mnt/library/BH/include/boost/concept/detail/has_constraints.hpp:45:51:   required from ‘struct boost::concepts::not_satisfied<boost::RandomAccessRangeConcept<std::vector<double> > >’
/mnt/library/BH/include/boost/concept/detail/general.hpp:72:8:   required from ‘struct boost::concepts::requirement_<void (*)(boost::RandomAccessRangeConcept<std::vector<double> >)>’
/mnt/library/BH/include/boost/range/algorithm/nth_element.hpp:33:5:   required from ‘RandomAccessRange& boost::range::random_shuffle(RandomAccessRange&, Generator&) [with RandomAccessRange = std::vector<double>; Generator = pcg_detail::engine<unsigned int, long unsigned int, pcg_detail::xsh_rr_mixin<unsigned int, long unsigned int>, true, pcg_detail::specific_stream<long unsigned int>, pcg_detail::default_multiplier<long unsigned int> >]’
shuffle_matrix.cpp:34:41:   required from here
/mnt/library/BH/include/boost/concept/usage.hpp:20:48: warning: ‘this’ pointer is null [-Wnonnull]
   20 |     ~usage_requirements() { ((Model*)0)->~Model(); }
      |                             ~~~~~~~~~~~~~~~~~~~^~
/mnt/library/BH/include/boost/concept/usage.hpp:37:7: note: in a call to non-static member function ‘boost::range_detail::IncrementableIteratorConcept<Iterator>::~IncrementableIteratorConcept() [with Iterator = __gnu_cxx::__normal_iterator<double*, std::vector<double> >]’
   37 |       ~model()
      |       ^
/mnt/library/BH/include/boost/range/concepts.hpp:138:13: note: in expansion of macro ‘BOOST_CONCEPT_USAGE’
  138 |             BOOST_CONCEPT_USAGE(IncrementableIteratorConcept)
      |             ^~~~~~~~~~~~~~~~~~~
/mnt/library/BH/include/boost/concept/usage.hpp: In instantiation of ‘boost::concepts::usage_requirements<Model>::~usage_requirements() [with Model = boost::EqualityComparable<__gnu_cxx::__normal_iterator<double*, std::vector<double> > >]’:
/mnt/library/BH/include/boost/concept/detail/general.hpp:50:47:   required from ‘static void boost::concepts::requirement<boost::concepts::failed************ Model::************>::failed() [with Model = boost::concepts::usage_requirements<boost::EqualityComparable<__gnu_cxx::__normal_iterator<double*, std::vector<double> > > >]’
/mnt/library/BH/include/boost/concept_check.hpp:233:5:   required from ‘struct boost::EqualityComparable<__gnu_cxx::__normal_iterator<double*, std::vector<double> > >’
/mnt/library/BH/include/boost/range/concepts.hpp:149:16:   required from ‘struct boost::range_detail::SinglePassIteratorConcept<__gnu_cxx::__normal_iterator<double*, std::vector<double> > >’
/mnt/library/BH/include/boost/concept/detail/has_constraints.hpp:32:62:   required by substitution of ‘template<class Model> boost::concepts::detail::yes boost::concepts::detail::has_constraints_(Model*, wrap_constraints<Model, (& Model::constraints)>*) [with Model = boost::range_detail::SinglePassIteratorConcept<__gnu_cxx::__normal_iterator<double*, std::vector<double> > >]’
/mnt/library/BH/include/boost/concept/detail/has_constraints.hpp:42:5:   required from ‘const bool boost::concepts::not_satisfied<boost::range_detail::SinglePassIteratorConcept<__gnu_cxx::__normal_iterator<double*, std::vector<double> > > >::value’
/mnt/library/BH/include/boost/concept/detail/has_constraints.hpp:45:51:   [ skipping 6 instantiation contexts, use -ftemplate-backtrace-limit=0 to disable ]
/mnt/library/BH/include/boost/concept/detail/has_constraints.hpp:32:62:   required by substitution of ‘template<class Model> boost::concepts::detail::yes boost::concepts::detail::has_constraints_(Model*, wrap_constraints<Model, (& Model::constraints)>*) [with Model = boost::RandomAccessRangeConcept<std::vector<double> >]’
/mnt/library/BH/include/boost/concept/detail/has_constraints.hpp:42:5:   required from ‘const bool boost::concepts::not_satisfied<boost::RandomAccessRangeConcept<std::vector<double> > >::value’
/mnt/library/BH/include/boost/concept/detail/has_constraints.hpp:45:51:   required from ‘struct boost::concepts::not_satisfied<boost::RandomAccessRangeConcept<std::vector<double> > >’
/mnt/library/BH/include/boost/concept/detail/general.hpp:72:8:   required from ‘struct boost::concepts::requirement_<void (*)(boost::RandomAccessRangeConcept<std::vector<double> >)>’
/mnt/library/BH/include/boost/range/algorithm/nth_element.hpp:33:5:   required from ‘RandomAccessRange& boost::range::random_shuffle(RandomAccessRange&, Generator&) [with RandomAccessRange = std::vector<double>; Generator = pcg_detail::engine<unsigned int, long unsigned int, pcg_detail::xsh_rr_mixin<unsigned int, long unsigned int>, true, pcg_detail::specific_stream<long unsigned int>, pcg_detail::default_multiplier<long unsigned int> >]’
shuffle_matrix.cpp:34:41:   required from here
/mnt/library/BH/include/boost/concept/usage.hpp:20:48: warning: ‘this’ pointer is null [-Wnonnull]
   20 |     ~usage_requirements() { ((Model*)0)->~Model(); }
      |                             ~~~~~~~~~~~~~~~~~~~^~
/mnt/library/BH/include/boost/concept/usage.hpp:37:7: note: in a call to non-static member function ‘boost::EqualityComparable<TT>::~EqualityComparable() [with TT = __gnu_cxx::__normal_iterator<double*, std::vector<double> >]’
   37 |       ~model()
      |       ^
/mnt/library/BH/include/boost/concept_check.hpp:233:5: note: in expansion of macro ‘BOOST_CONCEPT_USAGE’
  233 |     BOOST_CONCEPT_USAGE(EqualityComparable) {
      |     ^~~~~~~~~~~~~~~~~~~
/mnt/library/BH/include/boost/concept/usage.hpp: In instantiation of ‘boost::concepts::usage_requirements<Model>::~usage_requirements() [with Model = boost::Convertible<boost::iterators::random_access_traversal_tag, boost::iterators::single_pass_traversal_tag>]’:
/mnt/library/BH/include/boost/concept/detail/general.hpp:50:47:   required from ‘static void boost::concepts::requirement<boost::concepts::failed************ Model::************>::failed() [with Model = boost::concepts::usage_requirements<boost::Convertible<boost::iterators::random_access_traversal_tag, boost::iterators::single_pass_traversal_tag> >]’
/mnt/library/BH/include/boost/concept_check.hpp:208:5:   required from ‘struct boost::Convertible<boost::iterators::random_access_traversal_tag, boost::iterators::single_pass_traversal_tag>’
/mnt/library/BH/include/boost/concept/detail/has_constraints.hpp:32:62:   required by substitution of ‘template<class Model> boost::concepts::detail::yes boost::concepts::detail::has_constraints_(Model*, wrap_constraints<Model, (& Model::constraints)>*) [with Model = boost::Convertible<boost::iterators::random_access_traversal_tag, boost::iterators::single_pass_traversal_tag>]’
/mnt/library/BH/include/boost/concept/detail/has_constraints.hpp:42:5:   required from ‘const bool boost::concepts::not_satisfied<boost::Convertible<boost::iterators::random_access_traversal_tag, boost::iterators::single_pass_traversal_tag> >::value’
/mnt/library/BH/include/boost/concept/detail/has_constraints.hpp:45:51:   required from ‘struct boost::concepts::not_satisfied<boost::Convertible<boost::iterators::random_access_traversal_tag, boost::iterators::single_pass_traversal_tag> >’
/mnt/library/BH/include/boost/concept/detail/general.hpp:72:8:   [ skipping 10 instantiation contexts, use -ftemplate-backtrace-limit=0 to disable ]
/mnt/library/BH/include/boost/concept/detail/has_constraints.hpp:32:62:   required by substitution of ‘template<class Model> boost::concepts::detail::yes boost::concepts::detail::has_constraints_(Model*, wrap_constraints<Model, (& Model::constraints)>*) [with Model = boost::RandomAccessRangeConcept<std::vector<double> >]’
/mnt/library/BH/include/boost/concept/detail/has_constraints.hpp:42:5:   required from ‘const bool boost::concepts::not_satisfied<boost::RandomAccessRangeConcept<std::vector<double> > >::value’
/mnt/library/BH/include/boost/concept/detail/has_constraints.hpp:45:51:   required from ‘struct boost::concepts::not_satisfied<boost::RandomAccessRangeConcept<std::vector<double> > >’
/mnt/library/BH/include/boost/concept/detail/general.hpp:72:8:   required from ‘struct boost::concepts::requirement_<void (*)(boost::RandomAccessRangeConcept<std::vector<double> >)>’
/mnt/library/BH/include/boost/range/algorithm/nth_element.hpp:33:5:   required from ‘RandomAccessRange& boost::range::random_shuffle(RandomAccessRange&, Generator&) [with RandomAccessRange = std::vector<double>; Generator = pcg_detail::engine<unsigned int, long unsigned int, pcg_detail::xsh_rr_mixin<unsigned int, long unsigned int>, true, pcg_detail::specific_stream<long unsigned int>, pcg_detail::default_multiplier<long unsigned int> >]’
shuffle_matrix.cpp:34:41:   required from here
/mnt/library/BH/include/boost/concept/usage.hpp:20:48: warning: ‘this’ pointer is null [-Wnonnull]
   20 |     ~usage_requirements() { ((Model*)0)->~Model(); }
      |                             ~~~~~~~~~~~~~~~~~~~^~
/mnt/library/BH/include/boost/concept/usage.hpp:37:7: note: in a call to non-static member function ‘boost::Convertible<X, Y>::~Convertible() [with X = boost::iterators::random_access_traversal_tag; Y = boost::iterators::single_pass_traversal_tag]’
   37 |       ~model()
      |       ^
/mnt/library/BH/include/boost/concept_check.hpp:208:5: note: in expansion of macro ‘BOOST_CONCEPT_USAGE’
  208 |     BOOST_CONCEPT_USAGE(Convertible) {
      |     ^~~~~~~~~~~~~~~~~~~
/mnt/library/BH/include/boost/concept/usage.hpp: In instantiation of ‘boost::concepts::usage_requirements<Model>::~usage_requirements() [with Model = boost::range_detail::SinglePassIteratorConcept<__gnu_cxx::__normal_iterator<double*, std::vector<double> > >]’:
/mnt/library/BH/include/boost/concept/detail/general.hpp:50:47:   required from ‘static void boost::concepts::requirement<boost::concepts::failed************ Model::************>::failed() [with Model = boost::concepts::usage_requirements<boost::range_detail::SinglePassIteratorConcept<__gnu_cxx::__normal_iterator<double*, std::vector<double> > > >]’
/mnt/library/BH/include/boost/range/concepts.hpp:160:13:   required from ‘struct boost::range_detail::SinglePassIteratorConcept<__gnu_cxx::__normal_iterator<double*, std::vector<double> > >’
/mnt/library/BH/include/boost/concept/detail/has_constraints.hpp:32:62:   required by substitution of ‘template<class Model> boost::concepts::detail::yes boost::concepts::detail::has_constraints_(Model*, wrap_constraints<Model, (& Model::constraints)>*) [with Model = boost::range_detail::SinglePassIteratorConcept<__gnu_cxx::__normal_iterator<double*, std::vector<double> > >]’
/mnt/library/BH/include/boost/concept/detail/has_constraints.hpp:42:5:   required from ‘const bool boost::concepts::not_satisfied<boost::range_detail::SinglePassIteratorConcept<__gnu_cxx::__normal_iterator<double*, std::vector<double> > > >::value’
/mnt/library/BH/include/boost/concept/detail/has_constraints.hpp:45:51:   required from ‘struct boost::concepts::not_satisfied<boost::range_detail::SinglePassIteratorConcept<__gnu_cxx::__normal_iterator<double*, std::vector<double> > > >’
/mnt/library/BH/include/boost/concept/detail/general.hpp:72:8:   [ skipping 5 instantiation contexts, use -ftemplate-backtrace-limit=0 to disable ]
/mnt/library/BH/include/boost/concept/detail/has_constraints.hpp:32:62:   required by substitution of ‘template<class Model> boost::concepts::detail::yes boost::concepts::detail::has_constraints_(Model*, wrap_constraints<Model, (& Model::constraints)>*) [with Model = boost::RandomAccessRangeConcept<std::vector<double> >]’
/mnt/library/BH/include/boost/concept/detail/has_constraints.hpp:42:5:   required from ‘const bool boost::concepts::not_satisfied<boost::RandomAccessRangeConcept<std::vector<double> > >::value’
/mnt/library/BH/include/boost/concept/detail/has_constraints.hpp:45:51:   required from ‘struct boost::concepts::not_satisfied<boost::RandomAccessRangeConcept<std::vector<double> > >’
/mnt/library/BH/include/boost/concept/detail/general.hpp:72:8:   required from ‘struct boost::concepts::requirement_<void (*)(boost::RandomAccessRangeConcept<std::vector<double> >)>’
/mnt/library/BH/include/boost/range/algorithm/nth_element.hpp:33:5:   required from ‘RandomAccessRange& boost::range::random_shuffle(RandomAccessRange&, Generator&) [with RandomAccessRange = std::vector<double>; Generator = pcg_detail::engine<unsigned int, long unsigned int, pcg_detail::xsh_rr_mixin<unsigned int, long unsigned int>, true, pcg_detail::specific_stream<long unsigned int>, pcg_detail::default_multiplier<long unsigned int> >]’
shuffle_matrix.cpp:34:41:   required from here
/mnt/library/BH/include/boost/concept/usage.hpp:20:48: warning: ‘this’ pointer is null [-Wnonnull]
   20 |     ~usage_requirements() { ((Model*)0)->~Model(); }
      |                             ~~~~~~~~~~~~~~~~~~~^~
/mnt/library/BH/include/boost/concept/usage.hpp:37:7: note: in a call to non-static member function ‘boost::range_detail::SinglePassIteratorConcept<Iterator>::~SinglePassIteratorConcept() [with Iterator = __gnu_cxx::__normal_iterator<double*, std::vector<double> >]’
   37 |       ~model()
      |       ^
/mnt/library/BH/include/boost/range/concepts.hpp:160:13: note: in expansion of macro ‘BOOST_CONCEPT_USAGE’
  160 |             BOOST_CONCEPT_USAGE(SinglePassIteratorConcept)
      |             ^~~~~~~~~~~~~~~~~~~
/mnt/library/BH/include/boost/concept/usage.hpp: In instantiation of ‘boost::concepts::usage_requirements<Model>::~usage_requirements() [with Model = boost::CopyConstructible<__gnu_cxx::__normal_iterator<const double*, std::vector<double> > >]’:
/mnt/library/BH/include/boost/concept/detail/general.hpp:50:47:   required from ‘static void boost::concepts::requirement<boost::concepts::failed************ Model::************>::failed() [with Model = boost::concepts::usage_requirements<boost::CopyConstructible<__gnu_cxx::__normal_iterator<const double*, std::vector<double> > > >]’
/mnt/library/BH/include/boost/concept_check.hpp:167:5:   required from ‘struct boost::CopyConstructible<__gnu_cxx::__normal_iterator<const double*, std::vector<double> > >’
/mnt/library/BH/include/boost/range/concepts.hpp:127:16:   required from ‘struct boost::range_detail::IncrementableIteratorConcept<__gnu_cxx::__normal_iterator<const double*, std::vector<double> > >’
/mnt/library/BH/include/boost/range/concepts.hpp:149:16:   required from ‘struct boost::range_detail::SinglePassIteratorConcept<__gnu_cxx::__normal_iterator<const double*, std::vector<double> > >’
/mnt/library/BH/include/boost/concept/detail/has_constraints.hpp:32:62:   required by substitution of ‘template<class Model> boost::concepts::detail::yes boost::concepts::detail::has_constraints_(Model*, wrap_constraints<Model, (& Model::constraints)>*) [with Model = boost::range_detail::SinglePassIteratorConcept<__gnu_cxx::__normal_iterator<const double*, std::vector<double> > >]’
/mnt/library/BH/include/boost/concept/detail/has_constraints.hpp:42:5:   [ skipping 7 instantiation contexts, use -ftemplate-backtrace-limit=0 to disable ]
/mnt/library/BH/include/boost/concept/detail/has_constraints.hpp:32:62:   required by substitution of ‘template<class Model> boost::concepts::detail::yes boost::concepts::detail::has_constraints_(Model*, wrap_constraints<Model, (& Model::constraints)>*) [with Model = boost::RandomAccessRangeConcept<std::vector<double> >]’
/mnt/library/BH/include/boost/concept/detail/has_constraints.hpp:42:5:   required from ‘const bool boost::concepts::not_satisfied<boost::RandomAccessRangeConcept<std::vector<double> > >::value’
/mnt/library/BH/include/boost/concept/detail/has_constraints.hpp:45:51:   required from ‘struct boost::concepts::not_satisfied<boost::RandomAccessRangeConcept<std::vector<double> > >’
/mnt/library/BH/include/boost/concept/detail/general.hpp:72:8:   required from ‘struct boost::concepts::requirement_<void (*)(boost::RandomAccessRangeConcept<std::vector<double> >)>’
/mnt/library/BH/include/boost/range/algorithm/nth_element.hpp:33:5:   required from ‘RandomAccessRange& boost::range::random_shuffle(RandomAccessRange&, Generator&) [with RandomAccessRange = std::vector<double>; Generator = pcg_detail::engine<unsigned int, long unsigned int, pcg_detail::xsh_rr_mixin<unsigned int, long unsigned int>, true, pcg_detail::specific_stream<long unsigned int>, pcg_detail::default_multiplier<long unsigned int> >]’
shuffle_matrix.cpp:34:41:   required from here
/mnt/library/BH/include/boost/concept/usage.hpp:20:48: warning: ‘this’ pointer is null [-Wnonnull]
   20 |     ~usage_requirements() { ((Model*)0)->~Model(); }
      |                             ~~~~~~~~~~~~~~~~~~~^~
/mnt/library/BH/include/boost/concept/usage.hpp:37:7: note: in a call to non-static member function ‘boost::CopyConstructible<TT>::~CopyConstructible() [with TT = __gnu_cxx::__normal_iterator<const double*, std::vector<double> >]’
   37 |       ~model()
      |       ^
/mnt/library/BH/include/boost/concept_check.hpp:167:5: note: in expansion of macro ‘BOOST_CONCEPT_USAGE’
  167 |     BOOST_CONCEPT_USAGE(CopyConstructible) {
      |     ^~~~~~~~~~~~~~~~~~~
/mnt/library/BH/include/boost/concept/usage.hpp: In instantiation of ‘boost::concepts::usage_requirements<Model>::~usage_requirements() [with Model = boost::range_detail::IncrementableIteratorConcept<__gnu_cxx::__normal_iterator<const double*, std::vector<double> > >]’:
/mnt/library/BH/include/boost/concept/detail/general.hpp:50:47:   required from ‘static void boost::concepts::requirement<boost::concepts::failed************ Model::************>::failed() [with Model = boost::concepts::usage_requirements<boost::range_detail::IncrementableIteratorConcept<__gnu_cxx::__normal_iterator<const double*, std::vector<double> > > >]’
/mnt/library/BH/include/boost/range/concepts.hpp:138:13:   required from ‘struct boost::range_detail::IncrementableIteratorConcept<__gnu_cxx::__normal_iterator<const double*, std::vector<double> > >’
/mnt/library/BH/include/boost/range/concepts.hpp:149:16:   required from ‘struct boost::range_detail::SinglePassIteratorConcept<__gnu_cxx::__normal_iterator<const double*, std::vector<double> > >’
/mnt/library/BH/include/boost/concept/detail/has_constraints.hpp:32:62:   required by substitution of ‘template<class Model> boost::concepts::detail::yes boost::concepts::detail::has_constraints_(Model*, wrap_constraints<Model, (& Model::constraints)>*) [with Model = boost::range_detail::SinglePassIteratorConcept<__gnu_cxx::__normal_iterator<const double*, std::vector<double> > >]’
/mnt/library/BH/include/boost/concept/detail/has_constraints.hpp:42:5:   required from ‘const bool boost::concepts::not_satisfied<boost::range_detail::SinglePassIteratorConcept<__gnu_cxx::__normal_iterator<const double*, std::vector<double> > > >::value’
/mnt/library/BH/include/boost/concept/detail/has_constraints.hpp:45:51:   [ skipping 6 instantiation contexts, use -ftemplate-backtrace-limit=0 to disable ]
/mnt/library/BH/include/boost/concept/detail/has_constraints.hpp:32:62:   required by substitution of ‘template<class Model> boost::concepts::detail::yes boost::concepts::detail::has_constraints_(Model*, wrap_constraints<Model, (& Model::constraints)>*) [with Model = boost::RandomAccessRangeConcept<std::vector<double> >]’
/mnt/library/BH/include/boost/concept/detail/has_constraints.hpp:42:5:   required from ‘const bool boost::concepts::not_satisfied<boost::RandomAccessRangeConcept<std::vector<double> > >::value’
/mnt/library/BH/include/boost/concept/detail/has_constraints.hpp:45:51:   required from ‘struct boost::concepts::not_satisfied<boost::RandomAccessRangeConcept<std::vector<double> > >’
/mnt/library/BH/include/boost/concept/detail/general.hpp:72:8:   required from ‘struct boost::concepts::requirement_<void (*)(boost::RandomAccessRangeConcept<std::vector<double> >)>’
/mnt/library/BH/include/boost/range/algorithm/nth_element.hpp:33:5:   required from ‘RandomAccessRange& boost::range::random_shuffle(RandomAccessRange&, Generator&) [with RandomAccessRange = std::vector<double>; Generator = pcg_detail::engine<unsigned int, long unsigned int, pcg_detail::xsh_rr_mixin<unsigned int, long unsigned int>, true, pcg_detail::specific_stream<long unsigned int>, pcg_detail::default_multiplier<long unsigned int> >]’
shuffle_matrix.cpp:34:41:   required from here
/mnt/library/BH/include/boost/concept/usage.hpp:20:48: warning: ‘this’ pointer is null [-Wnonnull]
   20 |     ~usage_requirements() { ((Model*)0)->~Model(); }
      |                             ~~~~~~~~~~~~~~~~~~~^~
/mnt/library/BH/include/boost/concept/usage.hpp:37:7: note: in a call to non-static member function ‘boost::range_detail::IncrementableIteratorConcept<Iterator>::~IncrementableIteratorConcept() [with Iterator = __gnu_cxx::__normal_iterator<const double*, std::vector<double> >]’
   37 |       ~model()
      |       ^
/mnt/library/BH/include/boost/range/concepts.hpp:138:13: note: in expansion of macro ‘BOOST_CONCEPT_USAGE’
  138 |             BOOST_CONCEPT_USAGE(IncrementableIteratorConcept)
      |             ^~~~~~~~~~~~~~~~~~~
/mnt/library/BH/include/boost/concept/usage.hpp: In instantiation of ‘boost::concepts::usage_requirements<Model>::~usage_requirements() [with Model = boost::EqualityComparable<__gnu_cxx::__normal_iterator<const double*, std::vector<double> > >]’:
/mnt/library/BH/include/boost/concept/detail/general.hpp:50:47:   required from ‘static void boost::concepts::requirement<boost::concepts::failed************ Model::************>::failed() [with Model = boost::concepts::usage_requirements<boost::EqualityComparable<__gnu_cxx::__normal_iterator<const double*, std::vector<double> > > >]’
/mnt/library/BH/include/boost/concept_check.hpp:233:5:   required from ‘struct boost::EqualityComparable<__gnu_cxx::__normal_iterator<const double*, std::vector<double> > >’
/mnt/library/BH/include/boost/range/concepts.hpp:149:16:   required from ‘struct boost::range_detail::SinglePassIteratorConcept<__gnu_cxx::__normal_iterator<const double*, std::vector<double> > >’
/mnt/library/BH/include/boost/concept/detail/has_constraints.hpp:32:62:   required by substitution of ‘template<class Model> boost::concepts::detail::yes boost::concepts::detail::has_constraints_(Model*, wrap_constraints<Model, (& Model::constraints)>*) [with Model = boost::range_detail::SinglePassIteratorConcept<__gnu_cxx::__normal_iterator<const double*, std::vector<double> > >]’
/mnt/library/BH/include/boost/concept/detail/has_constraints.hpp:42:5:   required from ‘const bool boost::concepts::not_satisfied<boost::range_detail::SinglePassIteratorConcept<__gnu_cxx::__normal_iterator<const double*, std::vector<double> > > >::value’
/mnt/library/BH/include/boost/concept/detail/has_constraints.hpp:45:51:   [ skipping 6 instantiation contexts, use -ftemplate-backtrace-limit=0 to disable ]
/mnt/library/BH/include/boost/concept/detail/has_constraints.hpp:32:62:   required by substitution of ‘template<class Model> boost::concepts::detail::yes boost::concepts::detail::has_constraints_(Model*, wrap_constraints<Model, (& Model::constraints)>*) [with Model = boost::RandomAccessRangeConcept<std::vector<double> >]’
/mnt/library/BH/include/boost/concept/detail/has_constraints.hpp:42:5:   required from ‘const bool boost::concepts::not_satisfied<boost::RandomAccessRangeConcept<std::vector<double> > >::value’
/mnt/library/BH/include/boost/concept/detail/has_constraints.hpp:45:51:   required from ‘struct boost::concepts::not_satisfied<boost::RandomAccessRangeConcept<std::vector<double> > >’
/mnt/library/BH/include/boost/concept/detail/general.hpp:72:8:   required from ‘struct boost::concepts::requirement_<void (*)(boost::RandomAccessRangeConcept<std::vector<double> >)>’
/mnt/library/BH/include/boost/range/algorithm/nth_element.hpp:33:5:   required from ‘RandomAccessRange& boost::range::random_shuffle(RandomAccessRange&, Generator&) [with RandomAccessRange = std::vector<double>; Generator = pcg_detail::engine<unsigned int, long unsigned int, pcg_detail::xsh_rr_mixin<unsigned int, long unsigned int>, true, pcg_detail::specific_stream<long unsigned int>, pcg_detail::default_multiplier<long unsigned int> >]’
shuffle_matrix.cpp:34:41:   required from here
/mnt/library/BH/include/boost/concept/usage.hpp:20:48: warning: ‘this’ pointer is null [-Wnonnull]
   20 |     ~usage_requirements() { ((Model*)0)->~Model(); }
      |                             ~~~~~~~~~~~~~~~~~~~^~
/mnt/library/BH/include/boost/concept/usage.hpp:37:7: note: in a call to non-static member function ‘boost::EqualityComparable<TT>::~EqualityComparable() [with TT = __gnu_cxx::__normal_iterator<const double*, std::vector<double> >]’
   37 |       ~model()
      |       ^
/mnt/library/BH/include/boost/concept_check.hpp:233:5: note: in expansion of macro ‘BOOST_CONCEPT_USAGE’
  233 |     BOOST_CONCEPT_USAGE(EqualityComparable) {
      |     ^~~~~~~~~~~~~~~~~~~
/mnt/library/BH/include/boost/concept/usage.hpp: In instantiation of ‘boost::concepts::usage_requirements<Model>::~usage_requirements() [with Model = boost::range_detail::SinglePassIteratorConcept<__gnu_cxx::__normal_iterator<const double*, std::vector<double> > >]’:
/mnt/library/BH/include/boost/concept/detail/general.hpp:50:47:   required from ‘static void boost::concepts::requirement<boost::concepts::failed************ Model::************>::failed() [with Model = boost::concepts::usage_requirements<boost::range_detail::SinglePassIteratorConcept<__gnu_cxx::__normal_iterator<const double*, std::vector<double> > > >]’
/mnt/library/BH/include/boost/range/concepts.hpp:160:13:   required from ‘struct boost::range_detail::SinglePassIteratorConcept<__gnu_cxx::__normal_iterator<const double*, std::vector<double> > >’
/mnt/library/BH/include/boost/concept/detail/has_constraints.hpp:32:62:   required by substitution of ‘template<class Model> boost::concepts::detail::yes boost::concepts::detail::has_constraints_(Model*, wrap_constraints<Model, (& Model::constraints)>*) [with Model = boost::range_detail::SinglePassIteratorConcept<__gnu_cxx::__normal_iterator<const double*, std::vector<double> > >]’
/mnt/library/BH/include/boost/concept/detail/has_constraints.hpp:42:5:   required from ‘const bool boost::concepts::not_satisfied<boost::range_detail::SinglePassIteratorConcept<__gnu_cxx::__normal_iterator<const double*, std::vector<double> > > >::value’
/mnt/library/BH/include/boost/concept/detail/has_constraints.hpp:45:51:   required from ‘struct boost::concepts::not_satisfied<boost::range_detail::SinglePassIteratorConcept<__gnu_cxx::__normal_iterator<const double*, std::vector<double> > > >’
/mnt/library/BH/include/boost/concept/detail/general.hpp:72:8:   [ skipping 5 instantiation contexts, use -ftemplate-backtrace-limit=0 to disable ]
/mnt/library/BH/include/boost/concept/detail/has_constraints.hpp:32:62:   required by substitution of ‘template<class Model> boost::concepts::detail::yes boost::concepts::detail::has_constraints_(Model*, wrap_constraints<Model, (& Model::constraints)>*) [with Model = boost::RandomAccessRangeConcept<std::vector<double> >]’
/mnt/library/BH/include/boost/concept/detail/has_constraints.hpp:42:5:   required from ‘const bool boost::concepts::not_satisfied<boost::RandomAccessRangeConcept<std::vector<double> > >::value’
/mnt/library/BH/include/boost/concept/detail/has_constraints.hpp:45:51:   required from ‘struct boost::concepts::not_satisfied<boost::RandomAccessRangeConcept<std::vector<double> > >’
/mnt/library/BH/include/boost/concept/detail/general.hpp:72:8:   required from ‘struct boost::concepts::requirement_<void (*)(boost::RandomAccessRangeConcept<std::vector<double> >)>’
/mnt/library/BH/include/boost/range/algorithm/nth_element.hpp:33:5:   required from ‘RandomAccessRange& boost::range::random_shuffle(RandomAccessRange&, Generator&) [with RandomAccessRange = std::vector<double>; Generator = pcg_detail::engine<unsigned int, long unsigned int, pcg_detail::xsh_rr_mixin<unsigned int, long unsigned int>, true, pcg_detail::specific_stream<long unsigned int>, pcg_detail::default_multiplier<long unsigned int> >]’
shuffle_matrix.cpp:34:41:   required from here
/mnt/library/BH/include/boost/concept/usage.hpp:20:48: warning: ‘this’ pointer is null [-Wnonnull]
   20 |     ~usage_requirements() { ((Model*)0)->~Model(); }
      |                             ~~~~~~~~~~~~~~~~~~~^~
/mnt/library/BH/include/boost/concept/usage.hpp:37:7: note: in a call to non-static member function ‘boost::range_detail::SinglePassIteratorConcept<Iterator>::~SinglePassIteratorConcept() [with Iterator = __gnu_cxx::__normal_iterator<const double*, std::vector<double> >]’
   37 |       ~model()
      |       ^
/mnt/library/BH/include/boost/range/concepts.hpp:160:13: note: in expansion of macro ‘BOOST_CONCEPT_USAGE’
  160 |             BOOST_CONCEPT_USAGE(SinglePassIteratorConcept)
      |             ^~~~~~~~~~~~~~~~~~~
/mnt/library/BH/include/boost/concept/usage.hpp: In instantiation of ‘boost::concepts::usage_requirements<Model>::~usage_requirements() [with Model = boost::SinglePassRangeConcept<std::vector<double> >]’:
/mnt/library/BH/include/boost/concept/detail/general.hpp:50:47:   required from ‘static void boost::concepts::requirement<boost::concepts::failed************ Model::************>::failed() [with Model = boost::concepts::usage_requirements<boost::SinglePassRangeConcept<std::vector<double> > >]’
/mnt/library/BH/include/boost/range/concepts.hpp:286:9:   required from ‘struct boost::SinglePassRangeConcept<std::vector<double> >’
/mnt/library/BH/include/boost/range/concepts.hpp:320:12:   required from ‘struct boost::ForwardRangeConcept<std::vector<double> >’
/mnt/library/BH/include/boost/range/concepts.hpp:354:12:   required from ‘struct boost::BidirectionalRangeConcept<std::vector<double> >’
/mnt/library/BH/include/boost/range/concepts.hpp:372:12:   required from ‘struct boost::RandomAccessRangeConcept<std::vector<double> >’
/mnt/library/BH/include/boost/concept/detail/has_constraints.hpp:32:62:   required by substitution of ‘template<class Model> boost::concepts::detail::yes boost::concepts::detail::has_constraints_(Model*, wrap_constraints<Model, (& Model::constraints)>*) [with Model = boost::RandomAccessRangeConcept<std::vector<double> >]’
/mnt/library/BH/include/boost/concept/detail/has_constraints.hpp:42:5:   required from ‘const bool boost::concepts::not_satisfied<boost::RandomAccessRangeConcept<std::vector<double> > >::value’
/mnt/library/BH/include/boost/concept/detail/has_constraints.hpp:45:51:   required from ‘struct boost::concepts::not_satisfied<boost::RandomAccessRangeConcept<std::vector<double> > >’
/mnt/library/BH/include/boost/concept/detail/general.hpp:72:8:   required from ‘struct boost::concepts::requirement_<void (*)(boost::RandomAccessRangeConcept<std::vector<double> >)>’
/mnt/library/BH/include/boost/range/algorithm/nth_element.hpp:33:5:   required from ‘RandomAccessRange& boost::range::random_shuffle(RandomAccessRange&, Generator&) [with RandomAccessRange = std::vector<double>; Generator = pcg_detail::engine<unsigned int, long unsigned int, pcg_detail::xsh_rr_mixin<unsigned int, long unsigned int>, true, pcg_detail::specific_stream<long unsigned int>, pcg_detail::default_multiplier<long unsigned int> >]’
shuffle_matrix.cpp:34:41:   required from here
/mnt/library/BH/include/boost/concept/usage.hpp:20:48: warning: ‘this’ pointer is null [-Wnonnull]
   20 |     ~usage_requirements() { ((Model*)0)->~Model(); }
      |                             ~~~~~~~~~~~~~~~~~~~^~
/mnt/library/BH/include/boost/concept/usage.hpp:37:7: note: in a call to non-static member function ‘boost::SinglePassRangeConcept<T>::~SinglePassRangeConcept() [with T = std::vector<double>]’
   37 |       ~model()
      |       ^
/mnt/library/BH/include/boost/range/concepts.hpp:286:9: note: in expansion of macro ‘BOOST_CONCEPT_USAGE’
  286 |         BOOST_CONCEPT_USAGE(SinglePassRangeConcept)
      |         ^~~~~~~~~~~~~~~~~~~
/mnt/library/BH/include/boost/concept/usage.hpp: In instantiation of ‘boost::concepts::usage_requirements<Model>::~usage_requirements() [with Model = boost::DefaultConstructible<__gnu_cxx::__normal_iterator<double*, std::vector<double> > >]’:
/mnt/library/BH/include/boost/concept/detail/general.hpp:50:47:   required from ‘static void boost::concepts::requirement<boost::concepts::failed************ Model::************>::failed() [with Model = boost::concepts::usage_requirements<boost::DefaultConstructible<__gnu_cxx::__normal_iterator<double*, std::vector<double> > > >]’
/mnt/library/BH/include/boost/concept_check.hpp:137:5:   required from ‘struct boost::DefaultConstructible<__gnu_cxx::__normal_iterator<double*, std::vector<double> > >’
/mnt/library/BH/include/boost/range/concepts.hpp:183:16:   required from ‘struct boost::range_detail::ForwardIteratorConcept<__gnu_cxx::__normal_iterator<double*, std::vector<double> > >’
/mnt/library/BH/include/boost/concept/detail/has_constraints.hpp:32:62:   required by substitution of ‘template<class Model> boost::concepts::detail::yes boost::concepts::detail::has_constraints_(Model*, wrap_constraints<Model, (& Model::constraints)>*) [with Model = boost::range_detail::ForwardIteratorConcept<__gnu_cxx::__normal_iterator<double*, std::vector<double> > >]’
/mnt/library/BH/include/boost/concept/detail/has_constraints.hpp:42:5:   required from ‘const bool boost::concepts::not_satisfied<boost::range_detail::ForwardIteratorConcept<__gnu_cxx::__normal_iterator<double*, std::vector<double> > > >::value’
/mnt/library/BH/include/boost/concept/detail/has_constraints.hpp:45:51:   [ skipping 5 instantiation contexts, use -ftemplate-backtrace-limit=0 to disable ]
/mnt/library/BH/include/boost/concept/detail/has_constraints.hpp:32:62:   required by substitution of ‘template<class Model> boost::concepts::detail::yes boost::concepts::detail::has_constraints_(Model*, wrap_constraints<Model, (& Model::constraints)>*) [with Model = boost::RandomAccessRangeConcept<std::vector<double> >]’
/mnt/library/BH/include/boost/concept/detail/has_constraints.hpp:42:5:   required from ‘const bool boost::concepts::not_satisfied<boost::RandomAccessRangeConcept<std::vector<double> > >::value’
/mnt/library/BH/include/boost/concept/detail/has_constraints.hpp:45:51:   required from ‘struct boost::concepts::not_satisfied<boost::RandomAccessRangeConcept<std::vector<double> > >’
/mnt/library/BH/include/boost/concept/detail/general.hpp:72:8:   required from ‘struct boost::concepts::requirement_<void (*)(boost::RandomAccessRangeConcept<std::vector<double> >)>’
/mnt/library/BH/include/boost/range/algorithm/nth_element.hpp:33:5:   required from ‘RandomAccessRange& boost::range::random_shuffle(RandomAccessRange&, Generator&) [with RandomAccessRange = std::vector<double>; Generator = pcg_detail::engine<unsigned int, long unsigned int, pcg_detail::xsh_rr_mixin<unsigned int, long unsigned int>, true, pcg_detail::specific_stream<long unsigned int>, pcg_detail::default_multiplier<long unsigned int> >]’
shuffle_matrix.cpp:34:41:   required from here
/mnt/library/BH/include/boost/concept/usage.hpp:20:48: warning: ‘this’ pointer is null [-Wnonnull]
   20 |     ~usage_requirements() { ((Model*)0)->~Model(); }
      |                             ~~~~~~~~~~~~~~~~~~~^~
/mnt/library/BH/include/boost/concept/usage.hpp:37:7: note: in a call to non-static member function ‘boost::DefaultConstructible<TT>::~DefaultConstructible() [with TT = __gnu_cxx::__normal_iterator<double*, std::vector<double> >]’
   37 |       ~model()
      |       ^
/mnt/library/BH/include/boost/concept_check.hpp:137:5: note: in expansion of macro ‘BOOST_CONCEPT_USAGE’
  137 |     BOOST_CONCEPT_USAGE(DefaultConstructible) {
      |     ^~~~~~~~~~~~~~~~~~~
/mnt/library/BH/include/boost/concept/usage.hpp: In instantiation of ‘boost::concepts::usage_requirements<Model>::~usage_requirements() [with Model = boost::Convertible<boost::iterators::random_access_traversal_tag, boost::iterators::forward_traversal_tag>]’:
/mnt/library/BH/include/boost/concept/detail/general.hpp:50:47:   required from ‘static void boost::concepts::requirement<boost::concepts::failed************ Model::************>::failed() [with Model = boost::concepts::usage_requirements<boost::Convertible<boost::iterators::random_access_traversal_tag, boost::iterators::forward_traversal_tag> >]’
/mnt/library/BH/include/boost/concept_check.hpp:208:5:   required from ‘struct boost::Convertible<boost::iterators::random_access_traversal_tag, boost::iterators::forward_traversal_tag>’
/mnt/library/BH/include/boost/concept/detail/has_constraints.hpp:32:62:   required by substitution of ‘template<class Model> boost::concepts::detail::yes boost::concepts::detail::has_constraints_(Model*, wrap_constraints<Model, (& Model::constraints)>*) [with Model = boost::Convertible<boost::iterators::random_access_traversal_tag, boost::iterators::forward_traversal_tag>]’
/mnt/library/BH/include/boost/concept/detail/has_constraints.hpp:42:5:   required from ‘const bool boost::concepts::not_satisfied<boost::Convertible<boost::iterators::random_access_traversal_tag, boost::iterators::forward_traversal_tag> >::value’
/mnt/library/BH/include/boost/concept/detail/has_constraints.hpp:45:51:   required from ‘struct boost::concepts::not_satisfied<boost::Convertible<boost::iterators::random_access_traversal_tag, boost::iterators::forward_traversal_tag> >’
/mnt/library/BH/include/boost/concept/detail/general.hpp:72:8:   [ skipping 9 instantiation contexts, use -ftemplate-backtrace-limit=0 to disable ]
/mnt/library/BH/include/boost/concept/detail/has_constraints.hpp:32:62:   required by substitution of ‘template<class Model> boost::concepts::detail::yes boost::concepts::detail::has_constraints_(Model*, wrap_constraints<Model, (& Model::constraints)>*) [with Model = boost::RandomAccessRangeConcept<std::vector<double> >]’
/mnt/library/BH/include/boost/concept/detail/has_constraints.hpp:42:5:   required from ‘const bool boost::concepts::not_satisfied<boost::RandomAccessRangeConcept<std::vector<double> > >::value’
/mnt/library/BH/include/boost/concept/detail/has_constraints.hpp:45:51:   required from ‘struct boost::concepts::not_satisfied<boost::RandomAccessRangeConcept<std::vector<double> > >’
/mnt/library/BH/include/boost/concept/detail/general.hpp:72:8:   required from ‘struct boost::concepts::requirement_<void (*)(boost::RandomAccessRangeConcept<std::vector<double> >)>’
/mnt/library/BH/include/boost/range/algorithm/nth_element.hpp:33:5:   required from ‘RandomAccessRange& boost::range::random_shuffle(RandomAccessRange&, Generator&) [with RandomAccessRange = std::vector<double>; Generator = pcg_detail::engine<unsigned int, long unsigned int, pcg_detail::xsh_rr_mixin<unsigned int, long unsigned int>, true, pcg_detail::specific_stream<long unsigned int>, pcg_detail::default_multiplier<long unsigned int> >]’
shuffle_matrix.cpp:34:41:   required from here
/mnt/library/BH/include/boost/concept/usage.hpp:20:48: warning: ‘this’ pointer is null [-Wnonnull]
   20 |     ~usage_requirements() { ((Model*)0)->~Model(); }
      |                             ~~~~~~~~~~~~~~~~~~~^~
/mnt/library/BH/include/boost/concept/usage.hpp:37:7: note: in a call to non-static member function ‘boost::Convertible<X, Y>::~Convertible() [with X = boost::iterators::random_access_traversal_tag; Y = boost::iterators::forward_traversal_tag]’
   37 |       ~model()
      |       ^
/mnt/library/BH/include/boost/concept_check.hpp:208:5: note: in expansion of macro ‘BOOST_CONCEPT_USAGE’
  208 |     BOOST_CONCEPT_USAGE(Convertible) {
      |     ^~~~~~~~~~~~~~~~~~~
/mnt/library/BH/include/boost/concept/usage.hpp: In instantiation of ‘boost::concepts::usage_requirements<Model>::~usage_requirements() [with Model = boost::range_detail::ForwardIteratorConcept<__gnu_cxx::__normal_iterator<double*, std::vector<double> > >]’:
/mnt/library/BH/include/boost/concept/detail/general.hpp:50:47:   required from ‘static void boost::concepts::requirement<boost::concepts::failed************ Model::************>::failed() [with Model = boost::concepts::usage_requirements<boost::range_detail::ForwardIteratorConcept<__gnu_cxx::__normal_iterator<double*, std::vector<double> > > >]’
/mnt/library/BH/include/boost/range/concepts.hpp:199:13:   required from ‘struct boost::range_detail::ForwardIteratorConcept<__gnu_cxx::__normal_iterator<double*, std::vector<double> > >’
/mnt/library/BH/include/boost/concept/detail/has_constraints.hpp:32:62:   required by substitution of ‘template<class Model> boost::concepts::detail::yes boost::concepts::detail::has_constraints_(Model*, wrap_constraints<Model, (& Model::constraints)>*) [with Model = boost::range_detail::ForwardIteratorConcept<__gnu_cxx::__normal_iterator<double*, std::vector<double> > >]’
/mnt/library/BH/include/boost/concept/detail/has_constraints.hpp:42:5:   required from ‘const bool boost::concepts::not_satisfied<boost::range_detail::ForwardIteratorConcept<__gnu_cxx::__normal_iterator<double*, std::vector<double> > > >::value’
/mnt/library/BH/include/boost/concept/detail/has_constraints.hpp:45:51:   required from ‘struct boost::concepts::not_satisfied<boost::range_detail::ForwardIteratorConcept<__gnu_cxx::__normal_iterator<double*, std::vector<double> > > >’
/mnt/library/BH/include/boost/concept/detail/general.hpp:72:8:   [ skipping 4 instantiation contexts, use -ftemplate-backtrace-limit=0 to disable ]
/mnt/library/BH/include/boost/concept/detail/has_constraints.hpp:32:62:   required by substitution of ‘template<class Model> boost::concepts::detail::yes boost::concepts::detail::has_constraints_(Model*, wrap_constraints<Model, (& Model::constraints)>*) [with Model = boost::RandomAccessRangeConcept<std::vector<double> >]’
/mnt/library/BH/include/boost/concept/detail/has_constraints.hpp:42:5:   required from ‘const bool boost::concepts::not_satisfied<boost::RandomAccessRangeConcept<std::vector<double> > >::value’
/mnt/library/BH/include/boost/concept/detail/has_constraints.hpp:45:51:   required from ‘struct boost::concepts::not_satisfied<boost::RandomAccessRangeConcept<std::vector<double> > >’
/mnt/library/BH/include/boost/concept/detail/general.hpp:72:8:   required from ‘struct boost::concepts::requirement_<void (*)(boost::RandomAccessRangeConcept<std::vector<double> >)>’
/mnt/library/BH/include/boost/range/algorithm/nth_element.hpp:33:5:   required from ‘RandomAccessRange& boost::range::random_shuffle(RandomAccessRange&, Generator&) [with RandomAccessRange = std::vector<double>; Generator = pcg_detail::engine<unsigned int, long unsigned int, pcg_detail::xsh_rr_mixin<unsigned int, long unsigned int>, true, pcg_detail::specific_stream<long unsigned int>, pcg_detail::default_multiplier<long unsigned int> >]’
shuffle_matrix.cpp:34:41:   required from here
/mnt/library/BH/include/boost/concept/usage.hpp:20:48: warning: ‘this’ pointer is null [-Wnonnull]
   20 |     ~usage_requirements() { ((Model*)0)->~Model(); }
      |                             ~~~~~~~~~~~~~~~~~~~^~
/mnt/library/BH/include/boost/concept/usage.hpp:37:7: note: in a call to non-static member function ‘boost::range_detail::ForwardIteratorConcept<Iterator>::~ForwardIteratorConcept() [with Iterator = __gnu_cxx::__normal_iterator<double*, std::vector<double> >]’
   37 |       ~model()
      |       ^
/mnt/library/BH/include/boost/range/concepts.hpp:199:13: note: in expansion of macro ‘BOOST_CONCEPT_USAGE’
  199 |             BOOST_CONCEPT_USAGE(ForwardIteratorConcept)
      |             ^~~~~~~~~~~~~~~~~~~
/mnt/library/BH/include/boost/concept/usage.hpp: In instantiation of ‘boost::concepts::usage_requirements<Model>::~usage_requirements() [with Model = boost::DefaultConstructible<__gnu_cxx::__normal_iterator<const double*, std::vector<double> > >]’:
/mnt/library/BH/include/boost/concept/detail/general.hpp:50:47:   required from ‘static void boost::concepts::requirement<boost::concepts::failed************ Model::************>::failed() [with Model = boost::concepts::usage_requirements<boost::DefaultConstructible<__gnu_cxx::__normal_iterator<const double*, std::vector<double> > > >]’
/mnt/library/BH/include/boost/concept_check.hpp:137:5:   required from ‘struct boost::DefaultConstructible<__gnu_cxx::__normal_iterator<const double*, std::vector<double> > >’
/mnt/library/BH/include/boost/range/concepts.hpp:183:16:   required from ‘struct boost::range_detail::ForwardIteratorConcept<__gnu_cxx::__normal_iterator<const double*, std::vector<double> > >’
/mnt/library/BH/include/boost/concept/detail/has_constraints.hpp:32:62:   required by substitution of ‘template<class Model> boost::concepts::detail::yes boost::concepts::detail::has_constraints_(Model*, wrap_constraints<Model, (& Model::constraints)>*) [with Model = boost::range_detail::ForwardIteratorConcept<__gnu_cxx::__normal_iterator<const double*, std::vector<double> > >]’
/mnt/library/BH/include/boost/concept/detail/has_constraints.hpp:42:5:   required from ‘const bool boost::concepts::not_satisfied<boost::range_detail::ForwardIteratorConcept<__gnu_cxx::__normal_iterator<const double*, std::vector<double> > > >::value’
/mnt/library/BH/include/boost/concept/detail/has_constraints.hpp:45:51:   [ skipping 5 instantiation contexts, use -ftemplate-backtrace-limit=0 to disable ]
/mnt/library/BH/include/boost/concept/detail/has_constraints.hpp:32:62:   required by substitution of ‘template<class Model> boost::concepts::detail::yes boost::concepts::detail::has_constraints_(Model*, wrap_constraints<Model, (& Model::constraints)>*) [with Model = boost::RandomAccessRangeConcept<std::vector<double> >]’
/mnt/library/BH/include/boost/concept/detail/has_constraints.hpp:42:5:   required from ‘const bool boost::concepts::not_satisfied<boost::RandomAccessRangeConcept<std::vector<double> > >::value’
/mnt/library/BH/include/boost/concept/detail/has_constraints.hpp:45:51:   required from ‘struct boost::concepts::not_satisfied<boost::RandomAccessRangeConcept<std::vector<double> > >’
/mnt/library/BH/include/boost/concept/detail/general.hpp:72:8:   required from ‘struct boost::concepts::requirement_<void (*)(boost::RandomAccessRangeConcept<std::vector<double> >)>’
/mnt/library/BH/include/boost/range/algorithm/nth_element.hpp:33:5:   required from ‘RandomAccessRange& boost::range::random_shuffle(RandomAccessRange&, Generator&) [with RandomAccessRange = std::vector<double>; Generator = pcg_detail::engine<unsigned int, long unsigned int, pcg_detail::xsh_rr_mixin<unsigned int, long unsigned int>, true, pcg_detail::specific_stream<long unsigned int>, pcg_detail::default_multiplier<long unsigned int> >]’
shuffle_matrix.cpp:34:41:   required from here
/mnt/library/BH/include/boost/concept/usage.hpp:20:48: warning: ‘this’ pointer is null [-Wnonnull]
   20 |     ~usage_requirements() { ((Model*)0)->~Model(); }
      |                             ~~~~~~~~~~~~~~~~~~~^~
/mnt/library/BH/include/boost/concept/usage.hpp:37:7: note: in a call to non-static member function ‘boost::DefaultConstructible<TT>::~DefaultConstructible() [with TT = __gnu_cxx::__normal_iterator<const double*, std::vector<double> >]’
   37 |       ~model()
      |       ^
/mnt/library/BH/include/boost/concept_check.hpp:137:5: note: in expansion of macro ‘BOOST_CONCEPT_USAGE’
  137 |     BOOST_CONCEPT_USAGE(DefaultConstructible) {
      |     ^~~~~~~~~~~~~~~~~~~
/mnt/library/BH/include/boost/concept/usage.hpp: In instantiation of ‘boost::concepts::usage_requirements<Model>::~usage_requirements() [with Model = boost::range_detail::ForwardIteratorConcept<__gnu_cxx::__normal_iterator<const double*, std::vector<double> > >]’:
/mnt/library/BH/include/boost/concept/detail/general.hpp:50:47:   required from ‘static void boost::concepts::requirement<boost::concepts::failed************ Model::************>::failed() [with Model = boost::concepts::usage_requirements<boost::range_detail::ForwardIteratorConcept<__gnu_cxx::__normal_iterator<const double*, std::vector<double> > > >]’
/mnt/library/BH/include/boost/range/concepts.hpp:199:13:   required from ‘struct boost::range_detail::ForwardIteratorConcept<__gnu_cxx::__normal_iterator<const double*, std::vector<double> > >’
/mnt/library/BH/include/boost/concept/detail/has_constraints.hpp:32:62:   required by substitution of ‘template<class Model> boost::concepts::detail::yes boost::concepts::detail::has_constraints_(Model*, wrap_constraints<Model, (& Model::constraints)>*) [with Model = boost::range_detail::ForwardIteratorConcept<__gnu_cxx::__normal_iterator<const double*, std::vector<double> > >]’
/mnt/library/BH/include/boost/concept/detail/has_constraints.hpp:42:5:   required from ‘const bool boost::concepts::not_satisfied<boost::range_detail::ForwardIteratorConcept<__gnu_cxx::__normal_iterator<const double*, std::vector<double> > > >::value’
/mnt/library/BH/include/boost/concept/detail/has_constraints.hpp:45:51:   required from ‘struct boost::concepts::not_satisfied<boost::range_detail::ForwardIteratorConcept<__gnu_cxx::__normal_iterator<const double*, std::vector<double> > > >’
/mnt/library/BH/include/boost/concept/detail/general.hpp:72:8:   [ skipping 4 instantiation contexts, use -ftemplate-backtrace-limit=0 to disable ]
/mnt/library/BH/include/boost/concept/detail/has_constraints.hpp:32:62:   required by substitution of ‘template<class Model> boost::concepts::detail::yes boost::concepts::detail::has_constraints_(Model*, wrap_constraints<Model, (& Model::constraints)>*) [with Model = boost::RandomAccessRangeConcept<std::vector<double> >]’
/mnt/library/BH/include/boost/concept/detail/has_constraints.hpp:42:5:   required from ‘const bool boost::concepts::not_satisfied<boost::RandomAccessRangeConcept<std::vector<double> > >::value’
/mnt/library/BH/include/boost/concept/detail/has_constraints.hpp:45:51:   required from ‘struct boost::concepts::not_satisfied<boost::RandomAccessRangeConcept<std::vector<double> > >’
/mnt/library/BH/include/boost/concept/detail/general.hpp:72:8:   required from ‘struct boost::concepts::requirement_<void (*)(boost::RandomAccessRangeConcept<std::vector<double> >)>’
/mnt/library/BH/include/boost/range/algorithm/nth_element.hpp:33:5:   required from ‘RandomAccessRange& boost::range::random_shuffle(RandomAccessRange&, Generator&) [with RandomAccessRange = std::vector<double>; Generator = pcg_detail::engine<unsigned int, long unsigned int, pcg_detail::xsh_rr_mixin<unsigned int, long unsigned int>, true, pcg_detail::specific_stream<long unsigned int>, pcg_detail::default_multiplier<long unsigned int> >]’
shuffle_matrix.cpp:34:41:   required from here
/mnt/library/BH/include/boost/concept/usage.hpp:20:48: warning: ‘this’ pointer is null [-Wnonnull]
   20 |     ~usage_requirements() { ((Model*)0)->~Model(); }
      |                             ~~~~~~~~~~~~~~~~~~~^~
/mnt/library/BH/include/boost/concept/usage.hpp:37:7: note: in a call to non-static member function ‘boost::range_detail::ForwardIteratorConcept<Iterator>::~ForwardIteratorConcept() [with Iterator = __gnu_cxx::__normal_iterator<const double*, std::vector<double> >]’
   37 |       ~model()
      |       ^
/mnt/library/BH/include/boost/range/concepts.hpp:199:13: note: in expansion of macro ‘BOOST_CONCEPT_USAGE’
  199 |             BOOST_CONCEPT_USAGE(ForwardIteratorConcept)
      |             ^~~~~~~~~~~~~~~~~~~
/mnt/library/BH/include/boost/concept/usage.hpp: In instantiation of ‘boost::concepts::usage_requirements<Model>::~usage_requirements() [with Model = boost::Convertible<boost::iterators::random_access_traversal_tag, boost::iterators::bidirectional_traversal_tag>]’:
/mnt/library/BH/include/boost/concept/detail/general.hpp:50:47:   required from ‘static void boost::concepts::requirement<boost::concepts::failed************ Model::************>::failed() [with Model = boost::concepts::usage_requirements<boost::Convertible<boost::iterators::random_access_traversal_tag, boost::iterators::bidirectional_traversal_tag> >]’
/mnt/library/BH/include/boost/concept_check.hpp:208:5:   required from ‘struct boost::Convertible<boost::iterators::random_access_traversal_tag, boost::iterators::bidirectional_traversal_tag>’
/mnt/library/BH/include/boost/concept/detail/has_constraints.hpp:32:62:   required by substitution of ‘template<class Model> boost::concepts::detail::yes boost::concepts::detail::has_constraints_(Model*, wrap_constraints<Model, (& Model::constraints)>*) [with Model = boost::Convertible<boost::iterators::random_access_traversal_tag, boost::iterators::bidirectional_traversal_tag>]’
/mnt/library/BH/include/boost/concept/detail/has_constraints.hpp:42:5:   required from ‘const bool boost::concepts::not_satisfied<boost::Convertible<boost::iterators::random_access_traversal_tag, boost::iterators::bidirectional_traversal_tag> >::value’
/mnt/library/BH/include/boost/concept/detail/has_constraints.hpp:45:51:   required from ‘struct boost::concepts::not_satisfied<boost::Convertible<boost::iterators::random_access_traversal_tag, boost::iterators::bidirectional_traversal_tag> >’
/mnt/library/BH/include/boost/concept/detail/general.hpp:72:8:   [ skipping 8 instantiation contexts, use -ftemplate-backtrace-limit=0 to disable ]
/mnt/library/BH/include/boost/concept/detail/has_constraints.hpp:32:62:   required by substitution of ‘template<class Model> boost::concepts::detail::yes boost::concepts::detail::has_constraints_(Model*, wrap_constraints<Model, (& Model::constraints)>*) [with Model = boost::RandomAccessRangeConcept<std::vector<double> >]’
/mnt/library/BH/include/boost/concept/detail/has_constraints.hpp:42:5:   required from ‘const bool boost::concepts::not_satisfied<boost::RandomAccessRangeConcept<std::vector<double> > >::value’
/mnt/library/BH/include/boost/concept/detail/has_constraints.hpp:45:51:   required from ‘struct boost::concepts::not_satisfied<boost::RandomAccessRangeConcept<std::vector<double> > >’
/mnt/library/BH/include/boost/concept/detail/general.hpp:72:8:   required from ‘struct boost::concepts::requirement_<void (*)(boost::RandomAccessRangeConcept<std::vector<double> >)>’
/mnt/library/BH/include/boost/range/algorithm/nth_element.hpp:33:5:   required from ‘RandomAccessRange& boost::range::random_shuffle(RandomAccessRange&, Generator&) [with RandomAccessRange = std::vector<double>; Generator = pcg_detail::engine<unsigned int, long unsigned int, pcg_detail::xsh_rr_mixin<unsigned int, long unsigned int>, true, pcg_detail::specific_stream<long unsigned int>, pcg_detail::default_multiplier<long unsigned int> >]’
shuffle_matrix.cpp:34:41:   required from here
/mnt/library/BH/include/boost/concept/usage.hpp:20:48: warning: ‘this’ pointer is null [-Wnonnull]
   20 |     ~usage_requirements() { ((Model*)0)->~Model(); }
      |                             ~~~~~~~~~~~~~~~~~~~^~
/mnt/library/BH/include/boost/concept/usage.hpp:37:7: note: in a call to non-static member function ‘boost::Convertible<X, Y>::~Convertible() [with X = boost::iterators::random_access_traversal_tag; Y = boost::iterators::bidirectional_traversal_tag]’
   37 |       ~model()
      |       ^
/mnt/library/BH/include/boost/concept_check.hpp:208:5: note: in expansion of macro ‘BOOST_CONCEPT_USAGE’
  208 |     BOOST_CONCEPT_USAGE(Convertible) {
      |     ^~~~~~~~~~~~~~~~~~~
/mnt/library/BH/include/boost/concept/usage.hpp: In instantiation of ‘boost::concepts::usage_requirements<Model>::~usage_requirements() [with Model = boost::range_detail::BidirectionalIteratorConcept<__gnu_cxx::__normal_iterator<double*, std::vector<double> > >]’:
/mnt/library/BH/include/boost/concept/detail/general.hpp:50:47:   required from ‘static void boost::concepts::requirement<boost::concepts::failed************ Model::************>::failed() [with Model = boost::concepts::usage_requirements<boost::range_detail::BidirectionalIteratorConcept<__gnu_cxx::__normal_iterator<double*, std::vector<double> > > >]’
/mnt/library/BH/include/boost/range/concepts.hpp:226:14:   required from ‘struct boost::range_detail::BidirectionalIteratorConcept<__gnu_cxx::__normal_iterator<double*, std::vector<double> > >’
/mnt/library/BH/include/boost/concept/detail/has_constraints.hpp:32:62:   required by substitution of ‘template<class Model> boost::concepts::detail::yes boost::concepts::detail::has_constraints_(Model*, wrap_constraints<Model, (& Model::constraints)>*) [with Model = boost::range_detail::BidirectionalIteratorConcept<__gnu_cxx::__normal_iterator<double*, std::vector<double> > >]’
/mnt/library/BH/include/boost/concept/detail/has_constraints.hpp:42:5:   required from ‘const bool boost::concepts::not_satisfied<boost::range_detail::BidirectionalIteratorConcept<__gnu_cxx::__normal_iterator<double*, std::vector<double> > > >::value’
/mnt/library/BH/include/boost/concept/detail/has_constraints.hpp:45:51:   required from ‘struct boost::concepts::not_satisfied<boost::range_detail::BidirectionalIteratorConcept<__gnu_cxx::__normal_iterator<double*, std::vector<double> > > >’
/mnt/library/BH/include/boost/concept/detail/general.hpp:72:8:   [ skipping 3 instantiation contexts, use -ftemplate-backtrace-limit=0 to disable ]
/mnt/library/BH/include/boost/concept/detail/has_constraints.hpp:32:62:   required by substitution of ‘template<class Model> boost::concepts::detail::yes boost::concepts::detail::has_constraints_(Model*, wrap_constraints<Model, (& Model::constraints)>*) [with Model = boost::RandomAccessRangeConcept<std::vector<double> >]’
/mnt/library/BH/include/boost/concept/detail/has_constraints.hpp:42:5:   required from ‘const bool boost::concepts::not_satisfied<boost::RandomAccessRangeConcept<std::vector<double> > >::value’
/mnt/library/BH/include/boost/concept/detail/has_constraints.hpp:45:51:   required from ‘struct boost::concepts::not_satisfied<boost::RandomAccessRangeConcept<std::vector<double> > >’
/mnt/library/BH/include/boost/concept/detail/general.hpp:72:8:   required from ‘struct boost::concepts::requirement_<void (*)(boost::RandomAccessRangeConcept<std::vector<double> >)>’
/mnt/library/BH/include/boost/range/algorithm/nth_element.hpp:33:5:   required from ‘RandomAccessRange& boost::range::random_shuffle(RandomAccessRange&, Generator&) [with RandomAccessRange = std::vector<double>; Generator = pcg_detail::engine<unsigned int, long unsigned int, pcg_detail::xsh_rr_mixin<unsigned int, long unsigned int>, true, pcg_detail::specific_stream<long unsigned int>, pcg_detail::default_multiplier<long unsigned int> >]’
shuffle_matrix.cpp:34:41:   required from here
/mnt/library/BH/include/boost/concept/usage.hpp:20:48: warning: ‘this’ pointer is null [-Wnonnull]
   20 |     ~usage_requirements() { ((Model*)0)->~Model(); }
      |                             ~~~~~~~~~~~~~~~~~~~^~
/mnt/library/BH/include/boost/concept/usage.hpp:37:7: note: in a call to non-static member function ‘boost::range_detail::BidirectionalIteratorConcept<Iterator>::~BidirectionalIteratorConcept() [with Iterator = __gnu_cxx::__normal_iterator<double*, std::vector<double> >]’
   37 |       ~model()
      |       ^
/mnt/library/BH/include/boost/range/concepts.hpp:226:14: note: in expansion of macro ‘BOOST_CONCEPT_USAGE’
  226 |              BOOST_CONCEPT_USAGE(BidirectionalIteratorConcept)
      |              ^~~~~~~~~~~~~~~~~~~
/mnt/library/BH/include/boost/concept/usage.hpp: In instantiation of ‘boost::concepts::usage_requirements<Model>::~usage_requirements() [with Model = boost::range_detail::BidirectionalIteratorConcept<__gnu_cxx::__normal_iterator<const double*, std::vector<double> > >]’:
/mnt/library/BH/include/boost/concept/detail/general.hpp:50:47:   required from ‘static void boost::concepts::requirement<boost::concepts::failed************ Model::************>::failed() [with Model = boost::concepts::usage_requirements<boost::range_detail::BidirectionalIteratorConcept<__gnu_cxx::__normal_iterator<const double*, std::vector<double> > > >]’
/mnt/library/BH/include/boost/range/concepts.hpp:226:14:   required from ‘struct boost::range_detail::BidirectionalIteratorConcept<__gnu_cxx::__normal_iterator<const double*, std::vector<double> > >’
/mnt/library/BH/include/boost/concept/detail/has_constraints.hpp:32:62:   required by substitution of ‘template<class Model> boost::concepts::detail::yes boost::concepts::detail::has_constraints_(Model*, wrap_constraints<Model, (& Model::constraints)>*) [with Model = boost::range_detail::BidirectionalIteratorConcept<__gnu_cxx::__normal_iterator<const double*, std::vector<double> > >]’
/mnt/library/BH/include/boost/concept/detail/has_constraints.hpp:42:5:   required from ‘const bool boost::concepts::not_satisfied<boost::range_detail::BidirectionalIteratorConcept<__gnu_cxx::__normal_iterator<const double*, std::vector<double> > > >::value’
/mnt/library/BH/include/boost/concept/detail/has_constraints.hpp:45:51:   required from ‘struct boost::concepts::not_satisfied<boost::range_detail::BidirectionalIteratorConcept<__gnu_cxx::__normal_iterator<const double*, std::vector<double> > > >’
/mnt/library/BH/include/boost/concept/detail/general.hpp:72:8:   [ skipping 3 instantiation contexts, use -ftemplate-backtrace-limit=0 to disable ]
/mnt/library/BH/include/boost/concept/detail/has_constraints.hpp:32:62:   required by substitution of ‘template<class Model> boost::concepts::detail::yes boost::concepts::detail::has_constraints_(Model*, wrap_constraints<Model, (& Model::constraints)>*) [with Model = boost::RandomAccessRangeConcept<std::vector<double> >]’
/mnt/library/BH/include/boost/concept/detail/has_constraints.hpp:42:5:   required from ‘const bool boost::concepts::not_satisfied<boost::RandomAccessRangeConcept<std::vector<double> > >::value’
/mnt/library/BH/include/boost/concept/detail/has_constraints.hpp:45:51:   required from ‘struct boost::concepts::not_satisfied<boost::RandomAccessRangeConcept<std::vector<double> > >’
/mnt/library/BH/include/boost/concept/detail/general.hpp:72:8:   required from ‘struct boost::concepts::requirement_<void (*)(boost::RandomAccessRangeConcept<std::vector<double> >)>’
/mnt/library/BH/include/boost/range/algorithm/nth_element.hpp:33:5:   required from ‘RandomAccessRange& boost::range::random_shuffle(RandomAccessRange&, Generator&) [with RandomAccessRange = std::vector<double>; Generator = pcg_detail::engine<unsigned int, long unsigned int, pcg_detail::xsh_rr_mixin<unsigned int, long unsigned int>, true, pcg_detail::specific_stream<long unsigned int>, pcg_detail::default_multiplier<long unsigned int> >]’
shuffle_matrix.cpp:34:41:   required from here
/mnt/library/BH/include/boost/concept/usage.hpp:20:48: warning: ‘this’ pointer is null [-Wnonnull]
   20 |     ~usage_requirements() { ((Model*)0)->~Model(); }
      |                             ~~~~~~~~~~~~~~~~~~~^~
/mnt/library/BH/include/boost/concept/usage.hpp:37:7: note: in a call to non-static member function ‘boost::range_detail::BidirectionalIteratorConcept<Iterator>::~BidirectionalIteratorConcept() [with Iterator = __gnu_cxx::__normal_iterator<const double*, std::vector<double> >]’
   37 |       ~model()
      |       ^
/mnt/library/BH/include/boost/range/concepts.hpp:226:14: note: in expansion of macro ‘BOOST_CONCEPT_USAGE’
  226 |              BOOST_CONCEPT_USAGE(BidirectionalIteratorConcept)
      |              ^~~~~~~~~~~~~~~~~~~
/mnt/library/BH/include/boost/concept/usage.hpp: In instantiation of ‘boost::concepts::usage_requirements<Model>::~usage_requirements() [with Model = boost::Convertible<boost::iterators::random_access_traversal_tag, boost::iterators::random_access_traversal_tag>]’:
/mnt/library/BH/include/boost/concept/detail/general.hpp:50:47:   required from ‘static void boost::concepts::requirement<boost::concepts::failed************ Model::************>::failed() [with Model = boost::concepts::usage_requirements<boost::Convertible<boost::iterators::random_access_traversal_tag, boost::iterators::random_access_traversal_tag> >]’
/mnt/library/BH/include/boost/concept_check.hpp:208:5:   required from ‘struct boost::Convertible<boost::iterators::random_access_traversal_tag, boost::iterators::random_access_traversal_tag>’
/mnt/library/BH/include/boost/concept/detail/has_constraints.hpp:32:62:   required by substitution of ‘template<class Model> boost::concepts::detail::yes boost::concepts::detail::has_constraints_(Model*, wrap_constraints<Model, (& Model::constraints)>*) [with Model = boost::Convertible<boost::iterators::random_access_traversal_tag, boost::iterators::random_access_traversal_tag>]’
/mnt/library/BH/include/boost/concept/detail/has_constraints.hpp:42:5:   required from ‘const bool boost::concepts::not_satisfied<boost::Convertible<boost::iterators::random_access_traversal_tag, boost::iterators::random_access_traversal_tag> >::value’
/mnt/library/BH/include/boost/concept/detail/has_constraints.hpp:45:51:   required from ‘struct boost::concepts::not_satisfied<boost::Convertible<boost::iterators::random_access_traversal_tag, boost::iterators::random_access_traversal_tag> >’
/mnt/library/BH/include/boost/concept/detail/general.hpp:72:8:   [ skipping 7 instantiation contexts, use -ftemplate-backtrace-limit=0 to disable ]
/mnt/library/BH/include/boost/concept/detail/has_constraints.hpp:32:62:   required by substitution of ‘template<class Model> boost::concepts::detail::yes boost::concepts::detail::has_constraints_(Model*, wrap_constraints<Model, (& Model::constraints)>*) [with Model = boost::RandomAccessRangeConcept<std::vector<double> >]’
/mnt/library/BH/include/boost/concept/detail/has_constraints.hpp:42:5:   required from ‘const bool boost::concepts::not_satisfied<boost::RandomAccessRangeConcept<std::vector<double> > >::value’
/mnt/library/BH/include/boost/concept/detail/has_constraints.hpp:45:51:   required from ‘struct boost::concepts::not_satisfied<boost::RandomAccessRangeConcept<std::vector<double> > >’
/mnt/library/BH/include/boost/concept/detail/general.hpp:72:8:   required from ‘struct boost::concepts::requirement_<void (*)(boost::RandomAccessRangeConcept<std::vector<double> >)>’
/mnt/library/BH/include/boost/range/algorithm/nth_element.hpp:33:5:   required from ‘RandomAccessRange& boost::range::random_shuffle(RandomAccessRange&, Generator&) [with RandomAccessRange = std::vector<double>; Generator = pcg_detail::engine<unsigned int, long unsigned int, pcg_detail::xsh_rr_mixin<unsigned int, long unsigned int>, true, pcg_detail::specific_stream<long unsigned int>, pcg_detail::default_multiplier<long unsigned int> >]’
shuffle_matrix.cpp:34:41:   required from here
/mnt/library/BH/include/boost/concept/usage.hpp:20:48: warning: ‘this’ pointer is null [-Wnonnull]
   20 |     ~usage_requirements() { ((Model*)0)->~Model(); }
      |                             ~~~~~~~~~~~~~~~~~~~^~
/mnt/library/BH/include/boost/concept/usage.hpp:37:7: note: in a call to non-static member function ‘boost::Convertible<X, Y>::~Convertible() [with X = boost::iterators::random_access_traversal_tag; Y = boost::iterators::random_access_traversal_tag]’
   37 |       ~model()
      |       ^
/mnt/library/BH/include/boost/concept_check.hpp:208:5: note: in expansion of macro ‘BOOST_CONCEPT_USAGE’
  208 |     BOOST_CONCEPT_USAGE(Convertible) {
      |     ^~~~~~~~~~~~~~~~~~~
/mnt/library/BH/include/boost/concept/usage.hpp: In instantiation of ‘boost::concepts::usage_requirements<Model>::~usage_requirements() [with Model = boost::range_detail::RandomAccessIteratorConcept<__gnu_cxx::__normal_iterator<double*, std::vector<double> > >]’:
/mnt/library/BH/include/boost/concept/detail/general.hpp:50:47:   required from ‘static void boost::concepts::requirement<boost::concepts::failed************ Model::************>::failed() [with Model = boost::concepts::usage_requirements<boost::range_detail::RandomAccessIteratorConcept<__gnu_cxx::__normal_iterator<double*, std::vector<double> > > >]’
/mnt/library/BH/include/boost/range/concepts.hpp:247:14:   required from ‘struct boost::range_detail::RandomAccessIteratorConcept<__gnu_cxx::__normal_iterator<double*, std::vector<double> > >’
/mnt/library/BH/include/boost/concept/detail/has_constraints.hpp:32:62:   required by substitution of ‘template<class Model> boost::concepts::detail::yes boost::concepts::detail::has_constraints_(Model*, wrap_constraints<Model, (& Model::constraints)>*) [with Model = boost::range_detail::RandomAccessIteratorConcept<__gnu_cxx::__normal_iterator<double*, std::vector<double> > >]’
/mnt/library/BH/include/boost/concept/detail/has_constraints.hpp:42:5:   required from ‘const bool boost::concepts::not_satisfied<boost::range_detail::RandomAccessIteratorConcept<__gnu_cxx::__normal_iterator<double*, std::vector<double> > > >::value’
/mnt/library/BH/include/boost/concept/detail/has_constraints.hpp:45:51:   required from ‘struct boost::concepts::not_satisfied<boost::range_detail::RandomAccessIteratorConcept<__gnu_cxx::__normal_iterator<double*, std::vector<double> > > >’
/mnt/library/BH/include/boost/concept/detail/general.hpp:72:8:   [ skipping 2 instantiation contexts, use -ftemplate-backtrace-limit=0 to disable ]
/mnt/library/BH/include/boost/concept/detail/has_constraints.hpp:32:62:   required by substitution of ‘template<class Model> boost::concepts::detail::yes boost::concepts::detail::has_constraints_(Model*, wrap_constraints<Model, (& Model::constraints)>*) [with Model = boost::RandomAccessRangeConcept<std::vector<double> >]’
/mnt/library/BH/include/boost/concept/detail/has_constraints.hpp:42:5:   required from ‘const bool boost::concepts::not_satisfied<boost::RandomAccessRangeConcept<std::vector<double> > >::value’
/mnt/library/BH/include/boost/concept/detail/has_constraints.hpp:45:51:   required from ‘struct boost::concepts::not_satisfied<boost::RandomAccessRangeConcept<std::vector<double> > >’
/mnt/library/BH/include/boost/concept/detail/general.hpp:72:8:   required from ‘struct boost::concepts::requirement_<void (*)(boost::RandomAccessRangeConcept<std::vector<double> >)>’
/mnt/library/BH/include/boost/range/algorithm/nth_element.hpp:33:5:   required from ‘RandomAccessRange& boost::range::random_shuffle(RandomAccessRange&, Generator&) [with RandomAccessRange = std::vector<double>; Generator = pcg_detail::engine<unsigned int, long unsigned int, pcg_detail::xsh_rr_mixin<unsigned int, long unsigned int>, true, pcg_detail::specific_stream<long unsigned int>, pcg_detail::default_multiplier<long unsigned int> >]’
shuffle_matrix.cpp:34:41:   required from here
/mnt/library/BH/include/boost/concept/usage.hpp:20:48: warning: ‘this’ pointer is null [-Wnonnull]
   20 |     ~usage_requirements() { ((Model*)0)->~Model(); }
      |                             ~~~~~~~~~~~~~~~~~~~^~
/mnt/library/BH/include/boost/concept/usage.hpp:37:7: note: in a call to non-static member function ‘boost::range_detail::RandomAccessIteratorConcept<Iterator>::~RandomAccessIteratorConcept() [with Iterator = __gnu_cxx::__normal_iterator<double*, std::vector<double> >]’
   37 |       ~model()
      |       ^
/mnt/library/BH/include/boost/range/concepts.hpp:247:14: note: in expansion of macro ‘BOOST_CONCEPT_USAGE’
  247 |              BOOST_CONCEPT_USAGE(RandomAccessIteratorConcept)
      |              ^~~~~~~~~~~~~~~~~~~
/mnt/library/BH/include/boost/concept/usage.hpp: In instantiation of ‘boost::concepts::usage_requirements<Model>::~usage_requirements() [with Model = boost::range_detail::RandomAccessIteratorConcept<__gnu_cxx::__normal_iterator<const double*, std::vector<double> > >]’:
/mnt/library/BH/include/boost/concept/detail/general.hpp:50:47:   required from ‘static void boost::concepts::requirement<boost::concepts::failed************ Model::************>::failed() [with Model = boost::concepts::usage_requirements<boost::range_detail::RandomAccessIteratorConcept<__gnu_cxx::__normal_iterator<const double*, std::vector<double> > > >]’
/mnt/library/BH/include/boost/range/concepts.hpp:247:14:   required from ‘struct boost::range_detail::RandomAccessIteratorConcept<__gnu_cxx::__normal_iterator<const double*, std::vector<double> > >’
/mnt/library/BH/include/boost/concept/detail/has_constraints.hpp:32:62:   required by substitution of ‘template<class Model> boost::concepts::detail::yes boost::concepts::detail::has_constraints_(Model*, wrap_constraints<Model, (& Model::constraints)>*) [with Model = boost::range_detail::RandomAccessIteratorConcept<__gnu_cxx::__normal_iterator<const double*, std::vector<double> > >]’
/mnt/library/BH/include/boost/concept/detail/has_constraints.hpp:42:5:   required from ‘const bool boost::concepts::not_satisfied<boost::range_detail::RandomAccessIteratorConcept<__gnu_cxx::__normal_iterator<const double*, std::vector<double> > > >::value’
/mnt/library/BH/include/boost/concept/detail/has_constraints.hpp:45:51:   required from ‘struct boost::concepts::not_satisfied<boost::range_detail::RandomAccessIteratorConcept<__gnu_cxx::__normal_iterator<const double*, std::vector<double> > > >’
/mnt/library/BH/include/boost/concept/detail/general.hpp:72:8:   [ skipping 2 instantiation contexts, use -ftemplate-backtrace-limit=0 to disable ]
/mnt/library/BH/include/boost/concept/detail/has_constraints.hpp:32:62:   required by substitution of ‘template<class Model> boost::concepts::detail::yes boost::concepts::detail::has_constraints_(Model*, wrap_constraints<Model, (& Model::constraints)>*) [with Model = boost::RandomAccessRangeConcept<std::vector<double> >]’
/mnt/library/BH/include/boost/concept/detail/has_constraints.hpp:42:5:   required from ‘const bool boost::concepts::not_satisfied<boost::RandomAccessRangeConcept<std::vector<double> > >::value’
/mnt/library/BH/include/boost/concept/detail/has_constraints.hpp:45:51:   required from ‘struct boost::concepts::not_satisfied<boost::RandomAccessRangeConcept<std::vector<double> > >’
/mnt/library/BH/include/boost/concept/detail/general.hpp:72:8:   required from ‘struct boost::concepts::requirement_<void (*)(boost::RandomAccessRangeConcept<std::vector<double> >)>’
/mnt/library/BH/include/boost/range/algorithm/nth_element.hpp:33:5:   required from ‘RandomAccessRange& boost::range::random_shuffle(RandomAccessRange&, Generator&) [with RandomAccessRange = std::vector<double>; Generator = pcg_detail::engine<unsigned int, long unsigned int, pcg_detail::xsh_rr_mixin<unsigned int, long unsigned int>, true, pcg_detail::specific_stream<long unsigned int>, pcg_detail::default_multiplier<long unsigned int> >]’
shuffle_matrix.cpp:34:41:   required from here
/mnt/library/BH/include/boost/concept/usage.hpp:20:48: warning: ‘this’ pointer is null [-Wnonnull]
   20 |     ~usage_requirements() { ((Model*)0)->~Model(); }
      |                             ~~~~~~~~~~~~~~~~~~~^~
/mnt/library/BH/include/boost/concept/usage.hpp:37:7: note: in a call to non-static member function ‘boost::range_detail::RandomAccessIteratorConcept<Iterator>::~RandomAccessIteratorConcept() [with Iterator = __gnu_cxx::__normal_iterator<const double*, std::vector<double> >]’
   37 |       ~model()
      |       ^
/mnt/library/BH/include/boost/range/concepts.hpp:247:14: note: in expansion of macro ‘BOOST_CONCEPT_USAGE’
  247 |              BOOST_CONCEPT_USAGE(RandomAccessIteratorConcept)
      |              ^~~~~~~~~~~~~~~~~~~
g++ -std=gnu++17 -shared -L/usr/local/lib/R/lib -L/usr/local/lib -o PCAtools.so RcppExports.o shuffle_matrix.o -L/usr/local/lib/R/lib -lR
installing to /tmp/library/00LOCK-PCAtools/00new/PCAtools/libs
** R
** inst
** byte-compile and prepare package for lazy loading
** help
*** installing help indices
** building package indices
** installing vignettes
** testing if installed package can be loaded from temporary location
** checking absolute paths in shared objects and dynamic libraries
** testing if installed package can be loaded from final location
** testing if installed package keeps a record of temporary installation path
* SHA256 sums
* creating tarball
packaged installation of ‘PCAtools’ as ‘PCAtools_2.25.0_R_x86_64-pc-linux-gnu.tar.gz’
* DONE (PCAtools)

The downloaded source packages are in
	‘/tmp/RtmpunT4mD/downloaded_packages’

real	0m39.929s
user	0m30.423s
sys	0m5.746s
