+ Rscript -e 'Sys.setenv(BIOCONDUCTOR_USE_CONTAINER_REPOSITORY=FALSE);
  p <- .libPaths();
  p <- c('\''/tmp/library'\'', '\''/mnt/library'\'', p);
  .libPaths(p);
  if(BiocManager::install('\''CellBarcode'\'', INSTALL_opts = '\''--build'\'', update = TRUE, quiet = FALSE, dependencies=TRUE, force = TRUE, keep_outputs = TRUE) %in% rownames(installed.packages())) q(status = 0) else q(status = 1)'
'getOption("repos")' replaces Bioconductor standard repositories, see
'help("repositories", package = "BiocManager")' for details.
Replacement repositories:
    CRAN: https://p3m.dev/cran/__linux__/noble/latest
Bioconductor version 3.23 (BiocManager 1.30.27), R 4.6.1 (2026-06-24)
Installing package(s) 'CellBarcode'
trying URL 'https://bioconductor.org/packages/3.23/bioc/src/contrib/CellBarcode_1.18.0.tar.gz'
Content type 'application/x-gzip' length 3329505 bytes (3.2 MB)
==================================================
downloaded 3.2 MB

* installing *source* package ‘CellBarcode’ ...
** this is package ‘CellBarcode’ version ‘1.18.0’
** using staged installation
** libs
using C++ compiler: ‘g++ (Ubuntu 13.3.0-6ubuntu2~24.04.1) 13.3.0’
g++ -std=gnu++20 -I"/usr/local/lib/R/include" -DNDEBUG  -I'/usr/local/lib/R/site-library/Rcpp/include' -I'/mnt/library/BH/include' -I/usr/local/include    -fpic  -g -O2 -fstack-protector-strong -Wformat -Werror=format-security -Wdate-time -D_FORTIFY_SOURCE=2 -g   -c RcppExports.cpp -o RcppExports.o
g++ -std=gnu++20 -I"/usr/local/lib/R/include" -DNDEBUG  -I'/usr/local/lib/R/site-library/Rcpp/include' -I'/mnt/library/BH/include' -I/usr/local/include    -fpic  -g -O2 -fstack-protector-strong -Wformat -Werror=format-security -Wdate-time -D_FORTIFY_SOURCE=2 -g   -c lib_10X_barcode.cpp -o lib_10X_barcode.o
In file included from /mnt/library/BH/include/boost/bind/mem_fn.hpp:23,
                 from /mnt/library/BH/include/boost/mem_fn.hpp:22,
                 from /mnt/library/BH/include/boost/function/function_template.hpp:16,
                 from /mnt/library/BH/include/boost/function.hpp:16,
                 from /mnt/library/BH/include/boost/algorithm/string/detail/find_iterator.hpp:18,
                 from /mnt/library/BH/include/boost/algorithm/string/find_iterator.hpp:24,
                 from /mnt/library/BH/include/boost/algorithm/string/iter_find.hpp:27,
                 from /mnt/library/BH/include/boost/algorithm/string/split.hpp:16,
                 from /mnt/library/BH/include/boost/algorithm/string.hpp:23,
                 from lib_10X_barcode.cpp:10:
/mnt/library/BH/include/boost/get_pointer.hpp:48:40: warning: ‘template<class> class std::auto_ptr’ is deprecated: use 'std::unique_ptr' instead [-Wdeprecated-declarations]
   48 | template<class T> T * get_pointer(std::auto_ptr<T> const& p)
      |                                        ^~~~~~~~
In file included from /usr/include/c++/13/memory:78,
                 from /mnt/library/BH/include/boost/iterator/iterator_facade.hpp:11,
                 from /mnt/library/BH/include/boost/range/iterator_range_core.hpp:27,
                 from /mnt/library/BH/include/boost/range/iterator_range.hpp:13,
                 from /mnt/library/BH/include/boost/range/as_literal.hpp:18,
                 from /mnt/library/BH/include/boost/algorithm/string/trim.hpp:19,
                 from /mnt/library/BH/include/boost/algorithm/string.hpp:19:
/usr/include/c++/13/bits/unique_ptr.h:65:28: note: declared here
   65 |   template<typename> class auto_ptr;
      |                            ^~~~~~~~
In file included from /mnt/library/BH/include/boost/concept/assert.hpp:35,
                 from /mnt/library/BH/include/boost/concept_check.hpp:20,
                 from /mnt/library/BH/include/boost/range/concepts.hpp:19,
                 from /mnt/library/BH/include/boost/range/size_type.hpp:20,
                 from /mnt/library/BH/include/boost/range/size.hpp:21,
                 from /mnt/library/BH/include/boost/range/functions.hpp:20,
                 from /mnt/library/BH/include/boost/range/iterator_range_core.hpp:41:
/mnt/library/BH/include/boost/concept/detail/general.hpp: In instantiation of ‘static void boost::concepts::constraint<Model>::failed() [with Model = boost::algorithm::FinderConcept<boost::algorithm::detail::token_finderF<boost::algorithm::detail::is_any_ofF<char> >, char*>]’:
/mnt/library/BH/include/boost/algorithm/string/iter_find.hpp:81:13:   required from ‘SequenceSequenceT& boost::algorithm::iter_split(SequenceSequenceT&, RangeT&&, FinderT) [with SequenceSequenceT = std::vector<std::__cxx11::basic_string<char> >; RangeT = char (&)[65536]; FinderT = detail::token_finderF<detail::is_any_ofF<char> >]’
/mnt/library/BH/include/boost/algorithm/string/split.hpp:158:50:   required from ‘SequenceSequenceT& boost::algorithm::split(SequenceSequenceT&, RangeT&&, PredicateT, token_compress_mode_type) [with SequenceSequenceT = std::vector<std::__cxx11::basic_string<char> >; RangeT = char (&)[65536]; PredicateT = detail::is_any_ofF<char>]’
lib_10X_barcode.cpp:81:18:   required from here
/mnt/library/BH/include/boost/concept/detail/general.hpp:65:52: warning: ‘this’ pointer is null [-Wnonnull]
   65 |     static void failed() { ((Model*)0)->constraints(); }
      |                            ~~~~~~~~~~~~~~~~~~~~~~~~^~
In file included from /mnt/library/BH/include/boost/algorithm/string/iter_find.hpp:26:
/mnt/library/BH/include/boost/algorithm/string/concept.hpp:40:18: note: in a call to non-static member function ‘void boost::algorithm::FinderConcept<FinderT, IteratorT>::constraints() [with FinderT = boost::algorithm::detail::token_finderF<boost::algorithm::detail::is_any_ofF<char> >; IteratorT = char*]’
   40 |             void constraints()
      |                  ^~~~~~~~~~~
/mnt/library/BH/include/boost/concept/detail/general.hpp: In instantiation of ‘static void boost::concepts::requirement<boost::concepts::failed************ Model::************>::failed() [with Model = boost::concepts::usage_requirements<boost::CopyConstructible<char*> >]’:
/mnt/library/BH/include/boost/concept_check.hpp:167:5:   required from ‘struct boost::CopyConstructible<char*>’
/mnt/library/BH/include/boost/range/concepts.hpp:127:16:   required from ‘struct boost::range_detail::IncrementableIteratorConcept<char*>’
/mnt/library/BH/include/boost/range/concepts.hpp:149:16:   required from ‘struct boost::range_detail::SinglePassIteratorConcept<char*>’
/mnt/library/BH/include/boost/concept/detail/has_constraints.hpp:32:62:   required by substitution of ‘template<class Model> boost::concepts::detail::yes boost::concepts::detail::has_constraints_(Model*, wrap_constraints<Model, (& Model::constraints)>*) [with Model = boost::range_detail::SinglePassIteratorConcept<char*>]’
/mnt/library/BH/include/boost/concept/detail/has_constraints.hpp:42:5:   required from ‘const bool boost::concepts::not_satisfied<boost::range_detail::SinglePassIteratorConcept<char*> >::value’
/mnt/library/BH/include/boost/concept/detail/has_constraints.hpp:45:51:   [ skipping 14 instantiation contexts, use -ftemplate-backtrace-limit=0 to disable ]
/mnt/library/BH/include/boost/iterator/iterator_facade.hpp:824:1:   required from ‘typename boost::iterators::detail::enable_if_interoperable<Derived1, Derived2, boost::iterators::detail::always_bool_t<Derived1, Derived2> >::type boost::iterators::operator!=(const iterator_facade<Derived1, V1, TC1, Reference1, Difference1>&, const iterator_facade<Derived2, V2, TC2, Reference2, Difference2>&) [with Derived1 = transform_iterator<boost::algorithm::detail::copy_iterator_rangeF<std::__cxx11::basic_string<char>, char*>, boost::algorithm::split_iterator<char*>, boost::use_default, boost::use_default>; V1 = std::__cxx11::basic_string<char>; TC1 = forward_traversal_tag; Reference1 = std::__cxx11::basic_string<char>; Difference1 = long int; Derived2 = transform_iterator<boost::algorithm::detail::copy_iterator_rangeF<std::__cxx11::basic_string<char>, char*>, boost::algorithm::split_iterator<char*>, boost::use_default, boost::use_default>; V2 = std::__cxx11::basic_string<char>; TC2 = forward_traversal_tag; Reference2 = std::__cxx11::basic_string<char>; Difference2 = long int; typename detail::enable_if_interoperable<Derived1, Derived2, detail::always_bool_t<Derived1, Derived2> >::type = bool; detail::always_bool_t<Derived1, Derived2> = bool]’
/usr/include/c++/13/bits/stl_vector.h:1671:21:   required from ‘constexpr void std::vector<_Tp, _Alloc>::_M_range_initialize(_InputIterator, _InputIterator, std::input_iterator_tag) [with _InputIterator = boost::iterators::transform_iterator<boost::algorithm::detail::copy_iterator_rangeF<std::__cxx11::basic_string<char>, char*>, boost::algorithm::split_iterator<char*>, boost::use_default, boost::use_default>; _Tp = std::__cxx11::basic_string<char>; _Alloc = std::allocator<std::__cxx11::basic_string<char> >]’
/usr/include/c++/13/bits/stl_vector.h:711:23:   required from ‘constexpr std::vector<_Tp, _Alloc>::vector(_InputIterator, _InputIterator, const allocator_type&) [with _InputIterator = boost::iterators::transform_iterator<boost::algorithm::detail::copy_iterator_rangeF<std::__cxx11::basic_string<char>, char*>, boost::algorithm::split_iterator<char*>, boost::use_default, boost::use_default>; <template-parameter-2-2> = void; _Tp = std::__cxx11::basic_string<char>; _Alloc = std::allocator<std::__cxx11::basic_string<char> >; allocator_type = std::allocator<std::__cxx11::basic_string<char> >]’
/mnt/library/BH/include/boost/algorithm/string/iter_find.hpp:186:31:   required from ‘SequenceSequenceT& boost::algorithm::iter_split(SequenceSequenceT&, RangeT&&, FinderT) [with SequenceSequenceT = std::vector<std::__cxx11::basic_string<char> >; RangeT = char (&)[65536]; FinderT = detail::token_finderF<detail::is_any_ofF<char> >]’
/mnt/library/BH/include/boost/algorithm/string/split.hpp:158:50:   required from ‘SequenceSequenceT& boost::algorithm::split(SequenceSequenceT&, RangeT&&, PredicateT, token_compress_mode_type) [with SequenceSequenceT = std::vector<std::__cxx11::basic_string<char> >; RangeT = char (&)[65536]; PredicateT = detail::is_any_ofF<char>]’
lib_10X_barcode.cpp:81:18:   required from here
/mnt/library/BH/include/boost/concept/detail/general.hpp:50:47: warning: ‘this’ pointer is null [-Wnonnull]
   50 |     static void failed() { ((Model*)0)->~Model(); }
      |                            ~~~~~~~~~~~~~~~~~~~^~
In file included from /mnt/library/BH/include/boost/concept_check.hpp:31:
/mnt/library/BH/include/boost/concept/usage.hpp:20:5: note: in a call to non-static member function ‘boost::concepts::usage_requirements<Model>::~usage_requirements() [with Model = boost::CopyConstructible<char*>]’
   20 |     ~usage_requirements() { ((Model*)0)->~Model(); }
      |     ^
/mnt/library/BH/include/boost/concept/detail/general.hpp: In instantiation of ‘static void boost::concepts::requirement<boost::concepts::failed************ Model::************>::failed() [with Model = boost::concepts::usage_requirements<boost::Convertible<boost::iterators::random_access_traversal_tag, boost::iterators::incrementable_traversal_tag> >]’:
/mnt/library/BH/include/boost/concept_check.hpp:208:5:   required from ‘struct boost::Convertible<boost::iterators::random_access_traversal_tag, boost::iterators::incrementable_traversal_tag>’
/mnt/library/BH/include/boost/concept/detail/has_constraints.hpp:32:62:   required by substitution of ‘template<class Model> boost::concepts::detail::yes boost::concepts::detail::has_constraints_(Model*, wrap_constraints<Model, (& Model::constraints)>*) [with Model = boost::Convertible<boost::iterators::random_access_traversal_tag, boost::iterators::incrementable_traversal_tag>]’
/mnt/library/BH/include/boost/concept/detail/has_constraints.hpp:42:5:   required from ‘const bool boost::concepts::not_satisfied<boost::Convertible<boost::iterators::random_access_traversal_tag, boost::iterators::incrementable_traversal_tag> >::value’
/mnt/library/BH/include/boost/concept/detail/has_constraints.hpp:45:51:   required from ‘struct boost::concepts::not_satisfied<boost::Convertible<boost::iterators::random_access_traversal_tag, boost::iterators::incrementable_traversal_tag> >’
/mnt/library/BH/include/boost/concept/detail/general.hpp:72:8:   required from ‘struct boost::concepts::requirement_<void (*)(boost::Convertible<boost::iterators::random_access_traversal_tag, boost::iterators::incrementable_traversal_tag>)>’
/mnt/library/BH/include/boost/iterator/iterator_concepts.hpp:106:7:   [ skipping 18 instantiation contexts, use -ftemplate-backtrace-limit=0 to disable ]
/mnt/library/BH/include/boost/iterator/iterator_facade.hpp:824:1:   required from ‘typename boost::iterators::detail::enable_if_interoperable<Derived1, Derived2, boost::iterators::detail::always_bool_t<Derived1, Derived2> >::type boost::iterators::operator!=(const iterator_facade<Derived1, V1, TC1, Reference1, Difference1>&, const iterator_facade<Derived2, V2, TC2, Reference2, Difference2>&) [with Derived1 = transform_iterator<boost::algorithm::detail::copy_iterator_rangeF<std::__cxx11::basic_string<char>, char*>, boost::algorithm::split_iterator<char*>, boost::use_default, boost::use_default>; V1 = std::__cxx11::basic_string<char>; TC1 = forward_traversal_tag; Reference1 = std::__cxx11::basic_string<char>; Difference1 = long int; Derived2 = transform_iterator<boost::algorithm::detail::copy_iterator_rangeF<std::__cxx11::basic_string<char>, char*>, boost::algorithm::split_iterator<char*>, boost::use_default, boost::use_default>; V2 = std::__cxx11::basic_string<char>; TC2 = forward_traversal_tag; Reference2 = std::__cxx11::basic_string<char>; Difference2 = long int; typename detail::enable_if_interoperable<Derived1, Derived2, detail::always_bool_t<Derived1, Derived2> >::type = bool; detail::always_bool_t<Derived1, Derived2> = bool]’
/usr/include/c++/13/bits/stl_vector.h:1671:21:   required from ‘constexpr void std::vector<_Tp, _Alloc>::_M_range_initialize(_InputIterator, _InputIterator, std::input_iterator_tag) [with _InputIterator = boost::iterators::transform_iterator<boost::algorithm::detail::copy_iterator_rangeF<std::__cxx11::basic_string<char>, char*>, boost::algorithm::split_iterator<char*>, boost::use_default, boost::use_default>; _Tp = std::__cxx11::basic_string<char>; _Alloc = std::allocator<std::__cxx11::basic_string<char> >]’
/usr/include/c++/13/bits/stl_vector.h:711:23:   required from ‘constexpr std::vector<_Tp, _Alloc>::vector(_InputIterator, _InputIterator, const allocator_type&) [with _InputIterator = boost::iterators::transform_iterator<boost::algorithm::detail::copy_iterator_rangeF<std::__cxx11::basic_string<char>, char*>, boost::algorithm::split_iterator<char*>, boost::use_default, boost::use_default>; <template-parameter-2-2> = void; _Tp = std::__cxx11::basic_string<char>; _Alloc = std::allocator<std::__cxx11::basic_string<char> >; allocator_type = std::allocator<std::__cxx11::basic_string<char> >]’
/mnt/library/BH/include/boost/algorithm/string/iter_find.hpp:186:31:   required from ‘SequenceSequenceT& boost::algorithm::iter_split(SequenceSequenceT&, RangeT&&, FinderT) [with SequenceSequenceT = std::vector<std::__cxx11::basic_string<char> >; RangeT = char (&)[65536]; FinderT = detail::token_finderF<detail::is_any_ofF<char> >]’
/mnt/library/BH/include/boost/algorithm/string/split.hpp:158:50:   required from ‘SequenceSequenceT& boost::algorithm::split(SequenceSequenceT&, RangeT&&, PredicateT, token_compress_mode_type) [with SequenceSequenceT = std::vector<std::__cxx11::basic_string<char> >; RangeT = char (&)[65536]; PredicateT = detail::is_any_ofF<char>]’
lib_10X_barcode.cpp:81:18:   required from here
/mnt/library/BH/include/boost/concept/detail/general.hpp:50:47: warning: ‘this’ pointer is null [-Wnonnull]
   50 |     static void failed() { ((Model*)0)->~Model(); }
      |                            ~~~~~~~~~~~~~~~~~~~^~
/mnt/library/BH/include/boost/concept/usage.hpp:20:5: note: in a call to non-static member function ‘boost::concepts::usage_requirements<Model>::~usage_requirements() [with Model = boost::Convertible<boost::iterators::random_access_traversal_tag, boost::iterators::incrementable_traversal_tag>]’
   20 |     ~usage_requirements() { ((Model*)0)->~Model(); }
      |     ^
/mnt/library/BH/include/boost/concept/detail/general.hpp: In instantiation of ‘static void boost::concepts::requirement<boost::concepts::failed************ Model::************>::failed() [with Model = boost::Convertible<boost::iterators::random_access_traversal_tag, boost::iterators::incrementable_traversal_tag>]’:
/mnt/library/BH/include/boost/iterator/iterator_concepts.hpp:106:7:   required from ‘struct boost::range_detail::IncrementableIteratorConcept<char*>’
/mnt/library/BH/include/boost/range/concepts.hpp:149:16:   required from ‘struct boost::range_detail::SinglePassIteratorConcept<char*>’
/mnt/library/BH/include/boost/concept/detail/has_constraints.hpp:32:62:   required by substitution of ‘template<class Model> boost::concepts::detail::yes boost::concepts::detail::has_constraints_(Model*, wrap_constraints<Model, (& Model::constraints)>*) [with Model = boost::range_detail::SinglePassIteratorConcept<char*>]’
/mnt/library/BH/include/boost/concept/detail/has_constraints.hpp:42:5:   required from ‘const bool boost::concepts::not_satisfied<boost::range_detail::SinglePassIteratorConcept<char*> >::value’
/mnt/library/BH/include/boost/concept/detail/has_constraints.hpp:45:51:   required from ‘struct boost::concepts::not_satisfied<boost::range_detail::SinglePassIteratorConcept<char*> >’
/mnt/library/BH/include/boost/concept/detail/general.hpp:72:8:   [ skipping 13 instantiation contexts, use -ftemplate-backtrace-limit=0 to disable ]
/mnt/library/BH/include/boost/iterator/iterator_facade.hpp:824:1:   required from ‘typename boost::iterators::detail::enable_if_interoperable<Derived1, Derived2, boost::iterators::detail::always_bool_t<Derived1, Derived2> >::type boost::iterators::operator!=(const iterator_facade<Derived1, V1, TC1, Reference1, Difference1>&, const iterator_facade<Derived2, V2, TC2, Reference2, Difference2>&) [with Derived1 = transform_iterator<boost::algorithm::detail::copy_iterator_rangeF<std::__cxx11::basic_string<char>, char*>, boost::algorithm::split_iterator<char*>, boost::use_default, boost::use_default>; V1 = std::__cxx11::basic_string<char>; TC1 = forward_traversal_tag; Reference1 = std::__cxx11::basic_string<char>; Difference1 = long int; Derived2 = transform_iterator<boost::algorithm::detail::copy_iterator_rangeF<std::__cxx11::basic_string<char>, char*>, boost::algorithm::split_iterator<char*>, boost::use_default, boost::use_default>; V2 = std::__cxx11::basic_string<char>; TC2 = forward_traversal_tag; Reference2 = std::__cxx11::basic_string<char>; Difference2 = long int; typename detail::enable_if_interoperable<Derived1, Derived2, detail::always_bool_t<Derived1, Derived2> >::type = bool; detail::always_bool_t<Derived1, Derived2> = bool]’
/usr/include/c++/13/bits/stl_vector.h:1671:21:   required from ‘constexpr void std::vector<_Tp, _Alloc>::_M_range_initialize(_InputIterator, _InputIterator, std::input_iterator_tag) [with _InputIterator = boost::iterators::transform_iterator<boost::algorithm::detail::copy_iterator_rangeF<std::__cxx11::basic_string<char>, char*>, boost::algorithm::split_iterator<char*>, boost::use_default, boost::use_default>; _Tp = std::__cxx11::basic_string<char>; _Alloc = std::allocator<std::__cxx11::basic_string<char> >]’
/usr/include/c++/13/bits/stl_vector.h:711:23:   required from ‘constexpr std::vector<_Tp, _Alloc>::vector(_InputIterator, _InputIterator, const allocator_type&) [with _InputIterator = boost::iterators::transform_iterator<boost::algorithm::detail::copy_iterator_rangeF<std::__cxx11::basic_string<char>, char*>, boost::algorithm::split_iterator<char*>, boost::use_default, boost::use_default>; <template-parameter-2-2> = void; _Tp = std::__cxx11::basic_string<char>; _Alloc = std::allocator<std::__cxx11::basic_string<char> >; allocator_type = std::allocator<std::__cxx11::basic_string<char> >]’
/mnt/library/BH/include/boost/algorithm/string/iter_find.hpp:186:31:   required from ‘SequenceSequenceT& boost::algorithm::iter_split(SequenceSequenceT&, RangeT&&, FinderT) [with SequenceSequenceT = std::vector<std::__cxx11::basic_string<char> >; RangeT = char (&)[65536]; FinderT = detail::token_finderF<detail::is_any_ofF<char> >]’
/mnt/library/BH/include/boost/algorithm/string/split.hpp:158:50:   required from ‘SequenceSequenceT& boost::algorithm::split(SequenceSequenceT&, RangeT&&, PredicateT, token_compress_mode_type) [with SequenceSequenceT = std::vector<std::__cxx11::basic_string<char> >; RangeT = char (&)[65536]; PredicateT = detail::is_any_ofF<char>]’
lib_10X_barcode.cpp:81:18:   required from here
/mnt/library/BH/include/boost/concept/detail/general.hpp:50:47: warning: ‘this’ pointer is null [-Wnonnull]
   50 |     static void failed() { ((Model*)0)->~Model(); }
      |                            ~~~~~~~~~~~~~~~~~~~^~
/mnt/library/BH/include/boost/concept/usage.hpp:37:7: note: in a call to non-static member function ‘boost::Convertible<X, Y>::~Convertible() [with X = boost::iterators::random_access_traversal_tag; Y = boost::iterators::incrementable_traversal_tag]’
   37 |       ~model()
      |       ^
/mnt/library/BH/include/boost/concept_check.hpp:208:5: note: in expansion of macro ‘BOOST_CONCEPT_USAGE’
  208 |     BOOST_CONCEPT_USAGE(Convertible) {
      |     ^~~~~~~~~~~~~~~~~~~
/mnt/library/BH/include/boost/concept/detail/general.hpp: In instantiation of ‘static void boost::concepts::requirement<boost::concepts::failed************ Model::************>::failed() [with Model = boost::concepts::usage_requirements<boost::range_detail::IncrementableIteratorConcept<char*> >]’:
/mnt/library/BH/include/boost/range/concepts.hpp:138:13:   required from ‘struct boost::range_detail::IncrementableIteratorConcept<char*>’
/mnt/library/BH/include/boost/range/concepts.hpp:149:16:   required from ‘struct boost::range_detail::SinglePassIteratorConcept<char*>’
/mnt/library/BH/include/boost/concept/detail/has_constraints.hpp:32:62:   required by substitution of ‘template<class Model> boost::concepts::detail::yes boost::concepts::detail::has_constraints_(Model*, wrap_constraints<Model, (& Model::constraints)>*) [with Model = boost::range_detail::SinglePassIteratorConcept<char*>]’
/mnt/library/BH/include/boost/concept/detail/has_constraints.hpp:42:5:   required from ‘const bool boost::concepts::not_satisfied<boost::range_detail::SinglePassIteratorConcept<char*> >::value’
/mnt/library/BH/include/boost/concept/detail/has_constraints.hpp:45:51:   required from ‘struct boost::concepts::not_satisfied<boost::range_detail::SinglePassIteratorConcept<char*> >’
/mnt/library/BH/include/boost/concept/detail/general.hpp:72:8:   [ skipping 13 instantiation contexts, use -ftemplate-backtrace-limit=0 to disable ]
/mnt/library/BH/include/boost/iterator/iterator_facade.hpp:824:1:   required from ‘typename boost::iterators::detail::enable_if_interoperable<Derived1, Derived2, boost::iterators::detail::always_bool_t<Derived1, Derived2> >::type boost::iterators::operator!=(const iterator_facade<Derived1, V1, TC1, Reference1, Difference1>&, const iterator_facade<Derived2, V2, TC2, Reference2, Difference2>&) [with Derived1 = transform_iterator<boost::algorithm::detail::copy_iterator_rangeF<std::__cxx11::basic_string<char>, char*>, boost::algorithm::split_iterator<char*>, boost::use_default, boost::use_default>; V1 = std::__cxx11::basic_string<char>; TC1 = forward_traversal_tag; Reference1 = std::__cxx11::basic_string<char>; Difference1 = long int; Derived2 = transform_iterator<boost::algorithm::detail::copy_iterator_rangeF<std::__cxx11::basic_string<char>, char*>, boost::algorithm::split_iterator<char*>, boost::use_default, boost::use_default>; V2 = std::__cxx11::basic_string<char>; TC2 = forward_traversal_tag; Reference2 = std::__cxx11::basic_string<char>; Difference2 = long int; typename detail::enable_if_interoperable<Derived1, Derived2, detail::always_bool_t<Derived1, Derived2> >::type = bool; detail::always_bool_t<Derived1, Derived2> = bool]’
/usr/include/c++/13/bits/stl_vector.h:1671:21:   required from ‘constexpr void std::vector<_Tp, _Alloc>::_M_range_initialize(_InputIterator, _InputIterator, std::input_iterator_tag) [with _InputIterator = boost::iterators::transform_iterator<boost::algorithm::detail::copy_iterator_rangeF<std::__cxx11::basic_string<char>, char*>, boost::algorithm::split_iterator<char*>, boost::use_default, boost::use_default>; _Tp = std::__cxx11::basic_string<char>; _Alloc = std::allocator<std::__cxx11::basic_string<char> >]’
/usr/include/c++/13/bits/stl_vector.h:711:23:   required from ‘constexpr std::vector<_Tp, _Alloc>::vector(_InputIterator, _InputIterator, const allocator_type&) [with _InputIterator = boost::iterators::transform_iterator<boost::algorithm::detail::copy_iterator_rangeF<std::__cxx11::basic_string<char>, char*>, boost::algorithm::split_iterator<char*>, boost::use_default, boost::use_default>; <template-parameter-2-2> = void; _Tp = std::__cxx11::basic_string<char>; _Alloc = std::allocator<std::__cxx11::basic_string<char> >; allocator_type = std::allocator<std::__cxx11::basic_string<char> >]’
/mnt/library/BH/include/boost/algorithm/string/iter_find.hpp:186:31:   required from ‘SequenceSequenceT& boost::algorithm::iter_split(SequenceSequenceT&, RangeT&&, FinderT) [with SequenceSequenceT = std::vector<std::__cxx11::basic_string<char> >; RangeT = char (&)[65536]; FinderT = detail::token_finderF<detail::is_any_ofF<char> >]’
/mnt/library/BH/include/boost/algorithm/string/split.hpp:158:50:   required from ‘SequenceSequenceT& boost::algorithm::split(SequenceSequenceT&, RangeT&&, PredicateT, token_compress_mode_type) [with SequenceSequenceT = std::vector<std::__cxx11::basic_string<char> >; RangeT = char (&)[65536]; PredicateT = detail::is_any_ofF<char>]’
lib_10X_barcode.cpp:81:18:   required from here
/mnt/library/BH/include/boost/concept/detail/general.hpp:50:47: warning: ‘this’ pointer is null [-Wnonnull]
   50 |     static void failed() { ((Model*)0)->~Model(); }
      |                            ~~~~~~~~~~~~~~~~~~~^~
/mnt/library/BH/include/boost/concept/usage.hpp:20:5: note: in a call to non-static member function ‘boost::concepts::usage_requirements<Model>::~usage_requirements() [with Model = boost::range_detail::IncrementableIteratorConcept<char*>]’
   20 |     ~usage_requirements() { ((Model*)0)->~Model(); }
      |     ^
/mnt/library/BH/include/boost/concept/detail/general.hpp: In instantiation of ‘static void boost::concepts::requirement<boost::concepts::failed************ Model::************>::failed() [with Model = boost::concepts::usage_requirements<boost::EqualityComparable<char*> >]’:
/mnt/library/BH/include/boost/concept_check.hpp:233:5:   required from ‘struct boost::EqualityComparable<char*>’
/mnt/library/BH/include/boost/range/concepts.hpp:149:16:   required from ‘struct boost::range_detail::SinglePassIteratorConcept<char*>’
/mnt/library/BH/include/boost/concept/detail/has_constraints.hpp:32:62:   required by substitution of ‘template<class Model> boost::concepts::detail::yes boost::concepts::detail::has_constraints_(Model*, wrap_constraints<Model, (& Model::constraints)>*) [with Model = boost::range_detail::SinglePassIteratorConcept<char*>]’
/mnt/library/BH/include/boost/concept/detail/has_constraints.hpp:42:5:   required from ‘const bool boost::concepts::not_satisfied<boost::range_detail::SinglePassIteratorConcept<char*> >::value’
/mnt/library/BH/include/boost/concept/detail/has_constraints.hpp:45:51:   required from ‘struct boost::concepts::not_satisfied<boost::range_detail::SinglePassIteratorConcept<char*> >’
/mnt/library/BH/include/boost/concept/detail/general.hpp:72:8:   [ skipping 13 instantiation contexts, use -ftemplate-backtrace-limit=0 to disable ]
/mnt/library/BH/include/boost/iterator/iterator_facade.hpp:824:1:   required from ‘typename boost::iterators::detail::enable_if_interoperable<Derived1, Derived2, boost::iterators::detail::always_bool_t<Derived1, Derived2> >::type boost::iterators::operator!=(const iterator_facade<Derived1, V1, TC1, Reference1, Difference1>&, const iterator_facade<Derived2, V2, TC2, Reference2, Difference2>&) [with Derived1 = transform_iterator<boost::algorithm::detail::copy_iterator_rangeF<std::__cxx11::basic_string<char>, char*>, boost::algorithm::split_iterator<char*>, boost::use_default, boost::use_default>; V1 = std::__cxx11::basic_string<char>; TC1 = forward_traversal_tag; Reference1 = std::__cxx11::basic_string<char>; Difference1 = long int; Derived2 = transform_iterator<boost::algorithm::detail::copy_iterator_rangeF<std::__cxx11::basic_string<char>, char*>, boost::algorithm::split_iterator<char*>, boost::use_default, boost::use_default>; V2 = std::__cxx11::basic_string<char>; TC2 = forward_traversal_tag; Reference2 = std::__cxx11::basic_string<char>; Difference2 = long int; typename detail::enable_if_interoperable<Derived1, Derived2, detail::always_bool_t<Derived1, Derived2> >::type = bool; detail::always_bool_t<Derived1, Derived2> = bool]’
/usr/include/c++/13/bits/stl_vector.h:1671:21:   required from ‘constexpr void std::vector<_Tp, _Alloc>::_M_range_initialize(_InputIterator, _InputIterator, std::input_iterator_tag) [with _InputIterator = boost::iterators::transform_iterator<boost::algorithm::detail::copy_iterator_rangeF<std::__cxx11::basic_string<char>, char*>, boost::algorithm::split_iterator<char*>, boost::use_default, boost::use_default>; _Tp = std::__cxx11::basic_string<char>; _Alloc = std::allocator<std::__cxx11::basic_string<char> >]’
/usr/include/c++/13/bits/stl_vector.h:711:23:   required from ‘constexpr std::vector<_Tp, _Alloc>::vector(_InputIterator, _InputIterator, const allocator_type&) [with _InputIterator = boost::iterators::transform_iterator<boost::algorithm::detail::copy_iterator_rangeF<std::__cxx11::basic_string<char>, char*>, boost::algorithm::split_iterator<char*>, boost::use_default, boost::use_default>; <template-parameter-2-2> = void; _Tp = std::__cxx11::basic_string<char>; _Alloc = std::allocator<std::__cxx11::basic_string<char> >; allocator_type = std::allocator<std::__cxx11::basic_string<char> >]’
/mnt/library/BH/include/boost/algorithm/string/iter_find.hpp:186:31:   required from ‘SequenceSequenceT& boost::algorithm::iter_split(SequenceSequenceT&, RangeT&&, FinderT) [with SequenceSequenceT = std::vector<std::__cxx11::basic_string<char> >; RangeT = char (&)[65536]; FinderT = detail::token_finderF<detail::is_any_ofF<char> >]’
/mnt/library/BH/include/boost/algorithm/string/split.hpp:158:50:   required from ‘SequenceSequenceT& boost::algorithm::split(SequenceSequenceT&, RangeT&&, PredicateT, token_compress_mode_type) [with SequenceSequenceT = std::vector<std::__cxx11::basic_string<char> >; RangeT = char (&)[65536]; PredicateT = detail::is_any_ofF<char>]’
lib_10X_barcode.cpp:81:18:   required from here
/mnt/library/BH/include/boost/concept/detail/general.hpp:50:47: warning: ‘this’ pointer is null [-Wnonnull]
   50 |     static void failed() { ((Model*)0)->~Model(); }
      |                            ~~~~~~~~~~~~~~~~~~~^~
/mnt/library/BH/include/boost/concept/usage.hpp:20:5: note: in a call to non-static member function ‘boost::concepts::usage_requirements<Model>::~usage_requirements() [with Model = boost::EqualityComparable<char*>]’
   20 |     ~usage_requirements() { ((Model*)0)->~Model(); }
      |     ^
/mnt/library/BH/include/boost/concept/detail/general.hpp: In instantiation of ‘static void boost::concepts::requirement<boost::concepts::failed************ Model::************>::failed() [with Model = boost::concepts::usage_requirements<boost::Convertible<boost::iterators::random_access_traversal_tag, boost::iterators::single_pass_traversal_tag> >]’:
/mnt/library/BH/include/boost/concept_check.hpp:208:5:   required from ‘struct boost::Convertible<boost::iterators::random_access_traversal_tag, boost::iterators::single_pass_traversal_tag>’
/mnt/library/BH/include/boost/concept/detail/has_constraints.hpp:32:62:   required by substitution of ‘template<class Model> boost::concepts::detail::yes boost::concepts::detail::has_constraints_(Model*, wrap_constraints<Model, (& Model::constraints)>*) [with Model = boost::Convertible<boost::iterators::random_access_traversal_tag, boost::iterators::single_pass_traversal_tag>]’
/mnt/library/BH/include/boost/concept/detail/has_constraints.hpp:42:5:   required from ‘const bool boost::concepts::not_satisfied<boost::Convertible<boost::iterators::random_access_traversal_tag, boost::iterators::single_pass_traversal_tag> >::value’
/mnt/library/BH/include/boost/concept/detail/has_constraints.hpp:45:51:   required from ‘struct boost::concepts::not_satisfied<boost::Convertible<boost::iterators::random_access_traversal_tag, boost::iterators::single_pass_traversal_tag> >’
/mnt/library/BH/include/boost/concept/detail/general.hpp:72:8:   required from ‘struct boost::concepts::requirement_<void (*)(boost::Convertible<boost::iterators::random_access_traversal_tag, boost::iterators::single_pass_traversal_tag>)>’
/mnt/library/BH/include/boost/range/concepts.hpp:154:13:   [ skipping 17 instantiation contexts, use -ftemplate-backtrace-limit=0 to disable ]
/mnt/library/BH/include/boost/iterator/iterator_facade.hpp:824:1:   required from ‘typename boost::iterators::detail::enable_if_interoperable<Derived1, Derived2, boost::iterators::detail::always_bool_t<Derived1, Derived2> >::type boost::iterators::operator!=(const iterator_facade<Derived1, V1, TC1, Reference1, Difference1>&, const iterator_facade<Derived2, V2, TC2, Reference2, Difference2>&) [with Derived1 = transform_iterator<boost::algorithm::detail::copy_iterator_rangeF<std::__cxx11::basic_string<char>, char*>, boost::algorithm::split_iterator<char*>, boost::use_default, boost::use_default>; V1 = std::__cxx11::basic_string<char>; TC1 = forward_traversal_tag; Reference1 = std::__cxx11::basic_string<char>; Difference1 = long int; Derived2 = transform_iterator<boost::algorithm::detail::copy_iterator_rangeF<std::__cxx11::basic_string<char>, char*>, boost::algorithm::split_iterator<char*>, boost::use_default, boost::use_default>; V2 = std::__cxx11::basic_string<char>; TC2 = forward_traversal_tag; Reference2 = std::__cxx11::basic_string<char>; Difference2 = long int; typename detail::enable_if_interoperable<Derived1, Derived2, detail::always_bool_t<Derived1, Derived2> >::type = bool; detail::always_bool_t<Derived1, Derived2> = bool]’
/usr/include/c++/13/bits/stl_vector.h:1671:21:   required from ‘constexpr void std::vector<_Tp, _Alloc>::_M_range_initialize(_InputIterator, _InputIterator, std::input_iterator_tag) [with _InputIterator = boost::iterators::transform_iterator<boost::algorithm::detail::copy_iterator_rangeF<std::__cxx11::basic_string<char>, char*>, boost::algorithm::split_iterator<char*>, boost::use_default, boost::use_default>; _Tp = std::__cxx11::basic_string<char>; _Alloc = std::allocator<std::__cxx11::basic_string<char> >]’
/usr/include/c++/13/bits/stl_vector.h:711:23:   required from ‘constexpr std::vector<_Tp, _Alloc>::vector(_InputIterator, _InputIterator, const allocator_type&) [with _InputIterator = boost::iterators::transform_iterator<boost::algorithm::detail::copy_iterator_rangeF<std::__cxx11::basic_string<char>, char*>, boost::algorithm::split_iterator<char*>, boost::use_default, boost::use_default>; <template-parameter-2-2> = void; _Tp = std::__cxx11::basic_string<char>; _Alloc = std::allocator<std::__cxx11::basic_string<char> >; allocator_type = std::allocator<std::__cxx11::basic_string<char> >]’
/mnt/library/BH/include/boost/algorithm/string/iter_find.hpp:186:31:   required from ‘SequenceSequenceT& boost::algorithm::iter_split(SequenceSequenceT&, RangeT&&, FinderT) [with SequenceSequenceT = std::vector<std::__cxx11::basic_string<char> >; RangeT = char (&)[65536]; FinderT = detail::token_finderF<detail::is_any_ofF<char> >]’
/mnt/library/BH/include/boost/algorithm/string/split.hpp:158:50:   required from ‘SequenceSequenceT& boost::algorithm::split(SequenceSequenceT&, RangeT&&, PredicateT, token_compress_mode_type) [with SequenceSequenceT = std::vector<std::__cxx11::basic_string<char> >; RangeT = char (&)[65536]; PredicateT = detail::is_any_ofF<char>]’
lib_10X_barcode.cpp:81:18:   required from here
/mnt/library/BH/include/boost/concept/detail/general.hpp:50:47: warning: ‘this’ pointer is null [-Wnonnull]
   50 |     static void failed() { ((Model*)0)->~Model(); }
      |                            ~~~~~~~~~~~~~~~~~~~^~
/mnt/library/BH/include/boost/concept/usage.hpp:20:5: note: in a call to non-static member function ‘boost::concepts::usage_requirements<Model>::~usage_requirements() [with Model = boost::Convertible<boost::iterators::random_access_traversal_tag, boost::iterators::single_pass_traversal_tag>]’
   20 |     ~usage_requirements() { ((Model*)0)->~Model(); }
      |     ^
/mnt/library/BH/include/boost/concept/detail/general.hpp: In instantiation of ‘static void boost::concepts::requirement<boost::concepts::failed************ Model::************>::failed() [with Model = boost::Convertible<boost::iterators::random_access_traversal_tag, boost::iterators::single_pass_traversal_tag>]’:
/mnt/library/BH/include/boost/range/concepts.hpp:154:13:   required from ‘struct boost::range_detail::SinglePassIteratorConcept<char*>’
/mnt/library/BH/include/boost/concept/detail/has_constraints.hpp:32:62:   required by substitution of ‘template<class Model> boost::concepts::detail::yes boost::concepts::detail::has_constraints_(Model*, wrap_constraints<Model, (& Model::constraints)>*) [with Model = boost::range_detail::SinglePassIteratorConcept<char*>]’
/mnt/library/BH/include/boost/concept/detail/has_constraints.hpp:42:5:   required from ‘const bool boost::concepts::not_satisfied<boost::range_detail::SinglePassIteratorConcept<char*> >::value’
/mnt/library/BH/include/boost/concept/detail/has_constraints.hpp:45:51:   required from ‘struct boost::concepts::not_satisfied<boost::range_detail::SinglePassIteratorConcept<char*> >’
/mnt/library/BH/include/boost/concept/detail/general.hpp:72:8:   required from ‘struct boost::concepts::requirement_<void (*)(boost::range_detail::SinglePassIteratorConcept<char*>)>’
/mnt/library/BH/include/boost/range/concepts.hpp:280:9:   [ skipping 12 instantiation contexts, use -ftemplate-backtrace-limit=0 to disable ]
/mnt/library/BH/include/boost/iterator/iterator_facade.hpp:824:1:   required from ‘typename boost::iterators::detail::enable_if_interoperable<Derived1, Derived2, boost::iterators::detail::always_bool_t<Derived1, Derived2> >::type boost::iterators::operator!=(const iterator_facade<Derived1, V1, TC1, Reference1, Difference1>&, const iterator_facade<Derived2, V2, TC2, Reference2, Difference2>&) [with Derived1 = transform_iterator<boost::algorithm::detail::copy_iterator_rangeF<std::__cxx11::basic_string<char>, char*>, boost::algorithm::split_iterator<char*>, boost::use_default, boost::use_default>; V1 = std::__cxx11::basic_string<char>; TC1 = forward_traversal_tag; Reference1 = std::__cxx11::basic_string<char>; Difference1 = long int; Derived2 = transform_iterator<boost::algorithm::detail::copy_iterator_rangeF<std::__cxx11::basic_string<char>, char*>, boost::algorithm::split_iterator<char*>, boost::use_default, boost::use_default>; V2 = std::__cxx11::basic_string<char>; TC2 = forward_traversal_tag; Reference2 = std::__cxx11::basic_string<char>; Difference2 = long int; typename detail::enable_if_interoperable<Derived1, Derived2, detail::always_bool_t<Derived1, Derived2> >::type = bool; detail::always_bool_t<Derived1, Derived2> = bool]’
/usr/include/c++/13/bits/stl_vector.h:1671:21:   required from ‘constexpr void std::vector<_Tp, _Alloc>::_M_range_initialize(_InputIterator, _InputIterator, std::input_iterator_tag) [with _InputIterator = boost::iterators::transform_iterator<boost::algorithm::detail::copy_iterator_rangeF<std::__cxx11::basic_string<char>, char*>, boost::algorithm::split_iterator<char*>, boost::use_default, boost::use_default>; _Tp = std::__cxx11::basic_string<char>; _Alloc = std::allocator<std::__cxx11::basic_string<char> >]’
/usr/include/c++/13/bits/stl_vector.h:711:23:   required from ‘constexpr std::vector<_Tp, _Alloc>::vector(_InputIterator, _InputIterator, const allocator_type&) [with _InputIterator = boost::iterators::transform_iterator<boost::algorithm::detail::copy_iterator_rangeF<std::__cxx11::basic_string<char>, char*>, boost::algorithm::split_iterator<char*>, boost::use_default, boost::use_default>; <template-parameter-2-2> = void; _Tp = std::__cxx11::basic_string<char>; _Alloc = std::allocator<std::__cxx11::basic_string<char> >; allocator_type = std::allocator<std::__cxx11::basic_string<char> >]’
/mnt/library/BH/include/boost/algorithm/string/iter_find.hpp:186:31:   required from ‘SequenceSequenceT& boost::algorithm::iter_split(SequenceSequenceT&, RangeT&&, FinderT) [with SequenceSequenceT = std::vector<std::__cxx11::basic_string<char> >; RangeT = char (&)[65536]; FinderT = detail::token_finderF<detail::is_any_ofF<char> >]’
/mnt/library/BH/include/boost/algorithm/string/split.hpp:158:50:   required from ‘SequenceSequenceT& boost::algorithm::split(SequenceSequenceT&, RangeT&&, PredicateT, token_compress_mode_type) [with SequenceSequenceT = std::vector<std::__cxx11::basic_string<char> >; RangeT = char (&)[65536]; PredicateT = detail::is_any_ofF<char>]’
lib_10X_barcode.cpp:81:18:   required from here
/mnt/library/BH/include/boost/concept/detail/general.hpp:50:47: warning: ‘this’ pointer is null [-Wnonnull]
   50 |     static void failed() { ((Model*)0)->~Model(); }
      |                            ~~~~~~~~~~~~~~~~~~~^~
/mnt/library/BH/include/boost/concept/usage.hpp:37:7: note: in a call to non-static member function ‘boost::Convertible<X, Y>::~Convertible() [with X = boost::iterators::random_access_traversal_tag; Y = boost::iterators::single_pass_traversal_tag]’
   37 |       ~model()
      |       ^
/mnt/library/BH/include/boost/concept_check.hpp:208:5: note: in expansion of macro ‘BOOST_CONCEPT_USAGE’
  208 |     BOOST_CONCEPT_USAGE(Convertible) {
      |     ^~~~~~~~~~~~~~~~~~~
/mnt/library/BH/include/boost/concept/detail/general.hpp: In instantiation of ‘static void boost::concepts::requirement<boost::concepts::failed************ Model::************>::failed() [with Model = boost::concepts::usage_requirements<boost::range_detail::SinglePassIteratorConcept<char*> >]’:
/mnt/library/BH/include/boost/range/concepts.hpp:160:13:   required from ‘struct boost::range_detail::SinglePassIteratorConcept<char*>’
/mnt/library/BH/include/boost/concept/detail/has_constraints.hpp:32:62:   required by substitution of ‘template<class Model> boost::concepts::detail::yes boost::concepts::detail::has_constraints_(Model*, wrap_constraints<Model, (& Model::constraints)>*) [with Model = boost::range_detail::SinglePassIteratorConcept<char*>]’
/mnt/library/BH/include/boost/concept/detail/has_constraints.hpp:42:5:   required from ‘const bool boost::concepts::not_satisfied<boost::range_detail::SinglePassIteratorConcept<char*> >::value’
/mnt/library/BH/include/boost/concept/detail/has_constraints.hpp:45:51:   required from ‘struct boost::concepts::not_satisfied<boost::range_detail::SinglePassIteratorConcept<char*> >’
/mnt/library/BH/include/boost/concept/detail/general.hpp:72:8:   required from ‘struct boost::concepts::requirement_<void (*)(boost::range_detail::SinglePassIteratorConcept<char*>)>’
/mnt/library/BH/include/boost/range/concepts.hpp:280:9:   [ skipping 12 instantiation contexts, use -ftemplate-backtrace-limit=0 to disable ]
/mnt/library/BH/include/boost/iterator/iterator_facade.hpp:824:1:   required from ‘typename boost::iterators::detail::enable_if_interoperable<Derived1, Derived2, boost::iterators::detail::always_bool_t<Derived1, Derived2> >::type boost::iterators::operator!=(const iterator_facade<Derived1, V1, TC1, Reference1, Difference1>&, const iterator_facade<Derived2, V2, TC2, Reference2, Difference2>&) [with Derived1 = transform_iterator<boost::algorithm::detail::copy_iterator_rangeF<std::__cxx11::basic_string<char>, char*>, boost::algorithm::split_iterator<char*>, boost::use_default, boost::use_default>; V1 = std::__cxx11::basic_string<char>; TC1 = forward_traversal_tag; Reference1 = std::__cxx11::basic_string<char>; Difference1 = long int; Derived2 = transform_iterator<boost::algorithm::detail::copy_iterator_rangeF<std::__cxx11::basic_string<char>, char*>, boost::algorithm::split_iterator<char*>, boost::use_default, boost::use_default>; V2 = std::__cxx11::basic_string<char>; TC2 = forward_traversal_tag; Reference2 = std::__cxx11::basic_string<char>; Difference2 = long int; typename detail::enable_if_interoperable<Derived1, Derived2, detail::always_bool_t<Derived1, Derived2> >::type = bool; detail::always_bool_t<Derived1, Derived2> = bool]’
/usr/include/c++/13/bits/stl_vector.h:1671:21:   required from ‘constexpr void std::vector<_Tp, _Alloc>::_M_range_initialize(_InputIterator, _InputIterator, std::input_iterator_tag) [with _InputIterator = boost::iterators::transform_iterator<boost::algorithm::detail::copy_iterator_rangeF<std::__cxx11::basic_string<char>, char*>, boost::algorithm::split_iterator<char*>, boost::use_default, boost::use_default>; _Tp = std::__cxx11::basic_string<char>; _Alloc = std::allocator<std::__cxx11::basic_string<char> >]’
/usr/include/c++/13/bits/stl_vector.h:711:23:   required from ‘constexpr std::vector<_Tp, _Alloc>::vector(_InputIterator, _InputIterator, const allocator_type&) [with _InputIterator = boost::iterators::transform_iterator<boost::algorithm::detail::copy_iterator_rangeF<std::__cxx11::basic_string<char>, char*>, boost::algorithm::split_iterator<char*>, boost::use_default, boost::use_default>; <template-parameter-2-2> = void; _Tp = std::__cxx11::basic_string<char>; _Alloc = std::allocator<std::__cxx11::basic_string<char> >; allocator_type = std::allocator<std::__cxx11::basic_string<char> >]’
/mnt/library/BH/include/boost/algorithm/string/iter_find.hpp:186:31:   required from ‘SequenceSequenceT& boost::algorithm::iter_split(SequenceSequenceT&, RangeT&&, FinderT) [with SequenceSequenceT = std::vector<std::__cxx11::basic_string<char> >; RangeT = char (&)[65536]; FinderT = detail::token_finderF<detail::is_any_ofF<char> >]’
/mnt/library/BH/include/boost/algorithm/string/split.hpp:158:50:   required from ‘SequenceSequenceT& boost::algorithm::split(SequenceSequenceT&, RangeT&&, PredicateT, token_compress_mode_type) [with SequenceSequenceT = std::vector<std::__cxx11::basic_string<char> >; RangeT = char (&)[65536]; PredicateT = detail::is_any_ofF<char>]’
lib_10X_barcode.cpp:81:18:   required from here
/mnt/library/BH/include/boost/concept/detail/general.hpp:50:47: warning: ‘this’ pointer is null [-Wnonnull]
   50 |     static void failed() { ((Model*)0)->~Model(); }
      |                            ~~~~~~~~~~~~~~~~~~~^~
/mnt/library/BH/include/boost/concept/usage.hpp:20:5: note: in a call to non-static member function ‘boost::concepts::usage_requirements<Model>::~usage_requirements() [with Model = boost::range_detail::SinglePassIteratorConcept<char*>]’
   20 |     ~usage_requirements() { ((Model*)0)->~Model(); }
      |     ^
/mnt/library/BH/include/boost/concept/detail/general.hpp: In instantiation of ‘static void boost::concepts::requirement<boost::concepts::failed************ Model::************>::failed() [with Model = boost::range_detail::SinglePassIteratorConcept<char*>]’:
/mnt/library/BH/include/boost/range/concepts.hpp:280:9:   required from ‘struct boost::SinglePassRangeConcept<const boost::iterator_range<char*> >’
/mnt/library/BH/include/boost/concept/detail/has_constraints.hpp:32:62:   required by substitution of ‘template<class Model> boost::concepts::detail::yes boost::concepts::detail::has_constraints_(Model*, wrap_constraints<Model, (& Model::constraints)>*) [with Model = boost::SinglePassRangeConcept<const boost::iterator_range<char*> >]’
/mnt/library/BH/include/boost/concept/detail/has_constraints.hpp:42:5:   required from ‘const bool boost::concepts::not_satisfied<boost::SinglePassRangeConcept<const boost::iterator_range<char*> > >::value’
/mnt/library/BH/include/boost/concept/detail/has_constraints.hpp:45:51:   required from ‘struct boost::concepts::not_satisfied<boost::SinglePassRangeConcept<const boost::iterator_range<char*> > >’
/mnt/library/BH/include/boost/concept/detail/general.hpp:72:8:   required from ‘struct boost::concepts::requirement_<void (*)(boost::SinglePassRangeConcept<const boost::iterator_range<char*> >)>’
/mnt/library/BH/include/boost/range/algorithm/equal.hpp:174:13:   [ skipping 7 instantiation contexts, use -ftemplate-backtrace-limit=0 to disable ]
/mnt/library/BH/include/boost/iterator/iterator_facade.hpp:824:1:   required from ‘typename boost::iterators::detail::enable_if_interoperable<Derived1, Derived2, boost::iterators::detail::always_bool_t<Derived1, Derived2> >::type boost::iterators::operator!=(const iterator_facade<Derived1, V1, TC1, Reference1, Difference1>&, const iterator_facade<Derived2, V2, TC2, Reference2, Difference2>&) [with Derived1 = transform_iterator<boost::algorithm::detail::copy_iterator_rangeF<std::__cxx11::basic_string<char>, char*>, boost::algorithm::split_iterator<char*>, boost::use_default, boost::use_default>; V1 = std::__cxx11::basic_string<char>; TC1 = forward_traversal_tag; Reference1 = std::__cxx11::basic_string<char>; Difference1 = long int; Derived2 = transform_iterator<boost::algorithm::detail::copy_iterator_rangeF<std::__cxx11::basic_string<char>, char*>, boost::algorithm::split_iterator<char*>, boost::use_default, boost::use_default>; V2 = std::__cxx11::basic_string<char>; TC2 = forward_traversal_tag; Reference2 = std::__cxx11::basic_string<char>; Difference2 = long int; typename detail::enable_if_interoperable<Derived1, Derived2, detail::always_bool_t<Derived1, Derived2> >::type = bool; detail::always_bool_t<Derived1, Derived2> = bool]’
/usr/include/c++/13/bits/stl_vector.h:1671:21:   required from ‘constexpr void std::vector<_Tp, _Alloc>::_M_range_initialize(_InputIterator, _InputIterator, std::input_iterator_tag) [with _InputIterator = boost::iterators::transform_iterator<boost::algorithm::detail::copy_iterator_rangeF<std::__cxx11::basic_string<char>, char*>, boost::algorithm::split_iterator<char*>, boost::use_default, boost::use_default>; _Tp = std::__cxx11::basic_string<char>; _Alloc = std::allocator<std::__cxx11::basic_string<char> >]’
/usr/include/c++/13/bits/stl_vector.h:711:23:   required from ‘constexpr std::vector<_Tp, _Alloc>::vector(_InputIterator, _InputIterator, const allocator_type&) [with _InputIterator = boost::iterators::transform_iterator<boost::algorithm::detail::copy_iterator_rangeF<std::__cxx11::basic_string<char>, char*>, boost::algorithm::split_iterator<char*>, boost::use_default, boost::use_default>; <template-parameter-2-2> = void; _Tp = std::__cxx11::basic_string<char>; _Alloc = std::allocator<std::__cxx11::basic_string<char> >; allocator_type = std::allocator<std::__cxx11::basic_string<char> >]’
/mnt/library/BH/include/boost/algorithm/string/iter_find.hpp:186:31:   required from ‘SequenceSequenceT& boost::algorithm::iter_split(SequenceSequenceT&, RangeT&&, FinderT) [with SequenceSequenceT = std::vector<std::__cxx11::basic_string<char> >; RangeT = char (&)[65536]; FinderT = detail::token_finderF<detail::is_any_ofF<char> >]’
/mnt/library/BH/include/boost/algorithm/string/split.hpp:158:50:   required from ‘SequenceSequenceT& boost::algorithm::split(SequenceSequenceT&, RangeT&&, PredicateT, token_compress_mode_type) [with SequenceSequenceT = std::vector<std::__cxx11::basic_string<char> >; RangeT = char (&)[65536]; PredicateT = detail::is_any_ofF<char>]’
lib_10X_barcode.cpp:81:18:   required from here
/mnt/library/BH/include/boost/concept/detail/general.hpp:50:47: warning: ‘this’ pointer is null [-Wnonnull]
   50 |     static void failed() { ((Model*)0)->~Model(); }
      |                            ~~~~~~~~~~~~~~~~~~~^~
/mnt/library/BH/include/boost/concept/usage.hpp:37:7: note: in a call to non-static member function ‘boost::range_detail::SinglePassIteratorConcept<Iterator>::~SinglePassIteratorConcept() [with Iterator = char*]’
   37 |       ~model()
      |       ^
/mnt/library/BH/include/boost/range/concepts.hpp:160:13: note: in expansion of macro ‘BOOST_CONCEPT_USAGE’
  160 |             BOOST_CONCEPT_USAGE(SinglePassIteratorConcept)
      |             ^~~~~~~~~~~~~~~~~~~
/mnt/library/BH/include/boost/concept/detail/general.hpp: In instantiation of ‘static void boost::concepts::requirement<boost::concepts::failed************ Model::************>::failed() [with Model = boost::concepts::usage_requirements<boost::SinglePassRangeConcept<const boost::iterator_range<char*> > >]’:
/mnt/library/BH/include/boost/range/concepts.hpp:286:9:   required from ‘struct boost::SinglePassRangeConcept<const boost::iterator_range<char*> >’
/mnt/library/BH/include/boost/concept/detail/has_constraints.hpp:32:62:   required by substitution of ‘template<class Model> boost::concepts::detail::yes boost::concepts::detail::has_constraints_(Model*, wrap_constraints<Model, (& Model::constraints)>*) [with Model = boost::SinglePassRangeConcept<const boost::iterator_range<char*> >]’
/mnt/library/BH/include/boost/concept/detail/has_constraints.hpp:42:5:   required from ‘const bool boost::concepts::not_satisfied<boost::SinglePassRangeConcept<const boost::iterator_range<char*> > >::value’
/mnt/library/BH/include/boost/concept/detail/has_constraints.hpp:45:51:   required from ‘struct boost::concepts::not_satisfied<boost::SinglePassRangeConcept<const boost::iterator_range<char*> > >’
/mnt/library/BH/include/boost/concept/detail/general.hpp:72:8:   required from ‘struct boost::concepts::requirement_<void (*)(boost::SinglePassRangeConcept<const boost::iterator_range<char*> >)>’
/mnt/library/BH/include/boost/range/algorithm/equal.hpp:174:13:   [ skipping 7 instantiation contexts, use -ftemplate-backtrace-limit=0 to disable ]
/mnt/library/BH/include/boost/iterator/iterator_facade.hpp:824:1:   required from ‘typename boost::iterators::detail::enable_if_interoperable<Derived1, Derived2, boost::iterators::detail::always_bool_t<Derived1, Derived2> >::type boost::iterators::operator!=(const iterator_facade<Derived1, V1, TC1, Reference1, Difference1>&, const iterator_facade<Derived2, V2, TC2, Reference2, Difference2>&) [with Derived1 = transform_iterator<boost::algorithm::detail::copy_iterator_rangeF<std::__cxx11::basic_string<char>, char*>, boost::algorithm::split_iterator<char*>, boost::use_default, boost::use_default>; V1 = std::__cxx11::basic_string<char>; TC1 = forward_traversal_tag; Reference1 = std::__cxx11::basic_string<char>; Difference1 = long int; Derived2 = transform_iterator<boost::algorithm::detail::copy_iterator_rangeF<std::__cxx11::basic_string<char>, char*>, boost::algorithm::split_iterator<char*>, boost::use_default, boost::use_default>; V2 = std::__cxx11::basic_string<char>; TC2 = forward_traversal_tag; Reference2 = std::__cxx11::basic_string<char>; Difference2 = long int; typename detail::enable_if_interoperable<Derived1, Derived2, detail::always_bool_t<Derived1, Derived2> >::type = bool; detail::always_bool_t<Derived1, Derived2> = bool]’
/usr/include/c++/13/bits/stl_vector.h:1671:21:   required from ‘constexpr void std::vector<_Tp, _Alloc>::_M_range_initialize(_InputIterator, _InputIterator, std::input_iterator_tag) [with _InputIterator = boost::iterators::transform_iterator<boost::algorithm::detail::copy_iterator_rangeF<std::__cxx11::basic_string<char>, char*>, boost::algorithm::split_iterator<char*>, boost::use_default, boost::use_default>; _Tp = std::__cxx11::basic_string<char>; _Alloc = std::allocator<std::__cxx11::basic_string<char> >]’
/usr/include/c++/13/bits/stl_vector.h:711:23:   required from ‘constexpr std::vector<_Tp, _Alloc>::vector(_InputIterator, _InputIterator, const allocator_type&) [with _InputIterator = boost::iterators::transform_iterator<boost::algorithm::detail::copy_iterator_rangeF<std::__cxx11::basic_string<char>, char*>, boost::algorithm::split_iterator<char*>, boost::use_default, boost::use_default>; <template-parameter-2-2> = void; _Tp = std::__cxx11::basic_string<char>; _Alloc = std::allocator<std::__cxx11::basic_string<char> >; allocator_type = std::allocator<std::__cxx11::basic_string<char> >]’
/mnt/library/BH/include/boost/algorithm/string/iter_find.hpp:186:31:   required from ‘SequenceSequenceT& boost::algorithm::iter_split(SequenceSequenceT&, RangeT&&, FinderT) [with SequenceSequenceT = std::vector<std::__cxx11::basic_string<char> >; RangeT = char (&)[65536]; FinderT = detail::token_finderF<detail::is_any_ofF<char> >]’
/mnt/library/BH/include/boost/algorithm/string/split.hpp:158:50:   required from ‘SequenceSequenceT& boost::algorithm::split(SequenceSequenceT&, RangeT&&, PredicateT, token_compress_mode_type) [with SequenceSequenceT = std::vector<std::__cxx11::basic_string<char> >; RangeT = char (&)[65536]; PredicateT = detail::is_any_ofF<char>]’
lib_10X_barcode.cpp:81:18:   required from here
/mnt/library/BH/include/boost/concept/detail/general.hpp:50:47: warning: ‘this’ pointer is null [-Wnonnull]
   50 |     static void failed() { ((Model*)0)->~Model(); }
      |                            ~~~~~~~~~~~~~~~~~~~^~
/mnt/library/BH/include/boost/concept/usage.hpp:20:5: note: in a call to non-static member function ‘boost::concepts::usage_requirements<Model>::~usage_requirements() [with Model = boost::SinglePassRangeConcept<const boost::iterator_range<char*> >]’
   20 |     ~usage_requirements() { ((Model*)0)->~Model(); }
      |     ^
/mnt/library/BH/include/boost/concept/detail/general.hpp: In instantiation of ‘static void boost::concepts::requirement<boost::concepts::failed************ Model::************>::failed() [with Model = boost::SinglePassRangeConcept<const boost::iterator_range<char*> >]’:
/mnt/library/BH/include/boost/range/algorithm/equal.hpp:174:13:   required from ‘bool boost::range::equal(const SinglePassRange1&, const SinglePassRange2&) [with SinglePassRange1 = boost::iterator_range<char*>; SinglePassRange2 = boost::iterator_range<char*>]’
/mnt/library/BH/include/boost/range/iterator_range_core.hpp:647:32:   required from ‘bool boost::operator==(const iterator_range<IteratorT>&, const iterator_range<Iterator2T>&) [with Iterator1T = char*; Iterator2T = char*]’
/mnt/library/BH/include/boost/algorithm/string/find_iterator.hpp:359:32:   required from ‘bool boost::algorithm::split_iterator<IteratorT>::equal(const boost::algorithm::split_iterator<IteratorT>&) const [with IteratorT = char*]’
/mnt/library/BH/include/boost/iterator/iterator_facade.hpp:518:24:   required from ‘static bool boost::iterators::iterator_core_access::equal(const Facade1&, const Facade2&, std::true_type) [with Facade1 = boost::algorithm::split_iterator<char*>; Facade2 = boost::algorithm::split_iterator<char*>; std::true_type = std::integral_constant<bool, true>]’
/mnt/library/BH/include/boost/iterator/iterator_facade.hpp:823:1:   required from ‘typename boost::iterators::detail::enable_if_interoperable<Derived1, Derived2, boost::iterators::detail::always_bool_t<Derived1, Derived2> >::type boost::iterators::operator==(const iterator_facade<Derived1, V1, TC1, Reference1, Difference1>&, const iterator_facade<Derived2, V2, TC2, Reference2, Difference2>&) [with Derived1 = boost::algorithm::split_iterator<char*>; V1 = const boost::iterator_range<char*>; TC1 = forward_traversal_tag; Reference1 = const boost::iterator_range<char*>&; Difference1 = long int; Derived2 = boost::algorithm::split_iterator<char*>; V2 = const boost::iterator_range<char*>; TC2 = forward_traversal_tag; Reference2 = const boost::iterator_range<char*>&; Difference2 = long int; typename detail::enable_if_interoperable<Derived1, Derived2, detail::always_bool_t<Derived1, Derived2> >::type = bool; detail::always_bool_t<Derived1, Derived2> = bool]’
/mnt/library/BH/include/boost/iterator/iterator_adaptor.hpp:166:27:   [ skipping 2 instantiation contexts, use -ftemplate-backtrace-limit=0 to disable ]
/mnt/library/BH/include/boost/iterator/iterator_facade.hpp:824:1:   required from ‘typename boost::iterators::detail::enable_if_interoperable<Derived1, Derived2, boost::iterators::detail::always_bool_t<Derived1, Derived2> >::type boost::iterators::operator!=(const iterator_facade<Derived1, V1, TC1, Reference1, Difference1>&, const iterator_facade<Derived2, V2, TC2, Reference2, Difference2>&) [with Derived1 = transform_iterator<boost::algorithm::detail::copy_iterator_rangeF<std::__cxx11::basic_string<char>, char*>, boost::algorithm::split_iterator<char*>, boost::use_default, boost::use_default>; V1 = std::__cxx11::basic_string<char>; TC1 = forward_traversal_tag; Reference1 = std::__cxx11::basic_string<char>; Difference1 = long int; Derived2 = transform_iterator<boost::algorithm::detail::copy_iterator_rangeF<std::__cxx11::basic_string<char>, char*>, boost::algorithm::split_iterator<char*>, boost::use_default, boost::use_default>; V2 = std::__cxx11::basic_string<char>; TC2 = forward_traversal_tag; Reference2 = std::__cxx11::basic_string<char>; Difference2 = long int; typename detail::enable_if_interoperable<Derived1, Derived2, detail::always_bool_t<Derived1, Derived2> >::type = bool; detail::always_bool_t<Derived1, Derived2> = bool]’
/usr/include/c++/13/bits/stl_vector.h:1671:21:   required from ‘constexpr void std::vector<_Tp, _Alloc>::_M_range_initialize(_InputIterator, _InputIterator, std::input_iterator_tag) [with _InputIterator = boost::iterators::transform_iterator<boost::algorithm::detail::copy_iterator_rangeF<std::__cxx11::basic_string<char>, char*>, boost::algorithm::split_iterator<char*>, boost::use_default, boost::use_default>; _Tp = std::__cxx11::basic_string<char>; _Alloc = std::allocator<std::__cxx11::basic_string<char> >]’
/usr/include/c++/13/bits/stl_vector.h:711:23:   required from ‘constexpr std::vector<_Tp, _Alloc>::vector(_InputIterator, _InputIterator, const allocator_type&) [with _InputIterator = boost::iterators::transform_iterator<boost::algorithm::detail::copy_iterator_rangeF<std::__cxx11::basic_string<char>, char*>, boost::algorithm::split_iterator<char*>, boost::use_default, boost::use_default>; <template-parameter-2-2> = void; _Tp = std::__cxx11::basic_string<char>; _Alloc = std::allocator<std::__cxx11::basic_string<char> >; allocator_type = std::allocator<std::__cxx11::basic_string<char> >]’
/mnt/library/BH/include/boost/algorithm/string/iter_find.hpp:186:31:   required from ‘SequenceSequenceT& boost::algorithm::iter_split(SequenceSequenceT&, RangeT&&, FinderT) [with SequenceSequenceT = std::vector<std::__cxx11::basic_string<char> >; RangeT = char (&)[65536]; FinderT = detail::token_finderF<detail::is_any_ofF<char> >]’
/mnt/library/BH/include/boost/algorithm/string/split.hpp:158:50:   required from ‘SequenceSequenceT& boost::algorithm::split(SequenceSequenceT&, RangeT&&, PredicateT, token_compress_mode_type) [with SequenceSequenceT = std::vector<std::__cxx11::basic_string<char> >; RangeT = char (&)[65536]; PredicateT = detail::is_any_ofF<char>]’
lib_10X_barcode.cpp:81:18:   required from here
/mnt/library/BH/include/boost/concept/detail/general.hpp:50:47: warning: ‘this’ pointer is null [-Wnonnull]
   50 |     static void failed() { ((Model*)0)->~Model(); }
      |                            ~~~~~~~~~~~~~~~~~~~^~
/mnt/library/BH/include/boost/concept/usage.hpp:37:7: note: in a call to non-static member function ‘boost::SinglePassRangeConcept<T>::~SinglePassRangeConcept() [with T = const boost::iterator_range<char*>]’
   37 |       ~model()
      |       ^
/mnt/library/BH/include/boost/range/concepts.hpp:286:9: note: in expansion of macro ‘BOOST_CONCEPT_USAGE’
  286 |         BOOST_CONCEPT_USAGE(SinglePassRangeConcept)
      |         ^~~~~~~~~~~~~~~~~~~
/mnt/library/BH/include/boost/concept/usage.hpp: In instantiation of ‘boost::concepts::usage_requirements<Model>::~usage_requirements() [with Model = boost::CopyConstructible<char*>]’:
/mnt/library/BH/include/boost/concept/detail/general.hpp:50:47:   required from ‘static void boost::concepts::requirement<boost::concepts::failed************ Model::************>::failed() [with Model = boost::concepts::usage_requirements<boost::CopyConstructible<char*> >]’
/mnt/library/BH/include/boost/concept_check.hpp:167:5:   required from ‘struct boost::CopyConstructible<char*>’
/mnt/library/BH/include/boost/range/concepts.hpp:127:16:   required from ‘struct boost::range_detail::IncrementableIteratorConcept<char*>’
/mnt/library/BH/include/boost/range/concepts.hpp:149:16:   required from ‘struct boost::range_detail::SinglePassIteratorConcept<char*>’
/mnt/library/BH/include/boost/concept/detail/has_constraints.hpp:32:62:   required by substitution of ‘template<class Model> boost::concepts::detail::yes boost::concepts::detail::has_constraints_(Model*, wrap_constraints<Model, (& Model::constraints)>*) [with Model = boost::range_detail::SinglePassIteratorConcept<char*>]’
/mnt/library/BH/include/boost/concept/detail/has_constraints.hpp:42:5:   [ skipping 15 instantiation contexts, use -ftemplate-backtrace-limit=0 to disable ]
/mnt/library/BH/include/boost/iterator/iterator_facade.hpp:824:1:   required from ‘typename boost::iterators::detail::enable_if_interoperable<Derived1, Derived2, boost::iterators::detail::always_bool_t<Derived1, Derived2> >::type boost::iterators::operator!=(const iterator_facade<Derived1, V1, TC1, Reference1, Difference1>&, const iterator_facade<Derived2, V2, TC2, Reference2, Difference2>&) [with Derived1 = transform_iterator<boost::algorithm::detail::copy_iterator_rangeF<std::__cxx11::basic_string<char>, char*>, boost::algorithm::split_iterator<char*>, boost::use_default, boost::use_default>; V1 = std::__cxx11::basic_string<char>; TC1 = forward_traversal_tag; Reference1 = std::__cxx11::basic_string<char>; Difference1 = long int; Derived2 = transform_iterator<boost::algorithm::detail::copy_iterator_rangeF<std::__cxx11::basic_string<char>, char*>, boost::algorithm::split_iterator<char*>, boost::use_default, boost::use_default>; V2 = std::__cxx11::basic_string<char>; TC2 = forward_traversal_tag; Reference2 = std::__cxx11::basic_string<char>; Difference2 = long int; typename detail::enable_if_interoperable<Derived1, Derived2, detail::always_bool_t<Derived1, Derived2> >::type = bool; detail::always_bool_t<Derived1, Derived2> = bool]’
/usr/include/c++/13/bits/stl_vector.h:1671:21:   required from ‘constexpr void std::vector<_Tp, _Alloc>::_M_range_initialize(_InputIterator, _InputIterator, std::input_iterator_tag) [with _InputIterator = boost::iterators::transform_iterator<boost::algorithm::detail::copy_iterator_rangeF<std::__cxx11::basic_string<char>, char*>, boost::algorithm::split_iterator<char*>, boost::use_default, boost::use_default>; _Tp = std::__cxx11::basic_string<char>; _Alloc = std::allocator<std::__cxx11::basic_string<char> >]’
/usr/include/c++/13/bits/stl_vector.h:711:23:   required from ‘constexpr std::vector<_Tp, _Alloc>::vector(_InputIterator, _InputIterator, const allocator_type&) [with _InputIterator = boost::iterators::transform_iterator<boost::algorithm::detail::copy_iterator_rangeF<std::__cxx11::basic_string<char>, char*>, boost::algorithm::split_iterator<char*>, boost::use_default, boost::use_default>; <template-parameter-2-2> = void; _Tp = std::__cxx11::basic_string<char>; _Alloc = std::allocator<std::__cxx11::basic_string<char> >; allocator_type = std::allocator<std::__cxx11::basic_string<char> >]’
/mnt/library/BH/include/boost/algorithm/string/iter_find.hpp:186:31:   required from ‘SequenceSequenceT& boost::algorithm::iter_split(SequenceSequenceT&, RangeT&&, FinderT) [with SequenceSequenceT = std::vector<std::__cxx11::basic_string<char> >; RangeT = char (&)[65536]; FinderT = detail::token_finderF<detail::is_any_ofF<char> >]’
/mnt/library/BH/include/boost/algorithm/string/split.hpp:158:50:   required from ‘SequenceSequenceT& boost::algorithm::split(SequenceSequenceT&, RangeT&&, PredicateT, token_compress_mode_type) [with SequenceSequenceT = std::vector<std::__cxx11::basic_string<char> >; RangeT = char (&)[65536]; PredicateT = detail::is_any_ofF<char>]’
lib_10X_barcode.cpp:81:18:   required from here
/mnt/library/BH/include/boost/concept/usage.hpp:20:48: warning: ‘this’ pointer is null [-Wnonnull]
   20 |     ~usage_requirements() { ((Model*)0)->~Model(); }
      |                             ~~~~~~~~~~~~~~~~~~~^~
/mnt/library/BH/include/boost/concept/usage.hpp:37:7: note: in a call to non-static member function ‘boost::CopyConstructible<TT>::~CopyConstructible() [with TT = char*]’
   37 |       ~model()
      |       ^
/mnt/library/BH/include/boost/concept_check.hpp:167:5: note: in expansion of macro ‘BOOST_CONCEPT_USAGE’
  167 |     BOOST_CONCEPT_USAGE(CopyConstructible) {
      |     ^~~~~~~~~~~~~~~~~~~
/mnt/library/BH/include/boost/concept/usage.hpp: In instantiation of ‘boost::concepts::usage_requirements<Model>::~usage_requirements() [with Model = boost::Convertible<boost::iterators::random_access_traversal_tag, boost::iterators::incrementable_traversal_tag>]’:
/mnt/library/BH/include/boost/concept/detail/general.hpp:50:47:   required from ‘static void boost::concepts::requirement<boost::concepts::failed************ Model::************>::failed() [with Model = boost::concepts::usage_requirements<boost::Convertible<boost::iterators::random_access_traversal_tag, boost::iterators::incrementable_traversal_tag> >]’
/mnt/library/BH/include/boost/concept_check.hpp:208:5:   required from ‘struct boost::Convertible<boost::iterators::random_access_traversal_tag, boost::iterators::incrementable_traversal_tag>’
/mnt/library/BH/include/boost/concept/detail/has_constraints.hpp:32:62:   required by substitution of ‘template<class Model> boost::concepts::detail::yes boost::concepts::detail::has_constraints_(Model*, wrap_constraints<Model, (& Model::constraints)>*) [with Model = boost::Convertible<boost::iterators::random_access_traversal_tag, boost::iterators::incrementable_traversal_tag>]’
/mnt/library/BH/include/boost/concept/detail/has_constraints.hpp:42:5:   required from ‘const bool boost::concepts::not_satisfied<boost::Convertible<boost::iterators::random_access_traversal_tag, boost::iterators::incrementable_traversal_tag> >::value’
/mnt/library/BH/include/boost/concept/detail/has_constraints.hpp:45:51:   required from ‘struct boost::concepts::not_satisfied<boost::Convertible<boost::iterators::random_access_traversal_tag, boost::iterators::incrementable_traversal_tag> >’
/mnt/library/BH/include/boost/concept/detail/general.hpp:72:8:   [ skipping 19 instantiation contexts, use -ftemplate-backtrace-limit=0 to disable ]
/mnt/library/BH/include/boost/iterator/iterator_facade.hpp:824:1:   required from ‘typename boost::iterators::detail::enable_if_interoperable<Derived1, Derived2, boost::iterators::detail::always_bool_t<Derived1, Derived2> >::type boost::iterators::operator!=(const iterator_facade<Derived1, V1, TC1, Reference1, Difference1>&, const iterator_facade<Derived2, V2, TC2, Reference2, Difference2>&) [with Derived1 = transform_iterator<boost::algorithm::detail::copy_iterator_rangeF<std::__cxx11::basic_string<char>, char*>, boost::algorithm::split_iterator<char*>, boost::use_default, boost::use_default>; V1 = std::__cxx11::basic_string<char>; TC1 = forward_traversal_tag; Reference1 = std::__cxx11::basic_string<char>; Difference1 = long int; Derived2 = transform_iterator<boost::algorithm::detail::copy_iterator_rangeF<std::__cxx11::basic_string<char>, char*>, boost::algorithm::split_iterator<char*>, boost::use_default, boost::use_default>; V2 = std::__cxx11::basic_string<char>; TC2 = forward_traversal_tag; Reference2 = std::__cxx11::basic_string<char>; Difference2 = long int; typename detail::enable_if_interoperable<Derived1, Derived2, detail::always_bool_t<Derived1, Derived2> >::type = bool; detail::always_bool_t<Derived1, Derived2> = bool]’
/usr/include/c++/13/bits/stl_vector.h:1671:21:   required from ‘constexpr void std::vector<_Tp, _Alloc>::_M_range_initialize(_InputIterator, _InputIterator, std::input_iterator_tag) [with _InputIterator = boost::iterators::transform_iterator<boost::algorithm::detail::copy_iterator_rangeF<std::__cxx11::basic_string<char>, char*>, boost::algorithm::split_iterator<char*>, boost::use_default, boost::use_default>; _Tp = std::__cxx11::basic_string<char>; _Alloc = std::allocator<std::__cxx11::basic_string<char> >]’
/usr/include/c++/13/bits/stl_vector.h:711:23:   required from ‘constexpr std::vector<_Tp, _Alloc>::vector(_InputIterator, _InputIterator, const allocator_type&) [with _InputIterator = boost::iterators::transform_iterator<boost::algorithm::detail::copy_iterator_rangeF<std::__cxx11::basic_string<char>, char*>, boost::algorithm::split_iterator<char*>, boost::use_default, boost::use_default>; <template-parameter-2-2> = void; _Tp = std::__cxx11::basic_string<char>; _Alloc = std::allocator<std::__cxx11::basic_string<char> >; allocator_type = std::allocator<std::__cxx11::basic_string<char> >]’
/mnt/library/BH/include/boost/algorithm/string/iter_find.hpp:186:31:   required from ‘SequenceSequenceT& boost::algorithm::iter_split(SequenceSequenceT&, RangeT&&, FinderT) [with SequenceSequenceT = std::vector<std::__cxx11::basic_string<char> >; RangeT = char (&)[65536]; FinderT = detail::token_finderF<detail::is_any_ofF<char> >]’
/mnt/library/BH/include/boost/algorithm/string/split.hpp:158:50:   required from ‘SequenceSequenceT& boost::algorithm::split(SequenceSequenceT&, RangeT&&, PredicateT, token_compress_mode_type) [with SequenceSequenceT = std::vector<std::__cxx11::basic_string<char> >; RangeT = char (&)[65536]; PredicateT = detail::is_any_ofF<char>]’
lib_10X_barcode.cpp:81:18:   required from here
/mnt/library/BH/include/boost/concept/usage.hpp:20:48: warning: ‘this’ pointer is null [-Wnonnull]
   20 |     ~usage_requirements() { ((Model*)0)->~Model(); }
      |                             ~~~~~~~~~~~~~~~~~~~^~
/mnt/library/BH/include/boost/concept/usage.hpp:37:7: note: in a call to non-static member function ‘boost::Convertible<X, Y>::~Convertible() [with X = boost::iterators::random_access_traversal_tag; Y = boost::iterators::incrementable_traversal_tag]’
   37 |       ~model()
      |       ^
/mnt/library/BH/include/boost/concept_check.hpp:208:5: note: in expansion of macro ‘BOOST_CONCEPT_USAGE’
  208 |     BOOST_CONCEPT_USAGE(Convertible) {
      |     ^~~~~~~~~~~~~~~~~~~
/mnt/library/BH/include/boost/concept/usage.hpp: In instantiation of ‘boost::concepts::usage_requirements<Model>::~usage_requirements() [with Model = boost::range_detail::IncrementableIteratorConcept<char*>]’:
/mnt/library/BH/include/boost/concept/detail/general.hpp:50:47:   required from ‘static void boost::concepts::requirement<boost::concepts::failed************ Model::************>::failed() [with Model = boost::concepts::usage_requirements<boost::range_detail::IncrementableIteratorConcept<char*> >]’
/mnt/library/BH/include/boost/range/concepts.hpp:138:13:   required from ‘struct boost::range_detail::IncrementableIteratorConcept<char*>’
/mnt/library/BH/include/boost/range/concepts.hpp:149:16:   required from ‘struct boost::range_detail::SinglePassIteratorConcept<char*>’
/mnt/library/BH/include/boost/concept/detail/has_constraints.hpp:32:62:   required by substitution of ‘template<class Model> boost::concepts::detail::yes boost::concepts::detail::has_constraints_(Model*, wrap_constraints<Model, (& Model::constraints)>*) [with Model = boost::range_detail::SinglePassIteratorConcept<char*>]’
/mnt/library/BH/include/boost/concept/detail/has_constraints.hpp:42:5:   required from ‘const bool boost::concepts::not_satisfied<boost::range_detail::SinglePassIteratorConcept<char*> >::value’
/mnt/library/BH/include/boost/concept/detail/has_constraints.hpp:45:51:   [ skipping 14 instantiation contexts, use -ftemplate-backtrace-limit=0 to disable ]
/mnt/library/BH/include/boost/iterator/iterator_facade.hpp:824:1:   required from ‘typename boost::iterators::detail::enable_if_interoperable<Derived1, Derived2, boost::iterators::detail::always_bool_t<Derived1, Derived2> >::type boost::iterators::operator!=(const iterator_facade<Derived1, V1, TC1, Reference1, Difference1>&, const iterator_facade<Derived2, V2, TC2, Reference2, Difference2>&) [with Derived1 = transform_iterator<boost::algorithm::detail::copy_iterator_rangeF<std::__cxx11::basic_string<char>, char*>, boost::algorithm::split_iterator<char*>, boost::use_default, boost::use_default>; V1 = std::__cxx11::basic_string<char>; TC1 = forward_traversal_tag; Reference1 = std::__cxx11::basic_string<char>; Difference1 = long int; Derived2 = transform_iterator<boost::algorithm::detail::copy_iterator_rangeF<std::__cxx11::basic_string<char>, char*>, boost::algorithm::split_iterator<char*>, boost::use_default, boost::use_default>; V2 = std::__cxx11::basic_string<char>; TC2 = forward_traversal_tag; Reference2 = std::__cxx11::basic_string<char>; Difference2 = long int; typename detail::enable_if_interoperable<Derived1, Derived2, detail::always_bool_t<Derived1, Derived2> >::type = bool; detail::always_bool_t<Derived1, Derived2> = bool]’
/usr/include/c++/13/bits/stl_vector.h:1671:21:   required from ‘constexpr void std::vector<_Tp, _Alloc>::_M_range_initialize(_InputIterator, _InputIterator, std::input_iterator_tag) [with _InputIterator = boost::iterators::transform_iterator<boost::algorithm::detail::copy_iterator_rangeF<std::__cxx11::basic_string<char>, char*>, boost::algorithm::split_iterator<char*>, boost::use_default, boost::use_default>; _Tp = std::__cxx11::basic_string<char>; _Alloc = std::allocator<std::__cxx11::basic_string<char> >]’
/usr/include/c++/13/bits/stl_vector.h:711:23:   required from ‘constexpr std::vector<_Tp, _Alloc>::vector(_InputIterator, _InputIterator, const allocator_type&) [with _InputIterator = boost::iterators::transform_iterator<boost::algorithm::detail::copy_iterator_rangeF<std::__cxx11::basic_string<char>, char*>, boost::algorithm::split_iterator<char*>, boost::use_default, boost::use_default>; <template-parameter-2-2> = void; _Tp = std::__cxx11::basic_string<char>; _Alloc = std::allocator<std::__cxx11::basic_string<char> >; allocator_type = std::allocator<std::__cxx11::basic_string<char> >]’
/mnt/library/BH/include/boost/algorithm/string/iter_find.hpp:186:31:   required from ‘SequenceSequenceT& boost::algorithm::iter_split(SequenceSequenceT&, RangeT&&, FinderT) [with SequenceSequenceT = std::vector<std::__cxx11::basic_string<char> >; RangeT = char (&)[65536]; FinderT = detail::token_finderF<detail::is_any_ofF<char> >]’
/mnt/library/BH/include/boost/algorithm/string/split.hpp:158:50:   required from ‘SequenceSequenceT& boost::algorithm::split(SequenceSequenceT&, RangeT&&, PredicateT, token_compress_mode_type) [with SequenceSequenceT = std::vector<std::__cxx11::basic_string<char> >; RangeT = char (&)[65536]; PredicateT = detail::is_any_ofF<char>]’
lib_10X_barcode.cpp:81:18:   required from here
/mnt/library/BH/include/boost/concept/usage.hpp:20:48: warning: ‘this’ pointer is null [-Wnonnull]
   20 |     ~usage_requirements() { ((Model*)0)->~Model(); }
      |                             ~~~~~~~~~~~~~~~~~~~^~
/mnt/library/BH/include/boost/concept/usage.hpp:37:7: note: in a call to non-static member function ‘boost::range_detail::IncrementableIteratorConcept<Iterator>::~IncrementableIteratorConcept() [with Iterator = char*]’
   37 |       ~model()
      |       ^
/mnt/library/BH/include/boost/range/concepts.hpp:138:13: note: in expansion of macro ‘BOOST_CONCEPT_USAGE’
  138 |             BOOST_CONCEPT_USAGE(IncrementableIteratorConcept)
      |             ^~~~~~~~~~~~~~~~~~~
/mnt/library/BH/include/boost/concept/usage.hpp: In instantiation of ‘boost::concepts::usage_requirements<Model>::~usage_requirements() [with Model = boost::EqualityComparable<char*>]’:
/mnt/library/BH/include/boost/concept/detail/general.hpp:50:47:   required from ‘static void boost::concepts::requirement<boost::concepts::failed************ Model::************>::failed() [with Model = boost::concepts::usage_requirements<boost::EqualityComparable<char*> >]’
/mnt/library/BH/include/boost/concept_check.hpp:233:5:   required from ‘struct boost::EqualityComparable<char*>’
/mnt/library/BH/include/boost/range/concepts.hpp:149:16:   required from ‘struct boost::range_detail::SinglePassIteratorConcept<char*>’
/mnt/library/BH/include/boost/concept/detail/has_constraints.hpp:32:62:   required by substitution of ‘template<class Model> boost::concepts::detail::yes boost::concepts::detail::has_constraints_(Model*, wrap_constraints<Model, (& Model::constraints)>*) [with Model = boost::range_detail::SinglePassIteratorConcept<char*>]’
/mnt/library/BH/include/boost/concept/detail/has_constraints.hpp:42:5:   required from ‘const bool boost::concepts::not_satisfied<boost::range_detail::SinglePassIteratorConcept<char*> >::value’
/mnt/library/BH/include/boost/concept/detail/has_constraints.hpp:45:51:   [ skipping 14 instantiation contexts, use -ftemplate-backtrace-limit=0 to disable ]
/mnt/library/BH/include/boost/iterator/iterator_facade.hpp:824:1:   required from ‘typename boost::iterators::detail::enable_if_interoperable<Derived1, Derived2, boost::iterators::detail::always_bool_t<Derived1, Derived2> >::type boost::iterators::operator!=(const iterator_facade<Derived1, V1, TC1, Reference1, Difference1>&, const iterator_facade<Derived2, V2, TC2, Reference2, Difference2>&) [with Derived1 = transform_iterator<boost::algorithm::detail::copy_iterator_rangeF<std::__cxx11::basic_string<char>, char*>, boost::algorithm::split_iterator<char*>, boost::use_default, boost::use_default>; V1 = std::__cxx11::basic_string<char>; TC1 = forward_traversal_tag; Reference1 = std::__cxx11::basic_string<char>; Difference1 = long int; Derived2 = transform_iterator<boost::algorithm::detail::copy_iterator_rangeF<std::__cxx11::basic_string<char>, char*>, boost::algorithm::split_iterator<char*>, boost::use_default, boost::use_default>; V2 = std::__cxx11::basic_string<char>; TC2 = forward_traversal_tag; Reference2 = std::__cxx11::basic_string<char>; Difference2 = long int; typename detail::enable_if_interoperable<Derived1, Derived2, detail::always_bool_t<Derived1, Derived2> >::type = bool; detail::always_bool_t<Derived1, Derived2> = bool]’
/usr/include/c++/13/bits/stl_vector.h:1671:21:   required from ‘constexpr void std::vector<_Tp, _Alloc>::_M_range_initialize(_InputIterator, _InputIterator, std::input_iterator_tag) [with _InputIterator = boost::iterators::transform_iterator<boost::algorithm::detail::copy_iterator_rangeF<std::__cxx11::basic_string<char>, char*>, boost::algorithm::split_iterator<char*>, boost::use_default, boost::use_default>; _Tp = std::__cxx11::basic_string<char>; _Alloc = std::allocator<std::__cxx11::basic_string<char> >]’
/usr/include/c++/13/bits/stl_vector.h:711:23:   required from ‘constexpr std::vector<_Tp, _Alloc>::vector(_InputIterator, _InputIterator, const allocator_type&) [with _InputIterator = boost::iterators::transform_iterator<boost::algorithm::detail::copy_iterator_rangeF<std::__cxx11::basic_string<char>, char*>, boost::algorithm::split_iterator<char*>, boost::use_default, boost::use_default>; <template-parameter-2-2> = void; _Tp = std::__cxx11::basic_string<char>; _Alloc = std::allocator<std::__cxx11::basic_string<char> >; allocator_type = std::allocator<std::__cxx11::basic_string<char> >]’
/mnt/library/BH/include/boost/algorithm/string/iter_find.hpp:186:31:   required from ‘SequenceSequenceT& boost::algorithm::iter_split(SequenceSequenceT&, RangeT&&, FinderT) [with SequenceSequenceT = std::vector<std::__cxx11::basic_string<char> >; RangeT = char (&)[65536]; FinderT = detail::token_finderF<detail::is_any_ofF<char> >]’
/mnt/library/BH/include/boost/algorithm/string/split.hpp:158:50:   required from ‘SequenceSequenceT& boost::algorithm::split(SequenceSequenceT&, RangeT&&, PredicateT, token_compress_mode_type) [with SequenceSequenceT = std::vector<std::__cxx11::basic_string<char> >; RangeT = char (&)[65536]; PredicateT = detail::is_any_ofF<char>]’
lib_10X_barcode.cpp:81:18:   required from here
/mnt/library/BH/include/boost/concept/usage.hpp:20:48: warning: ‘this’ pointer is null [-Wnonnull]
   20 |     ~usage_requirements() { ((Model*)0)->~Model(); }
      |                             ~~~~~~~~~~~~~~~~~~~^~
/mnt/library/BH/include/boost/concept/usage.hpp:37:7: note: in a call to non-static member function ‘boost::EqualityComparable<TT>::~EqualityComparable() [with TT = char*]’
   37 |       ~model()
      |       ^
/mnt/library/BH/include/boost/concept_check.hpp:233:5: note: in expansion of macro ‘BOOST_CONCEPT_USAGE’
  233 |     BOOST_CONCEPT_USAGE(EqualityComparable) {
      |     ^~~~~~~~~~~~~~~~~~~
/mnt/library/BH/include/boost/concept/usage.hpp: In instantiation of ‘boost::concepts::usage_requirements<Model>::~usage_requirements() [with Model = boost::Convertible<boost::iterators::random_access_traversal_tag, boost::iterators::single_pass_traversal_tag>]’:
/mnt/library/BH/include/boost/concept/detail/general.hpp:50:47:   required from ‘static void boost::concepts::requirement<boost::concepts::failed************ Model::************>::failed() [with Model = boost::concepts::usage_requirements<boost::Convertible<boost::iterators::random_access_traversal_tag, boost::iterators::single_pass_traversal_tag> >]’
/mnt/library/BH/include/boost/concept_check.hpp:208:5:   required from ‘struct boost::Convertible<boost::iterators::random_access_traversal_tag, boost::iterators::single_pass_traversal_tag>’
/mnt/library/BH/include/boost/concept/detail/has_constraints.hpp:32:62:   required by substitution of ‘template<class Model> boost::concepts::detail::yes boost::concepts::detail::has_constraints_(Model*, wrap_constraints<Model, (& Model::constraints)>*) [with Model = boost::Convertible<boost::iterators::random_access_traversal_tag, boost::iterators::single_pass_traversal_tag>]’
/mnt/library/BH/include/boost/concept/detail/has_constraints.hpp:42:5:   required from ‘const bool boost::concepts::not_satisfied<boost::Convertible<boost::iterators::random_access_traversal_tag, boost::iterators::single_pass_traversal_tag> >::value’
/mnt/library/BH/include/boost/concept/detail/has_constraints.hpp:45:51:   required from ‘struct boost::concepts::not_satisfied<boost::Convertible<boost::iterators::random_access_traversal_tag, boost::iterators::single_pass_traversal_tag> >’
/mnt/library/BH/include/boost/concept/detail/general.hpp:72:8:   [ skipping 18 instantiation contexts, use -ftemplate-backtrace-limit=0 to disable ]
/mnt/library/BH/include/boost/iterator/iterator_facade.hpp:824:1:   required from ‘typename boost::iterators::detail::enable_if_interoperable<Derived1, Derived2, boost::iterators::detail::always_bool_t<Derived1, Derived2> >::type boost::iterators::operator!=(const iterator_facade<Derived1, V1, TC1, Reference1, Difference1>&, const iterator_facade<Derived2, V2, TC2, Reference2, Difference2>&) [with Derived1 = transform_iterator<boost::algorithm::detail::copy_iterator_rangeF<std::__cxx11::basic_string<char>, char*>, boost::algorithm::split_iterator<char*>, boost::use_default, boost::use_default>; V1 = std::__cxx11::basic_string<char>; TC1 = forward_traversal_tag; Reference1 = std::__cxx11::basic_string<char>; Difference1 = long int; Derived2 = transform_iterator<boost::algorithm::detail::copy_iterator_rangeF<std::__cxx11::basic_string<char>, char*>, boost::algorithm::split_iterator<char*>, boost::use_default, boost::use_default>; V2 = std::__cxx11::basic_string<char>; TC2 = forward_traversal_tag; Reference2 = std::__cxx11::basic_string<char>; Difference2 = long int; typename detail::enable_if_interoperable<Derived1, Derived2, detail::always_bool_t<Derived1, Derived2> >::type = bool; detail::always_bool_t<Derived1, Derived2> = bool]’
/usr/include/c++/13/bits/stl_vector.h:1671:21:   required from ‘constexpr void std::vector<_Tp, _Alloc>::_M_range_initialize(_InputIterator, _InputIterator, std::input_iterator_tag) [with _InputIterator = boost::iterators::transform_iterator<boost::algorithm::detail::copy_iterator_rangeF<std::__cxx11::basic_string<char>, char*>, boost::algorithm::split_iterator<char*>, boost::use_default, boost::use_default>; _Tp = std::__cxx11::basic_string<char>; _Alloc = std::allocator<std::__cxx11::basic_string<char> >]’
/usr/include/c++/13/bits/stl_vector.h:711:23:   required from ‘constexpr std::vector<_Tp, _Alloc>::vector(_InputIterator, _InputIterator, const allocator_type&) [with _InputIterator = boost::iterators::transform_iterator<boost::algorithm::detail::copy_iterator_rangeF<std::__cxx11::basic_string<char>, char*>, boost::algorithm::split_iterator<char*>, boost::use_default, boost::use_default>; <template-parameter-2-2> = void; _Tp = std::__cxx11::basic_string<char>; _Alloc = std::allocator<std::__cxx11::basic_string<char> >; allocator_type = std::allocator<std::__cxx11::basic_string<char> >]’
/mnt/library/BH/include/boost/algorithm/string/iter_find.hpp:186:31:   required from ‘SequenceSequenceT& boost::algorithm::iter_split(SequenceSequenceT&, RangeT&&, FinderT) [with SequenceSequenceT = std::vector<std::__cxx11::basic_string<char> >; RangeT = char (&)[65536]; FinderT = detail::token_finderF<detail::is_any_ofF<char> >]’
/mnt/library/BH/include/boost/algorithm/string/split.hpp:158:50:   required from ‘SequenceSequenceT& boost::algorithm::split(SequenceSequenceT&, RangeT&&, PredicateT, token_compress_mode_type) [with SequenceSequenceT = std::vector<std::__cxx11::basic_string<char> >; RangeT = char (&)[65536]; PredicateT = detail::is_any_ofF<char>]’
lib_10X_barcode.cpp:81:18:   required from here
/mnt/library/BH/include/boost/concept/usage.hpp:20:48: warning: ‘this’ pointer is null [-Wnonnull]
   20 |     ~usage_requirements() { ((Model*)0)->~Model(); }
      |                             ~~~~~~~~~~~~~~~~~~~^~
/mnt/library/BH/include/boost/concept/usage.hpp:37:7: note: in a call to non-static member function ‘boost::Convertible<X, Y>::~Convertible() [with X = boost::iterators::random_access_traversal_tag; Y = boost::iterators::single_pass_traversal_tag]’
   37 |       ~model()
      |       ^
/mnt/library/BH/include/boost/concept_check.hpp:208:5: note: in expansion of macro ‘BOOST_CONCEPT_USAGE’
  208 |     BOOST_CONCEPT_USAGE(Convertible) {
      |     ^~~~~~~~~~~~~~~~~~~
/mnt/library/BH/include/boost/concept/usage.hpp: In instantiation of ‘boost::concepts::usage_requirements<Model>::~usage_requirements() [with Model = boost::range_detail::SinglePassIteratorConcept<char*>]’:
/mnt/library/BH/include/boost/concept/detail/general.hpp:50:47:   required from ‘static void boost::concepts::requirement<boost::concepts::failed************ Model::************>::failed() [with Model = boost::concepts::usage_requirements<boost::range_detail::SinglePassIteratorConcept<char*> >]’
/mnt/library/BH/include/boost/range/concepts.hpp:160:13:   required from ‘struct boost::range_detail::SinglePassIteratorConcept<char*>’
/mnt/library/BH/include/boost/concept/detail/has_constraints.hpp:32:62:   required by substitution of ‘template<class Model> boost::concepts::detail::yes boost::concepts::detail::has_constraints_(Model*, wrap_constraints<Model, (& Model::constraints)>*) [with Model = boost::range_detail::SinglePassIteratorConcept<char*>]’
/mnt/library/BH/include/boost/concept/detail/has_constraints.hpp:42:5:   required from ‘const bool boost::concepts::not_satisfied<boost::range_detail::SinglePassIteratorConcept<char*> >::value’
/mnt/library/BH/include/boost/concept/detail/has_constraints.hpp:45:51:   required from ‘struct boost::concepts::not_satisfied<boost::range_detail::SinglePassIteratorConcept<char*> >’
/mnt/library/BH/include/boost/concept/detail/general.hpp:72:8:   [ skipping 13 instantiation contexts, use -ftemplate-backtrace-limit=0 to disable ]
/mnt/library/BH/include/boost/iterator/iterator_facade.hpp:824:1:   required from ‘typename boost::iterators::detail::enable_if_interoperable<Derived1, Derived2, boost::iterators::detail::always_bool_t<Derived1, Derived2> >::type boost::iterators::operator!=(const iterator_facade<Derived1, V1, TC1, Reference1, Difference1>&, const iterator_facade<Derived2, V2, TC2, Reference2, Difference2>&) [with Derived1 = transform_iterator<boost::algorithm::detail::copy_iterator_rangeF<std::__cxx11::basic_string<char>, char*>, boost::algorithm::split_iterator<char*>, boost::use_default, boost::use_default>; V1 = std::__cxx11::basic_string<char>; TC1 = forward_traversal_tag; Reference1 = std::__cxx11::basic_string<char>; Difference1 = long int; Derived2 = transform_iterator<boost::algorithm::detail::copy_iterator_rangeF<std::__cxx11::basic_string<char>, char*>, boost::algorithm::split_iterator<char*>, boost::use_default, boost::use_default>; V2 = std::__cxx11::basic_string<char>; TC2 = forward_traversal_tag; Reference2 = std::__cxx11::basic_string<char>; Difference2 = long int; typename detail::enable_if_interoperable<Derived1, Derived2, detail::always_bool_t<Derived1, Derived2> >::type = bool; detail::always_bool_t<Derived1, Derived2> = bool]’
/usr/include/c++/13/bits/stl_vector.h:1671:21:   required from ‘constexpr void std::vector<_Tp, _Alloc>::_M_range_initialize(_InputIterator, _InputIterator, std::input_iterator_tag) [with _InputIterator = boost::iterators::transform_iterator<boost::algorithm::detail::copy_iterator_rangeF<std::__cxx11::basic_string<char>, char*>, boost::algorithm::split_iterator<char*>, boost::use_default, boost::use_default>; _Tp = std::__cxx11::basic_string<char>; _Alloc = std::allocator<std::__cxx11::basic_string<char> >]’
/usr/include/c++/13/bits/stl_vector.h:711:23:   required from ‘constexpr std::vector<_Tp, _Alloc>::vector(_InputIterator, _InputIterator, const allocator_type&) [with _InputIterator = boost::iterators::transform_iterator<boost::algorithm::detail::copy_iterator_rangeF<std::__cxx11::basic_string<char>, char*>, boost::algorithm::split_iterator<char*>, boost::use_default, boost::use_default>; <template-parameter-2-2> = void; _Tp = std::__cxx11::basic_string<char>; _Alloc = std::allocator<std::__cxx11::basic_string<char> >; allocator_type = std::allocator<std::__cxx11::basic_string<char> >]’
/mnt/library/BH/include/boost/algorithm/string/iter_find.hpp:186:31:   required from ‘SequenceSequenceT& boost::algorithm::iter_split(SequenceSequenceT&, RangeT&&, FinderT) [with SequenceSequenceT = std::vector<std::__cxx11::basic_string<char> >; RangeT = char (&)[65536]; FinderT = detail::token_finderF<detail::is_any_ofF<char> >]’
/mnt/library/BH/include/boost/algorithm/string/split.hpp:158:50:   required from ‘SequenceSequenceT& boost::algorithm::split(SequenceSequenceT&, RangeT&&, PredicateT, token_compress_mode_type) [with SequenceSequenceT = std::vector<std::__cxx11::basic_string<char> >; RangeT = char (&)[65536]; PredicateT = detail::is_any_ofF<char>]’
lib_10X_barcode.cpp:81:18:   required from here
/mnt/library/BH/include/boost/concept/usage.hpp:20:48: warning: ‘this’ pointer is null [-Wnonnull]
   20 |     ~usage_requirements() { ((Model*)0)->~Model(); }
      |                             ~~~~~~~~~~~~~~~~~~~^~
/mnt/library/BH/include/boost/concept/usage.hpp:37:7: note: in a call to non-static member function ‘boost::range_detail::SinglePassIteratorConcept<Iterator>::~SinglePassIteratorConcept() [with Iterator = char*]’
   37 |       ~model()
      |       ^
/mnt/library/BH/include/boost/range/concepts.hpp:160:13: note: in expansion of macro ‘BOOST_CONCEPT_USAGE’
  160 |             BOOST_CONCEPT_USAGE(SinglePassIteratorConcept)
      |             ^~~~~~~~~~~~~~~~~~~
/mnt/library/BH/include/boost/concept/usage.hpp: In instantiation of ‘boost::concepts::usage_requirements<Model>::~usage_requirements() [with Model = boost::SinglePassRangeConcept<const boost::iterator_range<char*> >]’:
/mnt/library/BH/include/boost/concept/detail/general.hpp:50:47:   required from ‘static void boost::concepts::requirement<boost::concepts::failed************ Model::************>::failed() [with Model = boost::concepts::usage_requirements<boost::SinglePassRangeConcept<const boost::iterator_range<char*> > >]’
/mnt/library/BH/include/boost/range/concepts.hpp:286:9:   required from ‘struct boost::SinglePassRangeConcept<const boost::iterator_range<char*> >’
/mnt/library/BH/include/boost/concept/detail/has_constraints.hpp:32:62:   required by substitution of ‘template<class Model> boost::concepts::detail::yes boost::concepts::detail::has_constraints_(Model*, wrap_constraints<Model, (& Model::constraints)>*) [with Model = boost::SinglePassRangeConcept<const boost::iterator_range<char*> >]’
/mnt/library/BH/include/boost/concept/detail/has_constraints.hpp:42:5:   required from ‘const bool boost::concepts::not_satisfied<boost::SinglePassRangeConcept<const boost::iterator_range<char*> > >::value’
/mnt/library/BH/include/boost/concept/detail/has_constraints.hpp:45:51:   required from ‘struct boost::concepts::not_satisfied<boost::SinglePassRangeConcept<const boost::iterator_range<char*> > >’
/mnt/library/BH/include/boost/concept/detail/general.hpp:72:8:   [ skipping 8 instantiation contexts, use -ftemplate-backtrace-limit=0 to disable ]
/mnt/library/BH/include/boost/iterator/iterator_facade.hpp:824:1:   required from ‘typename boost::iterators::detail::enable_if_interoperable<Derived1, Derived2, boost::iterators::detail::always_bool_t<Derived1, Derived2> >::type boost::iterators::operator!=(const iterator_facade<Derived1, V1, TC1, Reference1, Difference1>&, const iterator_facade<Derived2, V2, TC2, Reference2, Difference2>&) [with Derived1 = transform_iterator<boost::algorithm::detail::copy_iterator_rangeF<std::__cxx11::basic_string<char>, char*>, boost::algorithm::split_iterator<char*>, boost::use_default, boost::use_default>; V1 = std::__cxx11::basic_string<char>; TC1 = forward_traversal_tag; Reference1 = std::__cxx11::basic_string<char>; Difference1 = long int; Derived2 = transform_iterator<boost::algorithm::detail::copy_iterator_rangeF<std::__cxx11::basic_string<char>, char*>, boost::algorithm::split_iterator<char*>, boost::use_default, boost::use_default>; V2 = std::__cxx11::basic_string<char>; TC2 = forward_traversal_tag; Reference2 = std::__cxx11::basic_string<char>; Difference2 = long int; typename detail::enable_if_interoperable<Derived1, Derived2, detail::always_bool_t<Derived1, Derived2> >::type = bool; detail::always_bool_t<Derived1, Derived2> = bool]’
/usr/include/c++/13/bits/stl_vector.h:1671:21:   required from ‘constexpr void std::vector<_Tp, _Alloc>::_M_range_initialize(_InputIterator, _InputIterator, std::input_iterator_tag) [with _InputIterator = boost::iterators::transform_iterator<boost::algorithm::detail::copy_iterator_rangeF<std::__cxx11::basic_string<char>, char*>, boost::algorithm::split_iterator<char*>, boost::use_default, boost::use_default>; _Tp = std::__cxx11::basic_string<char>; _Alloc = std::allocator<std::__cxx11::basic_string<char> >]’
/usr/include/c++/13/bits/stl_vector.h:711:23:   required from ‘constexpr std::vector<_Tp, _Alloc>::vector(_InputIterator, _InputIterator, const allocator_type&) [with _InputIterator = boost::iterators::transform_iterator<boost::algorithm::detail::copy_iterator_rangeF<std::__cxx11::basic_string<char>, char*>, boost::algorithm::split_iterator<char*>, boost::use_default, boost::use_default>; <template-parameter-2-2> = void; _Tp = std::__cxx11::basic_string<char>; _Alloc = std::allocator<std::__cxx11::basic_string<char> >; allocator_type = std::allocator<std::__cxx11::basic_string<char> >]’
/mnt/library/BH/include/boost/algorithm/string/iter_find.hpp:186:31:   required from ‘SequenceSequenceT& boost::algorithm::iter_split(SequenceSequenceT&, RangeT&&, FinderT) [with SequenceSequenceT = std::vector<std::__cxx11::basic_string<char> >; RangeT = char (&)[65536]; FinderT = detail::token_finderF<detail::is_any_ofF<char> >]’
/mnt/library/BH/include/boost/algorithm/string/split.hpp:158:50:   required from ‘SequenceSequenceT& boost::algorithm::split(SequenceSequenceT&, RangeT&&, PredicateT, token_compress_mode_type) [with SequenceSequenceT = std::vector<std::__cxx11::basic_string<char> >; RangeT = char (&)[65536]; PredicateT = detail::is_any_ofF<char>]’
lib_10X_barcode.cpp:81:18:   required from here
/mnt/library/BH/include/boost/concept/usage.hpp:20:48: warning: ‘this’ pointer is null [-Wnonnull]
   20 |     ~usage_requirements() { ((Model*)0)->~Model(); }
      |                             ~~~~~~~~~~~~~~~~~~~^~
/mnt/library/BH/include/boost/concept/usage.hpp:37:7: note: in a call to non-static member function ‘boost::SinglePassRangeConcept<T>::~SinglePassRangeConcept() [with T = const boost::iterator_range<char*>]’
   37 |       ~model()
      |       ^
/mnt/library/BH/include/boost/range/concepts.hpp:286:9: note: in expansion of macro ‘BOOST_CONCEPT_USAGE’
  286 |         BOOST_CONCEPT_USAGE(SinglePassRangeConcept)
      |         ^~~~~~~~~~~~~~~~~~~
g++ -std=gnu++20 -I"/usr/local/lib/R/include" -DNDEBUG  -I'/usr/local/lib/R/site-library/Rcpp/include' -I'/mnt/library/BH/include' -I/usr/local/include    -fpic  -g -O2 -fstack-protector-strong -Wformat -Werror=format-security -Wdate-time -D_FORTIFY_SOURCE=2 -g   -c lib_clustering.cpp -o lib_clustering.o
g++ -std=gnu++20 -I"/usr/local/lib/R/include" -DNDEBUG  -I'/usr/local/lib/R/site-library/Rcpp/include' -I'/mnt/library/BH/include' -I/usr/local/include    -fpic  -g -O2 -fstack-protector-strong -Wformat -Werror=format-security -Wdate-time -D_FORTIFY_SOURCE=2 -g   -c lib_read_seq.cpp -o lib_read_seq.o
g++ -std=gnu++20 -shared -L/usr/local/lib/R/lib -L/usr/local/lib -o CellBarcode.so RcppExports.o lib_10X_barcode.o lib_clustering.o lib_read_seq.o -L/usr/local/lib/R/lib -lR
installing to /tmp/library/00LOCK-CellBarcode/00new/CellBarcode/libs
** R
** data
** inst
** byte-compile and prepare package for lazy loading
** help
*** installing help indices
** building package indices
** installing vignettes
** testing if installed package can be loaded from temporary location
** checking absolute paths in shared objects and dynamic libraries
** testing if installed package can be loaded from final location
** testing if installed package keeps a record of temporary installation path
* SHA256 sums
* creating tarball
packaged installation of ‘CellBarcode’ as ‘CellBarcode_1.18.0_R_x86_64-pc-linux-gnu.tar.gz’
* DONE (CellBarcode)

The downloaded source packages are in
	‘/tmp/RtmpPi2QeL/downloaded_packages’
Old packages: 'httr2', 'pak', 'pkgdown', 'urlchecker', 'xfun', 'zip', 'MASS',
  'nlme', 'survival'

real	1m21.686s
user	0m59.883s
sys	0m7.661s
