+ Rscript -e 'Sys.setenv(BIOCONDUCTOR_USE_CONTAINER_REPOSITORY=FALSE);
  p <- .libPaths();
  p <- c('\''/tmp/library'\'', '\''/mnt/library'\'', p);
  .libPaths(p);
  if(BiocManager::install('\''CytoML'\'', INSTALL_opts = '\''--build'\'', update = TRUE, quiet = FALSE, dependencies=TRUE, force = TRUE, keep_outputs = TRUE) %in% rownames(installed.packages())) q(status = 0) else q(status = 1)'
'getOption("repos")' replaces Bioconductor standard repositories, see
'help("repositories", package = "BiocManager")' for details.
Replacement repositories:
    CRAN: https://p3m.dev/cran/__linux__/noble/latest
Bioconductor version 3.24 (BiocManager 1.30.27), R 4.6.1 (2026-06-24)
Installing package(s) 'CytoML'
trying URL 'https://bioconductor.org/packages/3.24/bioc/src/contrib/CytoML_2.25.0.tar.gz'
Content type 'application/x-gzip' length 8445439 bytes (8.1 MB)
==================================================
downloaded 8.1 MB

* installing *source* package ‘CytoML’ ...
** this is package ‘CytoML’ version ‘2.25.0’
** package ‘CytoML’ successfully unpacked and MD5 sums checked
** using staged installation
checking whether the C++ compiler works... yes
checking for C++ compiler default output file name... a.out
checking for suffix of executables... 
checking whether we are cross compiling... no
checking for suffix of object files... o
checking whether the compiler supports GNU C++... yes
checking whether g++ -std=gnu++20 accepts -g... yes
checking for g++ -std=gnu++20 option to enable C++11 features... -std=gnu++11
checking for gcc... gcc -std=gnu2x
checking whether the compiler supports GNU C... yes
checking whether gcc -std=gnu2x accepts -g... yes
checking for gcc -std=gnu2x option to enable C11 features... none needed
configure: setting xml2 flags...
configure: No directory was specified for --with-xml2. Trying to find xml2 using other methods.
checking for xml2-config... /usr/bin/xml2-config
configure: setting cytolib-ml commandline tool path...
configure: Using the following compilation and linking flags
configure:    PKG_CPPFLAGS=-I/usr/include/libxml2
configure:    PKG_LIBS=-lxml2 
configure:    CYTOLIBML_BIN=/usr/local/bin
configure: creating ./config.status
config.status: creating src/Makevars
config.status: creating R/cytolibml_bin_path.R
** libs
specified C++17
using C++ compiler: ‘g++ (Ubuntu 13.3.0-6ubuntu2~24.04.1) 13.3.0’
using C++17
g++ -std=gnu++17 -I"/usr/local/lib/R/include" -DNDEBUG -DROUT -I../inst/include/ -I/usr/include/libxml2 -DBOOST_NO_AUTO_PTR  -I'/usr/local/lib/R/site-library/cpp11/include' -I'/mnt/library/BH/include' -I'/mnt/library/RProtoBufLib/include' -I'/mnt/library/cytolib/include' -I'/mnt/library/Rhdf5lib/include' -I'/mnt/library/flowWorkspace/include' -I/usr/local/include    -fpic  -g -O2 -fstack-protector-strong -Wformat -Werror=format-security -Wdate-time -D_FORTIFY_SOURCE=2 -g   -c cpp11.cpp -o cpp11.o
In file included from /mnt/library/RProtoBufLib/include/google/protobuf/wire_format_lite.h:51,
                 from /mnt/library/RProtoBufLib/include/google/protobuf/generated_message_util.h:53,
                 from /mnt/library/RProtoBufLib/include/google/protobuf/metadata_lite.h:37,
                 from /mnt/library/RProtoBufLib/include/google/protobuf/parse_context.h:41,
                 from /mnt/library/RProtoBufLib/include/google/protobuf/map_type_handler.h:34,
                 from /mnt/library/RProtoBufLib/include/google/protobuf/map.h:49,
                 from /mnt/library/RProtoBufLib/include/google/protobuf/generated_message_table_driven.h:34,
                 from /mnt/library/RProtoBufLib/include/cytolib/GatingSet.pb.h:26,
                 from /mnt/library/cytolib/include/cytolib/calibrationTable.hpp:19,
                 from /mnt/library/cytolib/include/cytolib/transformation.hpp:17,
                 from /mnt/library/cytolib/include/cytolib/compensation.hpp:15,
                 from /mnt/library/cytolib/include/cytolib/CytoFrame.hpp:14,
                 from /mnt/library/cytolib/include/cytolib/MemCytoFrame.hpp:12,
                 from /mnt/library/cytolib/include/cytolib/gate.hpp:12,
                 from /mnt/library/cytolib/include/cytolib/POPINDICES.hpp:14,
                 from /mnt/library/cytolib/include/cytolib/nodeProperties.hpp:13,
                 from /mnt/library/cytolib/include/cytolib/populationTree.hpp:13,
                 from /mnt/library/cytolib/include/cytolib/GatingHierarchy.hpp:17,
                 from /mnt/library/cytolib/include/cytolib/GatingSet.hpp:14,
                 from /mnt/library/flowWorkspace/include/flowWorkspace.h:5,
                 from CytoML_types.h:4,
                 from cpp11.cpp:4:
/mnt/library/RProtoBufLib/include/google/protobuf/repeated_field.h:2494:19: warning: ‘template<class _Category, class _Tp, class _Distance, class _Pointer, class _Reference> struct std::iterator’ is deprecated [-Wdeprecated-declarations]
 2494 |     : public std::iterator<std::output_iterator_tag, T> {
      |                   ^~~~~~~~
In file included from /usr/include/c++/13/bits/stl_iterator_base_funcs.h:66,
                 from /usr/include/c++/13/string:47,
                 from /usr/include/c++/13/bits/locale_classes.h:40,
                 from /usr/include/c++/13/bits/ios_base.h:41,
                 from /usr/include/c++/13/ios:44,
                 from /usr/include/c++/13/ostream:40,
                 from /usr/include/c++/13/iostream:41,
                 from /mnt/library/cytolib/include/cytolib/GatingHierarchy.hpp:12:
/usr/include/c++/13/bits/stl_iterator_base_types.h:127:34: note: declared here
  127 |     struct _GLIBCXX17_DEPRECATED iterator
      |                                  ^~~~~~~~
/mnt/library/RProtoBufLib/include/google/protobuf/repeated_field.h:2516:19: warning: ‘template<class _Category, class _Tp, class _Distance, class _Pointer, class _Reference> struct std::iterator’ is deprecated [-Wdeprecated-declarations]
 2516 |     : public std::iterator<std::output_iterator_tag, T> {
      |                   ^~~~~~~~
/usr/include/c++/13/bits/stl_iterator_base_types.h:127:34: note: declared here
  127 |     struct _GLIBCXX17_DEPRECATED iterator
      |                                  ^~~~~~~~
/mnt/library/RProtoBufLib/include/google/protobuf/repeated_field.h:2547:19: warning: ‘template<class _Category, class _Tp, class _Distance, class _Pointer, class _Reference> struct std::iterator’ is deprecated [-Wdeprecated-declarations]
 2547 |     : public std::iterator<std::output_iterator_tag, T> {
      |                   ^~~~~~~~
/usr/include/c++/13/bits/stl_iterator_base_types.h:127:34: note: declared here
  127 |     struct _GLIBCXX17_DEPRECATED iterator
      |                                  ^~~~~~~~
/mnt/library/RProtoBufLib/include/google/protobuf/repeated_field.h:2571:19: warning: ‘template<class _Category, class _Tp, class _Distance, class _Pointer, class _Reference> struct std::iterator’ is deprecated [-Wdeprecated-declarations]
 2571 |     : public std::iterator<std::output_iterator_tag, T> {
      |                   ^~~~~~~~
/usr/include/c++/13/bits/stl_iterator_base_types.h:127:34: note: declared here
  127 |     struct _GLIBCXX17_DEPRECATED iterator
      |                                  ^~~~~~~~
In file included from ../inst/include/CytoML/workspace_type.hpp:4,
                 from ../inst/include/CytoML/workspace.hpp:10,
                 from ../inst/include/CytoML/flowJoWorkspace.hpp:11,
                 from ../inst/include/CytoML/macFlowJoWorkspace.hpp:10,
                 from ../inst/include/CytoML/openWorkspace.hpp:11,
                 from CytoML_types.h:5:
../inst/include/CytoML/wsNode.hpp: In member function ‘virtual std::streamsize CytoML::Cytostreambuf::xsputn(const char*, std::streamsize)’:
../inst/include/CytoML/wsNode.hpp:27:20: warning: field precision specifier ‘.*’ expects argument of type ‘int’, but argument 2 has type ‘std::streamsize’ {aka ‘long int’} [-Wformat=]
   27 |         Rprintf("%.*s", n, s);
      |                  ~~^~   ~
      |                    |    |
      |                    int  std::streamsize {aka long int}
In file included from /mnt/library/BH/include/boost/concept/assert.hpp:35,
                 from /mnt/library/BH/include/boost/concept_check.hpp:20,
                 from /mnt/library/BH/include/boost/range/concepts.hpp:19,
                 from /mnt/library/BH/include/boost/range/size_type.hpp:20,
                 from /mnt/library/BH/include/boost/range/size.hpp:21,
                 from /mnt/library/BH/include/boost/range/functions.hpp:20,
                 from /mnt/library/BH/include/boost/range/iterator_range_core.hpp:41,
                 from /mnt/library/BH/include/boost/range/iterator_range.hpp:13,
                 from /mnt/library/BH/include/boost/range/as_literal.hpp:18,
                 from /mnt/library/BH/include/boost/algorithm/string/trim.hpp:19,
                 from /mnt/library/BH/include/boost/algorithm/string.hpp:19,
                 from /mnt/library/cytolib/include/cytolib/transformation.hpp:18:
/mnt/library/BH/include/boost/concept/detail/general.hpp: In instantiation of ‘static void boost::concepts::constraint<Model>::failed() [with Model = boost::algorithm::FinderConcept<boost::algorithm::detail::token_finderF<boost::algorithm::detail::is_any_ofF<char> >, __gnu_cxx::__normal_iterator<const char*, std::__cxx11::basic_string<char> > >]’:
/mnt/library/BH/include/boost/algorithm/string/iter_find.hpp:81:13:   required from ‘SequenceSequenceT& boost::algorithm::iter_split(SequenceSequenceT&, RangeT&&, FinderT) [with SequenceSequenceT = std::vector<std::__cxx11::basic_string<char>, std::allocator<std::__cxx11::basic_string<char> > >; RangeT = const std::__cxx11::basic_string<char>&; FinderT = detail::token_finderF<detail::is_any_ofF<char> >]’
/mnt/library/BH/include/boost/algorithm/string/split.hpp:158:50:   required from ‘SequenceSequenceT& boost::algorithm::split(SequenceSequenceT&, RangeT&&, PredicateT, token_compress_mode_type) [with SequenceSequenceT = std::vector<std::__cxx11::basic_string<char>, std::allocator<std::__cxx11::basic_string<char> > >; RangeT = const std::__cxx11::basic_string<char>&; PredicateT = detail::is_any_ofF<char>]’
/mnt/library/cytolib/include/cytolib/compensation.hpp:55:15:   required from here
/mnt/library/BH/include/boost/concept/detail/general.hpp:65:52: warning: ‘this’ pointer is null [-Wnonnull]
   65 |     static void failed() { ((Model*)0)->constraints(); }
      |                            ~~~~~~~~~~~~~~~~~~~~~~~~^~
In file included from /mnt/library/BH/include/boost/algorithm/string/iter_find.hpp:26,
                 from /mnt/library/BH/include/boost/algorithm/string/split.hpp:16,
                 from /mnt/library/BH/include/boost/algorithm/string.hpp:23:
/mnt/library/BH/include/boost/algorithm/string/concept.hpp:40:18: note: in a call to non-static member function ‘void boost::algorithm::FinderConcept<FinderT, IteratorT>::constraints() [with FinderT = boost::algorithm::detail::token_finderF<boost::algorithm::detail::is_any_ofF<char> >; IteratorT = __gnu_cxx::__normal_iterator<const char*, std::__cxx11::basic_string<char> >]’
   40 |             void constraints()
      |                  ^~~~~~~~~~~
/mnt/library/BH/include/boost/concept/detail/general.hpp: In instantiation of ‘static void boost::concepts::constraint<Model>::failed() [with Model = boost::algorithm::FinderConcept<boost::algorithm::detail::first_finderF<__gnu_cxx::__normal_iterator<const char*, std::__cxx11::basic_string<char> >, boost::algorithm::is_equal>, __gnu_cxx::__normal_iterator<const char*, std::__cxx11::basic_string<char> > >]’:
/mnt/library/BH/include/boost/algorithm/string/find_format.hpp:98:13:   required from ‘void boost::algorithm::find_format_all(SequenceT&, FinderT, FormatterT) [with SequenceT = std::__cxx11::basic_string<char>; FinderT = detail::first_finderF<__gnu_cxx::__normal_iterator<const char*, std::__cxx11::basic_string<char> >, is_equal>; FormatterT = detail::const_formatF<boost::iterator_range<__gnu_cxx::__normal_iterator<const char*, std::__cxx11::basic_string<char> > > >]’
/mnt/library/BH/include/boost/algorithm/string/replace.hpp:652:48:   required from ‘void boost::algorithm::replace_all(SequenceT&, const Range1T&, const Range2T&) [with SequenceT = std::__cxx11::basic_string<char>; Range1T = std::__cxx11::basic_string<char>; Range2T = std::__cxx11::basic_string<char>]’
/mnt/library/cytolib/include/cytolib/CytoFrame.hpp:354:25:   required from here
/mnt/library/BH/include/boost/concept/detail/general.hpp:65:52: warning: ‘this’ pointer is null [-Wnonnull]
   65 |     static void failed() { ((Model*)0)->constraints(); }
      |                            ~~~~~~~~~~~~~~~~~~~~~~~~^~
/mnt/library/BH/include/boost/algorithm/string/concept.hpp:40:18: note: in a call to non-static member function ‘void boost::algorithm::FinderConcept<FinderT, IteratorT>::constraints() [with FinderT = boost::algorithm::detail::first_finderF<__gnu_cxx::__normal_iterator<const char*, std::__cxx11::basic_string<char> >, boost::algorithm::is_equal>; IteratorT = __gnu_cxx::__normal_iterator<const char*, std::__cxx11::basic_string<char> >]’
   40 |             void constraints()
      |                  ^~~~~~~~~~~
/mnt/library/BH/include/boost/concept/detail/general.hpp: In instantiation of ‘static void boost::concepts::constraint<Model>::failed() [with Model = boost::algorithm::FormatterConcept<boost::algorithm::detail::const_formatF<boost::iterator_range<__gnu_cxx::__normal_iterator<const char*, std::__cxx11::basic_string<char> > > >, boost::algorithm::detail::first_finderF<__gnu_cxx::__normal_iterator<const char*, std::__cxx11::basic_string<char> >, boost::algorithm::is_equal>, __gnu_cxx::__normal_iterator<const char*, std::__cxx11::basic_string<char> > >]’:
/mnt/library/BH/include/boost/algorithm/string/find_format.hpp:103:13:   required from ‘void boost::algorithm::find_format_all(SequenceT&, FinderT, FormatterT) [with SequenceT = std::__cxx11::basic_string<char>; FinderT = detail::first_finderF<__gnu_cxx::__normal_iterator<const char*, std::__cxx11::basic_string<char> >, is_equal>; FormatterT = detail::const_formatF<boost::iterator_range<__gnu_cxx::__normal_iterator<const char*, std::__cxx11::basic_string<char> > > >]’
/mnt/library/BH/include/boost/algorithm/string/replace.hpp:652:48:   required from ‘void boost::algorithm::replace_all(SequenceT&, const Range1T&, const Range2T&) [with SequenceT = std::__cxx11::basic_string<char>; Range1T = std::__cxx11::basic_string<char>; Range2T = std::__cxx11::basic_string<char>]’
/mnt/library/cytolib/include/cytolib/CytoFrame.hpp:354:25:   required from here
/mnt/library/BH/include/boost/concept/detail/general.hpp:65:52: warning: ‘this’ pointer is null [-Wnonnull]
   65 |     static void failed() { ((Model*)0)->constraints(); }
      |                            ~~~~~~~~~~~~~~~~~~~~~~~~^~
/mnt/library/BH/include/boost/algorithm/string/concept.hpp:65:18: note: in a call to non-static member function ‘void boost::algorithm::FormatterConcept<FormatterT, FinderT, IteratorT>::constraints() [with FormatterT = boost::algorithm::detail::const_formatF<boost::iterator_range<__gnu_cxx::__normal_iterator<const char*, std::__cxx11::basic_string<char> > > >; FinderT = boost::algorithm::detail::first_finderF<__gnu_cxx::__normal_iterator<const char*, std::__cxx11::basic_string<char> >, boost::algorithm::is_equal>; IteratorT = __gnu_cxx::__normal_iterator<const char*, std::__cxx11::basic_string<char> >]’
   65 |             void constraints()
      |                  ^~~~~~~~~~~
/mnt/library/BH/include/boost/concept/detail/general.hpp: In instantiation of ‘static void boost::concepts::constraint<Model>::failed() [with Model = boost::algorithm::FinderConcept<boost::algorithm::detail::token_finderF<boost::algorithm::detail::is_any_ofF<char> >, __gnu_cxx::__normal_iterator<char*, std::__cxx11::basic_string<char> > >]’:
/mnt/library/BH/include/boost/algorithm/string/iter_find.hpp:81:13:   required from ‘SequenceSequenceT& boost::algorithm::iter_split(SequenceSequenceT&, RangeT&&, FinderT) [with SequenceSequenceT = std::vector<std::__cxx11::basic_string<char>, std::allocator<std::__cxx11::basic_string<char> > >; RangeT = std::__cxx11::basic_string<char>&; FinderT = detail::token_finderF<detail::is_any_ofF<char> >]’
/mnt/library/BH/include/boost/algorithm/string/split.hpp:158:50:   required from ‘SequenceSequenceT& boost::algorithm::split(SequenceSequenceT&, RangeT&&, PredicateT, token_compress_mode_type) [with SequenceSequenceT = std::vector<std::__cxx11::basic_string<char>, std::allocator<std::__cxx11::basic_string<char> > >; RangeT = std::__cxx11::basic_string<char>&; PredicateT = detail::is_any_ofF<char>]’
../inst/include/CytoML/workspace.hpp:98:17:   required from here
/mnt/library/BH/include/boost/concept/detail/general.hpp:65:52: warning: ‘this’ pointer is null [-Wnonnull]
   65 |     static void failed() { ((Model*)0)->constraints(); }
      |                            ~~~~~~~~~~~~~~~~~~~~~~~~^~
/mnt/library/BH/include/boost/algorithm/string/concept.hpp:40:18: note: in a call to non-static member function ‘void boost::algorithm::FinderConcept<FinderT, IteratorT>::constraints() [with FinderT = boost::algorithm::detail::token_finderF<boost::algorithm::detail::is_any_ofF<char> >; IteratorT = __gnu_cxx::__normal_iterator<char*, std::__cxx11::basic_string<char> >]’
   40 |             void constraints()
      |                  ^~~~~~~~~~~
/mnt/library/BH/include/boost/concept/detail/general.hpp: In instantiation of ‘static void boost::concepts::constraint<Model>::failed() [with Model = boost::algorithm::FinderConcept<boost::algorithm::detail::first_finderF<const char*, boost::algorithm::is_equal>, __gnu_cxx::__normal_iterator<const char*, std::__cxx11::basic_string<char> > >]’:
/mnt/library/BH/include/boost/algorithm/string/find_format.hpp:98:13:   required from ‘void boost::algorithm::find_format_all(SequenceT&, FinderT, FormatterT) [with SequenceT = std::__cxx11::basic_string<char>; FinderT = detail::first_finderF<const char*, is_equal>; FormatterT = detail::const_formatF<boost::iterator_range<const char*> >]’
/mnt/library/BH/include/boost/algorithm/string/replace.hpp:652:48:   required from ‘void boost::algorithm::replace_all(SequenceT&, const Range1T&, const Range2T&) [with SequenceT = std::__cxx11::basic_string<char>; Range1T = char [2]; Range2T = char [2]]’
../inst/include/CytoML/flowJoWorkspace.hpp:799:21:   required from here
/mnt/library/BH/include/boost/concept/detail/general.hpp:65:52: warning: ‘this’ pointer is null [-Wnonnull]
   65 |     static void failed() { ((Model*)0)->constraints(); }
      |                            ~~~~~~~~~~~~~~~~~~~~~~~~^~
/mnt/library/BH/include/boost/algorithm/string/concept.hpp:40:18: note: in a call to non-static member function ‘void boost::algorithm::FinderConcept<FinderT, IteratorT>::constraints() [with FinderT = boost::algorithm::detail::first_finderF<const char*, boost::algorithm::is_equal>; IteratorT = __gnu_cxx::__normal_iterator<const char*, std::__cxx11::basic_string<char> >]’
   40 |             void constraints()
      |                  ^~~~~~~~~~~
/mnt/library/BH/include/boost/concept/detail/general.hpp: In instantiation of ‘static void boost::concepts::constraint<Model>::failed() [with Model = boost::algorithm::FormatterConcept<boost::algorithm::detail::const_formatF<boost::iterator_range<const char*> >, boost::algorithm::detail::first_finderF<const char*, boost::algorithm::is_equal>, __gnu_cxx::__normal_iterator<const char*, std::__cxx11::basic_string<char> > >]’:
/mnt/library/BH/include/boost/algorithm/string/find_format.hpp:103:13:   required from ‘void boost::algorithm::find_format_all(SequenceT&, FinderT, FormatterT) [with SequenceT = std::__cxx11::basic_string<char>; FinderT = detail::first_finderF<const char*, is_equal>; FormatterT = detail::const_formatF<boost::iterator_range<const char*> >]’
/mnt/library/BH/include/boost/algorithm/string/replace.hpp:652:48:   required from ‘void boost::algorithm::replace_all(SequenceT&, const Range1T&, const Range2T&) [with SequenceT = std::__cxx11::basic_string<char>; Range1T = char [2]; Range2T = char [2]]’
../inst/include/CytoML/flowJoWorkspace.hpp:799:21:   required from here
/mnt/library/BH/include/boost/concept/detail/general.hpp:65:52: warning: ‘this’ pointer is null [-Wnonnull]
   65 |     static void failed() { ((Model*)0)->constraints(); }
      |                            ~~~~~~~~~~~~~~~~~~~~~~~~^~
/mnt/library/BH/include/boost/algorithm/string/concept.hpp:65:18: note: in a call to non-static member function ‘void boost::algorithm::FormatterConcept<FormatterT, FinderT, IteratorT>::constraints() [with FormatterT = boost::algorithm::detail::const_formatF<boost::iterator_range<const char*> >; FinderT = boost::algorithm::detail::first_finderF<const char*, boost::algorithm::is_equal>; IteratorT = __gnu_cxx::__normal_iterator<const char*, std::__cxx11::basic_string<char> >]’
   65 |             void constraints()
      |                  ^~~~~~~~~~~
/mnt/library/BH/include/boost/concept/detail/general.hpp: In instantiation of ‘static void boost::concepts::constraint<Model>::failed() [with Model = boost::algorithm::FormatterConcept<boost::algorithm::detail::empty_formatF<char>, boost::algorithm::detail::first_finderF<const char*, boost::algorithm::is_equal>, __gnu_cxx::__normal_iterator<const char*, std::__cxx11::basic_string<char> > >]’:
/mnt/library/BH/include/boost/algorithm/string/find_format.hpp:103:13:   required from ‘void boost::algorithm::find_format_all(SequenceT&, FinderT, FormatterT) [with SequenceT = std::__cxx11::basic_string<char>; FinderT = detail::first_finderF<const char*, is_equal>; FormatterT = detail::empty_formatF<char>]’
/mnt/library/BH/include/boost/algorithm/string/erase.hpp:593:48:   required from ‘void boost::algorithm::erase_all(SequenceT&, const RangeT&) [with SequenceT = std::__cxx11::basic_string<char>; RangeT = char [4]]’
../inst/include/CytoML/flowJoWorkspace.hpp:1035:20:   required from here
/mnt/library/BH/include/boost/concept/detail/general.hpp:65:52: warning: ‘this’ pointer is null [-Wnonnull]
   65 |     static void failed() { ((Model*)0)->constraints(); }
      |                            ~~~~~~~~~~~~~~~~~~~~~~~~^~
/mnt/library/BH/include/boost/algorithm/string/concept.hpp:65:18: note: in a call to non-static member function ‘void boost::algorithm::FormatterConcept<FormatterT, FinderT, IteratorT>::constraints() [with FormatterT = boost::algorithm::detail::empty_formatF<char>; FinderT = boost::algorithm::detail::first_finderF<const char*, boost::algorithm::is_equal>; IteratorT = __gnu_cxx::__normal_iterator<const char*, std::__cxx11::basic_string<char> >]’
   65 |             void constraints()
      |                  ^~~~~~~~~~~
/mnt/library/BH/include/boost/concept/detail/general.hpp: In instantiation of ‘static void boost::concepts::requirement<boost::concepts::failed************ Model::************>::failed() [with Model = boost::concepts::usage_requirements<boost::CopyConstructible<__gnu_cxx::__normal_iterator<const char*, std::__cxx11::basic_string<char> > > >]’:
/mnt/library/BH/include/boost/concept_check.hpp:167:5:   required from ‘struct boost::CopyConstructible<__gnu_cxx::__normal_iterator<const char*, std::__cxx11::basic_string<char> > >’
/mnt/library/BH/include/boost/range/concepts.hpp:127:16:   required from ‘struct boost::range_detail::IncrementableIteratorConcept<__gnu_cxx::__normal_iterator<const char*, std::__cxx11::basic_string<char> > >’
/mnt/library/BH/include/boost/range/concepts.hpp:149:16:   required from ‘struct boost::range_detail::SinglePassIteratorConcept<__gnu_cxx::__normal_iterator<const char*, std::__cxx11::basic_string<char> > >’
/mnt/library/BH/include/boost/concept/detail/has_constraints.hpp:32:62:   required by substitution of ‘template<class Model> boost::concepts::detail::yes boost::concepts::detail::has_constraints_(Model*, wrap_constraints<Model, (& Model::constraints)>*) [with Model = boost::range_detail::SinglePassIteratorConcept<__gnu_cxx::__normal_iterator<const char*, std::__cxx11::basic_string<char> > >]’
/mnt/library/BH/include/boost/concept/detail/has_constraints.hpp:42:5:   required from ‘const bool boost::concepts::not_satisfied<boost::range_detail::SinglePassIteratorConcept<__gnu_cxx::__normal_iterator<const char*, std::__cxx11::basic_string<char> > > >::value’
/mnt/library/BH/include/boost/concept/detail/has_constraints.hpp:45:51:   [ skipping 14 instantiation contexts, use -ftemplate-backtrace-limit=0 to disable ]
/mnt/library/BH/include/boost/iterator/iterator_facade.hpp:824:1:   required from ‘typename boost::iterators::detail::enable_if_interoperable<Derived1, Derived2, boost::iterators::detail::always_bool_t<Derived1, Derived2> >::type boost::iterators::operator!=(const iterator_facade<Derived1, V1, TC1, Reference1, Difference1>&, const iterator_facade<Derived2, V2, TC2, Reference2, Difference2>&) [with Derived1 = transform_iterator<boost::algorithm::detail::copy_iterator_rangeF<std::__cxx11::basic_string<char>, __gnu_cxx::__normal_iterator<const char*, std::__cxx11::basic_string<char> > >, boost::algorithm::split_iterator<__gnu_cxx::__normal_iterator<const char*, std::__cxx11::basic_string<char> > >, boost::use_default, boost::use_default>; V1 = std::__cxx11::basic_string<char>; TC1 = forward_traversal_tag; Reference1 = std::__cxx11::basic_string<char>; Difference1 = long int; Derived2 = transform_iterator<boost::algorithm::detail::copy_iterator_rangeF<std::__cxx11::basic_string<char>, __gnu_cxx::__normal_iterator<const char*, std::__cxx11::basic_string<char> > >, boost::algorithm::split_iterator<__gnu_cxx::__normal_iterator<const char*, std::__cxx11::basic_string<char> > >, boost::use_default, boost::use_default>; V2 = std::__cxx11::basic_string<char>; TC2 = forward_traversal_tag; Reference2 = std::__cxx11::basic_string<char>; Difference2 = long int; typename detail::enable_if_interoperable<Derived1, Derived2, detail::always_bool_t<Derived1, Derived2> >::type = bool; detail::always_bool_t<Derived1, Derived2> = bool]’
/usr/include/c++/13/bits/stl_vector.h:1671:21:   required from ‘void std::vector<_Tp, _Alloc>::_M_range_initialize(_InputIterator, _InputIterator, std::input_iterator_tag) [with _InputIterator = boost::iterators::transform_iterator<boost::algorithm::detail::copy_iterator_rangeF<std::__cxx11::basic_string<char>, __gnu_cxx::__normal_iterator<const char*, std::__cxx11::basic_string<char> > >, boost::algorithm::split_iterator<__gnu_cxx::__normal_iterator<const char*, std::__cxx11::basic_string<char> > >, boost::use_default, boost::use_default>; _Tp = std::__cxx11::basic_string<char>; _Alloc = std::allocator<std::__cxx11::basic_string<char> >]’
/usr/include/c++/13/bits/stl_vector.h:711:23:   required from ‘std::vector<_Tp, _Alloc>::vector(_InputIterator, _InputIterator, const allocator_type&) [with _InputIterator = boost::iterators::transform_iterator<boost::algorithm::detail::copy_iterator_rangeF<std::__cxx11::basic_string<char>, __gnu_cxx::__normal_iterator<const char*, std::__cxx11::basic_string<char> > >, boost::algorithm::split_iterator<__gnu_cxx::__normal_iterator<const char*, std::__cxx11::basic_string<char> > >, boost::use_default, boost::use_default>; <template-parameter-2-2> = void; _Tp = std::__cxx11::basic_string<char>; _Alloc = std::allocator<std::__cxx11::basic_string<char> >; allocator_type = std::allocator<std::__cxx11::basic_string<char> >]’
/mnt/library/BH/include/boost/algorithm/string/iter_find.hpp:186:31:   required from ‘SequenceSequenceT& boost::algorithm::iter_split(SequenceSequenceT&, RangeT&&, FinderT) [with SequenceSequenceT = std::vector<std::__cxx11::basic_string<char>, std::allocator<std::__cxx11::basic_string<char> > >; RangeT = const std::__cxx11::basic_string<char>&; FinderT = detail::token_finderF<detail::is_any_ofF<char> >]’
/mnt/library/BH/include/boost/algorithm/string/split.hpp:158:50:   required from ‘SequenceSequenceT& boost::algorithm::split(SequenceSequenceT&, RangeT&&, PredicateT, token_compress_mode_type) [with SequenceSequenceT = std::vector<std::__cxx11::basic_string<char>, std::allocator<std::__cxx11::basic_string<char> > >; RangeT = const std::__cxx11::basic_string<char>&; PredicateT = detail::is_any_ofF<char>]’
/mnt/library/cytolib/include/cytolib/compensation.hpp:55:15:   required from here
/mnt/library/BH/include/boost/concept/detail/general.hpp:50:47: warning: ‘this’ pointer is null [-Wnonnull]
   50 |     static void failed() { ((Model*)0)->~Model(); }
      |                            ~~~~~~~~~~~~~~~~~~~^~
In file included from /mnt/library/BH/include/boost/concept_check.hpp:31:
/mnt/library/BH/include/boost/concept/usage.hpp:20:5: note: in a call to non-static member function ‘boost::concepts::usage_requirements<Model>::~usage_requirements() [with Model = boost::CopyConstructible<__gnu_cxx::__normal_iterator<const char*, std::__cxx11::basic_string<char> > >]’
   20 |     ~usage_requirements() { ((Model*)0)->~Model(); }
      |     ^
/mnt/library/BH/include/boost/concept/detail/general.hpp: In instantiation of ‘static void boost::concepts::requirement<boost::concepts::failed************ Model::************>::failed() [with Model = boost::concepts::usage_requirements<boost::Convertible<boost::iterators::random_access_traversal_tag, boost::iterators::incrementable_traversal_tag> >]’:
/mnt/library/BH/include/boost/concept_check.hpp:208:5:   required from ‘struct boost::Convertible<boost::iterators::random_access_traversal_tag, boost::iterators::incrementable_traversal_tag>’
/mnt/library/BH/include/boost/concept/detail/has_constraints.hpp:32:62:   required by substitution of ‘template<class Model> boost::concepts::detail::yes boost::concepts::detail::has_constraints_(Model*, wrap_constraints<Model, (& Model::constraints)>*) [with Model = boost::Convertible<boost::iterators::random_access_traversal_tag, boost::iterators::incrementable_traversal_tag>]’
/mnt/library/BH/include/boost/concept/detail/has_constraints.hpp:42:5:   required from ‘const bool boost::concepts::not_satisfied<boost::Convertible<boost::iterators::random_access_traversal_tag, boost::iterators::incrementable_traversal_tag> >::value’
/mnt/library/BH/include/boost/concept/detail/has_constraints.hpp:45:51:   required from ‘struct boost::concepts::not_satisfied<boost::Convertible<boost::iterators::random_access_traversal_tag, boost::iterators::incrementable_traversal_tag> >’
/mnt/library/BH/include/boost/concept/detail/general.hpp:72:8:   required from ‘struct boost::concepts::requirement_<void (*)(boost::Convertible<boost::iterators::random_access_traversal_tag, boost::iterators::incrementable_traversal_tag>)>’
/mnt/library/BH/include/boost/iterator/iterator_concepts.hpp:106:7:   [ skipping 18 instantiation contexts, use -ftemplate-backtrace-limit=0 to disable ]
/mnt/library/BH/include/boost/iterator/iterator_facade.hpp:824:1:   required from ‘typename boost::iterators::detail::enable_if_interoperable<Derived1, Derived2, boost::iterators::detail::always_bool_t<Derived1, Derived2> >::type boost::iterators::operator!=(const iterator_facade<Derived1, V1, TC1, Reference1, Difference1>&, const iterator_facade<Derived2, V2, TC2, Reference2, Difference2>&) [with Derived1 = transform_iterator<boost::algorithm::detail::copy_iterator_rangeF<std::__cxx11::basic_string<char>, __gnu_cxx::__normal_iterator<const char*, std::__cxx11::basic_string<char> > >, boost::algorithm::split_iterator<__gnu_cxx::__normal_iterator<const char*, std::__cxx11::basic_string<char> > >, boost::use_default, boost::use_default>; V1 = std::__cxx11::basic_string<char>; TC1 = forward_traversal_tag; Reference1 = std::__cxx11::basic_string<char>; Difference1 = long int; Derived2 = transform_iterator<boost::algorithm::detail::copy_iterator_rangeF<std::__cxx11::basic_string<char>, __gnu_cxx::__normal_iterator<const char*, std::__cxx11::basic_string<char> > >, boost::algorithm::split_iterator<__gnu_cxx::__normal_iterator<const char*, std::__cxx11::basic_string<char> > >, boost::use_default, boost::use_default>; V2 = std::__cxx11::basic_string<char>; TC2 = forward_traversal_tag; Reference2 = std::__cxx11::basic_string<char>; Difference2 = long int; typename detail::enable_if_interoperable<Derived1, Derived2, detail::always_bool_t<Derived1, Derived2> >::type = bool; detail::always_bool_t<Derived1, Derived2> = bool]’
/usr/include/c++/13/bits/stl_vector.h:1671:21:   required from ‘void std::vector<_Tp, _Alloc>::_M_range_initialize(_InputIterator, _InputIterator, std::input_iterator_tag) [with _InputIterator = boost::iterators::transform_iterator<boost::algorithm::detail::copy_iterator_rangeF<std::__cxx11::basic_string<char>, __gnu_cxx::__normal_iterator<const char*, std::__cxx11::basic_string<char> > >, boost::algorithm::split_iterator<__gnu_cxx::__normal_iterator<const char*, std::__cxx11::basic_string<char> > >, boost::use_default, boost::use_default>; _Tp = std::__cxx11::basic_string<char>; _Alloc = std::allocator<std::__cxx11::basic_string<char> >]’
/usr/include/c++/13/bits/stl_vector.h:711:23:   required from ‘std::vector<_Tp, _Alloc>::vector(_InputIterator, _InputIterator, const allocator_type&) [with _InputIterator = boost::iterators::transform_iterator<boost::algorithm::detail::copy_iterator_rangeF<std::__cxx11::basic_string<char>, __gnu_cxx::__normal_iterator<const char*, std::__cxx11::basic_string<char> > >, boost::algorithm::split_iterator<__gnu_cxx::__normal_iterator<const char*, std::__cxx11::basic_string<char> > >, boost::use_default, boost::use_default>; <template-parameter-2-2> = void; _Tp = std::__cxx11::basic_string<char>; _Alloc = std::allocator<std::__cxx11::basic_string<char> >; allocator_type = std::allocator<std::__cxx11::basic_string<char> >]’
/mnt/library/BH/include/boost/algorithm/string/iter_find.hpp:186:31:   required from ‘SequenceSequenceT& boost::algorithm::iter_split(SequenceSequenceT&, RangeT&&, FinderT) [with SequenceSequenceT = std::vector<std::__cxx11::basic_string<char>, std::allocator<std::__cxx11::basic_string<char> > >; RangeT = const std::__cxx11::basic_string<char>&; FinderT = detail::token_finderF<detail::is_any_ofF<char> >]’
/mnt/library/BH/include/boost/algorithm/string/split.hpp:158:50:   required from ‘SequenceSequenceT& boost::algorithm::split(SequenceSequenceT&, RangeT&&, PredicateT, token_compress_mode_type) [with SequenceSequenceT = std::vector<std::__cxx11::basic_string<char>, std::allocator<std::__cxx11::basic_string<char> > >; RangeT = const std::__cxx11::basic_string<char>&; PredicateT = detail::is_any_ofF<char>]’
/mnt/library/cytolib/include/cytolib/compensation.hpp:55:15:   required from here
/mnt/library/BH/include/boost/concept/detail/general.hpp:50:47: warning: ‘this’ pointer is null [-Wnonnull]
   50 |     static void failed() { ((Model*)0)->~Model(); }
      |                            ~~~~~~~~~~~~~~~~~~~^~
/mnt/library/BH/include/boost/concept/usage.hpp:20:5: note: in a call to non-static member function ‘boost::concepts::usage_requirements<Model>::~usage_requirements() [with Model = boost::Convertible<boost::iterators::random_access_traversal_tag, boost::iterators::incrementable_traversal_tag>]’
   20 |     ~usage_requirements() { ((Model*)0)->~Model(); }
      |     ^
/mnt/library/BH/include/boost/concept/detail/general.hpp: In instantiation of ‘static void boost::concepts::requirement<boost::concepts::failed************ Model::************>::failed() [with Model = boost::Convertible<boost::iterators::random_access_traversal_tag, boost::iterators::incrementable_traversal_tag>]’:
/mnt/library/BH/include/boost/iterator/iterator_concepts.hpp:106:7:   required from ‘struct boost::range_detail::IncrementableIteratorConcept<__gnu_cxx::__normal_iterator<const char*, std::__cxx11::basic_string<char> > >’
/mnt/library/BH/include/boost/range/concepts.hpp:149:16:   required from ‘struct boost::range_detail::SinglePassIteratorConcept<__gnu_cxx::__normal_iterator<const char*, std::__cxx11::basic_string<char> > >’
/mnt/library/BH/include/boost/concept/detail/has_constraints.hpp:32:62:   required by substitution of ‘template<class Model> boost::concepts::detail::yes boost::concepts::detail::has_constraints_(Model*, wrap_constraints<Model, (& Model::constraints)>*) [with Model = boost::range_detail::SinglePassIteratorConcept<__gnu_cxx::__normal_iterator<const char*, std::__cxx11::basic_string<char> > >]’
/mnt/library/BH/include/boost/concept/detail/has_constraints.hpp:42:5:   required from ‘const bool boost::concepts::not_satisfied<boost::range_detail::SinglePassIteratorConcept<__gnu_cxx::__normal_iterator<const char*, std::__cxx11::basic_string<char> > > >::value’
/mnt/library/BH/include/boost/concept/detail/has_constraints.hpp:45:51:   required from ‘struct boost::concepts::not_satisfied<boost::range_detail::SinglePassIteratorConcept<__gnu_cxx::__normal_iterator<const char*, std::__cxx11::basic_string<char> > > >’
/mnt/library/BH/include/boost/concept/detail/general.hpp:72:8:   [ skipping 13 instantiation contexts, use -ftemplate-backtrace-limit=0 to disable ]
/mnt/library/BH/include/boost/iterator/iterator_facade.hpp:824:1:   required from ‘typename boost::iterators::detail::enable_if_interoperable<Derived1, Derived2, boost::iterators::detail::always_bool_t<Derived1, Derived2> >::type boost::iterators::operator!=(const iterator_facade<Derived1, V1, TC1, Reference1, Difference1>&, const iterator_facade<Derived2, V2, TC2, Reference2, Difference2>&) [with Derived1 = transform_iterator<boost::algorithm::detail::copy_iterator_rangeF<std::__cxx11::basic_string<char>, __gnu_cxx::__normal_iterator<const char*, std::__cxx11::basic_string<char> > >, boost::algorithm::split_iterator<__gnu_cxx::__normal_iterator<const char*, std::__cxx11::basic_string<char> > >, boost::use_default, boost::use_default>; V1 = std::__cxx11::basic_string<char>; TC1 = forward_traversal_tag; Reference1 = std::__cxx11::basic_string<char>; Difference1 = long int; Derived2 = transform_iterator<boost::algorithm::detail::copy_iterator_rangeF<std::__cxx11::basic_string<char>, __gnu_cxx::__normal_iterator<const char*, std::__cxx11::basic_string<char> > >, boost::algorithm::split_iterator<__gnu_cxx::__normal_iterator<const char*, std::__cxx11::basic_string<char> > >, boost::use_default, boost::use_default>; V2 = std::__cxx11::basic_string<char>; TC2 = forward_traversal_tag; Reference2 = std::__cxx11::basic_string<char>; Difference2 = long int; typename detail::enable_if_interoperable<Derived1, Derived2, detail::always_bool_t<Derived1, Derived2> >::type = bool; detail::always_bool_t<Derived1, Derived2> = bool]’
/usr/include/c++/13/bits/stl_vector.h:1671:21:   required from ‘void std::vector<_Tp, _Alloc>::_M_range_initialize(_InputIterator, _InputIterator, std::input_iterator_tag) [with _InputIterator = boost::iterators::transform_iterator<boost::algorithm::detail::copy_iterator_rangeF<std::__cxx11::basic_string<char>, __gnu_cxx::__normal_iterator<const char*, std::__cxx11::basic_string<char> > >, boost::algorithm::split_iterator<__gnu_cxx::__normal_iterator<const char*, std::__cxx11::basic_string<char> > >, boost::use_default, boost::use_default>; _Tp = std::__cxx11::basic_string<char>; _Alloc = std::allocator<std::__cxx11::basic_string<char> >]’
/usr/include/c++/13/bits/stl_vector.h:711:23:   required from ‘std::vector<_Tp, _Alloc>::vector(_InputIterator, _InputIterator, const allocator_type&) [with _InputIterator = boost::iterators::transform_iterator<boost::algorithm::detail::copy_iterator_rangeF<std::__cxx11::basic_string<char>, __gnu_cxx::__normal_iterator<const char*, std::__cxx11::basic_string<char> > >, boost::algorithm::split_iterator<__gnu_cxx::__normal_iterator<const char*, std::__cxx11::basic_string<char> > >, boost::use_default, boost::use_default>; <template-parameter-2-2> = void; _Tp = std::__cxx11::basic_string<char>; _Alloc = std::allocator<std::__cxx11::basic_string<char> >; allocator_type = std::allocator<std::__cxx11::basic_string<char> >]’
/mnt/library/BH/include/boost/algorithm/string/iter_find.hpp:186:31:   required from ‘SequenceSequenceT& boost::algorithm::iter_split(SequenceSequenceT&, RangeT&&, FinderT) [with SequenceSequenceT = std::vector<std::__cxx11::basic_string<char>, std::allocator<std::__cxx11::basic_string<char> > >; RangeT = const std::__cxx11::basic_string<char>&; FinderT = detail::token_finderF<detail::is_any_ofF<char> >]’
/mnt/library/BH/include/boost/algorithm/string/split.hpp:158:50:   required from ‘SequenceSequenceT& boost::algorithm::split(SequenceSequenceT&, RangeT&&, PredicateT, token_compress_mode_type) [with SequenceSequenceT = std::vector<std::__cxx11::basic_string<char>, std::allocator<std::__cxx11::basic_string<char> > >; RangeT = const std::__cxx11::basic_string<char>&; PredicateT = detail::is_any_ofF<char>]’
/mnt/library/cytolib/include/cytolib/compensation.hpp:55:15:   required from here
/mnt/library/BH/include/boost/concept/detail/general.hpp:50:47: warning: ‘this’ pointer is null [-Wnonnull]
   50 |     static void failed() { ((Model*)0)->~Model(); }
      |                            ~~~~~~~~~~~~~~~~~~~^~
/mnt/library/BH/include/boost/concept/usage.hpp:37:7: note: in a call to non-static member function ‘boost::Convertible<X, Y>::~Convertible() [with X = boost::iterators::random_access_traversal_tag; Y = boost::iterators::incrementable_traversal_tag]’
   37 |       ~model()
      |       ^
/mnt/library/BH/include/boost/concept_check.hpp:208:5: note: in expansion of macro ‘BOOST_CONCEPT_USAGE’
  208 |     BOOST_CONCEPT_USAGE(Convertible) {
      |     ^~~~~~~~~~~~~~~~~~~
/mnt/library/BH/include/boost/concept/detail/general.hpp: In instantiation of ‘static void boost::concepts::requirement<boost::concepts::failed************ Model::************>::failed() [with Model = boost::concepts::usage_requirements<boost::range_detail::IncrementableIteratorConcept<__gnu_cxx::__normal_iterator<const char*, std::__cxx11::basic_string<char> > > >]’:
/mnt/library/BH/include/boost/range/concepts.hpp:138:13:   required from ‘struct boost::range_detail::IncrementableIteratorConcept<__gnu_cxx::__normal_iterator<const char*, std::__cxx11::basic_string<char> > >’
/mnt/library/BH/include/boost/range/concepts.hpp:149:16:   required from ‘struct boost::range_detail::SinglePassIteratorConcept<__gnu_cxx::__normal_iterator<const char*, std::__cxx11::basic_string<char> > >’
/mnt/library/BH/include/boost/concept/detail/has_constraints.hpp:32:62:   required by substitution of ‘template<class Model> boost::concepts::detail::yes boost::concepts::detail::has_constraints_(Model*, wrap_constraints<Model, (& Model::constraints)>*) [with Model = boost::range_detail::SinglePassIteratorConcept<__gnu_cxx::__normal_iterator<const char*, std::__cxx11::basic_string<char> > >]’
/mnt/library/BH/include/boost/concept/detail/has_constraints.hpp:42:5:   required from ‘const bool boost::concepts::not_satisfied<boost::range_detail::SinglePassIteratorConcept<__gnu_cxx::__normal_iterator<const char*, std::__cxx11::basic_string<char> > > >::value’
/mnt/library/BH/include/boost/concept/detail/has_constraints.hpp:45:51:   required from ‘struct boost::concepts::not_satisfied<boost::range_detail::SinglePassIteratorConcept<__gnu_cxx::__normal_iterator<const char*, std::__cxx11::basic_string<char> > > >’
/mnt/library/BH/include/boost/concept/detail/general.hpp:72:8:   [ skipping 13 instantiation contexts, use -ftemplate-backtrace-limit=0 to disable ]
/mnt/library/BH/include/boost/iterator/iterator_facade.hpp:824:1:   required from ‘typename boost::iterators::detail::enable_if_interoperable<Derived1, Derived2, boost::iterators::detail::always_bool_t<Derived1, Derived2> >::type boost::iterators::operator!=(const iterator_facade<Derived1, V1, TC1, Reference1, Difference1>&, const iterator_facade<Derived2, V2, TC2, Reference2, Difference2>&) [with Derived1 = transform_iterator<boost::algorithm::detail::copy_iterator_rangeF<std::__cxx11::basic_string<char>, __gnu_cxx::__normal_iterator<const char*, std::__cxx11::basic_string<char> > >, boost::algorithm::split_iterator<__gnu_cxx::__normal_iterator<const char*, std::__cxx11::basic_string<char> > >, boost::use_default, boost::use_default>; V1 = std::__cxx11::basic_string<char>; TC1 = forward_traversal_tag; Reference1 = std::__cxx11::basic_string<char>; Difference1 = long int; Derived2 = transform_iterator<boost::algorithm::detail::copy_iterator_rangeF<std::__cxx11::basic_string<char>, __gnu_cxx::__normal_iterator<const char*, std::__cxx11::basic_string<char> > >, boost::algorithm::split_iterator<__gnu_cxx::__normal_iterator<const char*, std::__cxx11::basic_string<char> > >, boost::use_default, boost::use_default>; V2 = std::__cxx11::basic_string<char>; TC2 = forward_traversal_tag; Reference2 = std::__cxx11::basic_string<char>; Difference2 = long int; typename detail::enable_if_interoperable<Derived1, Derived2, detail::always_bool_t<Derived1, Derived2> >::type = bool; detail::always_bool_t<Derived1, Derived2> = bool]’
/usr/include/c++/13/bits/stl_vector.h:1671:21:   required from ‘void std::vector<_Tp, _Alloc>::_M_range_initialize(_InputIterator, _InputIterator, std::input_iterator_tag) [with _InputIterator = boost::iterators::transform_iterator<boost::algorithm::detail::copy_iterator_rangeF<std::__cxx11::basic_string<char>, __gnu_cxx::__normal_iterator<const char*, std::__cxx11::basic_string<char> > >, boost::algorithm::split_iterator<__gnu_cxx::__normal_iterator<const char*, std::__cxx11::basic_string<char> > >, boost::use_default, boost::use_default>; _Tp = std::__cxx11::basic_string<char>; _Alloc = std::allocator<std::__cxx11::basic_string<char> >]’
/usr/include/c++/13/bits/stl_vector.h:711:23:   required from ‘std::vector<_Tp, _Alloc>::vector(_InputIterator, _InputIterator, const allocator_type&) [with _InputIterator = boost::iterators::transform_iterator<boost::algorithm::detail::copy_iterator_rangeF<std::__cxx11::basic_string<char>, __gnu_cxx::__normal_iterator<const char*, std::__cxx11::basic_string<char> > >, boost::algorithm::split_iterator<__gnu_cxx::__normal_iterator<const char*, std::__cxx11::basic_string<char> > >, boost::use_default, boost::use_default>; <template-parameter-2-2> = void; _Tp = std::__cxx11::basic_string<char>; _Alloc = std::allocator<std::__cxx11::basic_string<char> >; allocator_type = std::allocator<std::__cxx11::basic_string<char> >]’
/mnt/library/BH/include/boost/algorithm/string/iter_find.hpp:186:31:   required from ‘SequenceSequenceT& boost::algorithm::iter_split(SequenceSequenceT&, RangeT&&, FinderT) [with SequenceSequenceT = std::vector<std::__cxx11::basic_string<char>, std::allocator<std::__cxx11::basic_string<char> > >; RangeT = const std::__cxx11::basic_string<char>&; FinderT = detail::token_finderF<detail::is_any_ofF<char> >]’
/mnt/library/BH/include/boost/algorithm/string/split.hpp:158:50:   required from ‘SequenceSequenceT& boost::algorithm::split(SequenceSequenceT&, RangeT&&, PredicateT, token_compress_mode_type) [with SequenceSequenceT = std::vector<std::__cxx11::basic_string<char>, std::allocator<std::__cxx11::basic_string<char> > >; RangeT = const std::__cxx11::basic_string<char>&; PredicateT = detail::is_any_ofF<char>]’
/mnt/library/cytolib/include/cytolib/compensation.hpp:55:15:   required from here
/mnt/library/BH/include/boost/concept/detail/general.hpp:50:47: warning: ‘this’ pointer is null [-Wnonnull]
   50 |     static void failed() { ((Model*)0)->~Model(); }
      |                            ~~~~~~~~~~~~~~~~~~~^~
/mnt/library/BH/include/boost/concept/usage.hpp:20:5: note: in a call to non-static member function ‘boost::concepts::usage_requirements<Model>::~usage_requirements() [with Model = boost::range_detail::IncrementableIteratorConcept<__gnu_cxx::__normal_iterator<const char*, std::__cxx11::basic_string<char> > >]’
   20 |     ~usage_requirements() { ((Model*)0)->~Model(); }
      |     ^
/mnt/library/BH/include/boost/concept/detail/general.hpp: In instantiation of ‘static void boost::concepts::requirement<boost::concepts::failed************ Model::************>::failed() [with Model = boost::concepts::usage_requirements<boost::EqualityComparable<__gnu_cxx::__normal_iterator<const char*, std::__cxx11::basic_string<char> > > >]’:
/mnt/library/BH/include/boost/concept_check.hpp:233:5:   required from ‘struct boost::EqualityComparable<__gnu_cxx::__normal_iterator<const char*, std::__cxx11::basic_string<char> > >’
/mnt/library/BH/include/boost/range/concepts.hpp:149:16:   required from ‘struct boost::range_detail::SinglePassIteratorConcept<__gnu_cxx::__normal_iterator<const char*, std::__cxx11::basic_string<char> > >’
/mnt/library/BH/include/boost/concept/detail/has_constraints.hpp:32:62:   required by substitution of ‘template<class Model> boost::concepts::detail::yes boost::concepts::detail::has_constraints_(Model*, wrap_constraints<Model, (& Model::constraints)>*) [with Model = boost::range_detail::SinglePassIteratorConcept<__gnu_cxx::__normal_iterator<const char*, std::__cxx11::basic_string<char> > >]’
/mnt/library/BH/include/boost/concept/detail/has_constraints.hpp:42:5:   required from ‘const bool boost::concepts::not_satisfied<boost::range_detail::SinglePassIteratorConcept<__gnu_cxx::__normal_iterator<const char*, std::__cxx11::basic_string<char> > > >::value’
/mnt/library/BH/include/boost/concept/detail/has_constraints.hpp:45:51:   required from ‘struct boost::concepts::not_satisfied<boost::range_detail::SinglePassIteratorConcept<__gnu_cxx::__normal_iterator<const char*, std::__cxx11::basic_string<char> > > >’
/mnt/library/BH/include/boost/concept/detail/general.hpp:72:8:   [ skipping 13 instantiation contexts, use -ftemplate-backtrace-limit=0 to disable ]
/mnt/library/BH/include/boost/iterator/iterator_facade.hpp:824:1:   required from ‘typename boost::iterators::detail::enable_if_interoperable<Derived1, Derived2, boost::iterators::detail::always_bool_t<Derived1, Derived2> >::type boost::iterators::operator!=(const iterator_facade<Derived1, V1, TC1, Reference1, Difference1>&, const iterator_facade<Derived2, V2, TC2, Reference2, Difference2>&) [with Derived1 = transform_iterator<boost::algorithm::detail::copy_iterator_rangeF<std::__cxx11::basic_string<char>, __gnu_cxx::__normal_iterator<const char*, std::__cxx11::basic_string<char> > >, boost::algorithm::split_iterator<__gnu_cxx::__normal_iterator<const char*, std::__cxx11::basic_string<char> > >, boost::use_default, boost::use_default>; V1 = std::__cxx11::basic_string<char>; TC1 = forward_traversal_tag; Reference1 = std::__cxx11::basic_string<char>; Difference1 = long int; Derived2 = transform_iterator<boost::algorithm::detail::copy_iterator_rangeF<std::__cxx11::basic_string<char>, __gnu_cxx::__normal_iterator<const char*, std::__cxx11::basic_string<char> > >, boost::algorithm::split_iterator<__gnu_cxx::__normal_iterator<const char*, std::__cxx11::basic_string<char> > >, boost::use_default, boost::use_default>; V2 = std::__cxx11::basic_string<char>; TC2 = forward_traversal_tag; Reference2 = std::__cxx11::basic_string<char>; Difference2 = long int; typename detail::enable_if_interoperable<Derived1, Derived2, detail::always_bool_t<Derived1, Derived2> >::type = bool; detail::always_bool_t<Derived1, Derived2> = bool]’
/usr/include/c++/13/bits/stl_vector.h:1671:21:   required from ‘void std::vector<_Tp, _Alloc>::_M_range_initialize(_InputIterator, _InputIterator, std::input_iterator_tag) [with _InputIterator = boost::iterators::transform_iterator<boost::algorithm::detail::copy_iterator_rangeF<std::__cxx11::basic_string<char>, __gnu_cxx::__normal_iterator<const char*, std::__cxx11::basic_string<char> > >, boost::algorithm::split_iterator<__gnu_cxx::__normal_iterator<const char*, std::__cxx11::basic_string<char> > >, boost::use_default, boost::use_default>; _Tp = std::__cxx11::basic_string<char>; _Alloc = std::allocator<std::__cxx11::basic_string<char> >]’
/usr/include/c++/13/bits/stl_vector.h:711:23:   required from ‘std::vector<_Tp, _Alloc>::vector(_InputIterator, _InputIterator, const allocator_type&) [with _InputIterator = boost::iterators::transform_iterator<boost::algorithm::detail::copy_iterator_rangeF<std::__cxx11::basic_string<char>, __gnu_cxx::__normal_iterator<const char*, std::__cxx11::basic_string<char> > >, boost::algorithm::split_iterator<__gnu_cxx::__normal_iterator<const char*, std::__cxx11::basic_string<char> > >, boost::use_default, boost::use_default>; <template-parameter-2-2> = void; _Tp = std::__cxx11::basic_string<char>; _Alloc = std::allocator<std::__cxx11::basic_string<char> >; allocator_type = std::allocator<std::__cxx11::basic_string<char> >]’
/mnt/library/BH/include/boost/algorithm/string/iter_find.hpp:186:31:   required from ‘SequenceSequenceT& boost::algorithm::iter_split(SequenceSequenceT&, RangeT&&, FinderT) [with SequenceSequenceT = std::vector<std::__cxx11::basic_string<char>, std::allocator<std::__cxx11::basic_string<char> > >; RangeT = const std::__cxx11::basic_string<char>&; FinderT = detail::token_finderF<detail::is_any_ofF<char> >]’
/mnt/library/BH/include/boost/algorithm/string/split.hpp:158:50:   required from ‘SequenceSequenceT& boost::algorithm::split(SequenceSequenceT&, RangeT&&, PredicateT, token_compress_mode_type) [with SequenceSequenceT = std::vector<std::__cxx11::basic_string<char>, std::allocator<std::__cxx11::basic_string<char> > >; RangeT = const std::__cxx11::basic_string<char>&; PredicateT = detail::is_any_ofF<char>]’
/mnt/library/cytolib/include/cytolib/compensation.hpp:55:15:   required from here
/mnt/library/BH/include/boost/concept/detail/general.hpp:50:47: warning: ‘this’ pointer is null [-Wnonnull]
   50 |     static void failed() { ((Model*)0)->~Model(); }
      |                            ~~~~~~~~~~~~~~~~~~~^~
/mnt/library/BH/include/boost/concept/usage.hpp:20:5: note: in a call to non-static member function ‘boost::concepts::usage_requirements<Model>::~usage_requirements() [with Model = boost::EqualityComparable<__gnu_cxx::__normal_iterator<const char*, std::__cxx11::basic_string<char> > >]’
   20 |     ~usage_requirements() { ((Model*)0)->~Model(); }
      |     ^
/mnt/library/BH/include/boost/concept/detail/general.hpp: In instantiation of ‘static void boost::concepts::requirement<boost::concepts::failed************ Model::************>::failed() [with Model = boost::concepts::usage_requirements<boost::Convertible<boost::iterators::random_access_traversal_tag, boost::iterators::single_pass_traversal_tag> >]’:
/mnt/library/BH/include/boost/concept_check.hpp:208:5:   required from ‘struct boost::Convertible<boost::iterators::random_access_traversal_tag, boost::iterators::single_pass_traversal_tag>’
/mnt/library/BH/include/boost/concept/detail/has_constraints.hpp:32:62:   required by substitution of ‘template<class Model> boost::concepts::detail::yes boost::concepts::detail::has_constraints_(Model*, wrap_constraints<Model, (& Model::constraints)>*) [with Model = boost::Convertible<boost::iterators::random_access_traversal_tag, boost::iterators::single_pass_traversal_tag>]’
/mnt/library/BH/include/boost/concept/detail/has_constraints.hpp:42:5:   required from ‘const bool boost::concepts::not_satisfied<boost::Convertible<boost::iterators::random_access_traversal_tag, boost::iterators::single_pass_traversal_tag> >::value’
/mnt/library/BH/include/boost/concept/detail/has_constraints.hpp:45:51:   required from ‘struct boost::concepts::not_satisfied<boost::Convertible<boost::iterators::random_access_traversal_tag, boost::iterators::single_pass_traversal_tag> >’
/mnt/library/BH/include/boost/concept/detail/general.hpp:72:8:   required from ‘struct boost::concepts::requirement_<void (*)(boost::Convertible<boost::iterators::random_access_traversal_tag, boost::iterators::single_pass_traversal_tag>)>’
/mnt/library/BH/include/boost/range/concepts.hpp:154:13:   [ skipping 17 instantiation contexts, use -ftemplate-backtrace-limit=0 to disable ]
/mnt/library/BH/include/boost/iterator/iterator_facade.hpp:824:1:   required from ‘typename boost::iterators::detail::enable_if_interoperable<Derived1, Derived2, boost::iterators::detail::always_bool_t<Derived1, Derived2> >::type boost::iterators::operator!=(const iterator_facade<Derived1, V1, TC1, Reference1, Difference1>&, const iterator_facade<Derived2, V2, TC2, Reference2, Difference2>&) [with Derived1 = transform_iterator<boost::algorithm::detail::copy_iterator_rangeF<std::__cxx11::basic_string<char>, __gnu_cxx::__normal_iterator<const char*, std::__cxx11::basic_string<char> > >, boost::algorithm::split_iterator<__gnu_cxx::__normal_iterator<const char*, std::__cxx11::basic_string<char> > >, boost::use_default, boost::use_default>; V1 = std::__cxx11::basic_string<char>; TC1 = forward_traversal_tag; Reference1 = std::__cxx11::basic_string<char>; Difference1 = long int; Derived2 = transform_iterator<boost::algorithm::detail::copy_iterator_rangeF<std::__cxx11::basic_string<char>, __gnu_cxx::__normal_iterator<const char*, std::__cxx11::basic_string<char> > >, boost::algorithm::split_iterator<__gnu_cxx::__normal_iterator<const char*, std::__cxx11::basic_string<char> > >, boost::use_default, boost::use_default>; V2 = std::__cxx11::basic_string<char>; TC2 = forward_traversal_tag; Reference2 = std::__cxx11::basic_string<char>; Difference2 = long int; typename detail::enable_if_interoperable<Derived1, Derived2, detail::always_bool_t<Derived1, Derived2> >::type = bool; detail::always_bool_t<Derived1, Derived2> = bool]’
/usr/include/c++/13/bits/stl_vector.h:1671:21:   required from ‘void std::vector<_Tp, _Alloc>::_M_range_initialize(_InputIterator, _InputIterator, std::input_iterator_tag) [with _InputIterator = boost::iterators::transform_iterator<boost::algorithm::detail::copy_iterator_rangeF<std::__cxx11::basic_string<char>, __gnu_cxx::__normal_iterator<const char*, std::__cxx11::basic_string<char> > >, boost::algorithm::split_iterator<__gnu_cxx::__normal_iterator<const char*, std::__cxx11::basic_string<char> > >, boost::use_default, boost::use_default>; _Tp = std::__cxx11::basic_string<char>; _Alloc = std::allocator<std::__cxx11::basic_string<char> >]’
/usr/include/c++/13/bits/stl_vector.h:711:23:   required from ‘std::vector<_Tp, _Alloc>::vector(_InputIterator, _InputIterator, const allocator_type&) [with _InputIterator = boost::iterators::transform_iterator<boost::algorithm::detail::copy_iterator_rangeF<std::__cxx11::basic_string<char>, __gnu_cxx::__normal_iterator<const char*, std::__cxx11::basic_string<char> > >, boost::algorithm::split_iterator<__gnu_cxx::__normal_iterator<const char*, std::__cxx11::basic_string<char> > >, boost::use_default, boost::use_default>; <template-parameter-2-2> = void; _Tp = std::__cxx11::basic_string<char>; _Alloc = std::allocator<std::__cxx11::basic_string<char> >; allocator_type = std::allocator<std::__cxx11::basic_string<char> >]’
/mnt/library/BH/include/boost/algorithm/string/iter_find.hpp:186:31:   required from ‘SequenceSequenceT& boost::algorithm::iter_split(SequenceSequenceT&, RangeT&&, FinderT) [with SequenceSequenceT = std::vector<std::__cxx11::basic_string<char>, std::allocator<std::__cxx11::basic_string<char> > >; RangeT = const std::__cxx11::basic_string<char>&; FinderT = detail::token_finderF<detail::is_any_ofF<char> >]’
/mnt/library/BH/include/boost/algorithm/string/split.hpp:158:50:   required from ‘SequenceSequenceT& boost::algorithm::split(SequenceSequenceT&, RangeT&&, PredicateT, token_compress_mode_type) [with SequenceSequenceT = std::vector<std::__cxx11::basic_string<char>, std::allocator<std::__cxx11::basic_string<char> > >; RangeT = const std::__cxx11::basic_string<char>&; PredicateT = detail::is_any_ofF<char>]’
/mnt/library/cytolib/include/cytolib/compensation.hpp:55:15:   required from here
/mnt/library/BH/include/boost/concept/detail/general.hpp:50:47: warning: ‘this’ pointer is null [-Wnonnull]
   50 |     static void failed() { ((Model*)0)->~Model(); }
      |                            ~~~~~~~~~~~~~~~~~~~^~
/mnt/library/BH/include/boost/concept/usage.hpp:20:5: note: in a call to non-static member function ‘boost::concepts::usage_requirements<Model>::~usage_requirements() [with Model = boost::Convertible<boost::iterators::random_access_traversal_tag, boost::iterators::single_pass_traversal_tag>]’
   20 |     ~usage_requirements() { ((Model*)0)->~Model(); }
      |     ^
/mnt/library/BH/include/boost/concept/detail/general.hpp: In instantiation of ‘static void boost::concepts::requirement<boost::concepts::failed************ Model::************>::failed() [with Model = boost::Convertible<boost::iterators::random_access_traversal_tag, boost::iterators::single_pass_traversal_tag>]’:
/mnt/library/BH/include/boost/range/concepts.hpp:154:13:   required from ‘struct boost::range_detail::SinglePassIteratorConcept<__gnu_cxx::__normal_iterator<const char*, std::__cxx11::basic_string<char> > >’
/mnt/library/BH/include/boost/concept/detail/has_constraints.hpp:32:62:   required by substitution of ‘template<class Model> boost::concepts::detail::yes boost::concepts::detail::has_constraints_(Model*, wrap_constraints<Model, (& Model::constraints)>*) [with Model = boost::range_detail::SinglePassIteratorConcept<__gnu_cxx::__normal_iterator<const char*, std::__cxx11::basic_string<char> > >]’
/mnt/library/BH/include/boost/concept/detail/has_constraints.hpp:42:5:   required from ‘const bool boost::concepts::not_satisfied<boost::range_detail::SinglePassIteratorConcept<__gnu_cxx::__normal_iterator<const char*, std::__cxx11::basic_string<char> > > >::value’
/mnt/library/BH/include/boost/concept/detail/has_constraints.hpp:45:51:   required from ‘struct boost::concepts::not_satisfied<boost::range_detail::SinglePassIteratorConcept<__gnu_cxx::__normal_iterator<const char*, std::__cxx11::basic_string<char> > > >’
/mnt/library/BH/include/boost/concept/detail/general.hpp:72:8:   required from ‘struct boost::concepts::requirement_<void (*)(boost::range_detail::SinglePassIteratorConcept<__gnu_cxx::__normal_iterator<const char*, std::__cxx11::basic_string<char> > >)>’
/mnt/library/BH/include/boost/range/concepts.hpp:280:9:   [ skipping 12 instantiation contexts, use -ftemplate-backtrace-limit=0 to disable ]
/mnt/library/BH/include/boost/iterator/iterator_facade.hpp:824:1:   required from ‘typename boost::iterators::detail::enable_if_interoperable<Derived1, Derived2, boost::iterators::detail::always_bool_t<Derived1, Derived2> >::type boost::iterators::operator!=(const iterator_facade<Derived1, V1, TC1, Reference1, Difference1>&, const iterator_facade<Derived2, V2, TC2, Reference2, Difference2>&) [with Derived1 = transform_iterator<boost::algorithm::detail::copy_iterator_rangeF<std::__cxx11::basic_string<char>, __gnu_cxx::__normal_iterator<const char*, std::__cxx11::basic_string<char> > >, boost::algorithm::split_iterator<__gnu_cxx::__normal_iterator<const char*, std::__cxx11::basic_string<char> > >, boost::use_default, boost::use_default>; V1 = std::__cxx11::basic_string<char>; TC1 = forward_traversal_tag; Reference1 = std::__cxx11::basic_string<char>; Difference1 = long int; Derived2 = transform_iterator<boost::algorithm::detail::copy_iterator_rangeF<std::__cxx11::basic_string<char>, __gnu_cxx::__normal_iterator<const char*, std::__cxx11::basic_string<char> > >, boost::algorithm::split_iterator<__gnu_cxx::__normal_iterator<const char*, std::__cxx11::basic_string<char> > >, boost::use_default, boost::use_default>; V2 = std::__cxx11::basic_string<char>; TC2 = forward_traversal_tag; Reference2 = std::__cxx11::basic_string<char>; Difference2 = long int; typename detail::enable_if_interoperable<Derived1, Derived2, detail::always_bool_t<Derived1, Derived2> >::type = bool; detail::always_bool_t<Derived1, Derived2> = bool]’
/usr/include/c++/13/bits/stl_vector.h:1671:21:   required from ‘void std::vector<_Tp, _Alloc>::_M_range_initialize(_InputIterator, _InputIterator, std::input_iterator_tag) [with _InputIterator = boost::iterators::transform_iterator<boost::algorithm::detail::copy_iterator_rangeF<std::__cxx11::basic_string<char>, __gnu_cxx::__normal_iterator<const char*, std::__cxx11::basic_string<char> > >, boost::algorithm::split_iterator<__gnu_cxx::__normal_iterator<const char*, std::__cxx11::basic_string<char> > >, boost::use_default, boost::use_default>; _Tp = std::__cxx11::basic_string<char>; _Alloc = std::allocator<std::__cxx11::basic_string<char> >]’
/usr/include/c++/13/bits/stl_vector.h:711:23:   required from ‘std::vector<_Tp, _Alloc>::vector(_InputIterator, _InputIterator, const allocator_type&) [with _InputIterator = boost::iterators::transform_iterator<boost::algorithm::detail::copy_iterator_rangeF<std::__cxx11::basic_string<char>, __gnu_cxx::__normal_iterator<const char*, std::__cxx11::basic_string<char> > >, boost::algorithm::split_iterator<__gnu_cxx::__normal_iterator<const char*, std::__cxx11::basic_string<char> > >, boost::use_default, boost::use_default>; <template-parameter-2-2> = void; _Tp = std::__cxx11::basic_string<char>; _Alloc = std::allocator<std::__cxx11::basic_string<char> >; allocator_type = std::allocator<std::__cxx11::basic_string<char> >]’
/mnt/library/BH/include/boost/algorithm/string/iter_find.hpp:186:31:   required from ‘SequenceSequenceT& boost::algorithm::iter_split(SequenceSequenceT&, RangeT&&, FinderT) [with SequenceSequenceT = std::vector<std::__cxx11::basic_string<char>, std::allocator<std::__cxx11::basic_string<char> > >; RangeT = const std::__cxx11::basic_string<char>&; FinderT = detail::token_finderF<detail::is_any_ofF<char> >]’
/mnt/library/BH/include/boost/algorithm/string/split.hpp:158:50:   required from ‘SequenceSequenceT& boost::algorithm::split(SequenceSequenceT&, RangeT&&, PredicateT, token_compress_mode_type) [with SequenceSequenceT = std::vector<std::__cxx11::basic_string<char>, std::allocator<std::__cxx11::basic_string<char> > >; RangeT = const std::__cxx11::basic_string<char>&; PredicateT = detail::is_any_ofF<char>]’
/mnt/library/cytolib/include/cytolib/compensation.hpp:55:15:   required from here
/mnt/library/BH/include/boost/concept/detail/general.hpp:50:47: warning: ‘this’ pointer is null [-Wnonnull]
   50 |     static void failed() { ((Model*)0)->~Model(); }
      |                            ~~~~~~~~~~~~~~~~~~~^~
/mnt/library/BH/include/boost/concept/usage.hpp:37:7: note: in a call to non-static member function ‘boost::Convertible<X, Y>::~Convertible() [with X = boost::iterators::random_access_traversal_tag; Y = boost::iterators::single_pass_traversal_tag]’
   37 |       ~model()
      |       ^
/mnt/library/BH/include/boost/concept_check.hpp:208:5: note: in expansion of macro ‘BOOST_CONCEPT_USAGE’
  208 |     BOOST_CONCEPT_USAGE(Convertible) {
      |     ^~~~~~~~~~~~~~~~~~~
/mnt/library/BH/include/boost/concept/detail/general.hpp: In instantiation of ‘static void boost::concepts::requirement<boost::concepts::failed************ Model::************>::failed() [with Model = boost::concepts::usage_requirements<boost::range_detail::SinglePassIteratorConcept<__gnu_cxx::__normal_iterator<const char*, std::__cxx11::basic_string<char> > > >]’:
/mnt/library/BH/include/boost/range/concepts.hpp:160:13:   required from ‘struct boost::range_detail::SinglePassIteratorConcept<__gnu_cxx::__normal_iterator<const char*, std::__cxx11::basic_string<char> > >’
/mnt/library/BH/include/boost/concept/detail/has_constraints.hpp:32:62:   required by substitution of ‘template<class Model> boost::concepts::detail::yes boost::concepts::detail::has_constraints_(Model*, wrap_constraints<Model, (& Model::constraints)>*) [with Model = boost::range_detail::SinglePassIteratorConcept<__gnu_cxx::__normal_iterator<const char*, std::__cxx11::basic_string<char> > >]’
/mnt/library/BH/include/boost/concept/detail/has_constraints.hpp:42:5:   required from ‘const bool boost::concepts::not_satisfied<boost::range_detail::SinglePassIteratorConcept<__gnu_cxx::__normal_iterator<const char*, std::__cxx11::basic_string<char> > > >::value’
/mnt/library/BH/include/boost/concept/detail/has_constraints.hpp:45:51:   required from ‘struct boost::concepts::not_satisfied<boost::range_detail::SinglePassIteratorConcept<__gnu_cxx::__normal_iterator<const char*, std::__cxx11::basic_string<char> > > >’
/mnt/library/BH/include/boost/concept/detail/general.hpp:72:8:   required from ‘struct boost::concepts::requirement_<void (*)(boost::range_detail::SinglePassIteratorConcept<__gnu_cxx::__normal_iterator<const char*, std::__cxx11::basic_string<char> > >)>’
/mnt/library/BH/include/boost/range/concepts.hpp:280:9:   [ skipping 12 instantiation contexts, use -ftemplate-backtrace-limit=0 to disable ]
/mnt/library/BH/include/boost/iterator/iterator_facade.hpp:824:1:   required from ‘typename boost::iterators::detail::enable_if_interoperable<Derived1, Derived2, boost::iterators::detail::always_bool_t<Derived1, Derived2> >::type boost::iterators::operator!=(const iterator_facade<Derived1, V1, TC1, Reference1, Difference1>&, const iterator_facade<Derived2, V2, TC2, Reference2, Difference2>&) [with Derived1 = transform_iterator<boost::algorithm::detail::copy_iterator_rangeF<std::__cxx11::basic_string<char>, __gnu_cxx::__normal_iterator<const char*, std::__cxx11::basic_string<char> > >, boost::algorithm::split_iterator<__gnu_cxx::__normal_iterator<const char*, std::__cxx11::basic_string<char> > >, boost::use_default, boost::use_default>; V1 = std::__cxx11::basic_string<char>; TC1 = forward_traversal_tag; Reference1 = std::__cxx11::basic_string<char>; Difference1 = long int; Derived2 = transform_iterator<boost::algorithm::detail::copy_iterator_rangeF<std::__cxx11::basic_string<char>, __gnu_cxx::__normal_iterator<const char*, std::__cxx11::basic_string<char> > >, boost::algorithm::split_iterator<__gnu_cxx::__normal_iterator<const char*, std::__cxx11::basic_string<char> > >, boost::use_default, boost::use_default>; V2 = std::__cxx11::basic_string<char>; TC2 = forward_traversal_tag; Reference2 = std::__cxx11::basic_string<char>; Difference2 = long int; typename detail::enable_if_interoperable<Derived1, Derived2, detail::always_bool_t<Derived1, Derived2> >::type = bool; detail::always_bool_t<Derived1, Derived2> = bool]’
/usr/include/c++/13/bits/stl_vector.h:1671:21:   required from ‘void std::vector<_Tp, _Alloc>::_M_range_initialize(_InputIterator, _InputIterator, std::input_iterator_tag) [with _InputIterator = boost::iterators::transform_iterator<boost::algorithm::detail::copy_iterator_rangeF<std::__cxx11::basic_string<char>, __gnu_cxx::__normal_iterator<const char*, std::__cxx11::basic_string<char> > >, boost::algorithm::split_iterator<__gnu_cxx::__normal_iterator<const char*, std::__cxx11::basic_string<char> > >, boost::use_default, boost::use_default>; _Tp = std::__cxx11::basic_string<char>; _Alloc = std::allocator<std::__cxx11::basic_string<char> >]’
/usr/include/c++/13/bits/stl_vector.h:711:23:   required from ‘std::vector<_Tp, _Alloc>::vector(_InputIterator, _InputIterator, const allocator_type&) [with _InputIterator = boost::iterators::transform_iterator<boost::algorithm::detail::copy_iterator_rangeF<std::__cxx11::basic_string<char>, __gnu_cxx::__normal_iterator<const char*, std::__cxx11::basic_string<char> > >, boost::algorithm::split_iterator<__gnu_cxx::__normal_iterator<const char*, std::__cxx11::basic_string<char> > >, boost::use_default, boost::use_default>; <template-parameter-2-2> = void; _Tp = std::__cxx11::basic_string<char>; _Alloc = std::allocator<std::__cxx11::basic_string<char> >; allocator_type = std::allocator<std::__cxx11::basic_string<char> >]’
/mnt/library/BH/include/boost/algorithm/string/iter_find.hpp:186:31:   required from ‘SequenceSequenceT& boost::algorithm::iter_split(SequenceSequenceT&, RangeT&&, FinderT) [with SequenceSequenceT = std::vector<std::__cxx11::basic_string<char>, std::allocator<std::__cxx11::basic_string<char> > >; RangeT = const std::__cxx11::basic_string<char>&; FinderT = detail::token_finderF<detail::is_any_ofF<char> >]’
/mnt/library/BH/include/boost/algorithm/string/split.hpp:158:50:   required from ‘SequenceSequenceT& boost::algorithm::split(SequenceSequenceT&, RangeT&&, PredicateT, token_compress_mode_type) [with SequenceSequenceT = std::vector<std::__cxx11::basic_string<char>, std::allocator<std::__cxx11::basic_string<char> > >; RangeT = const std::__cxx11::basic_string<char>&; PredicateT = detail::is_any_ofF<char>]’
/mnt/library/cytolib/include/cytolib/compensation.hpp:55:15:   required from here
/mnt/library/BH/include/boost/concept/detail/general.hpp:50:47: warning: ‘this’ pointer is null [-Wnonnull]
   50 |     static void failed() { ((Model*)0)->~Model(); }
      |                            ~~~~~~~~~~~~~~~~~~~^~
/mnt/library/BH/include/boost/concept/usage.hpp:20:5: note: in a call to non-static member function ‘boost::concepts::usage_requirements<Model>::~usage_requirements() [with Model = boost::range_detail::SinglePassIteratorConcept<__gnu_cxx::__normal_iterator<const char*, std::__cxx11::basic_string<char> > >]’
   20 |     ~usage_requirements() { ((Model*)0)->~Model(); }
      |     ^
/mnt/library/BH/include/boost/concept/detail/general.hpp: In instantiation of ‘static void boost::concepts::requirement<boost::concepts::failed************ Model::************>::failed() [with Model = boost::range_detail::SinglePassIteratorConcept<__gnu_cxx::__normal_iterator<const char*, std::__cxx11::basic_string<char> > >]’:
/mnt/library/BH/include/boost/range/concepts.hpp:280:9:   required from ‘struct boost::SinglePassRangeConcept<const boost::iterator_range<__gnu_cxx::__normal_iterator<const char*, std::__cxx11::basic_string<char> > > >’
/mnt/library/BH/include/boost/concept/detail/has_constraints.hpp:32:62:   required by substitution of ‘template<class Model> boost::concepts::detail::yes boost::concepts::detail::has_constraints_(Model*, wrap_constraints<Model, (& Model::constraints)>*) [with Model = boost::SinglePassRangeConcept<const boost::iterator_range<__gnu_cxx::__normal_iterator<const char*, std::__cxx11::basic_string<char> > > >]’
/mnt/library/BH/include/boost/concept/detail/has_constraints.hpp:42:5:   required from ‘const bool boost::concepts::not_satisfied<boost::SinglePassRangeConcept<const boost::iterator_range<__gnu_cxx::__normal_iterator<const char*, std::__cxx11::basic_string<char> > > > >::value’
/mnt/library/BH/include/boost/concept/detail/has_constraints.hpp:45:51:   required from ‘struct boost::concepts::not_satisfied<boost::SinglePassRangeConcept<const boost::iterator_range<__gnu_cxx::__normal_iterator<const char*, std::__cxx11::basic_string<char> > > > >’
/mnt/library/BH/include/boost/concept/detail/general.hpp:72:8:   required from ‘struct boost::concepts::requirement_<void (*)(boost::SinglePassRangeConcept<const boost::iterator_range<__gnu_cxx::__normal_iterator<const char*, std::__cxx11::basic_string<char> > > >)>’
/mnt/library/BH/include/boost/range/algorithm/equal.hpp:174:13:   [ skipping 7 instantiation contexts, use -ftemplate-backtrace-limit=0 to disable ]
/mnt/library/BH/include/boost/iterator/iterator_facade.hpp:824:1:   required from ‘typename boost::iterators::detail::enable_if_interoperable<Derived1, Derived2, boost::iterators::detail::always_bool_t<Derived1, Derived2> >::type boost::iterators::operator!=(const iterator_facade<Derived1, V1, TC1, Reference1, Difference1>&, const iterator_facade<Derived2, V2, TC2, Reference2, Difference2>&) [with Derived1 = transform_iterator<boost::algorithm::detail::copy_iterator_rangeF<std::__cxx11::basic_string<char>, __gnu_cxx::__normal_iterator<const char*, std::__cxx11::basic_string<char> > >, boost::algorithm::split_iterator<__gnu_cxx::__normal_iterator<const char*, std::__cxx11::basic_string<char> > >, boost::use_default, boost::use_default>; V1 = std::__cxx11::basic_string<char>; TC1 = forward_traversal_tag; Reference1 = std::__cxx11::basic_string<char>; Difference1 = long int; Derived2 = transform_iterator<boost::algorithm::detail::copy_iterator_rangeF<std::__cxx11::basic_string<char>, __gnu_cxx::__normal_iterator<const char*, std::__cxx11::basic_string<char> > >, boost::algorithm::split_iterator<__gnu_cxx::__normal_iterator<const char*, std::__cxx11::basic_string<char> > >, boost::use_default, boost::use_default>; V2 = std::__cxx11::basic_string<char>; TC2 = forward_traversal_tag; Reference2 = std::__cxx11::basic_string<char>; Difference2 = long int; typename detail::enable_if_interoperable<Derived1, Derived2, detail::always_bool_t<Derived1, Derived2> >::type = bool; detail::always_bool_t<Derived1, Derived2> = bool]’
/usr/include/c++/13/bits/stl_vector.h:1671:21:   required from ‘void std::vector<_Tp, _Alloc>::_M_range_initialize(_InputIterator, _InputIterator, std::input_iterator_tag) [with _InputIterator = boost::iterators::transform_iterator<boost::algorithm::detail::copy_iterator_rangeF<std::__cxx11::basic_string<char>, __gnu_cxx::__normal_iterator<const char*, std::__cxx11::basic_string<char> > >, boost::algorithm::split_iterator<__gnu_cxx::__normal_iterator<const char*, std::__cxx11::basic_string<char> > >, boost::use_default, boost::use_default>; _Tp = std::__cxx11::basic_string<char>; _Alloc = std::allocator<std::__cxx11::basic_string<char> >]’
/usr/include/c++/13/bits/stl_vector.h:711:23:   required from ‘std::vector<_Tp, _Alloc>::vector(_InputIterator, _InputIterator, const allocator_type&) [with _InputIterator = boost::iterators::transform_iterator<boost::algorithm::detail::copy_iterator_rangeF<std::__cxx11::basic_string<char>, __gnu_cxx::__normal_iterator<const char*, std::__cxx11::basic_string<char> > >, boost::algorithm::split_iterator<__gnu_cxx::__normal_iterator<const char*, std::__cxx11::basic_string<char> > >, boost::use_default, boost::use_default>; <template-parameter-2-2> = void; _Tp = std::__cxx11::basic_string<char>; _Alloc = std::allocator<std::__cxx11::basic_string<char> >; allocator_type = std::allocator<std::__cxx11::basic_string<char> >]’
/mnt/library/BH/include/boost/algorithm/string/iter_find.hpp:186:31:   required from ‘SequenceSequenceT& boost::algorithm::iter_split(SequenceSequenceT&, RangeT&&, FinderT) [with SequenceSequenceT = std::vector<std::__cxx11::basic_string<char>, std::allocator<std::__cxx11::basic_string<char> > >; RangeT = const std::__cxx11::basic_string<char>&; FinderT = detail::token_finderF<detail::is_any_ofF<char> >]’
/mnt/library/BH/include/boost/algorithm/string/split.hpp:158:50:   required from ‘SequenceSequenceT& boost::algorithm::split(SequenceSequenceT&, RangeT&&, PredicateT, token_compress_mode_type) [with SequenceSequenceT = std::vector<std::__cxx11::basic_string<char>, std::allocator<std::__cxx11::basic_string<char> > >; RangeT = const std::__cxx11::basic_string<char>&; PredicateT = detail::is_any_ofF<char>]’
/mnt/library/cytolib/include/cytolib/compensation.hpp:55:15:   required from here
/mnt/library/BH/include/boost/concept/detail/general.hpp:50:47: warning: ‘this’ pointer is null [-Wnonnull]
   50 |     static void failed() { ((Model*)0)->~Model(); }
      |                            ~~~~~~~~~~~~~~~~~~~^~
/mnt/library/BH/include/boost/concept/usage.hpp:37:7: note: in a call to non-static member function ‘boost::range_detail::SinglePassIteratorConcept<Iterator>::~SinglePassIteratorConcept() [with Iterator = __gnu_cxx::__normal_iterator<const char*, std::__cxx11::basic_string<char> >]’
   37 |       ~model()
      |       ^
/mnt/library/BH/include/boost/range/concepts.hpp:160:13: note: in expansion of macro ‘BOOST_CONCEPT_USAGE’
  160 |             BOOST_CONCEPT_USAGE(SinglePassIteratorConcept)
      |             ^~~~~~~~~~~~~~~~~~~
/mnt/library/BH/include/boost/concept/detail/general.hpp: In instantiation of ‘static void boost::concepts::requirement<boost::concepts::failed************ Model::************>::failed() [with Model = boost::concepts::usage_requirements<boost::SinglePassRangeConcept<const boost::iterator_range<__gnu_cxx::__normal_iterator<const char*, std::__cxx11::basic_string<char> > > > >]’:
/mnt/library/BH/include/boost/range/concepts.hpp:286:9:   required from ‘struct boost::SinglePassRangeConcept<const boost::iterator_range<__gnu_cxx::__normal_iterator<const char*, std::__cxx11::basic_string<char> > > >’
/mnt/library/BH/include/boost/concept/detail/has_constraints.hpp:32:62:   required by substitution of ‘template<class Model> boost::concepts::detail::yes boost::concepts::detail::has_constraints_(Model*, wrap_constraints<Model, (& Model::constraints)>*) [with Model = boost::SinglePassRangeConcept<const boost::iterator_range<__gnu_cxx::__normal_iterator<const char*, std::__cxx11::basic_string<char> > > >]’
/mnt/library/BH/include/boost/concept/detail/has_constraints.hpp:42:5:   required from ‘const bool boost::concepts::not_satisfied<boost::SinglePassRangeConcept<const boost::iterator_range<__gnu_cxx::__normal_iterator<const char*, std::__cxx11::basic_string<char> > > > >::value’
/mnt/library/BH/include/boost/concept/detail/has_constraints.hpp:45:51:   required from ‘struct boost::concepts::not_satisfied<boost::SinglePassRangeConcept<const boost::iterator_range<__gnu_cxx::__normal_iterator<const char*, std::__cxx11::basic_string<char> > > > >’
/mnt/library/BH/include/boost/concept/detail/general.hpp:72:8:   required from ‘struct boost::concepts::requirement_<void (*)(boost::SinglePassRangeConcept<const boost::iterator_range<__gnu_cxx::__normal_iterator<const char*, std::__cxx11::basic_string<char> > > >)>’
/mnt/library/BH/include/boost/range/algorithm/equal.hpp:174:13:   [ skipping 7 instantiation contexts, use -ftemplate-backtrace-limit=0 to disable ]
/mnt/library/BH/include/boost/iterator/iterator_facade.hpp:824:1:   required from ‘typename boost::iterators::detail::enable_if_interoperable<Derived1, Derived2, boost::iterators::detail::always_bool_t<Derived1, Derived2> >::type boost::iterators::operator!=(const iterator_facade<Derived1, V1, TC1, Reference1, Difference1>&, const iterator_facade<Derived2, V2, TC2, Reference2, Difference2>&) [with Derived1 = transform_iterator<boost::algorithm::detail::copy_iterator_rangeF<std::__cxx11::basic_string<char>, __gnu_cxx::__normal_iterator<const char*, std::__cxx11::basic_string<char> > >, boost::algorithm::split_iterator<__gnu_cxx::__normal_iterator<const char*, std::__cxx11::basic_string<char> > >, boost::use_default, boost::use_default>; V1 = std::__cxx11::basic_string<char>; TC1 = forward_traversal_tag; Reference1 = std::__cxx11::basic_string<char>; Difference1 = long int; Derived2 = transform_iterator<boost::algorithm::detail::copy_iterator_rangeF<std::__cxx11::basic_string<char>, __gnu_cxx::__normal_iterator<const char*, std::__cxx11::basic_string<char> > >, boost::algorithm::split_iterator<__gnu_cxx::__normal_iterator<const char*, std::__cxx11::basic_string<char> > >, boost::use_default, boost::use_default>; V2 = std::__cxx11::basic_string<char>; TC2 = forward_traversal_tag; Reference2 = std::__cxx11::basic_string<char>; Difference2 = long int; typename detail::enable_if_interoperable<Derived1, Derived2, detail::always_bool_t<Derived1, Derived2> >::type = bool; detail::always_bool_t<Derived1, Derived2> = bool]’
/usr/include/c++/13/bits/stl_vector.h:1671:21:   required from ‘void std::vector<_Tp, _Alloc>::_M_range_initialize(_InputIterator, _InputIterator, std::input_iterator_tag) [with _InputIterator = boost::iterators::transform_iterator<boost::algorithm::detail::copy_iterator_rangeF<std::__cxx11::basic_string<char>, __gnu_cxx::__normal_iterator<const char*, std::__cxx11::basic_string<char> > >, boost::algorithm::split_iterator<__gnu_cxx::__normal_iterator<const char*, std::__cxx11::basic_string<char> > >, boost::use_default, boost::use_default>; _Tp = std::__cxx11::basic_string<char>; _Alloc = std::allocator<std::__cxx11::basic_string<char> >]’
/usr/include/c++/13/bits/stl_vector.h:711:23:   required from ‘std::vector<_Tp, _Alloc>::vector(_InputIterator, _InputIterator, const allocator_type&) [with _InputIterator = boost::iterators::transform_iterator<boost::algorithm::detail::copy_iterator_rangeF<std::__cxx11::basic_string<char>, __gnu_cxx::__normal_iterator<const char*, std::__cxx11::basic_string<char> > >, boost::algorithm::split_iterator<__gnu_cxx::__normal_iterator<const char*, std::__cxx11::basic_string<char> > >, boost::use_default, boost::use_default>; <template-parameter-2-2> = void; _Tp = std::__cxx11::basic_string<char>; _Alloc = std::allocator<std::__cxx11::basic_string<char> >; allocator_type = std::allocator<std::__cxx11::basic_string<char> >]’
/mnt/library/BH/include/boost/algorithm/string/iter_find.hpp:186:31:   required from ‘SequenceSequenceT& boost::algorithm::iter_split(SequenceSequenceT&, RangeT&&, FinderT) [with SequenceSequenceT = std::vector<std::__cxx11::basic_string<char>, std::allocator<std::__cxx11::basic_string<char> > >; RangeT = const std::__cxx11::basic_string<char>&; FinderT = detail::token_finderF<detail::is_any_ofF<char> >]’
/mnt/library/BH/include/boost/algorithm/string/split.hpp:158:50:   required from ‘SequenceSequenceT& boost::algorithm::split(SequenceSequenceT&, RangeT&&, PredicateT, token_compress_mode_type) [with SequenceSequenceT = std::vector<std::__cxx11::basic_string<char>, std::allocator<std::__cxx11::basic_string<char> > >; RangeT = const std::__cxx11::basic_string<char>&; PredicateT = detail::is_any_ofF<char>]’
/mnt/library/cytolib/include/cytolib/compensation.hpp:55:15:   required from here
/mnt/library/BH/include/boost/concept/detail/general.hpp:50:47: warning: ‘this’ pointer is null [-Wnonnull]
   50 |     static void failed() { ((Model*)0)->~Model(); }
      |                            ~~~~~~~~~~~~~~~~~~~^~
/mnt/library/BH/include/boost/concept/usage.hpp:20:5: note: in a call to non-static member function ‘boost::concepts::usage_requirements<Model>::~usage_requirements() [with Model = boost::SinglePassRangeConcept<const boost::iterator_range<__gnu_cxx::__normal_iterator<const char*, std::__cxx11::basic_string<char> > > >]’
   20 |     ~usage_requirements() { ((Model*)0)->~Model(); }
      |     ^
/mnt/library/BH/include/boost/concept/detail/general.hpp: In instantiation of ‘static void boost::concepts::requirement<boost::concepts::failed************ Model::************>::failed() [with Model = boost::SinglePassRangeConcept<const boost::iterator_range<__gnu_cxx::__normal_iterator<const char*, std::__cxx11::basic_string<char> > > >]’:
/mnt/library/BH/include/boost/range/algorithm/equal.hpp:174:13:   required from ‘bool boost::range::equal(const SinglePassRange1&, const SinglePassRange2&) [with SinglePassRange1 = boost::iterator_range<__gnu_cxx::__normal_iterator<const char*, std::__cxx11::basic_string<char> > >; SinglePassRange2 = boost::iterator_range<__gnu_cxx::__normal_iterator<const char*, std::__cxx11::basic_string<char> > >]’
/mnt/library/BH/include/boost/range/iterator_range_core.hpp:647:32:   required from ‘bool boost::operator==(const iterator_range<IteratorT>&, const iterator_range<Iterator2T>&) [with Iterator1T = __gnu_cxx::__normal_iterator<const char*, std::__cxx11::basic_string<char> >; Iterator2T = __gnu_cxx::__normal_iterator<const char*, std::__cxx11::basic_string<char> >]’
/mnt/library/BH/include/boost/algorithm/string/find_iterator.hpp:359:32:   required from ‘bool boost::algorithm::split_iterator<IteratorT>::equal(const boost::algorithm::split_iterator<IteratorT>&) const [with IteratorT = __gnu_cxx::__normal_iterator<const char*, std::__cxx11::basic_string<char> >]’
/mnt/library/BH/include/boost/iterator/iterator_facade.hpp:518:24:   required from ‘static bool boost::iterators::iterator_core_access::equal(const Facade1&, const Facade2&, std::true_type) [with Facade1 = boost::algorithm::split_iterator<__gnu_cxx::__normal_iterator<const char*, std::__cxx11::basic_string<char> > >; Facade2 = boost::algorithm::split_iterator<__gnu_cxx::__normal_iterator<const char*, std::__cxx11::basic_string<char> > >; std::true_type = std::integral_constant<bool, true>]’
/mnt/library/BH/include/boost/iterator/iterator_facade.hpp:823:1:   required from ‘typename boost::iterators::detail::enable_if_interoperable<Derived1, Derived2, boost::iterators::detail::always_bool_t<Derived1, Derived2> >::type boost::iterators::operator==(const iterator_facade<Derived1, V1, TC1, Reference1, Difference1>&, const iterator_facade<Derived2, V2, TC2, Reference2, Difference2>&) [with Derived1 = boost::algorithm::split_iterator<__gnu_cxx::__normal_iterator<const char*, std::__cxx11::basic_string<char> > >; V1 = const boost::iterator_range<__gnu_cxx::__normal_iterator<const char*, std::__cxx11::basic_string<char> > >; TC1 = forward_traversal_tag; Reference1 = const boost::iterator_range<__gnu_cxx::__normal_iterator<const char*, std::__cxx11::basic_string<char> > >&; Difference1 = long int; Derived2 = boost::algorithm::split_iterator<__gnu_cxx::__normal_iterator<const char*, std::__cxx11::basic_string<char> > >; V2 = const boost::iterator_range<__gnu_cxx::__normal_iterator<const char*, std::__cxx11::basic_string<char> > >; TC2 = forward_traversal_tag; Reference2 = const boost::iterator_range<__gnu_cxx::__normal_iterator<const char*, std::__cxx11::basic_string<char> > >&; Difference2 = long int; typename detail::enable_if_interoperable<Derived1, Derived2, detail::always_bool_t<Derived1, Derived2> >::type = bool; detail::always_bool_t<Derived1, Derived2> = bool]’
/mnt/library/BH/include/boost/iterator/iterator_adaptor.hpp:166:27:   [ skipping 2 instantiation contexts, use -ftemplate-backtrace-limit=0 to disable ]
/mnt/library/BH/include/boost/iterator/iterator_facade.hpp:824:1:   required from ‘typename boost::iterators::detail::enable_if_interoperable<Derived1, Derived2, boost::iterators::detail::always_bool_t<Derived1, Derived2> >::type boost::iterators::operator!=(const iterator_facade<Derived1, V1, TC1, Reference1, Difference1>&, const iterator_facade<Derived2, V2, TC2, Reference2, Difference2>&) [with Derived1 = transform_iterator<boost::algorithm::detail::copy_iterator_rangeF<std::__cxx11::basic_string<char>, __gnu_cxx::__normal_iterator<const char*, std::__cxx11::basic_string<char> > >, boost::algorithm::split_iterator<__gnu_cxx::__normal_iterator<const char*, std::__cxx11::basic_string<char> > >, boost::use_default, boost::use_default>; V1 = std::__cxx11::basic_string<char>; TC1 = forward_traversal_tag; Reference1 = std::__cxx11::basic_string<char>; Difference1 = long int; Derived2 = transform_iterator<boost::algorithm::detail::copy_iterator_rangeF<std::__cxx11::basic_string<char>, __gnu_cxx::__normal_iterator<const char*, std::__cxx11::basic_string<char> > >, boost::algorithm::split_iterator<__gnu_cxx::__normal_iterator<const char*, std::__cxx11::basic_string<char> > >, boost::use_default, boost::use_default>; V2 = std::__cxx11::basic_string<char>; TC2 = forward_traversal_tag; Reference2 = std::__cxx11::basic_string<char>; Difference2 = long int; typename detail::enable_if_interoperable<Derived1, Derived2, detail::always_bool_t<Derived1, Derived2> >::type = bool; detail::always_bool_t<Derived1, Derived2> = bool]’
/usr/include/c++/13/bits/stl_vector.h:1671:21:   required from ‘void std::vector<_Tp, _Alloc>::_M_range_initialize(_InputIterator, _InputIterator, std::input_iterator_tag) [with _InputIterator = boost::iterators::transform_iterator<boost::algorithm::detail::copy_iterator_rangeF<std::__cxx11::basic_string<char>, __gnu_cxx::__normal_iterator<const char*, std::__cxx11::basic_string<char> > >, boost::algorithm::split_iterator<__gnu_cxx::__normal_iterator<const char*, std::__cxx11::basic_string<char> > >, boost::use_default, boost::use_default>; _Tp = std::__cxx11::basic_string<char>; _Alloc = std::allocator<std::__cxx11::basic_string<char> >]’
/usr/include/c++/13/bits/stl_vector.h:711:23:   required from ‘std::vector<_Tp, _Alloc>::vector(_InputIterator, _InputIterator, const allocator_type&) [with _InputIterator = boost::iterators::transform_iterator<boost::algorithm::detail::copy_iterator_rangeF<std::__cxx11::basic_string<char>, __gnu_cxx::__normal_iterator<const char*, std::__cxx11::basic_string<char> > >, boost::algorithm::split_iterator<__gnu_cxx::__normal_iterator<const char*, std::__cxx11::basic_string<char> > >, boost::use_default, boost::use_default>; <template-parameter-2-2> = void; _Tp = std::__cxx11::basic_string<char>; _Alloc = std::allocator<std::__cxx11::basic_string<char> >; allocator_type = std::allocator<std::__cxx11::basic_string<char> >]’
/mnt/library/BH/include/boost/algorithm/string/iter_find.hpp:186:31:   required from ‘SequenceSequenceT& boost::algorithm::iter_split(SequenceSequenceT&, RangeT&&, FinderT) [with SequenceSequenceT = std::vector<std::__cxx11::basic_string<char>, std::allocator<std::__cxx11::basic_string<char> > >; RangeT = const std::__cxx11::basic_string<char>&; FinderT = detail::token_finderF<detail::is_any_ofF<char> >]’
/mnt/library/BH/include/boost/algorithm/string/split.hpp:158:50:   required from ‘SequenceSequenceT& boost::algorithm::split(SequenceSequenceT&, RangeT&&, PredicateT, token_compress_mode_type) [with SequenceSequenceT = std::vector<std::__cxx11::basic_string<char>, std::allocator<std::__cxx11::basic_string<char> > >; RangeT = const std::__cxx11::basic_string<char>&; PredicateT = detail::is_any_ofF<char>]’
/mnt/library/cytolib/include/cytolib/compensation.hpp:55:15:   required from here
/mnt/library/BH/include/boost/concept/detail/general.hpp:50:47: warning: ‘this’ pointer is null [-Wnonnull]
   50 |     static void failed() { ((Model*)0)->~Model(); }
      |                            ~~~~~~~~~~~~~~~~~~~^~
/mnt/library/BH/include/boost/concept/usage.hpp:37:7: note: in a call to non-static member function ‘boost::SinglePassRangeConcept<T>::~SinglePassRangeConcept() [with T = const boost::iterator_range<__gnu_cxx::__normal_iterator<const char*, std::__cxx11::basic_string<char> > >]’
   37 |       ~model()
      |       ^
/mnt/library/BH/include/boost/range/concepts.hpp:286:9: note: in expansion of macro ‘BOOST_CONCEPT_USAGE’
  286 |         BOOST_CONCEPT_USAGE(SinglePassRangeConcept)
      |         ^~~~~~~~~~~~~~~~~~~
/mnt/library/BH/include/boost/concept/detail/general.hpp: In instantiation of ‘static void boost::concepts::requirement<boost::concepts::failed************ Model::************>::failed() [with Model = boost::concepts::usage_requirements<boost::CopyConstructible<__gnu_cxx::__normal_iterator<char*, std::__cxx11::basic_string<char> > > >]’:
/mnt/library/BH/include/boost/concept_check.hpp:167:5:   required from ‘struct boost::CopyConstructible<__gnu_cxx::__normal_iterator<char*, std::__cxx11::basic_string<char> > >’
/mnt/library/BH/include/boost/range/concepts.hpp:127:16:   required from ‘struct boost::range_detail::IncrementableIteratorConcept<__gnu_cxx::__normal_iterator<char*, std::__cxx11::basic_string<char> > >’
/mnt/library/BH/include/boost/range/concepts.hpp:149:16:   required from ‘struct boost::range_detail::SinglePassIteratorConcept<__gnu_cxx::__normal_iterator<char*, std::__cxx11::basic_string<char> > >’
/mnt/library/BH/include/boost/concept/detail/has_constraints.hpp:32:62:   required by substitution of ‘template<class Model> boost::concepts::detail::yes boost::concepts::detail::has_constraints_(Model*, wrap_constraints<Model, (& Model::constraints)>*) [with Model = boost::range_detail::SinglePassIteratorConcept<__gnu_cxx::__normal_iterator<char*, std::__cxx11::basic_string<char> > >]’
/mnt/library/BH/include/boost/concept/detail/has_constraints.hpp:42:5:   required from ‘const bool boost::concepts::not_satisfied<boost::range_detail::SinglePassIteratorConcept<__gnu_cxx::__normal_iterator<char*, std::__cxx11::basic_string<char> > > >::value’
/mnt/library/BH/include/boost/concept/detail/has_constraints.hpp:45:51:   [ skipping 14 instantiation contexts, use -ftemplate-backtrace-limit=0 to disable ]
/mnt/library/BH/include/boost/iterator/iterator_facade.hpp:824:1:   required from ‘typename boost::iterators::detail::enable_if_interoperable<Derived1, Derived2, boost::iterators::detail::always_bool_t<Derived1, Derived2> >::type boost::iterators::operator!=(const iterator_facade<Derived1, V1, TC1, Reference1, Difference1>&, const iterator_facade<Derived2, V2, TC2, Reference2, Difference2>&) [with Derived1 = transform_iterator<boost::algorithm::detail::copy_iterator_rangeF<std::__cxx11::basic_string<char>, __gnu_cxx::__normal_iterator<char*, std::__cxx11::basic_string<char> > >, boost::algorithm::split_iterator<__gnu_cxx::__normal_iterator<char*, std::__cxx11::basic_string<char> > >, boost::use_default, boost::use_default>; V1 = std::__cxx11::basic_string<char>; TC1 = forward_traversal_tag; Reference1 = std::__cxx11::basic_string<char>; Difference1 = long int; Derived2 = transform_iterator<boost::algorithm::detail::copy_iterator_rangeF<std::__cxx11::basic_string<char>, __gnu_cxx::__normal_iterator<char*, std::__cxx11::basic_string<char> > >, boost::algorithm::split_iterator<__gnu_cxx::__normal_iterator<char*, std::__cxx11::basic_string<char> > >, boost::use_default, boost::use_default>; V2 = std::__cxx11::basic_string<char>; TC2 = forward_traversal_tag; Reference2 = std::__cxx11::basic_string<char>; Difference2 = long int; typename detail::enable_if_interoperable<Derived1, Derived2, detail::always_bool_t<Derived1, Derived2> >::type = bool; detail::always_bool_t<Derived1, Derived2> = bool]’
/usr/include/c++/13/bits/stl_vector.h:1671:21:   required from ‘void std::vector<_Tp, _Alloc>::_M_range_initialize(_InputIterator, _InputIterator, std::input_iterator_tag) [with _InputIterator = boost::iterators::transform_iterator<boost::algorithm::detail::copy_iterator_rangeF<std::__cxx11::basic_string<char>, __gnu_cxx::__normal_iterator<char*, std::__cxx11::basic_string<char> > >, boost::algorithm::split_iterator<__gnu_cxx::__normal_iterator<char*, std::__cxx11::basic_string<char> > >, boost::use_default, boost::use_default>; _Tp = std::__cxx11::basic_string<char>; _Alloc = std::allocator<std::__cxx11::basic_string<char> >]’
/usr/include/c++/13/bits/stl_vector.h:711:23:   required from ‘std::vector<_Tp, _Alloc>::vector(_InputIterator, _InputIterator, const allocator_type&) [with _InputIterator = boost::iterators::transform_iterator<boost::algorithm::detail::copy_iterator_rangeF<std::__cxx11::basic_string<char>, __gnu_cxx::__normal_iterator<char*, std::__cxx11::basic_string<char> > >, boost::algorithm::split_iterator<__gnu_cxx::__normal_iterator<char*, std::__cxx11::basic_string<char> > >, boost::use_default, boost::use_default>; <template-parameter-2-2> = void; _Tp = std::__cxx11::basic_string<char>; _Alloc = std::allocator<std::__cxx11::basic_string<char> >; allocator_type = std::allocator<std::__cxx11::basic_string<char> >]’
/mnt/library/BH/include/boost/algorithm/string/iter_find.hpp:186:31:   required from ‘SequenceSequenceT& boost::algorithm::iter_split(SequenceSequenceT&, RangeT&&, FinderT) [with SequenceSequenceT = std::vector<std::__cxx11::basic_string<char>, std::allocator<std::__cxx11::basic_string<char> > >; RangeT = std::__cxx11::basic_string<char>&; FinderT = detail::token_finderF<detail::is_any_ofF<char> >]’
/mnt/library/BH/include/boost/algorithm/string/split.hpp:158:50:   required from ‘SequenceSequenceT& boost::algorithm::split(SequenceSequenceT&, RangeT&&, PredicateT, token_compress_mode_type) [with SequenceSequenceT = std::vector<std::__cxx11::basic_string<char>, std::allocator<std::__cxx11::basic_string<char> > >; RangeT = std::__cxx11::basic_string<char>&; PredicateT = detail::is_any_ofF<char>]’
../inst/include/CytoML/workspace.hpp:98:17:   required from here
/mnt/library/BH/include/boost/concept/detail/general.hpp:50:47: warning: ‘this’ pointer is null [-Wnonnull]
   50 |     static void failed() { ((Model*)0)->~Model(); }
      |                            ~~~~~~~~~~~~~~~~~~~^~
/mnt/library/BH/include/boost/concept/usage.hpp:20:5: note: in a call to non-static member function ‘boost::concepts::usage_requirements<Model>::~usage_requirements() [with Model = boost::CopyConstructible<__gnu_cxx::__normal_iterator<char*, std::__cxx11::basic_string<char> > >]’
   20 |     ~usage_requirements() { ((Model*)0)->~Model(); }
      |     ^
/mnt/library/BH/include/boost/concept/detail/general.hpp: In instantiation of ‘static void boost::concepts::requirement<boost::concepts::failed************ Model::************>::failed() [with Model = boost::concepts::usage_requirements<boost::range_detail::IncrementableIteratorConcept<__gnu_cxx::__normal_iterator<char*, std::__cxx11::basic_string<char> > > >]’:
/mnt/library/BH/include/boost/range/concepts.hpp:138:13:   required from ‘struct boost::range_detail::IncrementableIteratorConcept<__gnu_cxx::__normal_iterator<char*, std::__cxx11::basic_string<char> > >’
/mnt/library/BH/include/boost/range/concepts.hpp:149:16:   required from ‘struct boost::range_detail::SinglePassIteratorConcept<__gnu_cxx::__normal_iterator<char*, std::__cxx11::basic_string<char> > >’
/mnt/library/BH/include/boost/concept/detail/has_constraints.hpp:32:62:   required by substitution of ‘template<class Model> boost::concepts::detail::yes boost::concepts::detail::has_constraints_(Model*, wrap_constraints<Model, (& Model::constraints)>*) [with Model = boost::range_detail::SinglePassIteratorConcept<__gnu_cxx::__normal_iterator<char*, std::__cxx11::basic_string<char> > >]’
/mnt/library/BH/include/boost/concept/detail/has_constraints.hpp:42:5:   required from ‘const bool boost::concepts::not_satisfied<boost::range_detail::SinglePassIteratorConcept<__gnu_cxx::__normal_iterator<char*, std::__cxx11::basic_string<char> > > >::value’
/mnt/library/BH/include/boost/concept/detail/has_constraints.hpp:45:51:   required from ‘struct boost::concepts::not_satisfied<boost::range_detail::SinglePassIteratorConcept<__gnu_cxx::__normal_iterator<char*, std::__cxx11::basic_string<char> > > >’
/mnt/library/BH/include/boost/concept/detail/general.hpp:72:8:   [ skipping 13 instantiation contexts, use -ftemplate-backtrace-limit=0 to disable ]
/mnt/library/BH/include/boost/iterator/iterator_facade.hpp:824:1:   required from ‘typename boost::iterators::detail::enable_if_interoperable<Derived1, Derived2, boost::iterators::detail::always_bool_t<Derived1, Derived2> >::type boost::iterators::operator!=(const iterator_facade<Derived1, V1, TC1, Reference1, Difference1>&, const iterator_facade<Derived2, V2, TC2, Reference2, Difference2>&) [with Derived1 = transform_iterator<boost::algorithm::detail::copy_iterator_rangeF<std::__cxx11::basic_string<char>, __gnu_cxx::__normal_iterator<char*, std::__cxx11::basic_string<char> > >, boost::algorithm::split_iterator<__gnu_cxx::__normal_iterator<char*, std::__cxx11::basic_string<char> > >, boost::use_default, boost::use_default>; V1 = std::__cxx11::basic_string<char>; TC1 = forward_traversal_tag; Reference1 = std::__cxx11::basic_string<char>; Difference1 = long int; Derived2 = transform_iterator<boost::algorithm::detail::copy_iterator_rangeF<std::__cxx11::basic_string<char>, __gnu_cxx::__normal_iterator<char*, std::__cxx11::basic_string<char> > >, boost::algorithm::split_iterator<__gnu_cxx::__normal_iterator<char*, std::__cxx11::basic_string<char> > >, boost::use_default, boost::use_default>; V2 = std::__cxx11::basic_string<char>; TC2 = forward_traversal_tag; Reference2 = std::__cxx11::basic_string<char>; Difference2 = long int; typename detail::enable_if_interoperable<Derived1, Derived2, detail::always_bool_t<Derived1, Derived2> >::type = bool; detail::always_bool_t<Derived1, Derived2> = bool]’
/usr/include/c++/13/bits/stl_vector.h:1671:21:   required from ‘void std::vector<_Tp, _Alloc>::_M_range_initialize(_InputIterator, _InputIterator, std::input_iterator_tag) [with _InputIterator = boost::iterators::transform_iterator<boost::algorithm::detail::copy_iterator_rangeF<std::__cxx11::basic_string<char>, __gnu_cxx::__normal_iterator<char*, std::__cxx11::basic_string<char> > >, boost::algorithm::split_iterator<__gnu_cxx::__normal_iterator<char*, std::__cxx11::basic_string<char> > >, boost::use_default, boost::use_default>; _Tp = std::__cxx11::basic_string<char>; _Alloc = std::allocator<std::__cxx11::basic_string<char> >]’
/usr/include/c++/13/bits/stl_vector.h:711:23:   required from ‘std::vector<_Tp, _Alloc>::vector(_InputIterator, _InputIterator, const allocator_type&) [with _InputIterator = boost::iterators::transform_iterator<boost::algorithm::detail::copy_iterator_rangeF<std::__cxx11::basic_string<char>, __gnu_cxx::__normal_iterator<char*, std::__cxx11::basic_string<char> > >, boost::algorithm::split_iterator<__gnu_cxx::__normal_iterator<char*, std::__cxx11::basic_string<char> > >, boost::use_default, boost::use_default>; <template-parameter-2-2> = void; _Tp = std::__cxx11::basic_string<char>; _Alloc = std::allocator<std::__cxx11::basic_string<char> >; allocator_type = std::allocator<std::__cxx11::basic_string<char> >]’
/mnt/library/BH/include/boost/algorithm/string/iter_find.hpp:186:31:   required from ‘SequenceSequenceT& boost::algorithm::iter_split(SequenceSequenceT&, RangeT&&, FinderT) [with SequenceSequenceT = std::vector<std::__cxx11::basic_string<char>, std::allocator<std::__cxx11::basic_string<char> > >; RangeT = std::__cxx11::basic_string<char>&; FinderT = detail::token_finderF<detail::is_any_ofF<char> >]’
/mnt/library/BH/include/boost/algorithm/string/split.hpp:158:50:   required from ‘SequenceSequenceT& boost::algorithm::split(SequenceSequenceT&, RangeT&&, PredicateT, token_compress_mode_type) [with SequenceSequenceT = std::vector<std::__cxx11::basic_string<char>, std::allocator<std::__cxx11::basic_string<char> > >; RangeT = std::__cxx11::basic_string<char>&; PredicateT = detail::is_any_ofF<char>]’
../inst/include/CytoML/workspace.hpp:98:17:   required from here
/mnt/library/BH/include/boost/concept/detail/general.hpp:50:47: warning: ‘this’ pointer is null [-Wnonnull]
   50 |     static void failed() { ((Model*)0)->~Model(); }
      |                            ~~~~~~~~~~~~~~~~~~~^~
/mnt/library/BH/include/boost/concept/usage.hpp:20:5: note: in a call to non-static member function ‘boost::concepts::usage_requirements<Model>::~usage_requirements() [with Model = boost::range_detail::IncrementableIteratorConcept<__gnu_cxx::__normal_iterator<char*, std::__cxx11::basic_string<char> > >]’
   20 |     ~usage_requirements() { ((Model*)0)->~Model(); }
      |     ^
/mnt/library/BH/include/boost/concept/detail/general.hpp: In instantiation of ‘static void boost::concepts::requirement<boost::concepts::failed************ Model::************>::failed() [with Model = boost::concepts::usage_requirements<boost::EqualityComparable<__gnu_cxx::__normal_iterator<char*, std::__cxx11::basic_string<char> > > >]’:
/mnt/library/BH/include/boost/concept_check.hpp:233:5:   required from ‘struct boost::EqualityComparable<__gnu_cxx::__normal_iterator<char*, std::__cxx11::basic_string<char> > >’
/mnt/library/BH/include/boost/range/concepts.hpp:149:16:   required from ‘struct boost::range_detail::SinglePassIteratorConcept<__gnu_cxx::__normal_iterator<char*, std::__cxx11::basic_string<char> > >’
/mnt/library/BH/include/boost/concept/detail/has_constraints.hpp:32:62:   required by substitution of ‘template<class Model> boost::concepts::detail::yes boost::concepts::detail::has_constraints_(Model*, wrap_constraints<Model, (& Model::constraints)>*) [with Model = boost::range_detail::SinglePassIteratorConcept<__gnu_cxx::__normal_iterator<char*, std::__cxx11::basic_string<char> > >]’
/mnt/library/BH/include/boost/concept/detail/has_constraints.hpp:42:5:   required from ‘const bool boost::concepts::not_satisfied<boost::range_detail::SinglePassIteratorConcept<__gnu_cxx::__normal_iterator<char*, std::__cxx11::basic_string<char> > > >::value’
/mnt/library/BH/include/boost/concept/detail/has_constraints.hpp:45:51:   required from ‘struct boost::concepts::not_satisfied<boost::range_detail::SinglePassIteratorConcept<__gnu_cxx::__normal_iterator<char*, std::__cxx11::basic_string<char> > > >’
/mnt/library/BH/include/boost/concept/detail/general.hpp:72:8:   [ skipping 13 instantiation contexts, use -ftemplate-backtrace-limit=0 to disable ]
/mnt/library/BH/include/boost/iterator/iterator_facade.hpp:824:1:   required from ‘typename boost::iterators::detail::enable_if_interoperable<Derived1, Derived2, boost::iterators::detail::always_bool_t<Derived1, Derived2> >::type boost::iterators::operator!=(const iterator_facade<Derived1, V1, TC1, Reference1, Difference1>&, const iterator_facade<Derived2, V2, TC2, Reference2, Difference2>&) [with Derived1 = transform_iterator<boost::algorithm::detail::copy_iterator_rangeF<std::__cxx11::basic_string<char>, __gnu_cxx::__normal_iterator<char*, std::__cxx11::basic_string<char> > >, boost::algorithm::split_iterator<__gnu_cxx::__normal_iterator<char*, std::__cxx11::basic_string<char> > >, boost::use_default, boost::use_default>; V1 = std::__cxx11::basic_string<char>; TC1 = forward_traversal_tag; Reference1 = std::__cxx11::basic_string<char>; Difference1 = long int; Derived2 = transform_iterator<boost::algorithm::detail::copy_iterator_rangeF<std::__cxx11::basic_string<char>, __gnu_cxx::__normal_iterator<char*, std::__cxx11::basic_string<char> > >, boost::algorithm::split_iterator<__gnu_cxx::__normal_iterator<char*, std::__cxx11::basic_string<char> > >, boost::use_default, boost::use_default>; V2 = std::__cxx11::basic_string<char>; TC2 = forward_traversal_tag; Reference2 = std::__cxx11::basic_string<char>; Difference2 = long int; typename detail::enable_if_interoperable<Derived1, Derived2, detail::always_bool_t<Derived1, Derived2> >::type = bool; detail::always_bool_t<Derived1, Derived2> = bool]’
/usr/include/c++/13/bits/stl_vector.h:1671:21:   required from ‘void std::vector<_Tp, _Alloc>::_M_range_initialize(_InputIterator, _InputIterator, std::input_iterator_tag) [with _InputIterator = boost::iterators::transform_iterator<boost::algorithm::detail::copy_iterator_rangeF<std::__cxx11::basic_string<char>, __gnu_cxx::__normal_iterator<char*, std::__cxx11::basic_string<char> > >, boost::algorithm::split_iterator<__gnu_cxx::__normal_iterator<char*, std::__cxx11::basic_string<char> > >, boost::use_default, boost::use_default>; _Tp = std::__cxx11::basic_string<char>; _Alloc = std::allocator<std::__cxx11::basic_string<char> >]’
/usr/include/c++/13/bits/stl_vector.h:711:23:   required from ‘std::vector<_Tp, _Alloc>::vector(_InputIterator, _InputIterator, const allocator_type&) [with _InputIterator = boost::iterators::transform_iterator<boost::algorithm::detail::copy_iterator_rangeF<std::__cxx11::basic_string<char>, __gnu_cxx::__normal_iterator<char*, std::__cxx11::basic_string<char> > >, boost::algorithm::split_iterator<__gnu_cxx::__normal_iterator<char*, std::__cxx11::basic_string<char> > >, boost::use_default, boost::use_default>; <template-parameter-2-2> = void; _Tp = std::__cxx11::basic_string<char>; _Alloc = std::allocator<std::__cxx11::basic_string<char> >; allocator_type = std::allocator<std::__cxx11::basic_string<char> >]’
/mnt/library/BH/include/boost/algorithm/string/iter_find.hpp:186:31:   required from ‘SequenceSequenceT& boost::algorithm::iter_split(SequenceSequenceT&, RangeT&&, FinderT) [with SequenceSequenceT = std::vector<std::__cxx11::basic_string<char>, std::allocator<std::__cxx11::basic_string<char> > >; RangeT = std::__cxx11::basic_string<char>&; FinderT = detail::token_finderF<detail::is_any_ofF<char> >]’
/mnt/library/BH/include/boost/algorithm/string/split.hpp:158:50:   required from ‘SequenceSequenceT& boost::algorithm::split(SequenceSequenceT&, RangeT&&, PredicateT, token_compress_mode_type) [with SequenceSequenceT = std::vector<std::__cxx11::basic_string<char>, std::allocator<std::__cxx11::basic_string<char> > >; RangeT = std::__cxx11::basic_string<char>&; PredicateT = detail::is_any_ofF<char>]’
../inst/include/CytoML/workspace.hpp:98:17:   required from here
/mnt/library/BH/include/boost/concept/detail/general.hpp:50:47: warning: ‘this’ pointer is null [-Wnonnull]
   50 |     static void failed() { ((Model*)0)->~Model(); }
      |                            ~~~~~~~~~~~~~~~~~~~^~
/mnt/library/BH/include/boost/concept/usage.hpp:20:5: note: in a call to non-static member function ‘boost::concepts::usage_requirements<Model>::~usage_requirements() [with Model = boost::EqualityComparable<__gnu_cxx::__normal_iterator<char*, std::__cxx11::basic_string<char> > >]’
   20 |     ~usage_requirements() { ((Model*)0)->~Model(); }
      |     ^
/mnt/library/BH/include/boost/concept/detail/general.hpp: In instantiation of ‘static void boost::concepts::requirement<boost::concepts::failed************ Model::************>::failed() [with Model = boost::concepts::usage_requirements<boost::range_detail::SinglePassIteratorConcept<__gnu_cxx::__normal_iterator<char*, std::__cxx11::basic_string<char> > > >]’:
/mnt/library/BH/include/boost/range/concepts.hpp:160:13:   required from ‘struct boost::range_detail::SinglePassIteratorConcept<__gnu_cxx::__normal_iterator<char*, std::__cxx11::basic_string<char> > >’
/mnt/library/BH/include/boost/concept/detail/has_constraints.hpp:32:62:   required by substitution of ‘template<class Model> boost::concepts::detail::yes boost::concepts::detail::has_constraints_(Model*, wrap_constraints<Model, (& Model::constraints)>*) [with Model = boost::range_detail::SinglePassIteratorConcept<__gnu_cxx::__normal_iterator<char*, std::__cxx11::basic_string<char> > >]’
/mnt/library/BH/include/boost/concept/detail/has_constraints.hpp:42:5:   required from ‘const bool boost::concepts::not_satisfied<boost::range_detail::SinglePassIteratorConcept<__gnu_cxx::__normal_iterator<char*, std::__cxx11::basic_string<char> > > >::value’
/mnt/library/BH/include/boost/concept/detail/has_constraints.hpp:45:51:   required from ‘struct boost::concepts::not_satisfied<boost::range_detail::SinglePassIteratorConcept<__gnu_cxx::__normal_iterator<char*, std::__cxx11::basic_string<char> > > >’
/mnt/library/BH/include/boost/concept/detail/general.hpp:72:8:   required from ‘struct boost::concepts::requirement_<void (*)(boost::range_detail::SinglePassIteratorConcept<__gnu_cxx::__normal_iterator<char*, std::__cxx11::basic_string<char> > >)>’
/mnt/library/BH/include/boost/range/concepts.hpp:280:9:   [ skipping 12 instantiation contexts, use -ftemplate-backtrace-limit=0 to disable ]
/mnt/library/BH/include/boost/iterator/iterator_facade.hpp:824:1:   required from ‘typename boost::iterators::detail::enable_if_interoperable<Derived1, Derived2, boost::iterators::detail::always_bool_t<Derived1, Derived2> >::type boost::iterators::operator!=(const iterator_facade<Derived1, V1, TC1, Reference1, Difference1>&, const iterator_facade<Derived2, V2, TC2, Reference2, Difference2>&) [with Derived1 = transform_iterator<boost::algorithm::detail::copy_iterator_rangeF<std::__cxx11::basic_string<char>, __gnu_cxx::__normal_iterator<char*, std::__cxx11::basic_string<char> > >, boost::algorithm::split_iterator<__gnu_cxx::__normal_iterator<char*, std::__cxx11::basic_string<char> > >, boost::use_default, boost::use_default>; V1 = std::__cxx11::basic_string<char>; TC1 = forward_traversal_tag; Reference1 = std::__cxx11::basic_string<char>; Difference1 = long int; Derived2 = transform_iterator<boost::algorithm::detail::copy_iterator_rangeF<std::__cxx11::basic_string<char>, __gnu_cxx::__normal_iterator<char*, std::__cxx11::basic_string<char> > >, boost::algorithm::split_iterator<__gnu_cxx::__normal_iterator<char*, std::__cxx11::basic_string<char> > >, boost::use_default, boost::use_default>; V2 = std::__cxx11::basic_string<char>; TC2 = forward_traversal_tag; Reference2 = std::__cxx11::basic_string<char>; Difference2 = long int; typename detail::enable_if_interoperable<Derived1, Derived2, detail::always_bool_t<Derived1, Derived2> >::type = bool; detail::always_bool_t<Derived1, Derived2> = bool]’
/usr/include/c++/13/bits/stl_vector.h:1671:21:   required from ‘void std::vector<_Tp, _Alloc>::_M_range_initialize(_InputIterator, _InputIterator, std::input_iterator_tag) [with _InputIterator = boost::iterators::transform_iterator<boost::algorithm::detail::copy_iterator_rangeF<std::__cxx11::basic_string<char>, __gnu_cxx::__normal_iterator<char*, std::__cxx11::basic_string<char> > >, boost::algorithm::split_iterator<__gnu_cxx::__normal_iterator<char*, std::__cxx11::basic_string<char> > >, boost::use_default, boost::use_default>; _Tp = std::__cxx11::basic_string<char>; _Alloc = std::allocator<std::__cxx11::basic_string<char> >]’
/usr/include/c++/13/bits/stl_vector.h:711:23:   required from ‘std::vector<_Tp, _Alloc>::vector(_InputIterator, _InputIterator, const allocator_type&) [with _InputIterator = boost::iterators::transform_iterator<boost::algorithm::detail::copy_iterator_rangeF<std::__cxx11::basic_string<char>, __gnu_cxx::__normal_iterator<char*, std::__cxx11::basic_string<char> > >, boost::algorithm::split_iterator<__gnu_cxx::__normal_iterator<char*, std::__cxx11::basic_string<char> > >, boost::use_default, boost::use_default>; <template-parameter-2-2> = void; _Tp = std::__cxx11::basic_string<char>; _Alloc = std::allocator<std::__cxx11::basic_string<char> >; allocator_type = std::allocator<std::__cxx11::basic_string<char> >]’
/mnt/library/BH/include/boost/algorithm/string/iter_find.hpp:186:31:   required from ‘SequenceSequenceT& boost::algorithm::iter_split(SequenceSequenceT&, RangeT&&, FinderT) [with SequenceSequenceT = std::vector<std::__cxx11::basic_string<char>, std::allocator<std::__cxx11::basic_string<char> > >; RangeT = std::__cxx11::basic_string<char>&; FinderT = detail::token_finderF<detail::is_any_ofF<char> >]’
/mnt/library/BH/include/boost/algorithm/string/split.hpp:158:50:   required from ‘SequenceSequenceT& boost::algorithm::split(SequenceSequenceT&, RangeT&&, PredicateT, token_compress_mode_type) [with SequenceSequenceT = std::vector<std::__cxx11::basic_string<char>, std::allocator<std::__cxx11::basic_string<char> > >; RangeT = std::__cxx11::basic_string<char>&; PredicateT = detail::is_any_ofF<char>]’
../inst/include/CytoML/workspace.hpp:98:17:   required from here
/mnt/library/BH/include/boost/concept/detail/general.hpp:50:47: warning: ‘this’ pointer is null [-Wnonnull]
   50 |     static void failed() { ((Model*)0)->~Model(); }
      |                            ~~~~~~~~~~~~~~~~~~~^~
/mnt/library/BH/include/boost/concept/usage.hpp:20:5: note: in a call to non-static member function ‘boost::concepts::usage_requirements<Model>::~usage_requirements() [with Model = boost::range_detail::SinglePassIteratorConcept<__gnu_cxx::__normal_iterator<char*, std::__cxx11::basic_string<char> > >]’
   20 |     ~usage_requirements() { ((Model*)0)->~Model(); }
      |     ^
/mnt/library/BH/include/boost/concept/detail/general.hpp: In instantiation of ‘static void boost::concepts::requirement<boost::concepts::failed************ Model::************>::failed() [with Model = boost::range_detail::SinglePassIteratorConcept<__gnu_cxx::__normal_iterator<char*, std::__cxx11::basic_string<char> > >]’:
/mnt/library/BH/include/boost/range/concepts.hpp:280:9:   required from ‘struct boost::SinglePassRangeConcept<const boost::iterator_range<__gnu_cxx::__normal_iterator<char*, std::__cxx11::basic_string<char> > > >’
/mnt/library/BH/include/boost/concept/detail/has_constraints.hpp:32:62:   required by substitution of ‘template<class Model> boost::concepts::detail::yes boost::concepts::detail::has_constraints_(Model*, wrap_constraints<Model, (& Model::constraints)>*) [with Model = boost::SinglePassRangeConcept<const boost::iterator_range<__gnu_cxx::__normal_iterator<char*, std::__cxx11::basic_string<char> > > >]’
/mnt/library/BH/include/boost/concept/detail/has_constraints.hpp:42:5:   required from ‘const bool boost::concepts::not_satisfied<boost::SinglePassRangeConcept<const boost::iterator_range<__gnu_cxx::__normal_iterator<char*, std::__cxx11::basic_string<char> > > > >::value’
/mnt/library/BH/include/boost/concept/detail/has_constraints.hpp:45:51:   required from ‘struct boost::concepts::not_satisfied<boost::SinglePassRangeConcept<const boost::iterator_range<__gnu_cxx::__normal_iterator<char*, std::__cxx11::basic_string<char> > > > >’
/mnt/library/BH/include/boost/concept/detail/general.hpp:72:8:   required from ‘struct boost::concepts::requirement_<void (*)(boost::SinglePassRangeConcept<const boost::iterator_range<__gnu_cxx::__normal_iterator<char*, std::__cxx11::basic_string<char> > > >)>’
/mnt/library/BH/include/boost/range/algorithm/equal.hpp:174:13:   [ skipping 7 instantiation contexts, use -ftemplate-backtrace-limit=0 to disable ]
/mnt/library/BH/include/boost/iterator/iterator_facade.hpp:824:1:   required from ‘typename boost::iterators::detail::enable_if_interoperable<Derived1, Derived2, boost::iterators::detail::always_bool_t<Derived1, Derived2> >::type boost::iterators::operator!=(const iterator_facade<Derived1, V1, TC1, Reference1, Difference1>&, const iterator_facade<Derived2, V2, TC2, Reference2, Difference2>&) [with Derived1 = transform_iterator<boost::algorithm::detail::copy_iterator_rangeF<std::__cxx11::basic_string<char>, __gnu_cxx::__normal_iterator<char*, std::__cxx11::basic_string<char> > >, boost::algorithm::split_iterator<__gnu_cxx::__normal_iterator<char*, std::__cxx11::basic_string<char> > >, boost::use_default, boost::use_default>; V1 = std::__cxx11::basic_string<char>; TC1 = forward_traversal_tag; Reference1 = std::__cxx11::basic_string<char>; Difference1 = long int; Derived2 = transform_iterator<boost::algorithm::detail::copy_iterator_rangeF<std::__cxx11::basic_string<char>, __gnu_cxx::__normal_iterator<char*, std::__cxx11::basic_string<char> > >, boost::algorithm::split_iterator<__gnu_cxx::__normal_iterator<char*, std::__cxx11::basic_string<char> > >, boost::use_default, boost::use_default>; V2 = std::__cxx11::basic_string<char>; TC2 = forward_traversal_tag; Reference2 = std::__cxx11::basic_string<char>; Difference2 = long int; typename detail::enable_if_interoperable<Derived1, Derived2, detail::always_bool_t<Derived1, Derived2> >::type = bool; detail::always_bool_t<Derived1, Derived2> = bool]’
/usr/include/c++/13/bits/stl_vector.h:1671:21:   required from ‘void std::vector<_Tp, _Alloc>::_M_range_initialize(_InputIterator, _InputIterator, std::input_iterator_tag) [with _InputIterator = boost::iterators::transform_iterator<boost::algorithm::detail::copy_iterator_rangeF<std::__cxx11::basic_string<char>, __gnu_cxx::__normal_iterator<char*, std::__cxx11::basic_string<char> > >, boost::algorithm::split_iterator<__gnu_cxx::__normal_iterator<char*, std::__cxx11::basic_string<char> > >, boost::use_default, boost::use_default>; _Tp = std::__cxx11::basic_string<char>; _Alloc = std::allocator<std::__cxx11::basic_string<char> >]’
/usr/include/c++/13/bits/stl_vector.h:711:23:   required from ‘std::vector<_Tp, _Alloc>::vector(_InputIterator, _InputIterator, const allocator_type&) [with _InputIterator = boost::iterators::transform_iterator<boost::algorithm::detail::copy_iterator_rangeF<std::__cxx11::basic_string<char>, __gnu_cxx::__normal_iterator<char*, std::__cxx11::basic_string<char> > >, boost::algorithm::split_iterator<__gnu_cxx::__normal_iterator<char*, std::__cxx11::basic_string<char> > >, boost::use_default, boost::use_default>; <template-parameter-2-2> = void; _Tp = std::__cxx11::basic_string<char>; _Alloc = std::allocator<std::__cxx11::basic_string<char> >; allocator_type = std::allocator<std::__cxx11::basic_string<char> >]’
/mnt/library/BH/include/boost/algorithm/string/iter_find.hpp:186:31:   required from ‘SequenceSequenceT& boost::algorithm::iter_split(SequenceSequenceT&, RangeT&&, FinderT) [with SequenceSequenceT = std::vector<std::__cxx11::basic_string<char>, std::allocator<std::__cxx11::basic_string<char> > >; RangeT = std::__cxx11::basic_string<char>&; FinderT = detail::token_finderF<detail::is_any_ofF<char> >]’
/mnt/library/BH/include/boost/algorithm/string/split.hpp:158:50:   required from ‘SequenceSequenceT& boost::algorithm::split(SequenceSequenceT&, RangeT&&, PredicateT, token_compress_mode_type) [with SequenceSequenceT = std::vector<std::__cxx11::basic_string<char>, std::allocator<std::__cxx11::basic_string<char> > >; RangeT = std::__cxx11::basic_string<char>&; PredicateT = detail::is_any_ofF<char>]’
../inst/include/CytoML/workspace.hpp:98:17:   required from here
/mnt/library/BH/include/boost/concept/detail/general.hpp:50:47: warning: ‘this’ pointer is null [-Wnonnull]
   50 |     static void failed() { ((Model*)0)->~Model(); }
      |                            ~~~~~~~~~~~~~~~~~~~^~
/mnt/library/BH/include/boost/concept/usage.hpp:37:7: note: in a call to non-static member function ‘boost::range_detail::SinglePassIteratorConcept<Iterator>::~SinglePassIteratorConcept() [with Iterator = __gnu_cxx::__normal_iterator<char*, std::__cxx11::basic_string<char> >]’
   37 |       ~model()
      |       ^
/mnt/library/BH/include/boost/range/concepts.hpp:160:13: note: in expansion of macro ‘BOOST_CONCEPT_USAGE’
  160 |             BOOST_CONCEPT_USAGE(SinglePassIteratorConcept)
      |             ^~~~~~~~~~~~~~~~~~~
/mnt/library/BH/include/boost/concept/detail/general.hpp: In instantiation of ‘static void boost::concepts::requirement<boost::concepts::failed************ Model::************>::failed() [with Model = boost::concepts::usage_requirements<boost::SinglePassRangeConcept<const boost::iterator_range<__gnu_cxx::__normal_iterator<char*, std::__cxx11::basic_string<char> > > > >]’:
/mnt/library/BH/include/boost/range/concepts.hpp:286:9:   required from ‘struct boost::SinglePassRangeConcept<const boost::iterator_range<__gnu_cxx::__normal_iterator<char*, std::__cxx11::basic_string<char> > > >’
/mnt/library/BH/include/boost/concept/detail/has_constraints.hpp:32:62:   required by substitution of ‘template<class Model> boost::concepts::detail::yes boost::concepts::detail::has_constraints_(Model*, wrap_constraints<Model, (& Model::constraints)>*) [with Model = boost::SinglePassRangeConcept<const boost::iterator_range<__gnu_cxx::__normal_iterator<char*, std::__cxx11::basic_string<char> > > >]’
/mnt/library/BH/include/boost/concept/detail/has_constraints.hpp:42:5:   required from ‘const bool boost::concepts::not_satisfied<boost::SinglePassRangeConcept<const boost::iterator_range<__gnu_cxx::__normal_iterator<char*, std::__cxx11::basic_string<char> > > > >::value’
/mnt/library/BH/include/boost/concept/detail/has_constraints.hpp:45:51:   required from ‘struct boost::concepts::not_satisfied<boost::SinglePassRangeConcept<const boost::iterator_range<__gnu_cxx::__normal_iterator<char*, std::__cxx11::basic_string<char> > > > >’
/mnt/library/BH/include/boost/concept/detail/general.hpp:72:8:   required from ‘struct boost::concepts::requirement_<void (*)(boost::SinglePassRangeConcept<const boost::iterator_range<__gnu_cxx::__normal_iterator<char*, std::__cxx11::basic_string<char> > > >)>’
/mnt/library/BH/include/boost/range/algorithm/equal.hpp:174:13:   [ skipping 7 instantiation contexts, use -ftemplate-backtrace-limit=0 to disable ]
/mnt/library/BH/include/boost/iterator/iterator_facade.hpp:824:1:   required from ‘typename boost::iterators::detail::enable_if_interoperable<Derived1, Derived2, boost::iterators::detail::always_bool_t<Derived1, Derived2> >::type boost::iterators::operator!=(const iterator_facade<Derived1, V1, TC1, Reference1, Difference1>&, const iterator_facade<Derived2, V2, TC2, Reference2, Difference2>&) [with Derived1 = transform_iterator<boost::algorithm::detail::copy_iterator_rangeF<std::__cxx11::basic_string<char>, __gnu_cxx::__normal_iterator<char*, std::__cxx11::basic_string<char> > >, boost::algorithm::split_iterator<__gnu_cxx::__normal_iterator<char*, std::__cxx11::basic_string<char> > >, boost::use_default, boost::use_default>; V1 = std::__cxx11::basic_string<char>; TC1 = forward_traversal_tag; Reference1 = std::__cxx11::basic_string<char>; Difference1 = long int; Derived2 = transform_iterator<boost::algorithm::detail::copy_iterator_rangeF<std::__cxx11::basic_string<char>, __gnu_cxx::__normal_iterator<char*, std::__cxx11::basic_string<char> > >, boost::algorithm::split_iterator<__gnu_cxx::__normal_iterator<char*, std::__cxx11::basic_string<char> > >, boost::use_default, boost::use_default>; V2 = std::__cxx11::basic_string<char>; TC2 = forward_traversal_tag; Reference2 = std::__cxx11::basic_string<char>; Difference2 = long int; typename detail::enable_if_interoperable<Derived1, Derived2, detail::always_bool_t<Derived1, Derived2> >::type = bool; detail::always_bool_t<Derived1, Derived2> = bool]’
/usr/include/c++/13/bits/stl_vector.h:1671:21:   required from ‘void std::vector<_Tp, _Alloc>::_M_range_initialize(_InputIterator, _InputIterator, std::input_iterator_tag) [with _InputIterator = boost::iterators::transform_iterator<boost::algorithm::detail::copy_iterator_rangeF<std::__cxx11::basic_string<char>, __gnu_cxx::__normal_iterator<char*, std::__cxx11::basic_string<char> > >, boost::algorithm::split_iterator<__gnu_cxx::__normal_iterator<char*, std::__cxx11::basic_string<char> > >, boost::use_default, boost::use_default>; _Tp = std::__cxx11::basic_string<char>; _Alloc = std::allocator<std::__cxx11::basic_string<char> >]’
/usr/include/c++/13/bits/stl_vector.h:711:23:   required from ‘std::vector<_Tp, _Alloc>::vector(_InputIterator, _InputIterator, const allocator_type&) [with _InputIterator = boost::iterators::transform_iterator<boost::algorithm::detail::copy_iterator_rangeF<std::__cxx11::basic_string<char>, __gnu_cxx::__normal_iterator<char*, std::__cxx11::basic_string<char> > >, boost::algorithm::split_iterator<__gnu_cxx::__normal_iterator<char*, std::__cxx11::basic_string<char> > >, boost::use_default, boost::use_default>; <template-parameter-2-2> = void; _Tp = std::__cxx11::basic_string<char>; _Alloc = std::allocator<std::__cxx11::basic_string<char> >; allocator_type = std::allocator<std::__cxx11::basic_string<char> >]’
/mnt/library/BH/include/boost/algorithm/string/iter_find.hpp:186:31:   required from ‘SequenceSequenceT& boost::algorithm::iter_split(SequenceSequenceT&, RangeT&&, FinderT) [with SequenceSequenceT = std::vector<std::__cxx11::basic_string<char>, std::allocator<std::__cxx11::basic_string<char> > >; RangeT = std::__cxx11::basic_string<char>&; FinderT = detail::token_finderF<detail::is_any_ofF<char> >]’
/mnt/library/BH/include/boost/algorithm/string/split.hpp:158:50:   required from ‘SequenceSequenceT& boost::algorithm::split(SequenceSequenceT&, RangeT&&, PredicateT, token_compress_mode_type) [with SequenceSequenceT = std::vector<std::__cxx11::basic_string<char>, std::allocator<std::__cxx11::basic_string<char> > >; RangeT = std::__cxx11::basic_string<char>&; PredicateT = detail::is_any_ofF<char>]’
../inst/include/CytoML/workspace.hpp:98:17:   required from here
/mnt/library/BH/include/boost/concept/detail/general.hpp:50:47: warning: ‘this’ pointer is null [-Wnonnull]
   50 |     static void failed() { ((Model*)0)->~Model(); }
      |                            ~~~~~~~~~~~~~~~~~~~^~
/mnt/library/BH/include/boost/concept/usage.hpp:20:5: note: in a call to non-static member function ‘boost::concepts::usage_requirements<Model>::~usage_requirements() [with Model = boost::SinglePassRangeConcept<const boost::iterator_range<__gnu_cxx::__normal_iterator<char*, std::__cxx11::basic_string<char> > > >]’
   20 |     ~usage_requirements() { ((Model*)0)->~Model(); }
      |     ^
/mnt/library/BH/include/boost/concept/detail/general.hpp: In instantiation of ‘static void boost::concepts::requirement<boost::concepts::failed************ Model::************>::failed() [with Model = boost::SinglePassRangeConcept<const boost::iterator_range<__gnu_cxx::__normal_iterator<char*, std::__cxx11::basic_string<char> > > >]’:
/mnt/library/BH/include/boost/range/algorithm/equal.hpp:174:13:   required from ‘bool boost::range::equal(const SinglePassRange1&, const SinglePassRange2&) [with SinglePassRange1 = boost::iterator_range<__gnu_cxx::__normal_iterator<char*, std::__cxx11::basic_string<char> > >; SinglePassRange2 = boost::iterator_range<__gnu_cxx::__normal_iterator<char*, std::__cxx11::basic_string<char> > >]’
/mnt/library/BH/include/boost/range/iterator_range_core.hpp:647:32:   required from ‘bool boost::operator==(const iterator_range<IteratorT>&, const iterator_range<Iterator2T>&) [with Iterator1T = __gnu_cxx::__normal_iterator<char*, std::__cxx11::basic_string<char> >; Iterator2T = __gnu_cxx::__normal_iterator<char*, std::__cxx11::basic_string<char> >]’
/mnt/library/BH/include/boost/algorithm/string/find_iterator.hpp:359:32:   required from ‘bool boost::algorithm::split_iterator<IteratorT>::equal(const boost::algorithm::split_iterator<IteratorT>&) const [with IteratorT = __gnu_cxx::__normal_iterator<char*, std::__cxx11::basic_string<char> >]’
/mnt/library/BH/include/boost/iterator/iterator_facade.hpp:518:24:   required from ‘static bool boost::iterators::iterator_core_access::equal(const Facade1&, const Facade2&, std::true_type) [with Facade1 = boost::algorithm::split_iterator<__gnu_cxx::__normal_iterator<char*, std::__cxx11::basic_string<char> > >; Facade2 = boost::algorithm::split_iterator<__gnu_cxx::__normal_iterator<char*, std::__cxx11::basic_string<char> > >; std::true_type = std::integral_constant<bool, true>]’
/mnt/library/BH/include/boost/iterator/iterator_facade.hpp:823:1:   required from ‘typename boost::iterators::detail::enable_if_interoperable<Derived1, Derived2, boost::iterators::detail::always_bool_t<Derived1, Derived2> >::type boost::iterators::operator==(const iterator_facade<Derived1, V1, TC1, Reference1, Difference1>&, const iterator_facade<Derived2, V2, TC2, Reference2, Difference2>&) [with Derived1 = boost::algorithm::split_iterator<__gnu_cxx::__normal_iterator<char*, std::__cxx11::basic_string<char> > >; V1 = const boost::iterator_range<__gnu_cxx::__normal_iterator<char*, std::__cxx11::basic_string<char> > >; TC1 = forward_traversal_tag; Reference1 = const boost::iterator_range<__gnu_cxx::__normal_iterator<char*, std::__cxx11::basic_string<char> > >&; Difference1 = long int; Derived2 = boost::algorithm::split_iterator<__gnu_cxx::__normal_iterator<char*, std::__cxx11::basic_string<char> > >; V2 = const boost::iterator_range<__gnu_cxx::__normal_iterator<char*, std::__cxx11::basic_string<char> > >; TC2 = forward_traversal_tag; Reference2 = const boost::iterator_range<__gnu_cxx::__normal_iterator<char*, std::__cxx11::basic_string<char> > >&; Difference2 = long int; typename detail::enable_if_interoperable<Derived1, Derived2, detail::always_bool_t<Derived1, Derived2> >::type = bool; detail::always_bool_t<Derived1, Derived2> = bool]’
/mnt/library/BH/include/boost/iterator/iterator_adaptor.hpp:166:27:   [ skipping 2 instantiation contexts, use -ftemplate-backtrace-limit=0 to disable ]
/mnt/library/BH/include/boost/iterator/iterator_facade.hpp:824:1:   required from ‘typename boost::iterators::detail::enable_if_interoperable<Derived1, Derived2, boost::iterators::detail::always_bool_t<Derived1, Derived2> >::type boost::iterators::operator!=(const iterator_facade<Derived1, V1, TC1, Reference1, Difference1>&, const iterator_facade<Derived2, V2, TC2, Reference2, Difference2>&) [with Derived1 = transform_iterator<boost::algorithm::detail::copy_iterator_rangeF<std::__cxx11::basic_string<char>, __gnu_cxx::__normal_iterator<char*, std::__cxx11::basic_string<char> > >, boost::algorithm::split_iterator<__gnu_cxx::__normal_iterator<char*, std::__cxx11::basic_string<char> > >, boost::use_default, boost::use_default>; V1 = std::__cxx11::basic_string<char>; TC1 = forward_traversal_tag; Reference1 = std::__cxx11::basic_string<char>; Difference1 = long int; Derived2 = transform_iterator<boost::algorithm::detail::copy_iterator_rangeF<std::__cxx11::basic_string<char>, __gnu_cxx::__normal_iterator<char*, std::__cxx11::basic_string<char> > >, boost::algorithm::split_iterator<__gnu_cxx::__normal_iterator<char*, std::__cxx11::basic_string<char> > >, boost::use_default, boost::use_default>; V2 = std::__cxx11::basic_string<char>; TC2 = forward_traversal_tag; Reference2 = std::__cxx11::basic_string<char>; Difference2 = long int; typename detail::enable_if_interoperable<Derived1, Derived2, detail::always_bool_t<Derived1, Derived2> >::type = bool; detail::always_bool_t<Derived1, Derived2> = bool]’
/usr/include/c++/13/bits/stl_vector.h:1671:21:   required from ‘void std::vector<_Tp, _Alloc>::_M_range_initialize(_InputIterator, _InputIterator, std::input_iterator_tag) [with _InputIterator = boost::iterators::transform_iterator<boost::algorithm::detail::copy_iterator_rangeF<std::__cxx11::basic_string<char>, __gnu_cxx::__normal_iterator<char*, std::__cxx11::basic_string<char> > >, boost::algorithm::split_iterator<__gnu_cxx::__normal_iterator<char*, std::__cxx11::basic_string<char> > >, boost::use_default, boost::use_default>; _Tp = std::__cxx11::basic_string<char>; _Alloc = std::allocator<std::__cxx11::basic_string<char> >]’
/usr/include/c++/13/bits/stl_vector.h:711:23:   required from ‘std::vector<_Tp, _Alloc>::vector(_InputIterator, _InputIterator, const allocator_type&) [with _InputIterator = boost::iterators::transform_iterator<boost::algorithm::detail::copy_iterator_rangeF<std::__cxx11::basic_string<char>, __gnu_cxx::__normal_iterator<char*, std::__cxx11::basic_string<char> > >, boost::algorithm::split_iterator<__gnu_cxx::__normal_iterator<char*, std::__cxx11::basic_string<char> > >, boost::use_default, boost::use_default>; <template-parameter-2-2> = void; _Tp = std::__cxx11::basic_string<char>; _Alloc = std::allocator<std::__cxx11::basic_string<char> >; allocator_type = std::allocator<std::__cxx11::basic_string<char> >]’
/mnt/library/BH/include/boost/algorithm/string/iter_find.hpp:186:31:   required from ‘SequenceSequenceT& boost::algorithm::iter_split(SequenceSequenceT&, RangeT&&, FinderT) [with SequenceSequenceT = std::vector<std::__cxx11::basic_string<char>, std::allocator<std::__cxx11::basic_string<char> > >; RangeT = std::__cxx11::basic_string<char>&; FinderT = detail::token_finderF<detail::is_any_ofF<char> >]’
/mnt/library/BH/include/boost/algorithm/string/split.hpp:158:50:   required from ‘SequenceSequenceT& boost::algorithm::split(SequenceSequenceT&, RangeT&&, PredicateT, token_compress_mode_type) [with SequenceSequenceT = std::vector<std::__cxx11::basic_string<char>, std::allocator<std::__cxx11::basic_string<char> > >; RangeT = std::__cxx11::basic_string<char>&; PredicateT = detail::is_any_ofF<char>]’
../inst/include/CytoML/workspace.hpp:98:17:   required from here
/mnt/library/BH/include/boost/concept/detail/general.hpp:50:47: warning: ‘this’ pointer is null [-Wnonnull]
   50 |     static void failed() { ((Model*)0)->~Model(); }
      |                            ~~~~~~~~~~~~~~~~~~~^~
/mnt/library/BH/include/boost/concept/usage.hpp:37:7: note: in a call to non-static member function ‘boost::SinglePassRangeConcept<T>::~SinglePassRangeConcept() [with T = const boost::iterator_range<__gnu_cxx::__normal_iterator<char*, std::__cxx11::basic_string<char> > >]’
   37 |       ~model()
      |       ^
/mnt/library/BH/include/boost/range/concepts.hpp:286:9: note: in expansion of macro ‘BOOST_CONCEPT_USAGE’
  286 |         BOOST_CONCEPT_USAGE(SinglePassRangeConcept)
      |         ^~~~~~~~~~~~~~~~~~~
/mnt/library/BH/include/boost/concept/usage.hpp: In instantiation of ‘boost::concepts::usage_requirements<Model>::~usage_requirements() [with Model = boost::CopyConstructible<__gnu_cxx::__normal_iterator<const char*, std::__cxx11::basic_string<char> > >]’:
/mnt/library/BH/include/boost/concept/detail/general.hpp:50:47:   required from ‘static void boost::concepts::requirement<boost::concepts::failed************ Model::************>::failed() [with Model = boost::concepts::usage_requirements<boost::CopyConstructible<__gnu_cxx::__normal_iterator<const char*, std::__cxx11::basic_string<char> > > >]’
/mnt/library/BH/include/boost/concept_check.hpp:167:5:   required from ‘struct boost::CopyConstructible<__gnu_cxx::__normal_iterator<const char*, std::__cxx11::basic_string<char> > >’
/mnt/library/BH/include/boost/range/concepts.hpp:127:16:   required from ‘struct boost::range_detail::IncrementableIteratorConcept<__gnu_cxx::__normal_iterator<const char*, std::__cxx11::basic_string<char> > >’
/mnt/library/BH/include/boost/range/concepts.hpp:149:16:   required from ‘struct boost::range_detail::SinglePassIteratorConcept<__gnu_cxx::__normal_iterator<const char*, std::__cxx11::basic_string<char> > >’
/mnt/library/BH/include/boost/concept/detail/has_constraints.hpp:32:62:   required by substitution of ‘template<class Model> boost::concepts::detail::yes boost::concepts::detail::has_constraints_(Model*, wrap_constraints<Model, (& Model::constraints)>*) [with Model = boost::range_detail::SinglePassIteratorConcept<__gnu_cxx::__normal_iterator<const char*, std::__cxx11::basic_string<char> > >]’
/mnt/library/BH/include/boost/concept/detail/has_constraints.hpp:42:5:   [ skipping 15 instantiation contexts, use -ftemplate-backtrace-limit=0 to disable ]
/mnt/library/BH/include/boost/iterator/iterator_facade.hpp:824:1:   required from ‘typename boost::iterators::detail::enable_if_interoperable<Derived1, Derived2, boost::iterators::detail::always_bool_t<Derived1, Derived2> >::type boost::iterators::operator!=(const iterator_facade<Derived1, V1, TC1, Reference1, Difference1>&, const iterator_facade<Derived2, V2, TC2, Reference2, Difference2>&) [with Derived1 = transform_iterator<boost::algorithm::detail::copy_iterator_rangeF<std::__cxx11::basic_string<char>, __gnu_cxx::__normal_iterator<const char*, std::__cxx11::basic_string<char> > >, boost::algorithm::split_iterator<__gnu_cxx::__normal_iterator<const char*, std::__cxx11::basic_string<char> > >, boost::use_default, boost::use_default>; V1 = std::__cxx11::basic_string<char>; TC1 = forward_traversal_tag; Reference1 = std::__cxx11::basic_string<char>; Difference1 = long int; Derived2 = transform_iterator<boost::algorithm::detail::copy_iterator_rangeF<std::__cxx11::basic_string<char>, __gnu_cxx::__normal_iterator<const char*, std::__cxx11::basic_string<char> > >, boost::algorithm::split_iterator<__gnu_cxx::__normal_iterator<const char*, std::__cxx11::basic_string<char> > >, boost::use_default, boost::use_default>; V2 = std::__cxx11::basic_string<char>; TC2 = forward_traversal_tag; Reference2 = std::__cxx11::basic_string<char>; Difference2 = long int; typename detail::enable_if_interoperable<Derived1, Derived2, detail::always_bool_t<Derived1, Derived2> >::type = bool; detail::always_bool_t<Derived1, Derived2> = bool]’
/usr/include/c++/13/bits/stl_vector.h:1671:21:   required from ‘void std::vector<_Tp, _Alloc>::_M_range_initialize(_InputIterator, _InputIterator, std::input_iterator_tag) [with _InputIterator = boost::iterators::transform_iterator<boost::algorithm::detail::copy_iterator_rangeF<std::__cxx11::basic_string<char>, __gnu_cxx::__normal_iterator<const char*, std::__cxx11::basic_string<char> > >, boost::algorithm::split_iterator<__gnu_cxx::__normal_iterator<const char*, std::__cxx11::basic_string<char> > >, boost::use_default, boost::use_default>; _Tp = std::__cxx11::basic_string<char>; _Alloc = std::allocator<std::__cxx11::basic_string<char> >]’
/usr/include/c++/13/bits/stl_vector.h:711:23:   required from ‘std::vector<_Tp, _Alloc>::vector(_InputIterator, _InputIterator, const allocator_type&) [with _InputIterator = boost::iterators::transform_iterator<boost::algorithm::detail::copy_iterator_rangeF<std::__cxx11::basic_string<char>, __gnu_cxx::__normal_iterator<const char*, std::__cxx11::basic_string<char> > >, boost::algorithm::split_iterator<__gnu_cxx::__normal_iterator<const char*, std::__cxx11::basic_string<char> > >, boost::use_default, boost::use_default>; <template-parameter-2-2> = void; _Tp = std::__cxx11::basic_string<char>; _Alloc = std::allocator<std::__cxx11::basic_string<char> >; allocator_type = std::allocator<std::__cxx11::basic_string<char> >]’
/mnt/library/BH/include/boost/algorithm/string/iter_find.hpp:186:31:   required from ‘SequenceSequenceT& boost::algorithm::iter_split(SequenceSequenceT&, RangeT&&, FinderT) [with SequenceSequenceT = std::vector<std::__cxx11::basic_string<char>, std::allocator<std::__cxx11::basic_string<char> > >; RangeT = const std::__cxx11::basic_string<char>&; FinderT = detail::token_finderF<detail::is_any_ofF<char> >]’
/mnt/library/BH/include/boost/algorithm/string/split.hpp:158:50:   required from ‘SequenceSequenceT& boost::algorithm::split(SequenceSequenceT&, RangeT&&, PredicateT, token_compress_mode_type) [with SequenceSequenceT = std::vector<std::__cxx11::basic_string<char>, std::allocator<std::__cxx11::basic_string<char> > >; RangeT = const std::__cxx11::basic_string<char>&; PredicateT = detail::is_any_ofF<char>]’
/mnt/library/cytolib/include/cytolib/compensation.hpp:55:15:   required from here
/mnt/library/BH/include/boost/concept/usage.hpp:20:48: warning: ‘this’ pointer is null [-Wnonnull]
   20 |     ~usage_requirements() { ((Model*)0)->~Model(); }
      |                             ~~~~~~~~~~~~~~~~~~~^~
/mnt/library/BH/include/boost/concept/usage.hpp:37:7: note: in a call to non-static member function ‘boost::CopyConstructible<TT>::~CopyConstructible() [with TT = __gnu_cxx::__normal_iterator<const char*, std::__cxx11::basic_string<char> >]’
   37 |       ~model()
      |       ^
/mnt/library/BH/include/boost/concept_check.hpp:167:5: note: in expansion of macro ‘BOOST_CONCEPT_USAGE’
  167 |     BOOST_CONCEPT_USAGE(CopyConstructible) {
      |     ^~~~~~~~~~~~~~~~~~~
/mnt/library/BH/include/boost/concept/usage.hpp: In instantiation of ‘boost::concepts::usage_requirements<Model>::~usage_requirements() [with Model = boost::Convertible<boost::iterators::random_access_traversal_tag, boost::iterators::incrementable_traversal_tag>]’:
/mnt/library/BH/include/boost/concept/detail/general.hpp:50:47:   required from ‘static void boost::concepts::requirement<boost::concepts::failed************ Model::************>::failed() [with Model = boost::concepts::usage_requirements<boost::Convertible<boost::iterators::random_access_traversal_tag, boost::iterators::incrementable_traversal_tag> >]’
/mnt/library/BH/include/boost/concept_check.hpp:208:5:   required from ‘struct boost::Convertible<boost::iterators::random_access_traversal_tag, boost::iterators::incrementable_traversal_tag>’
/mnt/library/BH/include/boost/concept/detail/has_constraints.hpp:32:62:   required by substitution of ‘template<class Model> boost::concepts::detail::yes boost::concepts::detail::has_constraints_(Model*, wrap_constraints<Model, (& Model::constraints)>*) [with Model = boost::Convertible<boost::iterators::random_access_traversal_tag, boost::iterators::incrementable_traversal_tag>]’
/mnt/library/BH/include/boost/concept/detail/has_constraints.hpp:42:5:   required from ‘const bool boost::concepts::not_satisfied<boost::Convertible<boost::iterators::random_access_traversal_tag, boost::iterators::incrementable_traversal_tag> >::value’
/mnt/library/BH/include/boost/concept/detail/has_constraints.hpp:45:51:   required from ‘struct boost::concepts::not_satisfied<boost::Convertible<boost::iterators::random_access_traversal_tag, boost::iterators::incrementable_traversal_tag> >’
/mnt/library/BH/include/boost/concept/detail/general.hpp:72:8:   [ skipping 19 instantiation contexts, use -ftemplate-backtrace-limit=0 to disable ]
/mnt/library/BH/include/boost/iterator/iterator_facade.hpp:824:1:   required from ‘typename boost::iterators::detail::enable_if_interoperable<Derived1, Derived2, boost::iterators::detail::always_bool_t<Derived1, Derived2> >::type boost::iterators::operator!=(const iterator_facade<Derived1, V1, TC1, Reference1, Difference1>&, const iterator_facade<Derived2, V2, TC2, Reference2, Difference2>&) [with Derived1 = transform_iterator<boost::algorithm::detail::copy_iterator_rangeF<std::__cxx11::basic_string<char>, __gnu_cxx::__normal_iterator<const char*, std::__cxx11::basic_string<char> > >, boost::algorithm::split_iterator<__gnu_cxx::__normal_iterator<const char*, std::__cxx11::basic_string<char> > >, boost::use_default, boost::use_default>; V1 = std::__cxx11::basic_string<char>; TC1 = forward_traversal_tag; Reference1 = std::__cxx11::basic_string<char>; Difference1 = long int; Derived2 = transform_iterator<boost::algorithm::detail::copy_iterator_rangeF<std::__cxx11::basic_string<char>, __gnu_cxx::__normal_iterator<const char*, std::__cxx11::basic_string<char> > >, boost::algorithm::split_iterator<__gnu_cxx::__normal_iterator<const char*, std::__cxx11::basic_string<char> > >, boost::use_default, boost::use_default>; V2 = std::__cxx11::basic_string<char>; TC2 = forward_traversal_tag; Reference2 = std::__cxx11::basic_string<char>; Difference2 = long int; typename detail::enable_if_interoperable<Derived1, Derived2, detail::always_bool_t<Derived1, Derived2> >::type = bool; detail::always_bool_t<Derived1, Derived2> = bool]’
/usr/include/c++/13/bits/stl_vector.h:1671:21:   required from ‘void std::vector<_Tp, _Alloc>::_M_range_initialize(_InputIterator, _InputIterator, std::input_iterator_tag) [with _InputIterator = boost::iterators::transform_iterator<boost::algorithm::detail::copy_iterator_rangeF<std::__cxx11::basic_string<char>, __gnu_cxx::__normal_iterator<const char*, std::__cxx11::basic_string<char> > >, boost::algorithm::split_iterator<__gnu_cxx::__normal_iterator<const char*, std::__cxx11::basic_string<char> > >, boost::use_default, boost::use_default>; _Tp = std::__cxx11::basic_string<char>; _Alloc = std::allocator<std::__cxx11::basic_string<char> >]’
/usr/include/c++/13/bits/stl_vector.h:711:23:   required from ‘std::vector<_Tp, _Alloc>::vector(_InputIterator, _InputIterator, const allocator_type&) [with _InputIterator = boost::iterators::transform_iterator<boost::algorithm::detail::copy_iterator_rangeF<std::__cxx11::basic_string<char>, __gnu_cxx::__normal_iterator<const char*, std::__cxx11::basic_string<char> > >, boost::algorithm::split_iterator<__gnu_cxx::__normal_iterator<const char*, std::__cxx11::basic_string<char> > >, boost::use_default, boost::use_default>; <template-parameter-2-2> = void; _Tp = std::__cxx11::basic_string<char>; _Alloc = std::allocator<std::__cxx11::basic_string<char> >; allocator_type = std::allocator<std::__cxx11::basic_string<char> >]’
/mnt/library/BH/include/boost/algorithm/string/iter_find.hpp:186:31:   required from ‘SequenceSequenceT& boost::algorithm::iter_split(SequenceSequenceT&, RangeT&&, FinderT) [with SequenceSequenceT = std::vector<std::__cxx11::basic_string<char>, std::allocator<std::__cxx11::basic_string<char> > >; RangeT = const std::__cxx11::basic_string<char>&; FinderT = detail::token_finderF<detail::is_any_ofF<char> >]’
/mnt/library/BH/include/boost/algorithm/string/split.hpp:158:50:   required from ‘SequenceSequenceT& boost::algorithm::split(SequenceSequenceT&, RangeT&&, PredicateT, token_compress_mode_type) [with SequenceSequenceT = std::vector<std::__cxx11::basic_string<char>, std::allocator<std::__cxx11::basic_string<char> > >; RangeT = const std::__cxx11::basic_string<char>&; PredicateT = detail::is_any_ofF<char>]’
/mnt/library/cytolib/include/cytolib/compensation.hpp:55:15:   required from here
/mnt/library/BH/include/boost/concept/usage.hpp:20:48: warning: ‘this’ pointer is null [-Wnonnull]
   20 |     ~usage_requirements() { ((Model*)0)->~Model(); }
      |                             ~~~~~~~~~~~~~~~~~~~^~
/mnt/library/BH/include/boost/concept/usage.hpp:37:7: note: in a call to non-static member function ‘boost::Convertible<X, Y>::~Convertible() [with X = boost::iterators::random_access_traversal_tag; Y = boost::iterators::incrementable_traversal_tag]’
   37 |       ~model()
      |       ^
/mnt/library/BH/include/boost/concept_check.hpp:208:5: note: in expansion of macro ‘BOOST_CONCEPT_USAGE’
  208 |     BOOST_CONCEPT_USAGE(Convertible) {
      |     ^~~~~~~~~~~~~~~~~~~
/mnt/library/BH/include/boost/concept/usage.hpp: In instantiation of ‘boost::concepts::usage_requirements<Model>::~usage_requirements() [with Model = boost::range_detail::IncrementableIteratorConcept<__gnu_cxx::__normal_iterator<const char*, std::__cxx11::basic_string<char> > >]’:
/mnt/library/BH/include/boost/concept/detail/general.hpp:50:47:   required from ‘static void boost::concepts::requirement<boost::concepts::failed************ Model::************>::failed() [with Model = boost::concepts::usage_requirements<boost::range_detail::IncrementableIteratorConcept<__gnu_cxx::__normal_iterator<const char*, std::__cxx11::basic_string<char> > > >]’
/mnt/library/BH/include/boost/range/concepts.hpp:138:13:   required from ‘struct boost::range_detail::IncrementableIteratorConcept<__gnu_cxx::__normal_iterator<const char*, std::__cxx11::basic_string<char> > >’
/mnt/library/BH/include/boost/range/concepts.hpp:149:16:   required from ‘struct boost::range_detail::SinglePassIteratorConcept<__gnu_cxx::__normal_iterator<const char*, std::__cxx11::basic_string<char> > >’
/mnt/library/BH/include/boost/concept/detail/has_constraints.hpp:32:62:   required by substitution of ‘template<class Model> boost::concepts::detail::yes boost::concepts::detail::has_constraints_(Model*, wrap_constraints<Model, (& Model::constraints)>*) [with Model = boost::range_detail::SinglePassIteratorConcept<__gnu_cxx::__normal_iterator<const char*, std::__cxx11::basic_string<char> > >]’
/mnt/library/BH/include/boost/concept/detail/has_constraints.hpp:42:5:   required from ‘const bool boost::concepts::not_satisfied<boost::range_detail::SinglePassIteratorConcept<__gnu_cxx::__normal_iterator<const char*, std::__cxx11::basic_string<char> > > >::value’
/mnt/library/BH/include/boost/concept/detail/has_constraints.hpp:45:51:   [ skipping 14 instantiation contexts, use -ftemplate-backtrace-limit=0 to disable ]
/mnt/library/BH/include/boost/iterator/iterator_facade.hpp:824:1:   required from ‘typename boost::iterators::detail::enable_if_interoperable<Derived1, Derived2, boost::iterators::detail::always_bool_t<Derived1, Derived2> >::type boost::iterators::operator!=(const iterator_facade<Derived1, V1, TC1, Reference1, Difference1>&, const iterator_facade<Derived2, V2, TC2, Reference2, Difference2>&) [with Derived1 = transform_iterator<boost::algorithm::detail::copy_iterator_rangeF<std::__cxx11::basic_string<char>, __gnu_cxx::__normal_iterator<const char*, std::__cxx11::basic_string<char> > >, boost::algorithm::split_iterator<__gnu_cxx::__normal_iterator<const char*, std::__cxx11::basic_string<char> > >, boost::use_default, boost::use_default>; V1 = std::__cxx11::basic_string<char>; TC1 = forward_traversal_tag; Reference1 = std::__cxx11::basic_string<char>; Difference1 = long int; Derived2 = transform_iterator<boost::algorithm::detail::copy_iterator_rangeF<std::__cxx11::basic_string<char>, __gnu_cxx::__normal_iterator<const char*, std::__cxx11::basic_string<char> > >, boost::algorithm::split_iterator<__gnu_cxx::__normal_iterator<const char*, std::__cxx11::basic_string<char> > >, boost::use_default, boost::use_default>; V2 = std::__cxx11::basic_string<char>; TC2 = forward_traversal_tag; Reference2 = std::__cxx11::basic_string<char>; Difference2 = long int; typename detail::enable_if_interoperable<Derived1, Derived2, detail::always_bool_t<Derived1, Derived2> >::type = bool; detail::always_bool_t<Derived1, Derived2> = bool]’
/usr/include/c++/13/bits/stl_vector.h:1671:21:   required from ‘void std::vector<_Tp, _Alloc>::_M_range_initialize(_InputIterator, _InputIterator, std::input_iterator_tag) [with _InputIterator = boost::iterators::transform_iterator<boost::algorithm::detail::copy_iterator_rangeF<std::__cxx11::basic_string<char>, __gnu_cxx::__normal_iterator<const char*, std::__cxx11::basic_string<char> > >, boost::algorithm::split_iterator<__gnu_cxx::__normal_iterator<const char*, std::__cxx11::basic_string<char> > >, boost::use_default, boost::use_default>; _Tp = std::__cxx11::basic_string<char>; _Alloc = std::allocator<std::__cxx11::basic_string<char> >]’
/usr/include/c++/13/bits/stl_vector.h:711:23:   required from ‘std::vector<_Tp, _Alloc>::vector(_InputIterator, _InputIterator, const allocator_type&) [with _InputIterator = boost::iterators::transform_iterator<boost::algorithm::detail::copy_iterator_rangeF<std::__cxx11::basic_string<char>, __gnu_cxx::__normal_iterator<const char*, std::__cxx11::basic_string<char> > >, boost::algorithm::split_iterator<__gnu_cxx::__normal_iterator<const char*, std::__cxx11::basic_string<char> > >, boost::use_default, boost::use_default>; <template-parameter-2-2> = void; _Tp = std::__cxx11::basic_string<char>; _Alloc = std::allocator<std::__cxx11::basic_string<char> >; allocator_type = std::allocator<std::__cxx11::basic_string<char> >]’
/mnt/library/BH/include/boost/algorithm/string/iter_find.hpp:186:31:   required from ‘SequenceSequenceT& boost::algorithm::iter_split(SequenceSequenceT&, RangeT&&, FinderT) [with SequenceSequenceT = std::vector<std::__cxx11::basic_string<char>, std::allocator<std::__cxx11::basic_string<char> > >; RangeT = const std::__cxx11::basic_string<char>&; FinderT = detail::token_finderF<detail::is_any_ofF<char> >]’
/mnt/library/BH/include/boost/algorithm/string/split.hpp:158:50:   required from ‘SequenceSequenceT& boost::algorithm::split(SequenceSequenceT&, RangeT&&, PredicateT, token_compress_mode_type) [with SequenceSequenceT = std::vector<std::__cxx11::basic_string<char>, std::allocator<std::__cxx11::basic_string<char> > >; RangeT = const std::__cxx11::basic_string<char>&; PredicateT = detail::is_any_ofF<char>]’
/mnt/library/cytolib/include/cytolib/compensation.hpp:55:15:   required from here
/mnt/library/BH/include/boost/concept/usage.hpp:20:48: warning: ‘this’ pointer is null [-Wnonnull]
   20 |     ~usage_requirements() { ((Model*)0)->~Model(); }
      |                             ~~~~~~~~~~~~~~~~~~~^~
/mnt/library/BH/include/boost/concept/usage.hpp:37:7: note: in a call to non-static member function ‘boost::range_detail::IncrementableIteratorConcept<Iterator>::~IncrementableIteratorConcept() [with Iterator = __gnu_cxx::__normal_iterator<const char*, std::__cxx11::basic_string<char> >]’
   37 |       ~model()
      |       ^
/mnt/library/BH/include/boost/range/concepts.hpp:138:13: note: in expansion of macro ‘BOOST_CONCEPT_USAGE’
  138 |             BOOST_CONCEPT_USAGE(IncrementableIteratorConcept)
      |             ^~~~~~~~~~~~~~~~~~~
/mnt/library/BH/include/boost/concept/usage.hpp: In instantiation of ‘boost::concepts::usage_requirements<Model>::~usage_requirements() [with Model = boost::EqualityComparable<__gnu_cxx::__normal_iterator<const char*, std::__cxx11::basic_string<char> > >]’:
/mnt/library/BH/include/boost/concept/detail/general.hpp:50:47:   required from ‘static void boost::concepts::requirement<boost::concepts::failed************ Model::************>::failed() [with Model = boost::concepts::usage_requirements<boost::EqualityComparable<__gnu_cxx::__normal_iterator<const char*, std::__cxx11::basic_string<char> > > >]’
/mnt/library/BH/include/boost/concept_check.hpp:233:5:   required from ‘struct boost::EqualityComparable<__gnu_cxx::__normal_iterator<const char*, std::__cxx11::basic_string<char> > >’
/mnt/library/BH/include/boost/range/concepts.hpp:149:16:   required from ‘struct boost::range_detail::SinglePassIteratorConcept<__gnu_cxx::__normal_iterator<const char*, std::__cxx11::basic_string<char> > >’
/mnt/library/BH/include/boost/concept/detail/has_constraints.hpp:32:62:   required by substitution of ‘template<class Model> boost::concepts::detail::yes boost::concepts::detail::has_constraints_(Model*, wrap_constraints<Model, (& Model::constraints)>*) [with Model = boost::range_detail::SinglePassIteratorConcept<__gnu_cxx::__normal_iterator<const char*, std::__cxx11::basic_string<char> > >]’
/mnt/library/BH/include/boost/concept/detail/has_constraints.hpp:42:5:   required from ‘const bool boost::concepts::not_satisfied<boost::range_detail::SinglePassIteratorConcept<__gnu_cxx::__normal_iterator<const char*, std::__cxx11::basic_string<char> > > >::value’
/mnt/library/BH/include/boost/concept/detail/has_constraints.hpp:45:51:   [ skipping 14 instantiation contexts, use -ftemplate-backtrace-limit=0 to disable ]
/mnt/library/BH/include/boost/iterator/iterator_facade.hpp:824:1:   required from ‘typename boost::iterators::detail::enable_if_interoperable<Derived1, Derived2, boost::iterators::detail::always_bool_t<Derived1, Derived2> >::type boost::iterators::operator!=(const iterator_facade<Derived1, V1, TC1, Reference1, Difference1>&, const iterator_facade<Derived2, V2, TC2, Reference2, Difference2>&) [with Derived1 = transform_iterator<boost::algorithm::detail::copy_iterator_rangeF<std::__cxx11::basic_string<char>, __gnu_cxx::__normal_iterator<const char*, std::__cxx11::basic_string<char> > >, boost::algorithm::split_iterator<__gnu_cxx::__normal_iterator<const char*, std::__cxx11::basic_string<char> > >, boost::use_default, boost::use_default>; V1 = std::__cxx11::basic_string<char>; TC1 = forward_traversal_tag; Reference1 = std::__cxx11::basic_string<char>; Difference1 = long int; Derived2 = transform_iterator<boost::algorithm::detail::copy_iterator_rangeF<std::__cxx11::basic_string<char>, __gnu_cxx::__normal_iterator<const char*, std::__cxx11::basic_string<char> > >, boost::algorithm::split_iterator<__gnu_cxx::__normal_iterator<const char*, std::__cxx11::basic_string<char> > >, boost::use_default, boost::use_default>; V2 = std::__cxx11::basic_string<char>; TC2 = forward_traversal_tag; Reference2 = std::__cxx11::basic_string<char>; Difference2 = long int; typename detail::enable_if_interoperable<Derived1, Derived2, detail::always_bool_t<Derived1, Derived2> >::type = bool; detail::always_bool_t<Derived1, Derived2> = bool]’
/usr/include/c++/13/bits/stl_vector.h:1671:21:   required from ‘void std::vector<_Tp, _Alloc>::_M_range_initialize(_InputIterator, _InputIterator, std::input_iterator_tag) [with _InputIterator = boost::iterators::transform_iterator<boost::algorithm::detail::copy_iterator_rangeF<std::__cxx11::basic_string<char>, __gnu_cxx::__normal_iterator<const char*, std::__cxx11::basic_string<char> > >, boost::algorithm::split_iterator<__gnu_cxx::__normal_iterator<const char*, std::__cxx11::basic_string<char> > >, boost::use_default, boost::use_default>; _Tp = std::__cxx11::basic_string<char>; _Alloc = std::allocator<std::__cxx11::basic_string<char> >]’
/usr/include/c++/13/bits/stl_vector.h:711:23:   required from ‘std::vector<_Tp, _Alloc>::vector(_InputIterator, _InputIterator, const allocator_type&) [with _InputIterator = boost::iterators::transform_iterator<boost::algorithm::detail::copy_iterator_rangeF<std::__cxx11::basic_string<char>, __gnu_cxx::__normal_iterator<const char*, std::__cxx11::basic_string<char> > >, boost::algorithm::split_iterator<__gnu_cxx::__normal_iterator<const char*, std::__cxx11::basic_string<char> > >, boost::use_default, boost::use_default>; <template-parameter-2-2> = void; _Tp = std::__cxx11::basic_string<char>; _Alloc = std::allocator<std::__cxx11::basic_string<char> >; allocator_type = std::allocator<std::__cxx11::basic_string<char> >]’
/mnt/library/BH/include/boost/algorithm/string/iter_find.hpp:186:31:   required from ‘SequenceSequenceT& boost::algorithm::iter_split(SequenceSequenceT&, RangeT&&, FinderT) [with SequenceSequenceT = std::vector<std::__cxx11::basic_string<char>, std::allocator<std::__cxx11::basic_string<char> > >; RangeT = const std::__cxx11::basic_string<char>&; FinderT = detail::token_finderF<detail::is_any_ofF<char> >]’
/mnt/library/BH/include/boost/algorithm/string/split.hpp:158:50:   required from ‘SequenceSequenceT& boost::algorithm::split(SequenceSequenceT&, RangeT&&, PredicateT, token_compress_mode_type) [with SequenceSequenceT = std::vector<std::__cxx11::basic_string<char>, std::allocator<std::__cxx11::basic_string<char> > >; RangeT = const std::__cxx11::basic_string<char>&; PredicateT = detail::is_any_ofF<char>]’
/mnt/library/cytolib/include/cytolib/compensation.hpp:55:15:   required from here
/mnt/library/BH/include/boost/concept/usage.hpp:20:48: warning: ‘this’ pointer is null [-Wnonnull]
   20 |     ~usage_requirements() { ((Model*)0)->~Model(); }
      |                             ~~~~~~~~~~~~~~~~~~~^~
/mnt/library/BH/include/boost/concept/usage.hpp:37:7: note: in a call to non-static member function ‘boost::EqualityComparable<TT>::~EqualityComparable() [with TT = __gnu_cxx::__normal_iterator<const char*, std::__cxx11::basic_string<char> >]’
   37 |       ~model()
      |       ^
/mnt/library/BH/include/boost/concept_check.hpp:233:5: note: in expansion of macro ‘BOOST_CONCEPT_USAGE’
  233 |     BOOST_CONCEPT_USAGE(EqualityComparable) {
      |     ^~~~~~~~~~~~~~~~~~~
/mnt/library/BH/include/boost/concept/usage.hpp: In instantiation of ‘boost::concepts::usage_requirements<Model>::~usage_requirements() [with Model = boost::Convertible<boost::iterators::random_access_traversal_tag, boost::iterators::single_pass_traversal_tag>]’:
/mnt/library/BH/include/boost/concept/detail/general.hpp:50:47:   required from ‘static void boost::concepts::requirement<boost::concepts::failed************ Model::************>::failed() [with Model = boost::concepts::usage_requirements<boost::Convertible<boost::iterators::random_access_traversal_tag, boost::iterators::single_pass_traversal_tag> >]’
/mnt/library/BH/include/boost/concept_check.hpp:208:5:   required from ‘struct boost::Convertible<boost::iterators::random_access_traversal_tag, boost::iterators::single_pass_traversal_tag>’
/mnt/library/BH/include/boost/concept/detail/has_constraints.hpp:32:62:   required by substitution of ‘template<class Model> boost::concepts::detail::yes boost::concepts::detail::has_constraints_(Model*, wrap_constraints<Model, (& Model::constraints)>*) [with Model = boost::Convertible<boost::iterators::random_access_traversal_tag, boost::iterators::single_pass_traversal_tag>]’
/mnt/library/BH/include/boost/concept/detail/has_constraints.hpp:42:5:   required from ‘const bool boost::concepts::not_satisfied<boost::Convertible<boost::iterators::random_access_traversal_tag, boost::iterators::single_pass_traversal_tag> >::value’
/mnt/library/BH/include/boost/concept/detail/has_constraints.hpp:45:51:   required from ‘struct boost::concepts::not_satisfied<boost::Convertible<boost::iterators::random_access_traversal_tag, boost::iterators::single_pass_traversal_tag> >’
/mnt/library/BH/include/boost/concept/detail/general.hpp:72:8:   [ skipping 18 instantiation contexts, use -ftemplate-backtrace-limit=0 to disable ]
/mnt/library/BH/include/boost/iterator/iterator_facade.hpp:824:1:   required from ‘typename boost::iterators::detail::enable_if_interoperable<Derived1, Derived2, boost::iterators::detail::always_bool_t<Derived1, Derived2> >::type boost::iterators::operator!=(const iterator_facade<Derived1, V1, TC1, Reference1, Difference1>&, const iterator_facade<Derived2, V2, TC2, Reference2, Difference2>&) [with Derived1 = transform_iterator<boost::algorithm::detail::copy_iterator_rangeF<std::__cxx11::basic_string<char>, __gnu_cxx::__normal_iterator<const char*, std::__cxx11::basic_string<char> > >, boost::algorithm::split_iterator<__gnu_cxx::__normal_iterator<const char*, std::__cxx11::basic_string<char> > >, boost::use_default, boost::use_default>; V1 = std::__cxx11::basic_string<char>; TC1 = forward_traversal_tag; Reference1 = std::__cxx11::basic_string<char>; Difference1 = long int; Derived2 = transform_iterator<boost::algorithm::detail::copy_iterator_rangeF<std::__cxx11::basic_string<char>, __gnu_cxx::__normal_iterator<const char*, std::__cxx11::basic_string<char> > >, boost::algorithm::split_iterator<__gnu_cxx::__normal_iterator<const char*, std::__cxx11::basic_string<char> > >, boost::use_default, boost::use_default>; V2 = std::__cxx11::basic_string<char>; TC2 = forward_traversal_tag; Reference2 = std::__cxx11::basic_string<char>; Difference2 = long int; typename detail::enable_if_interoperable<Derived1, Derived2, detail::always_bool_t<Derived1, Derived2> >::type = bool; detail::always_bool_t<Derived1, Derived2> = bool]’
/usr/include/c++/13/bits/stl_vector.h:1671:21:   required from ‘void std::vector<_Tp, _Alloc>::_M_range_initialize(_InputIterator, _InputIterator, std::input_iterator_tag) [with _InputIterator = boost::iterators::transform_iterator<boost::algorithm::detail::copy_iterator_rangeF<std::__cxx11::basic_string<char>, __gnu_cxx::__normal_iterator<const char*, std::__cxx11::basic_string<char> > >, boost::algorithm::split_iterator<__gnu_cxx::__normal_iterator<const char*, std::__cxx11::basic_string<char> > >, boost::use_default, boost::use_default>; _Tp = std::__cxx11::basic_string<char>; _Alloc = std::allocator<std::__cxx11::basic_string<char> >]’
/usr/include/c++/13/bits/stl_vector.h:711:23:   required from ‘std::vector<_Tp, _Alloc>::vector(_InputIterator, _InputIterator, const allocator_type&) [with _InputIterator = boost::iterators::transform_iterator<boost::algorithm::detail::copy_iterator_rangeF<std::__cxx11::basic_string<char>, __gnu_cxx::__normal_iterator<const char*, std::__cxx11::basic_string<char> > >, boost::algorithm::split_iterator<__gnu_cxx::__normal_iterator<const char*, std::__cxx11::basic_string<char> > >, boost::use_default, boost::use_default>; <template-parameter-2-2> = void; _Tp = std::__cxx11::basic_string<char>; _Alloc = std::allocator<std::__cxx11::basic_string<char> >; allocator_type = std::allocator<std::__cxx11::basic_string<char> >]’
/mnt/library/BH/include/boost/algorithm/string/iter_find.hpp:186:31:   required from ‘SequenceSequenceT& boost::algorithm::iter_split(SequenceSequenceT&, RangeT&&, FinderT) [with SequenceSequenceT = std::vector<std::__cxx11::basic_string<char>, std::allocator<std::__cxx11::basic_string<char> > >; RangeT = const std::__cxx11::basic_string<char>&; FinderT = detail::token_finderF<detail::is_any_ofF<char> >]’
/mnt/library/BH/include/boost/algorithm/string/split.hpp:158:50:   required from ‘SequenceSequenceT& boost::algorithm::split(SequenceSequenceT&, RangeT&&, PredicateT, token_compress_mode_type) [with SequenceSequenceT = std::vector<std::__cxx11::basic_string<char>, std::allocator<std::__cxx11::basic_string<char> > >; RangeT = const std::__cxx11::basic_string<char>&; PredicateT = detail::is_any_ofF<char>]’
/mnt/library/cytolib/include/cytolib/compensation.hpp:55:15:   required from here
/mnt/library/BH/include/boost/concept/usage.hpp:20:48: warning: ‘this’ pointer is null [-Wnonnull]
   20 |     ~usage_requirements() { ((Model*)0)->~Model(); }
      |                             ~~~~~~~~~~~~~~~~~~~^~
/mnt/library/BH/include/boost/concept/usage.hpp:37:7: note: in a call to non-static member function ‘boost::Convertible<X, Y>::~Convertible() [with X = boost::iterators::random_access_traversal_tag; Y = boost::iterators::single_pass_traversal_tag]’
   37 |       ~model()
      |       ^
/mnt/library/BH/include/boost/concept_check.hpp:208:5: note: in expansion of macro ‘BOOST_CONCEPT_USAGE’
  208 |     BOOST_CONCEPT_USAGE(Convertible) {
      |     ^~~~~~~~~~~~~~~~~~~
/mnt/library/BH/include/boost/concept/usage.hpp: In instantiation of ‘boost::concepts::usage_requirements<Model>::~usage_requirements() [with Model = boost::range_detail::SinglePassIteratorConcept<__gnu_cxx::__normal_iterator<const char*, std::__cxx11::basic_string<char> > >]’:
/mnt/library/BH/include/boost/concept/detail/general.hpp:50:47:   required from ‘static void boost::concepts::requirement<boost::concepts::failed************ Model::************>::failed() [with Model = boost::concepts::usage_requirements<boost::range_detail::SinglePassIteratorConcept<__gnu_cxx::__normal_iterator<const char*, std::__cxx11::basic_string<char> > > >]’
/mnt/library/BH/include/boost/range/concepts.hpp:160:13:   required from ‘struct boost::range_detail::SinglePassIteratorConcept<__gnu_cxx::__normal_iterator<const char*, std::__cxx11::basic_string<char> > >’
/mnt/library/BH/include/boost/concept/detail/has_constraints.hpp:32:62:   required by substitution of ‘template<class Model> boost::concepts::detail::yes boost::concepts::detail::has_constraints_(Model*, wrap_constraints<Model, (& Model::constraints)>*) [with Model = boost::range_detail::SinglePassIteratorConcept<__gnu_cxx::__normal_iterator<const char*, std::__cxx11::basic_string<char> > >]’
/mnt/library/BH/include/boost/concept/detail/has_constraints.hpp:42:5:   required from ‘const bool boost::concepts::not_satisfied<boost::range_detail::SinglePassIteratorConcept<__gnu_cxx::__normal_iterator<const char*, std::__cxx11::basic_string<char> > > >::value’
/mnt/library/BH/include/boost/concept/detail/has_constraints.hpp:45:51:   required from ‘struct boost::concepts::not_satisfied<boost::range_detail::SinglePassIteratorConcept<__gnu_cxx::__normal_iterator<const char*, std::__cxx11::basic_string<char> > > >’
/mnt/library/BH/include/boost/concept/detail/general.hpp:72:8:   [ skipping 13 instantiation contexts, use -ftemplate-backtrace-limit=0 to disable ]
/mnt/library/BH/include/boost/iterator/iterator_facade.hpp:824:1:   required from ‘typename boost::iterators::detail::enable_if_interoperable<Derived1, Derived2, boost::iterators::detail::always_bool_t<Derived1, Derived2> >::type boost::iterators::operator!=(const iterator_facade<Derived1, V1, TC1, Reference1, Difference1>&, const iterator_facade<Derived2, V2, TC2, Reference2, Difference2>&) [with Derived1 = transform_iterator<boost::algorithm::detail::copy_iterator_rangeF<std::__cxx11::basic_string<char>, __gnu_cxx::__normal_iterator<const char*, std::__cxx11::basic_string<char> > >, boost::algorithm::split_iterator<__gnu_cxx::__normal_iterator<const char*, std::__cxx11::basic_string<char> > >, boost::use_default, boost::use_default>; V1 = std::__cxx11::basic_string<char>; TC1 = forward_traversal_tag; Reference1 = std::__cxx11::basic_string<char>; Difference1 = long int; Derived2 = transform_iterator<boost::algorithm::detail::copy_iterator_rangeF<std::__cxx11::basic_string<char>, __gnu_cxx::__normal_iterator<const char*, std::__cxx11::basic_string<char> > >, boost::algorithm::split_iterator<__gnu_cxx::__normal_iterator<const char*, std::__cxx11::basic_string<char> > >, boost::use_default, boost::use_default>; V2 = std::__cxx11::basic_string<char>; TC2 = forward_traversal_tag; Reference2 = std::__cxx11::basic_string<char>; Difference2 = long int; typename detail::enable_if_interoperable<Derived1, Derived2, detail::always_bool_t<Derived1, Derived2> >::type = bool; detail::always_bool_t<Derived1, Derived2> = bool]’
/usr/include/c++/13/bits/stl_vector.h:1671:21:   required from ‘void std::vector<_Tp, _Alloc>::_M_range_initialize(_InputIterator, _InputIterator, std::input_iterator_tag) [with _InputIterator = boost::iterators::transform_iterator<boost::algorithm::detail::copy_iterator_rangeF<std::__cxx11::basic_string<char>, __gnu_cxx::__normal_iterator<const char*, std::__cxx11::basic_string<char> > >, boost::algorithm::split_iterator<__gnu_cxx::__normal_iterator<const char*, std::__cxx11::basic_string<char> > >, boost::use_default, boost::use_default>; _Tp = std::__cxx11::basic_string<char>; _Alloc = std::allocator<std::__cxx11::basic_string<char> >]’
/usr/include/c++/13/bits/stl_vector.h:711:23:   required from ‘std::vector<_Tp, _Alloc>::vector(_InputIterator, _InputIterator, const allocator_type&) [with _InputIterator = boost::iterators::transform_iterator<boost::algorithm::detail::copy_iterator_rangeF<std::__cxx11::basic_string<char>, __gnu_cxx::__normal_iterator<const char*, std::__cxx11::basic_string<char> > >, boost::algorithm::split_iterator<__gnu_cxx::__normal_iterator<const char*, std::__cxx11::basic_string<char> > >, boost::use_default, boost::use_default>; <template-parameter-2-2> = void; _Tp = std::__cxx11::basic_string<char>; _Alloc = std::allocator<std::__cxx11::basic_string<char> >; allocator_type = std::allocator<std::__cxx11::basic_string<char> >]’
/mnt/library/BH/include/boost/algorithm/string/iter_find.hpp:186:31:   required from ‘SequenceSequenceT& boost::algorithm::iter_split(SequenceSequenceT&, RangeT&&, FinderT) [with SequenceSequenceT = std::vector<std::__cxx11::basic_string<char>, std::allocator<std::__cxx11::basic_string<char> > >; RangeT = const std::__cxx11::basic_string<char>&; FinderT = detail::token_finderF<detail::is_any_ofF<char> >]’
/mnt/library/BH/include/boost/algorithm/string/split.hpp:158:50:   required from ‘SequenceSequenceT& boost::algorithm::split(SequenceSequenceT&, RangeT&&, PredicateT, token_compress_mode_type) [with SequenceSequenceT = std::vector<std::__cxx11::basic_string<char>, std::allocator<std::__cxx11::basic_string<char> > >; RangeT = const std::__cxx11::basic_string<char>&; PredicateT = detail::is_any_ofF<char>]’
/mnt/library/cytolib/include/cytolib/compensation.hpp:55:15:   required from here
/mnt/library/BH/include/boost/concept/usage.hpp:20:48: warning: ‘this’ pointer is null [-Wnonnull]
   20 |     ~usage_requirements() { ((Model*)0)->~Model(); }
      |                             ~~~~~~~~~~~~~~~~~~~^~
/mnt/library/BH/include/boost/concept/usage.hpp:37:7: note: in a call to non-static member function ‘boost::range_detail::SinglePassIteratorConcept<Iterator>::~SinglePassIteratorConcept() [with Iterator = __gnu_cxx::__normal_iterator<const char*, std::__cxx11::basic_string<char> >]’
   37 |       ~model()
      |       ^
/mnt/library/BH/include/boost/range/concepts.hpp:160:13: note: in expansion of macro ‘BOOST_CONCEPT_USAGE’
  160 |             BOOST_CONCEPT_USAGE(SinglePassIteratorConcept)
      |             ^~~~~~~~~~~~~~~~~~~
/mnt/library/BH/include/boost/concept/usage.hpp: In instantiation of ‘boost::concepts::usage_requirements<Model>::~usage_requirements() [with Model = boost::SinglePassRangeConcept<const boost::iterator_range<__gnu_cxx::__normal_iterator<const char*, std::__cxx11::basic_string<char> > > >]’:
/mnt/library/BH/include/boost/concept/detail/general.hpp:50:47:   required from ‘static void boost::concepts::requirement<boost::concepts::failed************ Model::************>::failed() [with Model = boost::concepts::usage_requirements<boost::SinglePassRangeConcept<const boost::iterator_range<__gnu_cxx::__normal_iterator<const char*, std::__cxx11::basic_string<char> > > > >]’
/mnt/library/BH/include/boost/range/concepts.hpp:286:9:   required from ‘struct boost::SinglePassRangeConcept<const boost::iterator_range<__gnu_cxx::__normal_iterator<const char*, std::__cxx11::basic_string<char> > > >’
/mnt/library/BH/include/boost/concept/detail/has_constraints.hpp:32:62:   required by substitution of ‘template<class Model> boost::concepts::detail::yes boost::concepts::detail::has_constraints_(Model*, wrap_constraints<Model, (& Model::constraints)>*) [with Model = boost::SinglePassRangeConcept<const boost::iterator_range<__gnu_cxx::__normal_iterator<const char*, std::__cxx11::basic_string<char> > > >]’
/mnt/library/BH/include/boost/concept/detail/has_constraints.hpp:42:5:   required from ‘const bool boost::concepts::not_satisfied<boost::SinglePassRangeConcept<const boost::iterator_range<__gnu_cxx::__normal_iterator<const char*, std::__cxx11::basic_string<char> > > > >::value’
/mnt/library/BH/include/boost/concept/detail/has_constraints.hpp:45:51:   required from ‘struct boost::concepts::not_satisfied<boost::SinglePassRangeConcept<const boost::iterator_range<__gnu_cxx::__normal_iterator<const char*, std::__cxx11::basic_string<char> > > > >’
/mnt/library/BH/include/boost/concept/detail/general.hpp:72:8:   [ skipping 8 instantiation contexts, use -ftemplate-backtrace-limit=0 to disable ]
/mnt/library/BH/include/boost/iterator/iterator_facade.hpp:824:1:   required from ‘typename boost::iterators::detail::enable_if_interoperable<Derived1, Derived2, boost::iterators::detail::always_bool_t<Derived1, Derived2> >::type boost::iterators::operator!=(const iterator_facade<Derived1, V1, TC1, Reference1, Difference1>&, const iterator_facade<Derived2, V2, TC2, Reference2, Difference2>&) [with Derived1 = transform_iterator<boost::algorithm::detail::copy_iterator_rangeF<std::__cxx11::basic_string<char>, __gnu_cxx::__normal_iterator<const char*, std::__cxx11::basic_string<char> > >, boost::algorithm::split_iterator<__gnu_cxx::__normal_iterator<const char*, std::__cxx11::basic_string<char> > >, boost::use_default, boost::use_default>; V1 = std::__cxx11::basic_string<char>; TC1 = forward_traversal_tag; Reference1 = std::__cxx11::basic_string<char>; Difference1 = long int; Derived2 = transform_iterator<boost::algorithm::detail::copy_iterator_rangeF<std::__cxx11::basic_string<char>, __gnu_cxx::__normal_iterator<const char*, std::__cxx11::basic_string<char> > >, boost::algorithm::split_iterator<__gnu_cxx::__normal_iterator<const char*, std::__cxx11::basic_string<char> > >, boost::use_default, boost::use_default>; V2 = std::__cxx11::basic_string<char>; TC2 = forward_traversal_tag; Reference2 = std::__cxx11::basic_string<char>; Difference2 = long int; typename detail::enable_if_interoperable<Derived1, Derived2, detail::always_bool_t<Derived1, Derived2> >::type = bool; detail::always_bool_t<Derived1, Derived2> = bool]’
/usr/include/c++/13/bits/stl_vector.h:1671:21:   required from ‘void std::vector<_Tp, _Alloc>::_M_range_initialize(_InputIterator, _InputIterator, std::input_iterator_tag) [with _InputIterator = boost::iterators::transform_iterator<boost::algorithm::detail::copy_iterator_rangeF<std::__cxx11::basic_string<char>, __gnu_cxx::__normal_iterator<const char*, std::__cxx11::basic_string<char> > >, boost::algorithm::split_iterator<__gnu_cxx::__normal_iterator<const char*, std::__cxx11::basic_string<char> > >, boost::use_default, boost::use_default>; _Tp = std::__cxx11::basic_string<char>; _Alloc = std::allocator<std::__cxx11::basic_string<char> >]’
/usr/include/c++/13/bits/stl_vector.h:711:23:   required from ‘std::vector<_Tp, _Alloc>::vector(_InputIterator, _InputIterator, const allocator_type&) [with _InputIterator = boost::iterators::transform_iterator<boost::algorithm::detail::copy_iterator_rangeF<std::__cxx11::basic_string<char>, __gnu_cxx::__normal_iterator<const char*, std::__cxx11::basic_string<char> > >, boost::algorithm::split_iterator<__gnu_cxx::__normal_iterator<const char*, std::__cxx11::basic_string<char> > >, boost::use_default, boost::use_default>; <template-parameter-2-2> = void; _Tp = std::__cxx11::basic_string<char>; _Alloc = std::allocator<std::__cxx11::basic_string<char> >; allocator_type = std::allocator<std::__cxx11::basic_string<char> >]’
/mnt/library/BH/include/boost/algorithm/string/iter_find.hpp:186:31:   required from ‘SequenceSequenceT& boost::algorithm::iter_split(SequenceSequenceT&, RangeT&&, FinderT) [with SequenceSequenceT = std::vector<std::__cxx11::basic_string<char>, std::allocator<std::__cxx11::basic_string<char> > >; RangeT = const std::__cxx11::basic_string<char>&; FinderT = detail::token_finderF<detail::is_any_ofF<char> >]’
/mnt/library/BH/include/boost/algorithm/string/split.hpp:158:50:   required from ‘SequenceSequenceT& boost::algorithm::split(SequenceSequenceT&, RangeT&&, PredicateT, token_compress_mode_type) [with SequenceSequenceT = std::vector<std::__cxx11::basic_string<char>, std::allocator<std::__cxx11::basic_string<char> > >; RangeT = const std::__cxx11::basic_string<char>&; PredicateT = detail::is_any_ofF<char>]’
/mnt/library/cytolib/include/cytolib/compensation.hpp:55:15:   required from here
/mnt/library/BH/include/boost/concept/usage.hpp:20:48: warning: ‘this’ pointer is null [-Wnonnull]
   20 |     ~usage_requirements() { ((Model*)0)->~Model(); }
      |                             ~~~~~~~~~~~~~~~~~~~^~
/mnt/library/BH/include/boost/concept/usage.hpp:37:7: note: in a call to non-static member function ‘boost::SinglePassRangeConcept<T>::~SinglePassRangeConcept() [with T = const boost::iterator_range<__gnu_cxx::__normal_iterator<const char*, std::__cxx11::basic_string<char> > >]’
   37 |       ~model()
      |       ^
/mnt/library/BH/include/boost/range/concepts.hpp:286:9: note: in expansion of macro ‘BOOST_CONCEPT_USAGE’
  286 |         BOOST_CONCEPT_USAGE(SinglePassRangeConcept)
      |         ^~~~~~~~~~~~~~~~~~~
/mnt/library/BH/include/boost/concept/usage.hpp: In instantiation of ‘boost::concepts::usage_requirements<Model>::~usage_requirements() [with Model = boost::CopyConstructible<__gnu_cxx::__normal_iterator<char*, std::__cxx11::basic_string<char> > >]’:
/mnt/library/BH/include/boost/concept/detail/general.hpp:50:47:   required from ‘static void boost::concepts::requirement<boost::concepts::failed************ Model::************>::failed() [with Model = boost::concepts::usage_requirements<boost::CopyConstructible<__gnu_cxx::__normal_iterator<char*, std::__cxx11::basic_string<char> > > >]’
/mnt/library/BH/include/boost/concept_check.hpp:167:5:   required from ‘struct boost::CopyConstructible<__gnu_cxx::__normal_iterator<char*, std::__cxx11::basic_string<char> > >’
/mnt/library/BH/include/boost/range/concepts.hpp:127:16:   required from ‘struct boost::range_detail::IncrementableIteratorConcept<__gnu_cxx::__normal_iterator<char*, std::__cxx11::basic_string<char> > >’
/mnt/library/BH/include/boost/range/concepts.hpp:149:16:   required from ‘struct boost::range_detail::SinglePassIteratorConcept<__gnu_cxx::__normal_iterator<char*, std::__cxx11::basic_string<char> > >’
/mnt/library/BH/include/boost/concept/detail/has_constraints.hpp:32:62:   required by substitution of ‘template<class Model> boost::concepts::detail::yes boost::concepts::detail::has_constraints_(Model*, wrap_constraints<Model, (& Model::constraints)>*) [with Model = boost::range_detail::SinglePassIteratorConcept<__gnu_cxx::__normal_iterator<char*, std::__cxx11::basic_string<char> > >]’
/mnt/library/BH/include/boost/concept/detail/has_constraints.hpp:42:5:   [ skipping 15 instantiation contexts, use -ftemplate-backtrace-limit=0 to disable ]
/mnt/library/BH/include/boost/iterator/iterator_facade.hpp:824:1:   required from ‘typename boost::iterators::detail::enable_if_interoperable<Derived1, Derived2, boost::iterators::detail::always_bool_t<Derived1, Derived2> >::type boost::iterators::operator!=(const iterator_facade<Derived1, V1, TC1, Reference1, Difference1>&, const iterator_facade<Derived2, V2, TC2, Reference2, Difference2>&) [with Derived1 = transform_iterator<boost::algorithm::detail::copy_iterator_rangeF<std::__cxx11::basic_string<char>, __gnu_cxx::__normal_iterator<char*, std::__cxx11::basic_string<char> > >, boost::algorithm::split_iterator<__gnu_cxx::__normal_iterator<char*, std::__cxx11::basic_string<char> > >, boost::use_default, boost::use_default>; V1 = std::__cxx11::basic_string<char>; TC1 = forward_traversal_tag; Reference1 = std::__cxx11::basic_string<char>; Difference1 = long int; Derived2 = transform_iterator<boost::algorithm::detail::copy_iterator_rangeF<std::__cxx11::basic_string<char>, __gnu_cxx::__normal_iterator<char*, std::__cxx11::basic_string<char> > >, boost::algorithm::split_iterator<__gnu_cxx::__normal_iterator<char*, std::__cxx11::basic_string<char> > >, boost::use_default, boost::use_default>; V2 = std::__cxx11::basic_string<char>; TC2 = forward_traversal_tag; Reference2 = std::__cxx11::basic_string<char>; Difference2 = long int; typename detail::enable_if_interoperable<Derived1, Derived2, detail::always_bool_t<Derived1, Derived2> >::type = bool; detail::always_bool_t<Derived1, Derived2> = bool]’
/usr/include/c++/13/bits/stl_vector.h:1671:21:   required from ‘void std::vector<_Tp, _Alloc>::_M_range_initialize(_InputIterator, _InputIterator, std::input_iterator_tag) [with _InputIterator = boost::iterators::transform_iterator<boost::algorithm::detail::copy_iterator_rangeF<std::__cxx11::basic_string<char>, __gnu_cxx::__normal_iterator<char*, std::__cxx11::basic_string<char> > >, boost::algorithm::split_iterator<__gnu_cxx::__normal_iterator<char*, std::__cxx11::basic_string<char> > >, boost::use_default, boost::use_default>; _Tp = std::__cxx11::basic_string<char>; _Alloc = std::allocator<std::__cxx11::basic_string<char> >]’
/usr/include/c++/13/bits/stl_vector.h:711:23:   required from ‘std::vector<_Tp, _Alloc>::vector(_InputIterator, _InputIterator, const allocator_type&) [with _InputIterator = boost::iterators::transform_iterator<boost::algorithm::detail::copy_iterator_rangeF<std::__cxx11::basic_string<char>, __gnu_cxx::__normal_iterator<char*, std::__cxx11::basic_string<char> > >, boost::algorithm::split_iterator<__gnu_cxx::__normal_iterator<char*, std::__cxx11::basic_string<char> > >, boost::use_default, boost::use_default>; <template-parameter-2-2> = void; _Tp = std::__cxx11::basic_string<char>; _Alloc = std::allocator<std::__cxx11::basic_string<char> >; allocator_type = std::allocator<std::__cxx11::basic_string<char> >]’
/mnt/library/BH/include/boost/algorithm/string/iter_find.hpp:186:31:   required from ‘SequenceSequenceT& boost::algorithm::iter_split(SequenceSequenceT&, RangeT&&, FinderT) [with SequenceSequenceT = std::vector<std::__cxx11::basic_string<char>, std::allocator<std::__cxx11::basic_string<char> > >; RangeT = std::__cxx11::basic_string<char>&; FinderT = detail::token_finderF<detail::is_any_ofF<char> >]’
/mnt/library/BH/include/boost/algorithm/string/split.hpp:158:50:   required from ‘SequenceSequenceT& boost::algorithm::split(SequenceSequenceT&, RangeT&&, PredicateT, token_compress_mode_type) [with SequenceSequenceT = std::vector<std::__cxx11::basic_string<char>, std::allocator<std::__cxx11::basic_string<char> > >; RangeT = std::__cxx11::basic_string<char>&; PredicateT = detail::is_any_ofF<char>]’
../inst/include/CytoML/workspace.hpp:98:17:   required from here
/mnt/library/BH/include/boost/concept/usage.hpp:20:48: warning: ‘this’ pointer is null [-Wnonnull]
   20 |     ~usage_requirements() { ((Model*)0)->~Model(); }
      |                             ~~~~~~~~~~~~~~~~~~~^~
/mnt/library/BH/include/boost/concept/usage.hpp:37:7: note: in a call to non-static member function ‘boost::CopyConstructible<TT>::~CopyConstructible() [with TT = __gnu_cxx::__normal_iterator<char*, std::__cxx11::basic_string<char> >]’
   37 |       ~model()
      |       ^
/mnt/library/BH/include/boost/concept_check.hpp:167:5: note: in expansion of macro ‘BOOST_CONCEPT_USAGE’
  167 |     BOOST_CONCEPT_USAGE(CopyConstructible) {
      |     ^~~~~~~~~~~~~~~~~~~
/mnt/library/BH/include/boost/concept/usage.hpp: In instantiation of ‘boost::concepts::usage_requirements<Model>::~usage_requirements() [with Model = boost::range_detail::IncrementableIteratorConcept<__gnu_cxx::__normal_iterator<char*, std::__cxx11::basic_string<char> > >]’:
/mnt/library/BH/include/boost/concept/detail/general.hpp:50:47:   required from ‘static void boost::concepts::requirement<boost::concepts::failed************ Model::************>::failed() [with Model = boost::concepts::usage_requirements<boost::range_detail::IncrementableIteratorConcept<__gnu_cxx::__normal_iterator<char*, std::__cxx11::basic_string<char> > > >]’
/mnt/library/BH/include/boost/range/concepts.hpp:138:13:   required from ‘struct boost::range_detail::IncrementableIteratorConcept<__gnu_cxx::__normal_iterator<char*, std::__cxx11::basic_string<char> > >’
/mnt/library/BH/include/boost/range/concepts.hpp:149:16:   required from ‘struct boost::range_detail::SinglePassIteratorConcept<__gnu_cxx::__normal_iterator<char*, std::__cxx11::basic_string<char> > >’
/mnt/library/BH/include/boost/concept/detail/has_constraints.hpp:32:62:   required by substitution of ‘template<class Model> boost::concepts::detail::yes boost::concepts::detail::has_constraints_(Model*, wrap_constraints<Model, (& Model::constraints)>*) [with Model = boost::range_detail::SinglePassIteratorConcept<__gnu_cxx::__normal_iterator<char*, std::__cxx11::basic_string<char> > >]’
/mnt/library/BH/include/boost/concept/detail/has_constraints.hpp:42:5:   required from ‘const bool boost::concepts::not_satisfied<boost::range_detail::SinglePassIteratorConcept<__gnu_cxx::__normal_iterator<char*, std::__cxx11::basic_string<char> > > >::value’
/mnt/library/BH/include/boost/concept/detail/has_constraints.hpp:45:51:   [ skipping 14 instantiation contexts, use -ftemplate-backtrace-limit=0 to disable ]
/mnt/library/BH/include/boost/iterator/iterator_facade.hpp:824:1:   required from ‘typename boost::iterators::detail::enable_if_interoperable<Derived1, Derived2, boost::iterators::detail::always_bool_t<Derived1, Derived2> >::type boost::iterators::operator!=(const iterator_facade<Derived1, V1, TC1, Reference1, Difference1>&, const iterator_facade<Derived2, V2, TC2, Reference2, Difference2>&) [with Derived1 = transform_iterator<boost::algorithm::detail::copy_iterator_rangeF<std::__cxx11::basic_string<char>, __gnu_cxx::__normal_iterator<char*, std::__cxx11::basic_string<char> > >, boost::algorithm::split_iterator<__gnu_cxx::__normal_iterator<char*, std::__cxx11::basic_string<char> > >, boost::use_default, boost::use_default>; V1 = std::__cxx11::basic_string<char>; TC1 = forward_traversal_tag; Reference1 = std::__cxx11::basic_string<char>; Difference1 = long int; Derived2 = transform_iterator<boost::algorithm::detail::copy_iterator_rangeF<std::__cxx11::basic_string<char>, __gnu_cxx::__normal_iterator<char*, std::__cxx11::basic_string<char> > >, boost::algorithm::split_iterator<__gnu_cxx::__normal_iterator<char*, std::__cxx11::basic_string<char> > >, boost::use_default, boost::use_default>; V2 = std::__cxx11::basic_string<char>; TC2 = forward_traversal_tag; Reference2 = std::__cxx11::basic_string<char>; Difference2 = long int; typename detail::enable_if_interoperable<Derived1, Derived2, detail::always_bool_t<Derived1, Derived2> >::type = bool; detail::always_bool_t<Derived1, Derived2> = bool]’
/usr/include/c++/13/bits/stl_vector.h:1671:21:   required from ‘void std::vector<_Tp, _Alloc>::_M_range_initialize(_InputIterator, _InputIterator, std::input_iterator_tag) [with _InputIterator = boost::iterators::transform_iterator<boost::algorithm::detail::copy_iterator_rangeF<std::__cxx11::basic_string<char>, __gnu_cxx::__normal_iterator<char*, std::__cxx11::basic_string<char> > >, boost::algorithm::split_iterator<__gnu_cxx::__normal_iterator<char*, std::__cxx11::basic_string<char> > >, boost::use_default, boost::use_default>; _Tp = std::__cxx11::basic_string<char>; _Alloc = std::allocator<std::__cxx11::basic_string<char> >]’
/usr/include/c++/13/bits/stl_vector.h:711:23:   required from ‘std::vector<_Tp, _Alloc>::vector(_InputIterator, _InputIterator, const allocator_type&) [with _InputIterator = boost::iterators::transform_iterator<boost::algorithm::detail::copy_iterator_rangeF<std::__cxx11::basic_string<char>, __gnu_cxx::__normal_iterator<char*, std::__cxx11::basic_string<char> > >, boost::algorithm::split_iterator<__gnu_cxx::__normal_iterator<char*, std::__cxx11::basic_string<char> > >, boost::use_default, boost::use_default>; <template-parameter-2-2> = void; _Tp = std::__cxx11::basic_string<char>; _Alloc = std::allocator<std::__cxx11::basic_string<char> >; allocator_type = std::allocator<std::__cxx11::basic_string<char> >]’
/mnt/library/BH/include/boost/algorithm/string/iter_find.hpp:186:31:   required from ‘SequenceSequenceT& boost::algorithm::iter_split(SequenceSequenceT&, RangeT&&, FinderT) [with SequenceSequenceT = std::vector<std::__cxx11::basic_string<char>, std::allocator<std::__cxx11::basic_string<char> > >; RangeT = std::__cxx11::basic_string<char>&; FinderT = detail::token_finderF<detail::is_any_ofF<char> >]’
/mnt/library/BH/include/boost/algorithm/string/split.hpp:158:50:   required from ‘SequenceSequenceT& boost::algorithm::split(SequenceSequenceT&, RangeT&&, PredicateT, token_compress_mode_type) [with SequenceSequenceT = std::vector<std::__cxx11::basic_string<char>, std::allocator<std::__cxx11::basic_string<char> > >; RangeT = std::__cxx11::basic_string<char>&; PredicateT = detail::is_any_ofF<char>]’
../inst/include/CytoML/workspace.hpp:98:17:   required from here
/mnt/library/BH/include/boost/concept/usage.hpp:20:48: warning: ‘this’ pointer is null [-Wnonnull]
   20 |     ~usage_requirements() { ((Model*)0)->~Model(); }
      |                             ~~~~~~~~~~~~~~~~~~~^~
/mnt/library/BH/include/boost/concept/usage.hpp:37:7: note: in a call to non-static member function ‘boost::range_detail::IncrementableIteratorConcept<Iterator>::~IncrementableIteratorConcept() [with Iterator = __gnu_cxx::__normal_iterator<char*, std::__cxx11::basic_string<char> >]’
   37 |       ~model()
      |       ^
/mnt/library/BH/include/boost/range/concepts.hpp:138:13: note: in expansion of macro ‘BOOST_CONCEPT_USAGE’
  138 |             BOOST_CONCEPT_USAGE(IncrementableIteratorConcept)
      |             ^~~~~~~~~~~~~~~~~~~
/mnt/library/BH/include/boost/concept/usage.hpp: In instantiation of ‘boost::concepts::usage_requirements<Model>::~usage_requirements() [with Model = boost::EqualityComparable<__gnu_cxx::__normal_iterator<char*, std::__cxx11::basic_string<char> > >]’:
/mnt/library/BH/include/boost/concept/detail/general.hpp:50:47:   required from ‘static void boost::concepts::requirement<boost::concepts::failed************ Model::************>::failed() [with Model = boost::concepts::usage_requirements<boost::EqualityComparable<__gnu_cxx::__normal_iterator<char*, std::__cxx11::basic_string<char> > > >]’
/mnt/library/BH/include/boost/concept_check.hpp:233:5:   required from ‘struct boost::EqualityComparable<__gnu_cxx::__normal_iterator<char*, std::__cxx11::basic_string<char> > >’
/mnt/library/BH/include/boost/range/concepts.hpp:149:16:   required from ‘struct boost::range_detail::SinglePassIteratorConcept<__gnu_cxx::__normal_iterator<char*, std::__cxx11::basic_string<char> > >’
/mnt/library/BH/include/boost/concept/detail/has_constraints.hpp:32:62:   required by substitution of ‘template<class Model> boost::concepts::detail::yes boost::concepts::detail::has_constraints_(Model*, wrap_constraints<Model, (& Model::constraints)>*) [with Model = boost::range_detail::SinglePassIteratorConcept<__gnu_cxx::__normal_iterator<char*, std::__cxx11::basic_string<char> > >]’
/mnt/library/BH/include/boost/concept/detail/has_constraints.hpp:42:5:   required from ‘const bool boost::concepts::not_satisfied<boost::range_detail::SinglePassIteratorConcept<__gnu_cxx::__normal_iterator<char*, std::__cxx11::basic_string<char> > > >::value’
/mnt/library/BH/include/boost/concept/detail/has_constraints.hpp:45:51:   [ skipping 14 instantiation contexts, use -ftemplate-backtrace-limit=0 to disable ]
/mnt/library/BH/include/boost/iterator/iterator_facade.hpp:824:1:   required from ‘typename boost::iterators::detail::enable_if_interoperable<Derived1, Derived2, boost::iterators::detail::always_bool_t<Derived1, Derived2> >::type boost::iterators::operator!=(const iterator_facade<Derived1, V1, TC1, Reference1, Difference1>&, const iterator_facade<Derived2, V2, TC2, Reference2, Difference2>&) [with Derived1 = transform_iterator<boost::algorithm::detail::copy_iterator_rangeF<std::__cxx11::basic_string<char>, __gnu_cxx::__normal_iterator<char*, std::__cxx11::basic_string<char> > >, boost::algorithm::split_iterator<__gnu_cxx::__normal_iterator<char*, std::__cxx11::basic_string<char> > >, boost::use_default, boost::use_default>; V1 = std::__cxx11::basic_string<char>; TC1 = forward_traversal_tag; Reference1 = std::__cxx11::basic_string<char>; Difference1 = long int; Derived2 = transform_iterator<boost::algorithm::detail::copy_iterator_rangeF<std::__cxx11::basic_string<char>, __gnu_cxx::__normal_iterator<char*, std::__cxx11::basic_string<char> > >, boost::algorithm::split_iterator<__gnu_cxx::__normal_iterator<char*, std::__cxx11::basic_string<char> > >, boost::use_default, boost::use_default>; V2 = std::__cxx11::basic_string<char>; TC2 = forward_traversal_tag; Reference2 = std::__cxx11::basic_string<char>; Difference2 = long int; typename detail::enable_if_interoperable<Derived1, Derived2, detail::always_bool_t<Derived1, Derived2> >::type = bool; detail::always_bool_t<Derived1, Derived2> = bool]’
/usr/include/c++/13/bits/stl_vector.h:1671:21:   required from ‘void std::vector<_Tp, _Alloc>::_M_range_initialize(_InputIterator, _InputIterator, std::input_iterator_tag) [with _InputIterator = boost::iterators::transform_iterator<boost::algorithm::detail::copy_iterator_rangeF<std::__cxx11::basic_string<char>, __gnu_cxx::__normal_iterator<char*, std::__cxx11::basic_string<char> > >, boost::algorithm::split_iterator<__gnu_cxx::__normal_iterator<char*, std::__cxx11::basic_string<char> > >, boost::use_default, boost::use_default>; _Tp = std::__cxx11::basic_string<char>; _Alloc = std::allocator<std::__cxx11::basic_string<char> >]’
/usr/include/c++/13/bits/stl_vector.h:711:23:   required from ‘std::vector<_Tp, _Alloc>::vector(_InputIterator, _InputIterator, const allocator_type&) [with _InputIterator = boost::iterators::transform_iterator<boost::algorithm::detail::copy_iterator_rangeF<std::__cxx11::basic_string<char>, __gnu_cxx::__normal_iterator<char*, std::__cxx11::basic_string<char> > >, boost::algorithm::split_iterator<__gnu_cxx::__normal_iterator<char*, std::__cxx11::basic_string<char> > >, boost::use_default, boost::use_default>; <template-parameter-2-2> = void; _Tp = std::__cxx11::basic_string<char>; _Alloc = std::allocator<std::__cxx11::basic_string<char> >; allocator_type = std::allocator<std::__cxx11::basic_string<char> >]’
/mnt/library/BH/include/boost/algorithm/string/iter_find.hpp:186:31:   required from ‘SequenceSequenceT& boost::algorithm::iter_split(SequenceSequenceT&, RangeT&&, FinderT) [with SequenceSequenceT = std::vector<std::__cxx11::basic_string<char>, std::allocator<std::__cxx11::basic_string<char> > >; RangeT = std::__cxx11::basic_string<char>&; FinderT = detail::token_finderF<detail::is_any_ofF<char> >]’
/mnt/library/BH/include/boost/algorithm/string/split.hpp:158:50:   required from ‘SequenceSequenceT& boost::algorithm::split(SequenceSequenceT&, RangeT&&, PredicateT, token_compress_mode_type) [with SequenceSequenceT = std::vector<std::__cxx11::basic_string<char>, std::allocator<std::__cxx11::basic_string<char> > >; RangeT = std::__cxx11::basic_string<char>&; PredicateT = detail::is_any_ofF<char>]’
../inst/include/CytoML/workspace.hpp:98:17:   required from here
/mnt/library/BH/include/boost/concept/usage.hpp:20:48: warning: ‘this’ pointer is null [-Wnonnull]
   20 |     ~usage_requirements() { ((Model*)0)->~Model(); }
      |                             ~~~~~~~~~~~~~~~~~~~^~
/mnt/library/BH/include/boost/concept/usage.hpp:37:7: note: in a call to non-static member function ‘boost::EqualityComparable<TT>::~EqualityComparable() [with TT = __gnu_cxx::__normal_iterator<char*, std::__cxx11::basic_string<char> >]’
   37 |       ~model()
      |       ^
/mnt/library/BH/include/boost/concept_check.hpp:233:5: note: in expansion of macro ‘BOOST_CONCEPT_USAGE’
  233 |     BOOST_CONCEPT_USAGE(EqualityComparable) {
      |     ^~~~~~~~~~~~~~~~~~~
/mnt/library/BH/include/boost/concept/usage.hpp: In instantiation of ‘boost::concepts::usage_requirements<Model>::~usage_requirements() [with Model = boost::range_detail::SinglePassIteratorConcept<__gnu_cxx::__normal_iterator<char*, std::__cxx11::basic_string<char> > >]’:
/mnt/library/BH/include/boost/concept/detail/general.hpp:50:47:   required from ‘static void boost::concepts::requirement<boost::concepts::failed************ Model::************>::failed() [with Model = boost::concepts::usage_requirements<boost::range_detail::SinglePassIteratorConcept<__gnu_cxx::__normal_iterator<char*, std::__cxx11::basic_string<char> > > >]’
/mnt/library/BH/include/boost/range/concepts.hpp:160:13:   required from ‘struct boost::range_detail::SinglePassIteratorConcept<__gnu_cxx::__normal_iterator<char*, std::__cxx11::basic_string<char> > >’
/mnt/library/BH/include/boost/concept/detail/has_constraints.hpp:32:62:   required by substitution of ‘template<class Model> boost::concepts::detail::yes boost::concepts::detail::has_constraints_(Model*, wrap_constraints<Model, (& Model::constraints)>*) [with Model = boost::range_detail::SinglePassIteratorConcept<__gnu_cxx::__normal_iterator<char*, std::__cxx11::basic_string<char> > >]’
/mnt/library/BH/include/boost/concept/detail/has_constraints.hpp:42:5:   required from ‘const bool boost::concepts::not_satisfied<boost::range_detail::SinglePassIteratorConcept<__gnu_cxx::__normal_iterator<char*, std::__cxx11::basic_string<char> > > >::value’
/mnt/library/BH/include/boost/concept/detail/has_constraints.hpp:45:51:   required from ‘struct boost::concepts::not_satisfied<boost::range_detail::SinglePassIteratorConcept<__gnu_cxx::__normal_iterator<char*, std::__cxx11::basic_string<char> > > >’
/mnt/library/BH/include/boost/concept/detail/general.hpp:72:8:   [ skipping 13 instantiation contexts, use -ftemplate-backtrace-limit=0 to disable ]
/mnt/library/BH/include/boost/iterator/iterator_facade.hpp:824:1:   required from ‘typename boost::iterators::detail::enable_if_interoperable<Derived1, Derived2, boost::iterators::detail::always_bool_t<Derived1, Derived2> >::type boost::iterators::operator!=(const iterator_facade<Derived1, V1, TC1, Reference1, Difference1>&, const iterator_facade<Derived2, V2, TC2, Reference2, Difference2>&) [with Derived1 = transform_iterator<boost::algorithm::detail::copy_iterator_rangeF<std::__cxx11::basic_string<char>, __gnu_cxx::__normal_iterator<char*, std::__cxx11::basic_string<char> > >, boost::algorithm::split_iterator<__gnu_cxx::__normal_iterator<char*, std::__cxx11::basic_string<char> > >, boost::use_default, boost::use_default>; V1 = std::__cxx11::basic_string<char>; TC1 = forward_traversal_tag; Reference1 = std::__cxx11::basic_string<char>; Difference1 = long int; Derived2 = transform_iterator<boost::algorithm::detail::copy_iterator_rangeF<std::__cxx11::basic_string<char>, __gnu_cxx::__normal_iterator<char*, std::__cxx11::basic_string<char> > >, boost::algorithm::split_iterator<__gnu_cxx::__normal_iterator<char*, std::__cxx11::basic_string<char> > >, boost::use_default, boost::use_default>; V2 = std::__cxx11::basic_string<char>; TC2 = forward_traversal_tag; Reference2 = std::__cxx11::basic_string<char>; Difference2 = long int; typename detail::enable_if_interoperable<Derived1, Derived2, detail::always_bool_t<Derived1, Derived2> >::type = bool; detail::always_bool_t<Derived1, Derived2> = bool]’
/usr/include/c++/13/bits/stl_vector.h:1671:21:   required from ‘void std::vector<_Tp, _Alloc>::_M_range_initialize(_InputIterator, _InputIterator, std::input_iterator_tag) [with _InputIterator = boost::iterators::transform_iterator<boost::algorithm::detail::copy_iterator_rangeF<std::__cxx11::basic_string<char>, __gnu_cxx::__normal_iterator<char*, std::__cxx11::basic_string<char> > >, boost::algorithm::split_iterator<__gnu_cxx::__normal_iterator<char*, std::__cxx11::basic_string<char> > >, boost::use_default, boost::use_default>; _Tp = std::__cxx11::basic_string<char>; _Alloc = std::allocator<std::__cxx11::basic_string<char> >]’
/usr/include/c++/13/bits/stl_vector.h:711:23:   required from ‘std::vector<_Tp, _Alloc>::vector(_InputIterator, _InputIterator, const allocator_type&) [with _InputIterator = boost::iterators::transform_iterator<boost::algorithm::detail::copy_iterator_rangeF<std::__cxx11::basic_string<char>, __gnu_cxx::__normal_iterator<char*, std::__cxx11::basic_string<char> > >, boost::algorithm::split_iterator<__gnu_cxx::__normal_iterator<char*, std::__cxx11::basic_string<char> > >, boost::use_default, boost::use_default>; <template-parameter-2-2> = void; _Tp = std::__cxx11::basic_string<char>; _Alloc = std::allocator<std::__cxx11::basic_string<char> >; allocator_type = std::allocator<std::__cxx11::basic_string<char> >]’
/mnt/library/BH/include/boost/algorithm/string/iter_find.hpp:186:31:   required from ‘SequenceSequenceT& boost::algorithm::iter_split(SequenceSequenceT&, RangeT&&, FinderT) [with SequenceSequenceT = std::vector<std::__cxx11::basic_string<char>, std::allocator<std::__cxx11::basic_string<char> > >; RangeT = std::__cxx11::basic_string<char>&; FinderT = detail::token_finderF<detail::is_any_ofF<char> >]’
/mnt/library/BH/include/boost/algorithm/string/split.hpp:158:50:   required from ‘SequenceSequenceT& boost::algorithm::split(SequenceSequenceT&, RangeT&&, PredicateT, token_compress_mode_type) [with SequenceSequenceT = std::vector<std::__cxx11::basic_string<char>, std::allocator<std::__cxx11::basic_string<char> > >; RangeT = std::__cxx11::basic_string<char>&; PredicateT = detail::is_any_ofF<char>]’
../inst/include/CytoML/workspace.hpp:98:17:   required from here
/mnt/library/BH/include/boost/concept/usage.hpp:20:48: warning: ‘this’ pointer is null [-Wnonnull]
   20 |     ~usage_requirements() { ((Model*)0)->~Model(); }
      |                             ~~~~~~~~~~~~~~~~~~~^~
/mnt/library/BH/include/boost/concept/usage.hpp:37:7: note: in a call to non-static member function ‘boost::range_detail::SinglePassIteratorConcept<Iterator>::~SinglePassIteratorConcept() [with Iterator = __gnu_cxx::__normal_iterator<char*, std::__cxx11::basic_string<char> >]’
   37 |       ~model()
      |       ^
/mnt/library/BH/include/boost/range/concepts.hpp:160:13: note: in expansion of macro ‘BOOST_CONCEPT_USAGE’
  160 |             BOOST_CONCEPT_USAGE(SinglePassIteratorConcept)
      |             ^~~~~~~~~~~~~~~~~~~
/mnt/library/BH/include/boost/concept/usage.hpp: In instantiation of ‘boost::concepts::usage_requirements<Model>::~usage_requirements() [with Model = boost::SinglePassRangeConcept<const boost::iterator_range<__gnu_cxx::__normal_iterator<char*, std::__cxx11::basic_string<char> > > >]’:
/mnt/library/BH/include/boost/concept/detail/general.hpp:50:47:   required from ‘static void boost::concepts::requirement<boost::concepts::failed************ Model::************>::failed() [with Model = boost::concepts::usage_requirements<boost::SinglePassRangeConcept<const boost::iterator_range<__gnu_cxx::__normal_iterator<char*, std::__cxx11::basic_string<char> > > > >]’
/mnt/library/BH/include/boost/range/concepts.hpp:286:9:   required from ‘struct boost::SinglePassRangeConcept<const boost::iterator_range<__gnu_cxx::__normal_iterator<char*, std::__cxx11::basic_string<char> > > >’
/mnt/library/BH/include/boost/concept/detail/has_constraints.hpp:32:62:   required by substitution of ‘template<class Model> boost::concepts::detail::yes boost::concepts::detail::has_constraints_(Model*, wrap_constraints<Model, (& Model::constraints)>*) [with Model = boost::SinglePassRangeConcept<const boost::iterator_range<__gnu_cxx::__normal_iterator<char*, std::__cxx11::basic_string<char> > > >]’
/mnt/library/BH/include/boost/concept/detail/has_constraints.hpp:42:5:   required from ‘const bool boost::concepts::not_satisfied<boost::SinglePassRangeConcept<const boost::iterator_range<__gnu_cxx::__normal_iterator<char*, std::__cxx11::basic_string<char> > > > >::value’
/mnt/library/BH/include/boost/concept/detail/has_constraints.hpp:45:51:   required from ‘struct boost::concepts::not_satisfied<boost::SinglePassRangeConcept<const boost::iterator_range<__gnu_cxx::__normal_iterator<char*, std::__cxx11::basic_string<char> > > > >’
/mnt/library/BH/include/boost/concept/detail/general.hpp:72:8:   [ skipping 8 instantiation contexts, use -ftemplate-backtrace-limit=0 to disable ]
/mnt/library/BH/include/boost/iterator/iterator_facade.hpp:824:1:   required from ‘typename boost::iterators::detail::enable_if_interoperable<Derived1, Derived2, boost::iterators::detail::always_bool_t<Derived1, Derived2> >::type boost::iterators::operator!=(const iterator_facade<Derived1, V1, TC1, Reference1, Difference1>&, const iterator_facade<Derived2, V2, TC2, Reference2, Difference2>&) [with Derived1 = transform_iterator<boost::algorithm::detail::copy_iterator_rangeF<std::__cxx11::basic_string<char>, __gnu_cxx::__normal_iterator<char*, std::__cxx11::basic_string<char> > >, boost::algorithm::split_iterator<__gnu_cxx::__normal_iterator<char*, std::__cxx11::basic_string<char> > >, boost::use_default, boost::use_default>; V1 = std::__cxx11::basic_string<char>; TC1 = forward_traversal_tag; Reference1 = std::__cxx11::basic_string<char>; Difference1 = long int; Derived2 = transform_iterator<boost::algorithm::detail::copy_iterator_rangeF<std::__cxx11::basic_string<char>, __gnu_cxx::__normal_iterator<char*, std::__cxx11::basic_string<char> > >, boost::algorithm::split_iterator<__gnu_cxx::__normal_iterator<char*, std::__cxx11::basic_string<char> > >, boost::use_default, boost::use_default>; V2 = std::__cxx11::basic_string<char>; TC2 = forward_traversal_tag; Reference2 = std::__cxx11::basic_string<char>; Difference2 = long int; typename detail::enable_if_interoperable<Derived1, Derived2, detail::always_bool_t<Derived1, Derived2> >::type = bool; detail::always_bool_t<Derived1, Derived2> = bool]’
/usr/include/c++/13/bits/stl_vector.h:1671:21:   required from ‘void std::vector<_Tp, _Alloc>::_M_range_initialize(_InputIterator, _InputIterator, std::input_iterator_tag) [with _InputIterator = boost::iterators::transform_iterator<boost::algorithm::detail::copy_iterator_rangeF<std::__cxx11::basic_string<char>, __gnu_cxx::__normal_iterator<char*, std::__cxx11::basic_string<char> > >, boost::algorithm::split_iterator<__gnu_cxx::__normal_iterator<char*, std::__cxx11::basic_string<char> > >, boost::use_default, boost::use_default>; _Tp = std::__cxx11::basic_string<char>; _Alloc = std::allocator<std::__cxx11::basic_string<char> >]’
/usr/include/c++/13/bits/stl_vector.h:711:23:   required from ‘std::vector<_Tp, _Alloc>::vector(_InputIterator, _InputIterator, const allocator_type&) [with _InputIterator = boost::iterators::transform_iterator<boost::algorithm::detail::copy_iterator_rangeF<std::__cxx11::basic_string<char>, __gnu_cxx::__normal_iterator<char*, std::__cxx11::basic_string<char> > >, boost::algorithm::split_iterator<__gnu_cxx::__normal_iterator<char*, std::__cxx11::basic_string<char> > >, boost::use_default, boost::use_default>; <template-parameter-2-2> = void; _Tp = std::__cxx11::basic_string<char>; _Alloc = std::allocator<std::__cxx11::basic_string<char> >; allocator_type = std::allocator<std::__cxx11::basic_string<char> >]’
/mnt/library/BH/include/boost/algorithm/string/iter_find.hpp:186:31:   required from ‘SequenceSequenceT& boost::algorithm::iter_split(SequenceSequenceT&, RangeT&&, FinderT) [with SequenceSequenceT = std::vector<std::__cxx11::basic_string<char>, std::allocator<std::__cxx11::basic_string<char> > >; RangeT = std::__cxx11::basic_string<char>&; FinderT = detail::token_finderF<detail::is_any_ofF<char> >]’
/mnt/library/BH/include/boost/algorithm/string/split.hpp:158:50:   required from ‘SequenceSequenceT& boost::algorithm::split(SequenceSequenceT&, RangeT&&, PredicateT, token_compress_mode_type) [with SequenceSequenceT = std::vector<std::__cxx11::basic_string<char>, std::allocator<std::__cxx11::basic_string<char> > >; RangeT = std::__cxx11::basic_string<char>&; PredicateT = detail::is_any_ofF<char>]’
../inst/include/CytoML/workspace.hpp:98:17:   required from here
/mnt/library/BH/include/boost/concept/usage.hpp:20:48: warning: ‘this’ pointer is null [-Wnonnull]
   20 |     ~usage_requirements() { ((Model*)0)->~Model(); }
      |                             ~~~~~~~~~~~~~~~~~~~^~
/mnt/library/BH/include/boost/concept/usage.hpp:37:7: note: in a call to non-static member function ‘boost::SinglePassRangeConcept<T>::~SinglePassRangeConcept() [with T = const boost::iterator_range<__gnu_cxx::__normal_iterator<char*, std::__cxx11::basic_string<char> > >]’
   37 |       ~model()
      |       ^
/mnt/library/BH/include/boost/range/concepts.hpp:286:9: note: in expansion of macro ‘BOOST_CONCEPT_USAGE’
  286 |         BOOST_CONCEPT_USAGE(SinglePassRangeConcept)
      |         ^~~~~~~~~~~~~~~~~~~
g++ -std=gnu++17 -I"/usr/local/lib/R/include" -DNDEBUG -DROUT -I../inst/include/ -I/usr/include/libxml2 -DBOOST_NO_AUTO_PTR  -I'/usr/local/lib/R/site-library/cpp11/include' -I'/mnt/library/BH/include' -I'/mnt/library/RProtoBufLib/include' -I'/mnt/library/cytolib/include' -I'/mnt/library/Rhdf5lib/include' -I'/mnt/library/flowWorkspace/include' -I/usr/local/include    -fpic  -g -O2 -fstack-protector-strong -Wformat -Werror=format-security -Wdate-time -D_FORTIFY_SOURCE=2 -g   -c parseFlowJoWorkspace.cpp -o parseFlowJoWorkspace.o
In file included from /mnt/library/RProtoBufLib/include/google/protobuf/wire_format_lite.h:51,
                 from /mnt/library/RProtoBufLib/include/google/protobuf/generated_message_util.h:53,
                 from /mnt/library/RProtoBufLib/include/google/protobuf/metadata_lite.h:37,
                 from /mnt/library/RProtoBufLib/include/google/protobuf/parse_context.h:41,
                 from /mnt/library/RProtoBufLib/include/google/protobuf/map_type_handler.h:34,
                 from /mnt/library/RProtoBufLib/include/google/protobuf/map.h:49,
                 from /mnt/library/RProtoBufLib/include/google/protobuf/generated_message_table_driven.h:34,
                 from /mnt/library/RProtoBufLib/include/cytolib/GatingSet.pb.h:26,
                 from /mnt/library/cytolib/include/cytolib/calibrationTable.hpp:19,
                 from /mnt/library/cytolib/include/cytolib/transformation.hpp:17,
                 from /mnt/library/cytolib/include/cytolib/compensation.hpp:15,
                 from /mnt/library/cytolib/include/cytolib/CytoFrame.hpp:14,
                 from /mnt/library/cytolib/include/cytolib/MemCytoFrame.hpp:12,
                 from /mnt/library/cytolib/include/cytolib/gate.hpp:12,
                 from /mnt/library/cytolib/include/cytolib/POPINDICES.hpp:14,
                 from /mnt/library/cytolib/include/cytolib/nodeProperties.hpp:13,
                 from ../inst/include/CytoML/wsNode.hpp:13,
                 from ../inst/include/CytoML/workspace_type.hpp:4,
                 from ../inst/include/CytoML/workspace.hpp:10,
                 from ../inst/include/CytoML/flowJoWorkspace.hpp:11,
                 from ../inst/include/CytoML/macFlowJoWorkspace.hpp:10,
                 from ../inst/include/CytoML/openWorkspace.hpp:11,
                 from parseFlowJoWorkspace.cpp:10:
/mnt/library/RProtoBufLib/include/google/protobuf/repeated_field.h:2494:19: warning: ‘template<class _Category, class _Tp, class _Distance, class _Pointer, class _Reference> struct std::iterator’ is deprecated [-Wdeprecated-declarations]
 2494 |     : public std::iterator<std::output_iterator_tag, T> {
      |                   ^~~~~~~~
In file included from /usr/include/c++/13/bits/stl_algobase.h:65,
                 from /usr/include/c++/13/bits/specfun.h:43,
                 from /usr/include/c++/13/cmath:3699,
                 from /usr/local/lib/R/site-library/cpp11/include/cpp11/as.hpp:3,
                 from /usr/local/lib/R/site-library/cpp11/include/cpp11.hpp:5,
                 from parseFlowJoWorkspace.cpp:9:
/usr/include/c++/13/bits/stl_iterator_base_types.h:127:34: note: declared here
  127 |     struct _GLIBCXX17_DEPRECATED iterator
      |                                  ^~~~~~~~
/mnt/library/RProtoBufLib/include/google/protobuf/repeated_field.h:2516:19: warning: ‘template<class _Category, class _Tp, class _Distance, class _Pointer, class _Reference> struct std::iterator’ is deprecated [-Wdeprecated-declarations]
 2516 |     : public std::iterator<std::output_iterator_tag, T> {
      |                   ^~~~~~~~
/usr/include/c++/13/bits/stl_iterator_base_types.h:127:34: note: declared here
  127 |     struct _GLIBCXX17_DEPRECATED iterator
      |                                  ^~~~~~~~
/mnt/library/RProtoBufLib/include/google/protobuf/repeated_field.h:2547:19: warning: ‘template<class _Category, class _Tp, class _Distance, class _Pointer, class _Reference> struct std::iterator’ is deprecated [-Wdeprecated-declarations]
 2547 |     : public std::iterator<std::output_iterator_tag, T> {
      |                   ^~~~~~~~
/usr/include/c++/13/bits/stl_iterator_base_types.h:127:34: note: declared here
  127 |     struct _GLIBCXX17_DEPRECATED iterator
      |                                  ^~~~~~~~
/mnt/library/RProtoBufLib/include/google/protobuf/repeated_field.h:2571:19: warning: ‘template<class _Category, class _Tp, class _Distance, class _Pointer, class _Reference> struct std::iterator’ is deprecated [-Wdeprecated-declarations]
 2571 |     : public std::iterator<std::output_iterator_tag, T> {
      |                   ^~~~~~~~
/usr/include/c++/13/bits/stl_iterator_base_types.h:127:34: note: declared here
  127 |     struct _GLIBCXX17_DEPRECATED iterator
      |                                  ^~~~~~~~
../inst/include/CytoML/wsNode.hpp: In member function ‘virtual std::streamsize CytoML::Cytostreambuf::xsputn(const char*, std::streamsize)’:
../inst/include/CytoML/wsNode.hpp:27:20: warning: field precision specifier ‘.*’ expects argument of type ‘int’, but argument 2 has type ‘std::streamsize’ {aka ‘long int’} [-Wformat=]
   27 |         Rprintf("%.*s", n, s);
      |                  ~~^~   ~
      |                    |    |
      |                    int  std::streamsize {aka long int}
In file included from /mnt/library/BH/include/boost/concept/assert.hpp:35,
                 from /mnt/library/BH/include/boost/concept_check.hpp:20,
                 from /mnt/library/BH/include/boost/range/concepts.hpp:19,
                 from /mnt/library/BH/include/boost/range/size_type.hpp:20,
                 from /mnt/library/BH/include/boost/range/size.hpp:21,
                 from /mnt/library/BH/include/boost/range/functions.hpp:20,
                 from /mnt/library/BH/include/boost/range/iterator_range_core.hpp:41,
                 from /mnt/library/BH/include/boost/range/iterator_range.hpp:13,
                 from /mnt/library/BH/include/boost/range/as_literal.hpp:18,
                 from /mnt/library/BH/include/boost/algorithm/string/trim.hpp:19,
                 from /mnt/library/BH/include/boost/algorithm/string.hpp:19,
                 from /mnt/library/cytolib/include/cytolib/transformation.hpp:18:
/mnt/library/BH/include/boost/concept/detail/general.hpp: In instantiation of ‘static void boost::concepts::constraint<Model>::failed() [with Model = boost::algorithm::FinderConcept<boost::algorithm::detail::token_finderF<boost::algorithm::detail::is_any_ofF<char> >, __gnu_cxx::__normal_iterator<const char*, std::__cxx11::basic_string<char> > >]’:
/mnt/library/BH/include/boost/algorithm/string/iter_find.hpp:81:13:   required from ‘SequenceSequenceT& boost::algorithm::iter_split(SequenceSequenceT&, RangeT&&, FinderT) [with SequenceSequenceT = std::vector<std::__cxx11::basic_string<char>, std::allocator<std::__cxx11::basic_string<char> > >; RangeT = const std::__cxx11::basic_string<char>&; FinderT = detail::token_finderF<detail::is_any_ofF<char> >]’
/mnt/library/BH/include/boost/algorithm/string/split.hpp:158:50:   required from ‘SequenceSequenceT& boost::algorithm::split(SequenceSequenceT&, RangeT&&, PredicateT, token_compress_mode_type) [with SequenceSequenceT = std::vector<std::__cxx11::basic_string<char>, std::allocator<std::__cxx11::basic_string<char> > >; RangeT = const std::__cxx11::basic_string<char>&; PredicateT = detail::is_any_ofF<char>]’
/mnt/library/cytolib/include/cytolib/compensation.hpp:55:15:   required from here
/mnt/library/BH/include/boost/concept/detail/general.hpp:65:52: warning: ‘this’ pointer is null [-Wnonnull]
   65 |     static void failed() { ((Model*)0)->constraints(); }
      |                            ~~~~~~~~~~~~~~~~~~~~~~~~^~
In file included from /mnt/library/BH/include/boost/algorithm/string/iter_find.hpp:26,
                 from /mnt/library/BH/include/boost/algorithm/string/split.hpp:16,
                 from /mnt/library/BH/include/boost/algorithm/string.hpp:23:
/mnt/library/BH/include/boost/algorithm/string/concept.hpp:40:18: note: in a call to non-static member function ‘void boost::algorithm::FinderConcept<FinderT, IteratorT>::constraints() [with FinderT = boost::algorithm::detail::token_finderF<boost::algorithm::detail::is_any_ofF<char> >; IteratorT = __gnu_cxx::__normal_iterator<const char*, std::__cxx11::basic_string<char> >]’
   40 |             void constraints()
      |                  ^~~~~~~~~~~
/mnt/library/BH/include/boost/concept/detail/general.hpp: In instantiation of ‘static void boost::concepts::constraint<Model>::failed() [with Model = boost::algorithm::FinderConcept<boost::algorithm::detail::first_finderF<__gnu_cxx::__normal_iterator<const char*, std::__cxx11::basic_string<char> >, boost::algorithm::is_equal>, __gnu_cxx::__normal_iterator<const char*, std::__cxx11::basic_string<char> > >]’:
/mnt/library/BH/include/boost/algorithm/string/find_format.hpp:98:13:   required from ‘void boost::algorithm::find_format_all(SequenceT&, FinderT, FormatterT) [with SequenceT = std::__cxx11::basic_string<char>; FinderT = detail::first_finderF<__gnu_cxx::__normal_iterator<const char*, std::__cxx11::basic_string<char> >, is_equal>; FormatterT = detail::const_formatF<boost::iterator_range<__gnu_cxx::__normal_iterator<const char*, std::__cxx11::basic_string<char> > > >]’
/mnt/library/BH/include/boost/algorithm/string/replace.hpp:652:48:   required from ‘void boost::algorithm::replace_all(SequenceT&, const Range1T&, const Range2T&) [with SequenceT = std::__cxx11::basic_string<char>; Range1T = std::__cxx11::basic_string<char>; Range2T = std::__cxx11::basic_string<char>]’
/mnt/library/cytolib/include/cytolib/CytoFrame.hpp:354:25:   required from here
/mnt/library/BH/include/boost/concept/detail/general.hpp:65:52: warning: ‘this’ pointer is null [-Wnonnull]
   65 |     static void failed() { ((Model*)0)->constraints(); }
      |                            ~~~~~~~~~~~~~~~~~~~~~~~~^~
/mnt/library/BH/include/boost/algorithm/string/concept.hpp:40:18: note: in a call to non-static member function ‘void boost::algorithm::FinderConcept<FinderT, IteratorT>::constraints() [with FinderT = boost::algorithm::detail::first_finderF<__gnu_cxx::__normal_iterator<const char*, std::__cxx11::basic_string<char> >, boost::algorithm::is_equal>; IteratorT = __gnu_cxx::__normal_iterator<const char*, std::__cxx11::basic_string<char> >]’
   40 |             void constraints()
      |                  ^~~~~~~~~~~
/mnt/library/BH/include/boost/concept/detail/general.hpp: In instantiation of ‘static void boost::concepts::constraint<Model>::failed() [with Model = boost::algorithm::FormatterConcept<boost::algorithm::detail::const_formatF<boost::iterator_range<__gnu_cxx::__normal_iterator<const char*, std::__cxx11::basic_string<char> > > >, boost::algorithm::detail::first_finderF<__gnu_cxx::__normal_iterator<const char*, std::__cxx11::basic_string<char> >, boost::algorithm::is_equal>, __gnu_cxx::__normal_iterator<const char*, std::__cxx11::basic_string<char> > >]’:
/mnt/library/BH/include/boost/algorithm/string/find_format.hpp:103:13:   required from ‘void boost::algorithm::find_format_all(SequenceT&, FinderT, FormatterT) [with SequenceT = std::__cxx11::basic_string<char>; FinderT = detail::first_finderF<__gnu_cxx::__normal_iterator<const char*, std::__cxx11::basic_string<char> >, is_equal>; FormatterT = detail::const_formatF<boost::iterator_range<__gnu_cxx::__normal_iterator<const char*, std::__cxx11::basic_string<char> > > >]’
/mnt/library/BH/include/boost/algorithm/string/replace.hpp:652:48:   required from ‘void boost::algorithm::replace_all(SequenceT&, const Range1T&, const Range2T&) [with SequenceT = std::__cxx11::basic_string<char>; Range1T = std::__cxx11::basic_string<char>; Range2T = std::__cxx11::basic_string<char>]’
/mnt/library/cytolib/include/cytolib/CytoFrame.hpp:354:25:   required from here
/mnt/library/BH/include/boost/concept/detail/general.hpp:65:52: warning: ‘this’ pointer is null [-Wnonnull]
   65 |     static void failed() { ((Model*)0)->constraints(); }
      |                            ~~~~~~~~~~~~~~~~~~~~~~~~^~
/mnt/library/BH/include/boost/algorithm/string/concept.hpp:65:18: note: in a call to non-static member function ‘void boost::algorithm::FormatterConcept<FormatterT, FinderT, IteratorT>::constraints() [with FormatterT = boost::algorithm::detail::const_formatF<boost::iterator_range<__gnu_cxx::__normal_iterator<const char*, std::__cxx11::basic_string<char> > > >; FinderT = boost::algorithm::detail::first_finderF<__gnu_cxx::__normal_iterator<const char*, std::__cxx11::basic_string<char> >, boost::algorithm::is_equal>; IteratorT = __gnu_cxx::__normal_iterator<const char*, std::__cxx11::basic_string<char> >]’
   65 |             void constraints()
      |                  ^~~~~~~~~~~
/mnt/library/BH/include/boost/concept/detail/general.hpp: In instantiation of ‘static void boost::concepts::constraint<Model>::failed() [with Model = boost::algorithm::FinderConcept<boost::algorithm::detail::token_finderF<boost::algorithm::detail::is_any_ofF<char> >, __gnu_cxx::__normal_iterator<char*, std::__cxx11::basic_string<char> > >]’:
/mnt/library/BH/include/boost/algorithm/string/iter_find.hpp:81:13:   required from ‘SequenceSequenceT& boost::algorithm::iter_split(SequenceSequenceT&, RangeT&&, FinderT) [with SequenceSequenceT = std::vector<std::__cxx11::basic_string<char>, std::allocator<std::__cxx11::basic_string<char> > >; RangeT = std::__cxx11::basic_string<char>&; FinderT = detail::token_finderF<detail::is_any_ofF<char> >]’
/mnt/library/BH/include/boost/algorithm/string/split.hpp:158:50:   required from ‘SequenceSequenceT& boost::algorithm::split(SequenceSequenceT&, RangeT&&, PredicateT, token_compress_mode_type) [with SequenceSequenceT = std::vector<std::__cxx11::basic_string<char>, std::allocator<std::__cxx11::basic_string<char> > >; RangeT = std::__cxx11::basic_string<char>&; PredicateT = detail::is_any_ofF<char>]’
../inst/include/CytoML/workspace.hpp:98:17:   required from here
/mnt/library/BH/include/boost/concept/detail/general.hpp:65:52: warning: ‘this’ pointer is null [-Wnonnull]
   65 |     static void failed() { ((Model*)0)->constraints(); }
      |                            ~~~~~~~~~~~~~~~~~~~~~~~~^~
/mnt/library/BH/include/boost/algorithm/string/concept.hpp:40:18: note: in a call to non-static member function ‘void boost::algorithm::FinderConcept<FinderT, IteratorT>::constraints() [with FinderT = boost::algorithm::detail::token_finderF<boost::algorithm::detail::is_any_ofF<char> >; IteratorT = __gnu_cxx::__normal_iterator<char*, std::__cxx11::basic_string<char> >]’
   40 |             void constraints()
      |                  ^~~~~~~~~~~
/mnt/library/BH/include/boost/concept/detail/general.hpp: In instantiation of ‘static void boost::concepts::constraint<Model>::failed() [with Model = boost::algorithm::FinderConcept<boost::algorithm::detail::first_finderF<const char*, boost::algorithm::is_equal>, __gnu_cxx::__normal_iterator<const char*, std::__cxx11::basic_string<char> > >]’:
/mnt/library/BH/include/boost/algorithm/string/find_format.hpp:98:13:   required from ‘void boost::algorithm::find_format_all(SequenceT&, FinderT, FormatterT) [with SequenceT = std::__cxx11::basic_string<char>; FinderT = detail::first_finderF<const char*, is_equal>; FormatterT = detail::const_formatF<boost::iterator_range<const char*> >]’
/mnt/library/BH/include/boost/algorithm/string/replace.hpp:652:48:   required from ‘void boost::algorithm::replace_all(SequenceT&, const Range1T&, const Range2T&) [with SequenceT = std::__cxx11::basic_string<char>; Range1T = char [2]; Range2T = char [2]]’
../inst/include/CytoML/flowJoWorkspace.hpp:799:21:   required from here
/mnt/library/BH/include/boost/concept/detail/general.hpp:65:52: warning: ‘this’ pointer is null [-Wnonnull]
   65 |     static void failed() { ((Model*)0)->constraints(); }
      |                            ~~~~~~~~~~~~~~~~~~~~~~~~^~
/mnt/library/BH/include/boost/algorithm/string/concept.hpp:40:18: note: in a call to non-static member function ‘void boost::algorithm::FinderConcept<FinderT, IteratorT>::constraints() [with FinderT = boost::algorithm::detail::first_finderF<const char*, boost::algorithm::is_equal>; IteratorT = __gnu_cxx::__normal_iterator<const char*, std::__cxx11::basic_string<char> >]’
   40 |             void constraints()
      |                  ^~~~~~~~~~~
/mnt/library/BH/include/boost/concept/detail/general.hpp: In instantiation of ‘static void boost::concepts::constraint<Model>::failed() [with Model = boost::algorithm::FormatterConcept<boost::algorithm::detail::const_formatF<boost::iterator_range<const char*> >, boost::algorithm::detail::first_finderF<const char*, boost::algorithm::is_equal>, __gnu_cxx::__normal_iterator<const char*, std::__cxx11::basic_string<char> > >]’:
/mnt/library/BH/include/boost/algorithm/string/find_format.hpp:103:13:   required from ‘void boost::algorithm::find_format_all(SequenceT&, FinderT, FormatterT) [with SequenceT = std::__cxx11::basic_string<char>; FinderT = detail::first_finderF<const char*, is_equal>; FormatterT = detail::const_formatF<boost::iterator_range<const char*> >]’
/mnt/library/BH/include/boost/algorithm/string/replace.hpp:652:48:   required from ‘void boost::algorithm::replace_all(SequenceT&, const Range1T&, const Range2T&) [with SequenceT = std::__cxx11::basic_string<char>; Range1T = char [2]; Range2T = char [2]]’
../inst/include/CytoML/flowJoWorkspace.hpp:799:21:   required from here
/mnt/library/BH/include/boost/concept/detail/general.hpp:65:52: warning: ‘this’ pointer is null [-Wnonnull]
   65 |     static void failed() { ((Model*)0)->constraints(); }
      |                            ~~~~~~~~~~~~~~~~~~~~~~~~^~
/mnt/library/BH/include/boost/algorithm/string/concept.hpp:65:18: note: in a call to non-static member function ‘void boost::algorithm::FormatterConcept<FormatterT, FinderT, IteratorT>::constraints() [with FormatterT = boost::algorithm::detail::const_formatF<boost::iterator_range<const char*> >; FinderT = boost::algorithm::detail::first_finderF<const char*, boost::algorithm::is_equal>; IteratorT = __gnu_cxx::__normal_iterator<const char*, std::__cxx11::basic_string<char> >]’
   65 |             void constraints()
      |                  ^~~~~~~~~~~
/mnt/library/BH/include/boost/concept/detail/general.hpp: In instantiation of ‘static void boost::concepts::constraint<Model>::failed() [with Model = boost::algorithm::FormatterConcept<boost::algorithm::detail::empty_formatF<char>, boost::algorithm::detail::first_finderF<const char*, boost::algorithm::is_equal>, __gnu_cxx::__normal_iterator<const char*, std::__cxx11::basic_string<char> > >]’:
/mnt/library/BH/include/boost/algorithm/string/find_format.hpp:103:13:   required from ‘void boost::algorithm::find_format_all(SequenceT&, FinderT, FormatterT) [with SequenceT = std::__cxx11::basic_string<char>; FinderT = detail::first_finderF<const char*, is_equal>; FormatterT = detail::empty_formatF<char>]’
/mnt/library/BH/include/boost/algorithm/string/erase.hpp:593:48:   required from ‘void boost::algorithm::erase_all(SequenceT&, const RangeT&) [with SequenceT = std::__cxx11::basic_string<char>; RangeT = char [4]]’
../inst/include/CytoML/flowJoWorkspace.hpp:1035:20:   required from here
/mnt/library/BH/include/boost/concept/detail/general.hpp:65:52: warning: ‘this’ pointer is null [-Wnonnull]
   65 |     static void failed() { ((Model*)0)->constraints(); }
      |                            ~~~~~~~~~~~~~~~~~~~~~~~~^~
/mnt/library/BH/include/boost/algorithm/string/concept.hpp:65:18: note: in a call to non-static member function ‘void boost::algorithm::FormatterConcept<FormatterT, FinderT, IteratorT>::constraints() [with FormatterT = boost::algorithm::detail::empty_formatF<char>; FinderT = boost::algorithm::detail::first_finderF<const char*, boost::algorithm::is_equal>; IteratorT = __gnu_cxx::__normal_iterator<const char*, std::__cxx11::basic_string<char> >]’
   65 |             void constraints()
      |                  ^~~~~~~~~~~
/mnt/library/BH/include/boost/concept/detail/general.hpp: In instantiation of ‘static void boost::concepts::requirement<boost::concepts::failed************ Model::************>::failed() [with Model = boost::concepts::usage_requirements<boost::CopyConstructible<__gnu_cxx::__normal_iterator<const char*, std::__cxx11::basic_string<char> > > >]’:
/mnt/library/BH/include/boost/concept_check.hpp:167:5:   required from ‘struct boost::CopyConstructible<__gnu_cxx::__normal_iterator<const char*, std::__cxx11::basic_string<char> > >’
/mnt/library/BH/include/boost/range/concepts.hpp:127:16:   required from ‘struct boost::range_detail::IncrementableIteratorConcept<__gnu_cxx::__normal_iterator<const char*, std::__cxx11::basic_string<char> > >’
/mnt/library/BH/include/boost/range/concepts.hpp:149:16:   required from ‘struct boost::range_detail::SinglePassIteratorConcept<__gnu_cxx::__normal_iterator<const char*, std::__cxx11::basic_string<char> > >’
/mnt/library/BH/include/boost/concept/detail/has_constraints.hpp:32:62:   required by substitution of ‘template<class Model> boost::concepts::detail::yes boost::concepts::detail::has_constraints_(Model*, wrap_constraints<Model, (& Model::constraints)>*) [with Model = boost::range_detail::SinglePassIteratorConcept<__gnu_cxx::__normal_iterator<const char*, std::__cxx11::basic_string<char> > >]’
/mnt/library/BH/include/boost/concept/detail/has_constraints.hpp:42:5:   required from ‘const bool boost::concepts::not_satisfied<boost::range_detail::SinglePassIteratorConcept<__gnu_cxx::__normal_iterator<const char*, std::__cxx11::basic_string<char> > > >::value’
/mnt/library/BH/include/boost/concept/detail/has_constraints.hpp:45:51:   [ skipping 14 instantiation contexts, use -ftemplate-backtrace-limit=0 to disable ]
/mnt/library/BH/include/boost/iterator/iterator_facade.hpp:824:1:   required from ‘typename boost::iterators::detail::enable_if_interoperable<Derived1, Derived2, boost::iterators::detail::always_bool_t<Derived1, Derived2> >::type boost::iterators::operator!=(const iterator_facade<Derived1, V1, TC1, Reference1, Difference1>&, const iterator_facade<Derived2, V2, TC2, Reference2, Difference2>&) [with Derived1 = transform_iterator<boost::algorithm::detail::copy_iterator_rangeF<std::__cxx11::basic_string<char>, __gnu_cxx::__normal_iterator<const char*, std::__cxx11::basic_string<char> > >, boost::algorithm::split_iterator<__gnu_cxx::__normal_iterator<const char*, std::__cxx11::basic_string<char> > >, boost::use_default, boost::use_default>; V1 = std::__cxx11::basic_string<char>; TC1 = forward_traversal_tag; Reference1 = std::__cxx11::basic_string<char>; Difference1 = long int; Derived2 = transform_iterator<boost::algorithm::detail::copy_iterator_rangeF<std::__cxx11::basic_string<char>, __gnu_cxx::__normal_iterator<const char*, std::__cxx11::basic_string<char> > >, boost::algorithm::split_iterator<__gnu_cxx::__normal_iterator<const char*, std::__cxx11::basic_string<char> > >, boost::use_default, boost::use_default>; V2 = std::__cxx11::basic_string<char>; TC2 = forward_traversal_tag; Reference2 = std::__cxx11::basic_string<char>; Difference2 = long int; typename detail::enable_if_interoperable<Derived1, Derived2, detail::always_bool_t<Derived1, Derived2> >::type = bool; detail::always_bool_t<Derived1, Derived2> = bool]’
/usr/include/c++/13/bits/stl_vector.h:1671:21:   required from ‘void std::vector<_Tp, _Alloc>::_M_range_initialize(_InputIterator, _InputIterator, std::input_iterator_tag) [with _InputIterator = boost::iterators::transform_iterator<boost::algorithm::detail::copy_iterator_rangeF<std::__cxx11::basic_string<char>, __gnu_cxx::__normal_iterator<const char*, std::__cxx11::basic_string<char> > >, boost::algorithm::split_iterator<__gnu_cxx::__normal_iterator<const char*, std::__cxx11::basic_string<char> > >, boost::use_default, boost::use_default>; _Tp = std::__cxx11::basic_string<char>; _Alloc = std::allocator<std::__cxx11::basic_string<char> >]’
/usr/include/c++/13/bits/stl_vector.h:711:23:   required from ‘std::vector<_Tp, _Alloc>::vector(_InputIterator, _InputIterator, const allocator_type&) [with _InputIterator = boost::iterators::transform_iterator<boost::algorithm::detail::copy_iterator_rangeF<std::__cxx11::basic_string<char>, __gnu_cxx::__normal_iterator<const char*, std::__cxx11::basic_string<char> > >, boost::algorithm::split_iterator<__gnu_cxx::__normal_iterator<const char*, std::__cxx11::basic_string<char> > >, boost::use_default, boost::use_default>; <template-parameter-2-2> = void; _Tp = std::__cxx11::basic_string<char>; _Alloc = std::allocator<std::__cxx11::basic_string<char> >; allocator_type = std::allocator<std::__cxx11::basic_string<char> >]’
/mnt/library/BH/include/boost/algorithm/string/iter_find.hpp:186:31:   required from ‘SequenceSequenceT& boost::algorithm::iter_split(SequenceSequenceT&, RangeT&&, FinderT) [with SequenceSequenceT = std::vector<std::__cxx11::basic_string<char>, std::allocator<std::__cxx11::basic_string<char> > >; RangeT = const std::__cxx11::basic_string<char>&; FinderT = detail::token_finderF<detail::is_any_ofF<char> >]’
/mnt/library/BH/include/boost/algorithm/string/split.hpp:158:50:   required from ‘SequenceSequenceT& boost::algorithm::split(SequenceSequenceT&, RangeT&&, PredicateT, token_compress_mode_type) [with SequenceSequenceT = std::vector<std::__cxx11::basic_string<char>, std::allocator<std::__cxx11::basic_string<char> > >; RangeT = const std::__cxx11::basic_string<char>&; PredicateT = detail::is_any_ofF<char>]’
/mnt/library/cytolib/include/cytolib/compensation.hpp:55:15:   required from here
/mnt/library/BH/include/boost/concept/detail/general.hpp:50:47: warning: ‘this’ pointer is null [-Wnonnull]
   50 |     static void failed() { ((Model*)0)->~Model(); }
      |                            ~~~~~~~~~~~~~~~~~~~^~
In file included from /mnt/library/BH/include/boost/concept_check.hpp:31:
/mnt/library/BH/include/boost/concept/usage.hpp:20:5: note: in a call to non-static member function ‘boost::concepts::usage_requirements<Model>::~usage_requirements() [with Model = boost::CopyConstructible<__gnu_cxx::__normal_iterator<const char*, std::__cxx11::basic_string<char> > >]’
   20 |     ~usage_requirements() { ((Model*)0)->~Model(); }
      |     ^
/mnt/library/BH/include/boost/concept/detail/general.hpp: In instantiation of ‘static void boost::concepts::requirement<boost::concepts::failed************ Model::************>::failed() [with Model = boost::concepts::usage_requirements<boost::Convertible<boost::iterators::random_access_traversal_tag, boost::iterators::incrementable_traversal_tag> >]’:
/mnt/library/BH/include/boost/concept_check.hpp:208:5:   required from ‘struct boost::Convertible<boost::iterators::random_access_traversal_tag, boost::iterators::incrementable_traversal_tag>’
/mnt/library/BH/include/boost/concept/detail/has_constraints.hpp:32:62:   required by substitution of ‘template<class Model> boost::concepts::detail::yes boost::concepts::detail::has_constraints_(Model*, wrap_constraints<Model, (& Model::constraints)>*) [with Model = boost::Convertible<boost::iterators::random_access_traversal_tag, boost::iterators::incrementable_traversal_tag>]’
/mnt/library/BH/include/boost/concept/detail/has_constraints.hpp:42:5:   required from ‘const bool boost::concepts::not_satisfied<boost::Convertible<boost::iterators::random_access_traversal_tag, boost::iterators::incrementable_traversal_tag> >::value’
/mnt/library/BH/include/boost/concept/detail/has_constraints.hpp:45:51:   required from ‘struct boost::concepts::not_satisfied<boost::Convertible<boost::iterators::random_access_traversal_tag, boost::iterators::incrementable_traversal_tag> >’
/mnt/library/BH/include/boost/concept/detail/general.hpp:72:8:   required from ‘struct boost::concepts::requirement_<void (*)(boost::Convertible<boost::iterators::random_access_traversal_tag, boost::iterators::incrementable_traversal_tag>)>’
/mnt/library/BH/include/boost/iterator/iterator_concepts.hpp:106:7:   [ skipping 18 instantiation contexts, use -ftemplate-backtrace-limit=0 to disable ]
/mnt/library/BH/include/boost/iterator/iterator_facade.hpp:824:1:   required from ‘typename boost::iterators::detail::enable_if_interoperable<Derived1, Derived2, boost::iterators::detail::always_bool_t<Derived1, Derived2> >::type boost::iterators::operator!=(const iterator_facade<Derived1, V1, TC1, Reference1, Difference1>&, const iterator_facade<Derived2, V2, TC2, Reference2, Difference2>&) [with Derived1 = transform_iterator<boost::algorithm::detail::copy_iterator_rangeF<std::__cxx11::basic_string<char>, __gnu_cxx::__normal_iterator<const char*, std::__cxx11::basic_string<char> > >, boost::algorithm::split_iterator<__gnu_cxx::__normal_iterator<const char*, std::__cxx11::basic_string<char> > >, boost::use_default, boost::use_default>; V1 = std::__cxx11::basic_string<char>; TC1 = forward_traversal_tag; Reference1 = std::__cxx11::basic_string<char>; Difference1 = long int; Derived2 = transform_iterator<boost::algorithm::detail::copy_iterator_rangeF<std::__cxx11::basic_string<char>, __gnu_cxx::__normal_iterator<const char*, std::__cxx11::basic_string<char> > >, boost::algorithm::split_iterator<__gnu_cxx::__normal_iterator<const char*, std::__cxx11::basic_string<char> > >, boost::use_default, boost::use_default>; V2 = std::__cxx11::basic_string<char>; TC2 = forward_traversal_tag; Reference2 = std::__cxx11::basic_string<char>; Difference2 = long int; typename detail::enable_if_interoperable<Derived1, Derived2, detail::always_bool_t<Derived1, Derived2> >::type = bool; detail::always_bool_t<Derived1, Derived2> = bool]’
/usr/include/c++/13/bits/stl_vector.h:1671:21:   required from ‘void std::vector<_Tp, _Alloc>::_M_range_initialize(_InputIterator, _InputIterator, std::input_iterator_tag) [with _InputIterator = boost::iterators::transform_iterator<boost::algorithm::detail::copy_iterator_rangeF<std::__cxx11::basic_string<char>, __gnu_cxx::__normal_iterator<const char*, std::__cxx11::basic_string<char> > >, boost::algorithm::split_iterator<__gnu_cxx::__normal_iterator<const char*, std::__cxx11::basic_string<char> > >, boost::use_default, boost::use_default>; _Tp = std::__cxx11::basic_string<char>; _Alloc = std::allocator<std::__cxx11::basic_string<char> >]’
/usr/include/c++/13/bits/stl_vector.h:711:23:   required from ‘std::vector<_Tp, _Alloc>::vector(_InputIterator, _InputIterator, const allocator_type&) [with _InputIterator = boost::iterators::transform_iterator<boost::algorithm::detail::copy_iterator_rangeF<std::__cxx11::basic_string<char>, __gnu_cxx::__normal_iterator<const char*, std::__cxx11::basic_string<char> > >, boost::algorithm::split_iterator<__gnu_cxx::__normal_iterator<const char*, std::__cxx11::basic_string<char> > >, boost::use_default, boost::use_default>; <template-parameter-2-2> = void; _Tp = std::__cxx11::basic_string<char>; _Alloc = std::allocator<std::__cxx11::basic_string<char> >; allocator_type = std::allocator<std::__cxx11::basic_string<char> >]’
/mnt/library/BH/include/boost/algorithm/string/iter_find.hpp:186:31:   required from ‘SequenceSequenceT& boost::algorithm::iter_split(SequenceSequenceT&, RangeT&&, FinderT) [with SequenceSequenceT = std::vector<std::__cxx11::basic_string<char>, std::allocator<std::__cxx11::basic_string<char> > >; RangeT = const std::__cxx11::basic_string<char>&; FinderT = detail::token_finderF<detail::is_any_ofF<char> >]’
/mnt/library/BH/include/boost/algorithm/string/split.hpp:158:50:   required from ‘SequenceSequenceT& boost::algorithm::split(SequenceSequenceT&, RangeT&&, PredicateT, token_compress_mode_type) [with SequenceSequenceT = std::vector<std::__cxx11::basic_string<char>, std::allocator<std::__cxx11::basic_string<char> > >; RangeT = const std::__cxx11::basic_string<char>&; PredicateT = detail::is_any_ofF<char>]’
/mnt/library/cytolib/include/cytolib/compensation.hpp:55:15:   required from here
/mnt/library/BH/include/boost/concept/detail/general.hpp:50:47: warning: ‘this’ pointer is null [-Wnonnull]
   50 |     static void failed() { ((Model*)0)->~Model(); }
      |                            ~~~~~~~~~~~~~~~~~~~^~
/mnt/library/BH/include/boost/concept/usage.hpp:20:5: note: in a call to non-static member function ‘boost::concepts::usage_requirements<Model>::~usage_requirements() [with Model = boost::Convertible<boost::iterators::random_access_traversal_tag, boost::iterators::incrementable_traversal_tag>]’
   20 |     ~usage_requirements() { ((Model*)0)->~Model(); }
      |     ^
/mnt/library/BH/include/boost/concept/detail/general.hpp: In instantiation of ‘static void boost::concepts::requirement<boost::concepts::failed************ Model::************>::failed() [with Model = boost::Convertible<boost::iterators::random_access_traversal_tag, boost::iterators::incrementable_traversal_tag>]’:
/mnt/library/BH/include/boost/iterator/iterator_concepts.hpp:106:7:   required from ‘struct boost::range_detail::IncrementableIteratorConcept<__gnu_cxx::__normal_iterator<const char*, std::__cxx11::basic_string<char> > >’
/mnt/library/BH/include/boost/range/concepts.hpp:149:16:   required from ‘struct boost::range_detail::SinglePassIteratorConcept<__gnu_cxx::__normal_iterator<const char*, std::__cxx11::basic_string<char> > >’
/mnt/library/BH/include/boost/concept/detail/has_constraints.hpp:32:62:   required by substitution of ‘template<class Model> boost::concepts::detail::yes boost::concepts::detail::has_constraints_(Model*, wrap_constraints<Model, (& Model::constraints)>*) [with Model = boost::range_detail::SinglePassIteratorConcept<__gnu_cxx::__normal_iterator<const char*, std::__cxx11::basic_string<char> > >]’
/mnt/library/BH/include/boost/concept/detail/has_constraints.hpp:42:5:   required from ‘const bool boost::concepts::not_satisfied<boost::range_detail::SinglePassIteratorConcept<__gnu_cxx::__normal_iterator<const char*, std::__cxx11::basic_string<char> > > >::value’
/mnt/library/BH/include/boost/concept/detail/has_constraints.hpp:45:51:   required from ‘struct boost::concepts::not_satisfied<boost::range_detail::SinglePassIteratorConcept<__gnu_cxx::__normal_iterator<const char*, std::__cxx11::basic_string<char> > > >’
/mnt/library/BH/include/boost/concept/detail/general.hpp:72:8:   [ skipping 13 instantiation contexts, use -ftemplate-backtrace-limit=0 to disable ]
/mnt/library/BH/include/boost/iterator/iterator_facade.hpp:824:1:   required from ‘typename boost::iterators::detail::enable_if_interoperable<Derived1, Derived2, boost::iterators::detail::always_bool_t<Derived1, Derived2> >::type boost::iterators::operator!=(const iterator_facade<Derived1, V1, TC1, Reference1, Difference1>&, const iterator_facade<Derived2, V2, TC2, Reference2, Difference2>&) [with Derived1 = transform_iterator<boost::algorithm::detail::copy_iterator_rangeF<std::__cxx11::basic_string<char>, __gnu_cxx::__normal_iterator<const char*, std::__cxx11::basic_string<char> > >, boost::algorithm::split_iterator<__gnu_cxx::__normal_iterator<const char*, std::__cxx11::basic_string<char> > >, boost::use_default, boost::use_default>; V1 = std::__cxx11::basic_string<char>; TC1 = forward_traversal_tag; Reference1 = std::__cxx11::basic_string<char>; Difference1 = long int; Derived2 = transform_iterator<boost::algorithm::detail::copy_iterator_rangeF<std::__cxx11::basic_string<char>, __gnu_cxx::__normal_iterator<const char*, std::__cxx11::basic_string<char> > >, boost::algorithm::split_iterator<__gnu_cxx::__normal_iterator<const char*, std::__cxx11::basic_string<char> > >, boost::use_default, boost::use_default>; V2 = std::__cxx11::basic_string<char>; TC2 = forward_traversal_tag; Reference2 = std::__cxx11::basic_string<char>; Difference2 = long int; typename detail::enable_if_interoperable<Derived1, Derived2, detail::always_bool_t<Derived1, Derived2> >::type = bool; detail::always_bool_t<Derived1, Derived2> = bool]’
/usr/include/c++/13/bits/stl_vector.h:1671:21:   required from ‘void std::vector<_Tp, _Alloc>::_M_range_initialize(_InputIterator, _InputIterator, std::input_iterator_tag) [with _InputIterator = boost::iterators::transform_iterator<boost::algorithm::detail::copy_iterator_rangeF<std::__cxx11::basic_string<char>, __gnu_cxx::__normal_iterator<const char*, std::__cxx11::basic_string<char> > >, boost::algorithm::split_iterator<__gnu_cxx::__normal_iterator<const char*, std::__cxx11::basic_string<char> > >, boost::use_default, boost::use_default>; _Tp = std::__cxx11::basic_string<char>; _Alloc = std::allocator<std::__cxx11::basic_string<char> >]’
/usr/include/c++/13/bits/stl_vector.h:711:23:   required from ‘std::vector<_Tp, _Alloc>::vector(_InputIterator, _InputIterator, const allocator_type&) [with _InputIterator = boost::iterators::transform_iterator<boost::algorithm::detail::copy_iterator_rangeF<std::__cxx11::basic_string<char>, __gnu_cxx::__normal_iterator<const char*, std::__cxx11::basic_string<char> > >, boost::algorithm::split_iterator<__gnu_cxx::__normal_iterator<const char*, std::__cxx11::basic_string<char> > >, boost::use_default, boost::use_default>; <template-parameter-2-2> = void; _Tp = std::__cxx11::basic_string<char>; _Alloc = std::allocator<std::__cxx11::basic_string<char> >; allocator_type = std::allocator<std::__cxx11::basic_string<char> >]’
/mnt/library/BH/include/boost/algorithm/string/iter_find.hpp:186:31:   required from ‘SequenceSequenceT& boost::algorithm::iter_split(SequenceSequenceT&, RangeT&&, FinderT) [with SequenceSequenceT = std::vector<std::__cxx11::basic_string<char>, std::allocator<std::__cxx11::basic_string<char> > >; RangeT = const std::__cxx11::basic_string<char>&; FinderT = detail::token_finderF<detail::is_any_ofF<char> >]’
/mnt/library/BH/include/boost/algorithm/string/split.hpp:158:50:   required from ‘SequenceSequenceT& boost::algorithm::split(SequenceSequenceT&, RangeT&&, PredicateT, token_compress_mode_type) [with SequenceSequenceT = std::vector<std::__cxx11::basic_string<char>, std::allocator<std::__cxx11::basic_string<char> > >; RangeT = const std::__cxx11::basic_string<char>&; PredicateT = detail::is_any_ofF<char>]’
/mnt/library/cytolib/include/cytolib/compensation.hpp:55:15:   required from here
/mnt/library/BH/include/boost/concept/detail/general.hpp:50:47: warning: ‘this’ pointer is null [-Wnonnull]
   50 |     static void failed() { ((Model*)0)->~Model(); }
      |                            ~~~~~~~~~~~~~~~~~~~^~
/mnt/library/BH/include/boost/concept/usage.hpp:37:7: note: in a call to non-static member function ‘boost::Convertible<X, Y>::~Convertible() [with X = boost::iterators::random_access_traversal_tag; Y = boost::iterators::incrementable_traversal_tag]’
   37 |       ~model()
      |       ^
/mnt/library/BH/include/boost/concept_check.hpp:208:5: note: in expansion of macro ‘BOOST_CONCEPT_USAGE’
  208 |     BOOST_CONCEPT_USAGE(Convertible) {
      |     ^~~~~~~~~~~~~~~~~~~
/mnt/library/BH/include/boost/concept/detail/general.hpp: In instantiation of ‘static void boost::concepts::requirement<boost::concepts::failed************ Model::************>::failed() [with Model = boost::concepts::usage_requirements<boost::range_detail::IncrementableIteratorConcept<__gnu_cxx::__normal_iterator<const char*, std::__cxx11::basic_string<char> > > >]’:
/mnt/library/BH/include/boost/range/concepts.hpp:138:13:   required from ‘struct boost::range_detail::IncrementableIteratorConcept<__gnu_cxx::__normal_iterator<const char*, std::__cxx11::basic_string<char> > >’
/mnt/library/BH/include/boost/range/concepts.hpp:149:16:   required from ‘struct boost::range_detail::SinglePassIteratorConcept<__gnu_cxx::__normal_iterator<const char*, std::__cxx11::basic_string<char> > >’
/mnt/library/BH/include/boost/concept/detail/has_constraints.hpp:32:62:   required by substitution of ‘template<class Model> boost::concepts::detail::yes boost::concepts::detail::has_constraints_(Model*, wrap_constraints<Model, (& Model::constraints)>*) [with Model = boost::range_detail::SinglePassIteratorConcept<__gnu_cxx::__normal_iterator<const char*, std::__cxx11::basic_string<char> > >]’
/mnt/library/BH/include/boost/concept/detail/has_constraints.hpp:42:5:   required from ‘const bool boost::concepts::not_satisfied<boost::range_detail::SinglePassIteratorConcept<__gnu_cxx::__normal_iterator<const char*, std::__cxx11::basic_string<char> > > >::value’
/mnt/library/BH/include/boost/concept/detail/has_constraints.hpp:45:51:   required from ‘struct boost::concepts::not_satisfied<boost::range_detail::SinglePassIteratorConcept<__gnu_cxx::__normal_iterator<const char*, std::__cxx11::basic_string<char> > > >’
/mnt/library/BH/include/boost/concept/detail/general.hpp:72:8:   [ skipping 13 instantiation contexts, use -ftemplate-backtrace-limit=0 to disable ]
/mnt/library/BH/include/boost/iterator/iterator_facade.hpp:824:1:   required from ‘typename boost::iterators::detail::enable_if_interoperable<Derived1, Derived2, boost::iterators::detail::always_bool_t<Derived1, Derived2> >::type boost::iterators::operator!=(const iterator_facade<Derived1, V1, TC1, Reference1, Difference1>&, const iterator_facade<Derived2, V2, TC2, Reference2, Difference2>&) [with Derived1 = transform_iterator<boost::algorithm::detail::copy_iterator_rangeF<std::__cxx11::basic_string<char>, __gnu_cxx::__normal_iterator<const char*, std::__cxx11::basic_string<char> > >, boost::algorithm::split_iterator<__gnu_cxx::__normal_iterator<const char*, std::__cxx11::basic_string<char> > >, boost::use_default, boost::use_default>; V1 = std::__cxx11::basic_string<char>; TC1 = forward_traversal_tag; Reference1 = std::__cxx11::basic_string<char>; Difference1 = long int; Derived2 = transform_iterator<boost::algorithm::detail::copy_iterator_rangeF<std::__cxx11::basic_string<char>, __gnu_cxx::__normal_iterator<const char*, std::__cxx11::basic_string<char> > >, boost::algorithm::split_iterator<__gnu_cxx::__normal_iterator<const char*, std::__cxx11::basic_string<char> > >, boost::use_default, boost::use_default>; V2 = std::__cxx11::basic_string<char>; TC2 = forward_traversal_tag; Reference2 = std::__cxx11::basic_string<char>; Difference2 = long int; typename detail::enable_if_interoperable<Derived1, Derived2, detail::always_bool_t<Derived1, Derived2> >::type = bool; detail::always_bool_t<Derived1, Derived2> = bool]’
/usr/include/c++/13/bits/stl_vector.h:1671:21:   required from ‘void std::vector<_Tp, _Alloc>::_M_range_initialize(_InputIterator, _InputIterator, std::input_iterator_tag) [with _InputIterator = boost::iterators::transform_iterator<boost::algorithm::detail::copy_iterator_rangeF<std::__cxx11::basic_string<char>, __gnu_cxx::__normal_iterator<const char*, std::__cxx11::basic_string<char> > >, boost::algorithm::split_iterator<__gnu_cxx::__normal_iterator<const char*, std::__cxx11::basic_string<char> > >, boost::use_default, boost::use_default>; _Tp = std::__cxx11::basic_string<char>; _Alloc = std::allocator<std::__cxx11::basic_string<char> >]’
/usr/include/c++/13/bits/stl_vector.h:711:23:   required from ‘std::vector<_Tp, _Alloc>::vector(_InputIterator, _InputIterator, const allocator_type&) [with _InputIterator = boost::iterators::transform_iterator<boost::algorithm::detail::copy_iterator_rangeF<std::__cxx11::basic_string<char>, __gnu_cxx::__normal_iterator<const char*, std::__cxx11::basic_string<char> > >, boost::algorithm::split_iterator<__gnu_cxx::__normal_iterator<const char*, std::__cxx11::basic_string<char> > >, boost::use_default, boost::use_default>; <template-parameter-2-2> = void; _Tp = std::__cxx11::basic_string<char>; _Alloc = std::allocator<std::__cxx11::basic_string<char> >; allocator_type = std::allocator<std::__cxx11::basic_string<char> >]’
/mnt/library/BH/include/boost/algorithm/string/iter_find.hpp:186:31:   required from ‘SequenceSequenceT& boost::algorithm::iter_split(SequenceSequenceT&, RangeT&&, FinderT) [with SequenceSequenceT = std::vector<std::__cxx11::basic_string<char>, std::allocator<std::__cxx11::basic_string<char> > >; RangeT = const std::__cxx11::basic_string<char>&; FinderT = detail::token_finderF<detail::is_any_ofF<char> >]’
/mnt/library/BH/include/boost/algorithm/string/split.hpp:158:50:   required from ‘SequenceSequenceT& boost::algorithm::split(SequenceSequenceT&, RangeT&&, PredicateT, token_compress_mode_type) [with SequenceSequenceT = std::vector<std::__cxx11::basic_string<char>, std::allocator<std::__cxx11::basic_string<char> > >; RangeT = const std::__cxx11::basic_string<char>&; PredicateT = detail::is_any_ofF<char>]’
/mnt/library/cytolib/include/cytolib/compensation.hpp:55:15:   required from here
/mnt/library/BH/include/boost/concept/detail/general.hpp:50:47: warning: ‘this’ pointer is null [-Wnonnull]
   50 |     static void failed() { ((Model*)0)->~Model(); }
      |                            ~~~~~~~~~~~~~~~~~~~^~
/mnt/library/BH/include/boost/concept/usage.hpp:20:5: note: in a call to non-static member function ‘boost::concepts::usage_requirements<Model>::~usage_requirements() [with Model = boost::range_detail::IncrementableIteratorConcept<__gnu_cxx::__normal_iterator<const char*, std::__cxx11::basic_string<char> > >]’
   20 |     ~usage_requirements() { ((Model*)0)->~Model(); }
      |     ^
/mnt/library/BH/include/boost/concept/detail/general.hpp: In instantiation of ‘static void boost::concepts::requirement<boost::concepts::failed************ Model::************>::failed() [with Model = boost::concepts::usage_requirements<boost::EqualityComparable<__gnu_cxx::__normal_iterator<const char*, std::__cxx11::basic_string<char> > > >]’:
/mnt/library/BH/include/boost/concept_check.hpp:233:5:   required from ‘struct boost::EqualityComparable<__gnu_cxx::__normal_iterator<const char*, std::__cxx11::basic_string<char> > >’
/mnt/library/BH/include/boost/range/concepts.hpp:149:16:   required from ‘struct boost::range_detail::SinglePassIteratorConcept<__gnu_cxx::__normal_iterator<const char*, std::__cxx11::basic_string<char> > >’
/mnt/library/BH/include/boost/concept/detail/has_constraints.hpp:32:62:   required by substitution of ‘template<class Model> boost::concepts::detail::yes boost::concepts::detail::has_constraints_(Model*, wrap_constraints<Model, (& Model::constraints)>*) [with Model = boost::range_detail::SinglePassIteratorConcept<__gnu_cxx::__normal_iterator<const char*, std::__cxx11::basic_string<char> > >]’
/mnt/library/BH/include/boost/concept/detail/has_constraints.hpp:42:5:   required from ‘const bool boost::concepts::not_satisfied<boost::range_detail::SinglePassIteratorConcept<__gnu_cxx::__normal_iterator<const char*, std::__cxx11::basic_string<char> > > >::value’
/mnt/library/BH/include/boost/concept/detail/has_constraints.hpp:45:51:   required from ‘struct boost::concepts::not_satisfied<boost::range_detail::SinglePassIteratorConcept<__gnu_cxx::__normal_iterator<const char*, std::__cxx11::basic_string<char> > > >’
/mnt/library/BH/include/boost/concept/detail/general.hpp:72:8:   [ skipping 13 instantiation contexts, use -ftemplate-backtrace-limit=0 to disable ]
/mnt/library/BH/include/boost/iterator/iterator_facade.hpp:824:1:   required from ‘typename boost::iterators::detail::enable_if_interoperable<Derived1, Derived2, boost::iterators::detail::always_bool_t<Derived1, Derived2> >::type boost::iterators::operator!=(const iterator_facade<Derived1, V1, TC1, Reference1, Difference1>&, const iterator_facade<Derived2, V2, TC2, Reference2, Difference2>&) [with Derived1 = transform_iterator<boost::algorithm::detail::copy_iterator_rangeF<std::__cxx11::basic_string<char>, __gnu_cxx::__normal_iterator<const char*, std::__cxx11::basic_string<char> > >, boost::algorithm::split_iterator<__gnu_cxx::__normal_iterator<const char*, std::__cxx11::basic_string<char> > >, boost::use_default, boost::use_default>; V1 = std::__cxx11::basic_string<char>; TC1 = forward_traversal_tag; Reference1 = std::__cxx11::basic_string<char>; Difference1 = long int; Derived2 = transform_iterator<boost::algorithm::detail::copy_iterator_rangeF<std::__cxx11::basic_string<char>, __gnu_cxx::__normal_iterator<const char*, std::__cxx11::basic_string<char> > >, boost::algorithm::split_iterator<__gnu_cxx::__normal_iterator<const char*, std::__cxx11::basic_string<char> > >, boost::use_default, boost::use_default>; V2 = std::__cxx11::basic_string<char>; TC2 = forward_traversal_tag; Reference2 = std::__cxx11::basic_string<char>; Difference2 = long int; typename detail::enable_if_interoperable<Derived1, Derived2, detail::always_bool_t<Derived1, Derived2> >::type = bool; detail::always_bool_t<Derived1, Derived2> = bool]’
/usr/include/c++/13/bits/stl_vector.h:1671:21:   required from ‘void std::vector<_Tp, _Alloc>::_M_range_initialize(_InputIterator, _InputIterator, std::input_iterator_tag) [with _InputIterator = boost::iterators::transform_iterator<boost::algorithm::detail::copy_iterator_rangeF<std::__cxx11::basic_string<char>, __gnu_cxx::__normal_iterator<const char*, std::__cxx11::basic_string<char> > >, boost::algorithm::split_iterator<__gnu_cxx::__normal_iterator<const char*, std::__cxx11::basic_string<char> > >, boost::use_default, boost::use_default>; _Tp = std::__cxx11::basic_string<char>; _Alloc = std::allocator<std::__cxx11::basic_string<char> >]’
/usr/include/c++/13/bits/stl_vector.h:711:23:   required from ‘std::vector<_Tp, _Alloc>::vector(_InputIterator, _InputIterator, const allocator_type&) [with _InputIterator = boost::iterators::transform_iterator<boost::algorithm::detail::copy_iterator_rangeF<std::__cxx11::basic_string<char>, __gnu_cxx::__normal_iterator<const char*, std::__cxx11::basic_string<char> > >, boost::algorithm::split_iterator<__gnu_cxx::__normal_iterator<const char*, std::__cxx11::basic_string<char> > >, boost::use_default, boost::use_default>; <template-parameter-2-2> = void; _Tp = std::__cxx11::basic_string<char>; _Alloc = std::allocator<std::__cxx11::basic_string<char> >; allocator_type = std::allocator<std::__cxx11::basic_string<char> >]’
/mnt/library/BH/include/boost/algorithm/string/iter_find.hpp:186:31:   required from ‘SequenceSequenceT& boost::algorithm::iter_split(SequenceSequenceT&, RangeT&&, FinderT) [with SequenceSequenceT = std::vector<std::__cxx11::basic_string<char>, std::allocator<std::__cxx11::basic_string<char> > >; RangeT = const std::__cxx11::basic_string<char>&; FinderT = detail::token_finderF<detail::is_any_ofF<char> >]’
/mnt/library/BH/include/boost/algorithm/string/split.hpp:158:50:   required from ‘SequenceSequenceT& boost::algorithm::split(SequenceSequenceT&, RangeT&&, PredicateT, token_compress_mode_type) [with SequenceSequenceT = std::vector<std::__cxx11::basic_string<char>, std::allocator<std::__cxx11::basic_string<char> > >; RangeT = const std::__cxx11::basic_string<char>&; PredicateT = detail::is_any_ofF<char>]’
/mnt/library/cytolib/include/cytolib/compensation.hpp:55:15:   required from here
/mnt/library/BH/include/boost/concept/detail/general.hpp:50:47: warning: ‘this’ pointer is null [-Wnonnull]
   50 |     static void failed() { ((Model*)0)->~Model(); }
      |                            ~~~~~~~~~~~~~~~~~~~^~
/mnt/library/BH/include/boost/concept/usage.hpp:20:5: note: in a call to non-static member function ‘boost::concepts::usage_requirements<Model>::~usage_requirements() [with Model = boost::EqualityComparable<__gnu_cxx::__normal_iterator<const char*, std::__cxx11::basic_string<char> > >]’
   20 |     ~usage_requirements() { ((Model*)0)->~Model(); }
      |     ^
/mnt/library/BH/include/boost/concept/detail/general.hpp: In instantiation of ‘static void boost::concepts::requirement<boost::concepts::failed************ Model::************>::failed() [with Model = boost::concepts::usage_requirements<boost::Convertible<boost::iterators::random_access_traversal_tag, boost::iterators::single_pass_traversal_tag> >]’:
/mnt/library/BH/include/boost/concept_check.hpp:208:5:   required from ‘struct boost::Convertible<boost::iterators::random_access_traversal_tag, boost::iterators::single_pass_traversal_tag>’
/mnt/library/BH/include/boost/concept/detail/has_constraints.hpp:32:62:   required by substitution of ‘template<class Model> boost::concepts::detail::yes boost::concepts::detail::has_constraints_(Model*, wrap_constraints<Model, (& Model::constraints)>*) [with Model = boost::Convertible<boost::iterators::random_access_traversal_tag, boost::iterators::single_pass_traversal_tag>]’
/mnt/library/BH/include/boost/concept/detail/has_constraints.hpp:42:5:   required from ‘const bool boost::concepts::not_satisfied<boost::Convertible<boost::iterators::random_access_traversal_tag, boost::iterators::single_pass_traversal_tag> >::value’
/mnt/library/BH/include/boost/concept/detail/has_constraints.hpp:45:51:   required from ‘struct boost::concepts::not_satisfied<boost::Convertible<boost::iterators::random_access_traversal_tag, boost::iterators::single_pass_traversal_tag> >’
/mnt/library/BH/include/boost/concept/detail/general.hpp:72:8:   required from ‘struct boost::concepts::requirement_<void (*)(boost::Convertible<boost::iterators::random_access_traversal_tag, boost::iterators::single_pass_traversal_tag>)>’
/mnt/library/BH/include/boost/range/concepts.hpp:154:13:   [ skipping 17 instantiation contexts, use -ftemplate-backtrace-limit=0 to disable ]
/mnt/library/BH/include/boost/iterator/iterator_facade.hpp:824:1:   required from ‘typename boost::iterators::detail::enable_if_interoperable<Derived1, Derived2, boost::iterators::detail::always_bool_t<Derived1, Derived2> >::type boost::iterators::operator!=(const iterator_facade<Derived1, V1, TC1, Reference1, Difference1>&, const iterator_facade<Derived2, V2, TC2, Reference2, Difference2>&) [with Derived1 = transform_iterator<boost::algorithm::detail::copy_iterator_rangeF<std::__cxx11::basic_string<char>, __gnu_cxx::__normal_iterator<const char*, std::__cxx11::basic_string<char> > >, boost::algorithm::split_iterator<__gnu_cxx::__normal_iterator<const char*, std::__cxx11::basic_string<char> > >, boost::use_default, boost::use_default>; V1 = std::__cxx11::basic_string<char>; TC1 = forward_traversal_tag; Reference1 = std::__cxx11::basic_string<char>; Difference1 = long int; Derived2 = transform_iterator<boost::algorithm::detail::copy_iterator_rangeF<std::__cxx11::basic_string<char>, __gnu_cxx::__normal_iterator<const char*, std::__cxx11::basic_string<char> > >, boost::algorithm::split_iterator<__gnu_cxx::__normal_iterator<const char*, std::__cxx11::basic_string<char> > >, boost::use_default, boost::use_default>; V2 = std::__cxx11::basic_string<char>; TC2 = forward_traversal_tag; Reference2 = std::__cxx11::basic_string<char>; Difference2 = long int; typename detail::enable_if_interoperable<Derived1, Derived2, detail::always_bool_t<Derived1, Derived2> >::type = bool; detail::always_bool_t<Derived1, Derived2> = bool]’
/usr/include/c++/13/bits/stl_vector.h:1671:21:   required from ‘void std::vector<_Tp, _Alloc>::_M_range_initialize(_InputIterator, _InputIterator, std::input_iterator_tag) [with _InputIterator = boost::iterators::transform_iterator<boost::algorithm::detail::copy_iterator_rangeF<std::__cxx11::basic_string<char>, __gnu_cxx::__normal_iterator<const char*, std::__cxx11::basic_string<char> > >, boost::algorithm::split_iterator<__gnu_cxx::__normal_iterator<const char*, std::__cxx11::basic_string<char> > >, boost::use_default, boost::use_default>; _Tp = std::__cxx11::basic_string<char>; _Alloc = std::allocator<std::__cxx11::basic_string<char> >]’
/usr/include/c++/13/bits/stl_vector.h:711:23:   required from ‘std::vector<_Tp, _Alloc>::vector(_InputIterator, _InputIterator, const allocator_type&) [with _InputIterator = boost::iterators::transform_iterator<boost::algorithm::detail::copy_iterator_rangeF<std::__cxx11::basic_string<char>, __gnu_cxx::__normal_iterator<const char*, std::__cxx11::basic_string<char> > >, boost::algorithm::split_iterator<__gnu_cxx::__normal_iterator<const char*, std::__cxx11::basic_string<char> > >, boost::use_default, boost::use_default>; <template-parameter-2-2> = void; _Tp = std::__cxx11::basic_string<char>; _Alloc = std::allocator<std::__cxx11::basic_string<char> >; allocator_type = std::allocator<std::__cxx11::basic_string<char> >]’
/mnt/library/BH/include/boost/algorithm/string/iter_find.hpp:186:31:   required from ‘SequenceSequenceT& boost::algorithm::iter_split(SequenceSequenceT&, RangeT&&, FinderT) [with SequenceSequenceT = std::vector<std::__cxx11::basic_string<char>, std::allocator<std::__cxx11::basic_string<char> > >; RangeT = const std::__cxx11::basic_string<char>&; FinderT = detail::token_finderF<detail::is_any_ofF<char> >]’
/mnt/library/BH/include/boost/algorithm/string/split.hpp:158:50:   required from ‘SequenceSequenceT& boost::algorithm::split(SequenceSequenceT&, RangeT&&, PredicateT, token_compress_mode_type) [with SequenceSequenceT = std::vector<std::__cxx11::basic_string<char>, std::allocator<std::__cxx11::basic_string<char> > >; RangeT = const std::__cxx11::basic_string<char>&; PredicateT = detail::is_any_ofF<char>]’
/mnt/library/cytolib/include/cytolib/compensation.hpp:55:15:   required from here
/mnt/library/BH/include/boost/concept/detail/general.hpp:50:47: warning: ‘this’ pointer is null [-Wnonnull]
   50 |     static void failed() { ((Model*)0)->~Model(); }
      |                            ~~~~~~~~~~~~~~~~~~~^~
/mnt/library/BH/include/boost/concept/usage.hpp:20:5: note: in a call to non-static member function ‘boost::concepts::usage_requirements<Model>::~usage_requirements() [with Model = boost::Convertible<boost::iterators::random_access_traversal_tag, boost::iterators::single_pass_traversal_tag>]’
   20 |     ~usage_requirements() { ((Model*)0)->~Model(); }
      |     ^
/mnt/library/BH/include/boost/concept/detail/general.hpp: In instantiation of ‘static void boost::concepts::requirement<boost::concepts::failed************ Model::************>::failed() [with Model = boost::Convertible<boost::iterators::random_access_traversal_tag, boost::iterators::single_pass_traversal_tag>]’:
/mnt/library/BH/include/boost/range/concepts.hpp:154:13:   required from ‘struct boost::range_detail::SinglePassIteratorConcept<__gnu_cxx::__normal_iterator<const char*, std::__cxx11::basic_string<char> > >’
/mnt/library/BH/include/boost/concept/detail/has_constraints.hpp:32:62:   required by substitution of ‘template<class Model> boost::concepts::detail::yes boost::concepts::detail::has_constraints_(Model*, wrap_constraints<Model, (& Model::constraints)>*) [with Model = boost::range_detail::SinglePassIteratorConcept<__gnu_cxx::__normal_iterator<const char*, std::__cxx11::basic_string<char> > >]’
/mnt/library/BH/include/boost/concept/detail/has_constraints.hpp:42:5:   required from ‘const bool boost::concepts::not_satisfied<boost::range_detail::SinglePassIteratorConcept<__gnu_cxx::__normal_iterator<const char*, std::__cxx11::basic_string<char> > > >::value’
/mnt/library/BH/include/boost/concept/detail/has_constraints.hpp:45:51:   required from ‘struct boost::concepts::not_satisfied<boost::range_detail::SinglePassIteratorConcept<__gnu_cxx::__normal_iterator<const char*, std::__cxx11::basic_string<char> > > >’
/mnt/library/BH/include/boost/concept/detail/general.hpp:72:8:   required from ‘struct boost::concepts::requirement_<void (*)(boost::range_detail::SinglePassIteratorConcept<__gnu_cxx::__normal_iterator<const char*, std::__cxx11::basic_string<char> > >)>’
/mnt/library/BH/include/boost/range/concepts.hpp:280:9:   [ skipping 12 instantiation contexts, use -ftemplate-backtrace-limit=0 to disable ]
/mnt/library/BH/include/boost/iterator/iterator_facade.hpp:824:1:   required from ‘typename boost::iterators::detail::enable_if_interoperable<Derived1, Derived2, boost::iterators::detail::always_bool_t<Derived1, Derived2> >::type boost::iterators::operator!=(const iterator_facade<Derived1, V1, TC1, Reference1, Difference1>&, const iterator_facade<Derived2, V2, TC2, Reference2, Difference2>&) [with Derived1 = transform_iterator<boost::algorithm::detail::copy_iterator_rangeF<std::__cxx11::basic_string<char>, __gnu_cxx::__normal_iterator<const char*, std::__cxx11::basic_string<char> > >, boost::algorithm::split_iterator<__gnu_cxx::__normal_iterator<const char*, std::__cxx11::basic_string<char> > >, boost::use_default, boost::use_default>; V1 = std::__cxx11::basic_string<char>; TC1 = forward_traversal_tag; Reference1 = std::__cxx11::basic_string<char>; Difference1 = long int; Derived2 = transform_iterator<boost::algorithm::detail::copy_iterator_rangeF<std::__cxx11::basic_string<char>, __gnu_cxx::__normal_iterator<const char*, std::__cxx11::basic_string<char> > >, boost::algorithm::split_iterator<__gnu_cxx::__normal_iterator<const char*, std::__cxx11::basic_string<char> > >, boost::use_default, boost::use_default>; V2 = std::__cxx11::basic_string<char>; TC2 = forward_traversal_tag; Reference2 = std::__cxx11::basic_string<char>; Difference2 = long int; typename detail::enable_if_interoperable<Derived1, Derived2, detail::always_bool_t<Derived1, Derived2> >::type = bool; detail::always_bool_t<Derived1, Derived2> = bool]’
/usr/include/c++/13/bits/stl_vector.h:1671:21:   required from ‘void std::vector<_Tp, _Alloc>::_M_range_initialize(_InputIterator, _InputIterator, std::input_iterator_tag) [with _InputIterator = boost::iterators::transform_iterator<boost::algorithm::detail::copy_iterator_rangeF<std::__cxx11::basic_string<char>, __gnu_cxx::__normal_iterator<const char*, std::__cxx11::basic_string<char> > >, boost::algorithm::split_iterator<__gnu_cxx::__normal_iterator<const char*, std::__cxx11::basic_string<char> > >, boost::use_default, boost::use_default>; _Tp = std::__cxx11::basic_string<char>; _Alloc = std::allocator<std::__cxx11::basic_string<char> >]’
/usr/include/c++/13/bits/stl_vector.h:711:23:   required from ‘std::vector<_Tp, _Alloc>::vector(_InputIterator, _InputIterator, const allocator_type&) [with _InputIterator = boost::iterators::transform_iterator<boost::algorithm::detail::copy_iterator_rangeF<std::__cxx11::basic_string<char>, __gnu_cxx::__normal_iterator<const char*, std::__cxx11::basic_string<char> > >, boost::algorithm::split_iterator<__gnu_cxx::__normal_iterator<const char*, std::__cxx11::basic_string<char> > >, boost::use_default, boost::use_default>; <template-parameter-2-2> = void; _Tp = std::__cxx11::basic_string<char>; _Alloc = std::allocator<std::__cxx11::basic_string<char> >; allocator_type = std::allocator<std::__cxx11::basic_string<char> >]’
/mnt/library/BH/include/boost/algorithm/string/iter_find.hpp:186:31:   required from ‘SequenceSequenceT& boost::algorithm::iter_split(SequenceSequenceT&, RangeT&&, FinderT) [with SequenceSequenceT = std::vector<std::__cxx11::basic_string<char>, std::allocator<std::__cxx11::basic_string<char> > >; RangeT = const std::__cxx11::basic_string<char>&; FinderT = detail::token_finderF<detail::is_any_ofF<char> >]’
/mnt/library/BH/include/boost/algorithm/string/split.hpp:158:50:   required from ‘SequenceSequenceT& boost::algorithm::split(SequenceSequenceT&, RangeT&&, PredicateT, token_compress_mode_type) [with SequenceSequenceT = std::vector<std::__cxx11::basic_string<char>, std::allocator<std::__cxx11::basic_string<char> > >; RangeT = const std::__cxx11::basic_string<char>&; PredicateT = detail::is_any_ofF<char>]’
/mnt/library/cytolib/include/cytolib/compensation.hpp:55:15:   required from here
/mnt/library/BH/include/boost/concept/detail/general.hpp:50:47: warning: ‘this’ pointer is null [-Wnonnull]
   50 |     static void failed() { ((Model*)0)->~Model(); }
      |                            ~~~~~~~~~~~~~~~~~~~^~
/mnt/library/BH/include/boost/concept/usage.hpp:37:7: note: in a call to non-static member function ‘boost::Convertible<X, Y>::~Convertible() [with X = boost::iterators::random_access_traversal_tag; Y = boost::iterators::single_pass_traversal_tag]’
   37 |       ~model()
      |       ^
/mnt/library/BH/include/boost/concept_check.hpp:208:5: note: in expansion of macro ‘BOOST_CONCEPT_USAGE’
  208 |     BOOST_CONCEPT_USAGE(Convertible) {
      |     ^~~~~~~~~~~~~~~~~~~
/mnt/library/BH/include/boost/concept/detail/general.hpp: In instantiation of ‘static void boost::concepts::requirement<boost::concepts::failed************ Model::************>::failed() [with Model = boost::concepts::usage_requirements<boost::range_detail::SinglePassIteratorConcept<__gnu_cxx::__normal_iterator<const char*, std::__cxx11::basic_string<char> > > >]’:
/mnt/library/BH/include/boost/range/concepts.hpp:160:13:   required from ‘struct boost::range_detail::SinglePassIteratorConcept<__gnu_cxx::__normal_iterator<const char*, std::__cxx11::basic_string<char> > >’
/mnt/library/BH/include/boost/concept/detail/has_constraints.hpp:32:62:   required by substitution of ‘template<class Model> boost::concepts::detail::yes boost::concepts::detail::has_constraints_(Model*, wrap_constraints<Model, (& Model::constraints)>*) [with Model = boost::range_detail::SinglePassIteratorConcept<__gnu_cxx::__normal_iterator<const char*, std::__cxx11::basic_string<char> > >]’
/mnt/library/BH/include/boost/concept/detail/has_constraints.hpp:42:5:   required from ‘const bool boost::concepts::not_satisfied<boost::range_detail::SinglePassIteratorConcept<__gnu_cxx::__normal_iterator<const char*, std::__cxx11::basic_string<char> > > >::value’
/mnt/library/BH/include/boost/concept/detail/has_constraints.hpp:45:51:   required from ‘struct boost::concepts::not_satisfied<boost::range_detail::SinglePassIteratorConcept<__gnu_cxx::__normal_iterator<const char*, std::__cxx11::basic_string<char> > > >’
/mnt/library/BH/include/boost/concept/detail/general.hpp:72:8:   required from ‘struct boost::concepts::requirement_<void (*)(boost::range_detail::SinglePassIteratorConcept<__gnu_cxx::__normal_iterator<const char*, std::__cxx11::basic_string<char> > >)>’
/mnt/library/BH/include/boost/range/concepts.hpp:280:9:   [ skipping 12 instantiation contexts, use -ftemplate-backtrace-limit=0 to disable ]
/mnt/library/BH/include/boost/iterator/iterator_facade.hpp:824:1:   required from ‘typename boost::iterators::detail::enable_if_interoperable<Derived1, Derived2, boost::iterators::detail::always_bool_t<Derived1, Derived2> >::type boost::iterators::operator!=(const iterator_facade<Derived1, V1, TC1, Reference1, Difference1>&, const iterator_facade<Derived2, V2, TC2, Reference2, Difference2>&) [with Derived1 = transform_iterator<boost::algorithm::detail::copy_iterator_rangeF<std::__cxx11::basic_string<char>, __gnu_cxx::__normal_iterator<const char*, std::__cxx11::basic_string<char> > >, boost::algorithm::split_iterator<__gnu_cxx::__normal_iterator<const char*, std::__cxx11::basic_string<char> > >, boost::use_default, boost::use_default>; V1 = std::__cxx11::basic_string<char>; TC1 = forward_traversal_tag; Reference1 = std::__cxx11::basic_string<char>; Difference1 = long int; Derived2 = transform_iterator<boost::algorithm::detail::copy_iterator_rangeF<std::__cxx11::basic_string<char>, __gnu_cxx::__normal_iterator<const char*, std::__cxx11::basic_string<char> > >, boost::algorithm::split_iterator<__gnu_cxx::__normal_iterator<const char*, std::__cxx11::basic_string<char> > >, boost::use_default, boost::use_default>; V2 = std::__cxx11::basic_string<char>; TC2 = forward_traversal_tag; Reference2 = std::__cxx11::basic_string<char>; Difference2 = long int; typename detail::enable_if_interoperable<Derived1, Derived2, detail::always_bool_t<Derived1, Derived2> >::type = bool; detail::always_bool_t<Derived1, Derived2> = bool]’
/usr/include/c++/13/bits/stl_vector.h:1671:21:   required from ‘void std::vector<_Tp, _Alloc>::_M_range_initialize(_InputIterator, _InputIterator, std::input_iterator_tag) [with _InputIterator = boost::iterators::transform_iterator<boost::algorithm::detail::copy_iterator_rangeF<std::__cxx11::basic_string<char>, __gnu_cxx::__normal_iterator<const char*, std::__cxx11::basic_string<char> > >, boost::algorithm::split_iterator<__gnu_cxx::__normal_iterator<const char*, std::__cxx11::basic_string<char> > >, boost::use_default, boost::use_default>; _Tp = std::__cxx11::basic_string<char>; _Alloc = std::allocator<std::__cxx11::basic_string<char> >]’
/usr/include/c++/13/bits/stl_vector.h:711:23:   required from ‘std::vector<_Tp, _Alloc>::vector(_InputIterator, _InputIterator, const allocator_type&) [with _InputIterator = boost::iterators::transform_iterator<boost::algorithm::detail::copy_iterator_rangeF<std::__cxx11::basic_string<char>, __gnu_cxx::__normal_iterator<const char*, std::__cxx11::basic_string<char> > >, boost::algorithm::split_iterator<__gnu_cxx::__normal_iterator<const char*, std::__cxx11::basic_string<char> > >, boost::use_default, boost::use_default>; <template-parameter-2-2> = void; _Tp = std::__cxx11::basic_string<char>; _Alloc = std::allocator<std::__cxx11::basic_string<char> >; allocator_type = std::allocator<std::__cxx11::basic_string<char> >]’
/mnt/library/BH/include/boost/algorithm/string/iter_find.hpp:186:31:   required from ‘SequenceSequenceT& boost::algorithm::iter_split(SequenceSequenceT&, RangeT&&, FinderT) [with SequenceSequenceT = std::vector<std::__cxx11::basic_string<char>, std::allocator<std::__cxx11::basic_string<char> > >; RangeT = const std::__cxx11::basic_string<char>&; FinderT = detail::token_finderF<detail::is_any_ofF<char> >]’
/mnt/library/BH/include/boost/algorithm/string/split.hpp:158:50:   required from ‘SequenceSequenceT& boost::algorithm::split(SequenceSequenceT&, RangeT&&, PredicateT, token_compress_mode_type) [with SequenceSequenceT = std::vector<std::__cxx11::basic_string<char>, std::allocator<std::__cxx11::basic_string<char> > >; RangeT = const std::__cxx11::basic_string<char>&; PredicateT = detail::is_any_ofF<char>]’
/mnt/library/cytolib/include/cytolib/compensation.hpp:55:15:   required from here
/mnt/library/BH/include/boost/concept/detail/general.hpp:50:47: warning: ‘this’ pointer is null [-Wnonnull]
   50 |     static void failed() { ((Model*)0)->~Model(); }
      |                            ~~~~~~~~~~~~~~~~~~~^~
/mnt/library/BH/include/boost/concept/usage.hpp:20:5: note: in a call to non-static member function ‘boost::concepts::usage_requirements<Model>::~usage_requirements() [with Model = boost::range_detail::SinglePassIteratorConcept<__gnu_cxx::__normal_iterator<const char*, std::__cxx11::basic_string<char> > >]’
   20 |     ~usage_requirements() { ((Model*)0)->~Model(); }
      |     ^
/mnt/library/BH/include/boost/concept/detail/general.hpp: In instantiation of ‘static void boost::concepts::requirement<boost::concepts::failed************ Model::************>::failed() [with Model = boost::range_detail::SinglePassIteratorConcept<__gnu_cxx::__normal_iterator<const char*, std::__cxx11::basic_string<char> > >]’:
/mnt/library/BH/include/boost/range/concepts.hpp:280:9:   required from ‘struct boost::SinglePassRangeConcept<const boost::iterator_range<__gnu_cxx::__normal_iterator<const char*, std::__cxx11::basic_string<char> > > >’
/mnt/library/BH/include/boost/concept/detail/has_constraints.hpp:32:62:   required by substitution of ‘template<class Model> boost::concepts::detail::yes boost::concepts::detail::has_constraints_(Model*, wrap_constraints<Model, (& Model::constraints)>*) [with Model = boost::SinglePassRangeConcept<const boost::iterator_range<__gnu_cxx::__normal_iterator<const char*, std::__cxx11::basic_string<char> > > >]’
/mnt/library/BH/include/boost/concept/detail/has_constraints.hpp:42:5:   required from ‘const bool boost::concepts::not_satisfied<boost::SinglePassRangeConcept<const boost::iterator_range<__gnu_cxx::__normal_iterator<const char*, std::__cxx11::basic_string<char> > > > >::value’
/mnt/library/BH/include/boost/concept/detail/has_constraints.hpp:45:51:   required from ‘struct boost::concepts::not_satisfied<boost::SinglePassRangeConcept<const boost::iterator_range<__gnu_cxx::__normal_iterator<const char*, std::__cxx11::basic_string<char> > > > >’
/mnt/library/BH/include/boost/concept/detail/general.hpp:72:8:   required from ‘struct boost::concepts::requirement_<void (*)(boost::SinglePassRangeConcept<const boost::iterator_range<__gnu_cxx::__normal_iterator<const char*, std::__cxx11::basic_string<char> > > >)>’
/mnt/library/BH/include/boost/range/algorithm/equal.hpp:174:13:   [ skipping 7 instantiation contexts, use -ftemplate-backtrace-limit=0 to disable ]
/mnt/library/BH/include/boost/iterator/iterator_facade.hpp:824:1:   required from ‘typename boost::iterators::detail::enable_if_interoperable<Derived1, Derived2, boost::iterators::detail::always_bool_t<Derived1, Derived2> >::type boost::iterators::operator!=(const iterator_facade<Derived1, V1, TC1, Reference1, Difference1>&, const iterator_facade<Derived2, V2, TC2, Reference2, Difference2>&) [with Derived1 = transform_iterator<boost::algorithm::detail::copy_iterator_rangeF<std::__cxx11::basic_string<char>, __gnu_cxx::__normal_iterator<const char*, std::__cxx11::basic_string<char> > >, boost::algorithm::split_iterator<__gnu_cxx::__normal_iterator<const char*, std::__cxx11::basic_string<char> > >, boost::use_default, boost::use_default>; V1 = std::__cxx11::basic_string<char>; TC1 = forward_traversal_tag; Reference1 = std::__cxx11::basic_string<char>; Difference1 = long int; Derived2 = transform_iterator<boost::algorithm::detail::copy_iterator_rangeF<std::__cxx11::basic_string<char>, __gnu_cxx::__normal_iterator<const char*, std::__cxx11::basic_string<char> > >, boost::algorithm::split_iterator<__gnu_cxx::__normal_iterator<const char*, std::__cxx11::basic_string<char> > >, boost::use_default, boost::use_default>; V2 = std::__cxx11::basic_string<char>; TC2 = forward_traversal_tag; Reference2 = std::__cxx11::basic_string<char>; Difference2 = long int; typename detail::enable_if_interoperable<Derived1, Derived2, detail::always_bool_t<Derived1, Derived2> >::type = bool; detail::always_bool_t<Derived1, Derived2> = bool]’
/usr/include/c++/13/bits/stl_vector.h:1671:21:   required from ‘void std::vector<_Tp, _Alloc>::_M_range_initialize(_InputIterator, _InputIterator, std::input_iterator_tag) [with _InputIterator = boost::iterators::transform_iterator<boost::algorithm::detail::copy_iterator_rangeF<std::__cxx11::basic_string<char>, __gnu_cxx::__normal_iterator<const char*, std::__cxx11::basic_string<char> > >, boost::algorithm::split_iterator<__gnu_cxx::__normal_iterator<const char*, std::__cxx11::basic_string<char> > >, boost::use_default, boost::use_default>; _Tp = std::__cxx11::basic_string<char>; _Alloc = std::allocator<std::__cxx11::basic_string<char> >]’
/usr/include/c++/13/bits/stl_vector.h:711:23:   required from ‘std::vector<_Tp, _Alloc>::vector(_InputIterator, _InputIterator, const allocator_type&) [with _InputIterator = boost::iterators::transform_iterator<boost::algorithm::detail::copy_iterator_rangeF<std::__cxx11::basic_string<char>, __gnu_cxx::__normal_iterator<const char*, std::__cxx11::basic_string<char> > >, boost::algorithm::split_iterator<__gnu_cxx::__normal_iterator<const char*, std::__cxx11::basic_string<char> > >, boost::use_default, boost::use_default>; <template-parameter-2-2> = void; _Tp = std::__cxx11::basic_string<char>; _Alloc = std::allocator<std::__cxx11::basic_string<char> >; allocator_type = std::allocator<std::__cxx11::basic_string<char> >]’
/mnt/library/BH/include/boost/algorithm/string/iter_find.hpp:186:31:   required from ‘SequenceSequenceT& boost::algorithm::iter_split(SequenceSequenceT&, RangeT&&, FinderT) [with SequenceSequenceT = std::vector<std::__cxx11::basic_string<char>, std::allocator<std::__cxx11::basic_string<char> > >; RangeT = const std::__cxx11::basic_string<char>&; FinderT = detail::token_finderF<detail::is_any_ofF<char> >]’
/mnt/library/BH/include/boost/algorithm/string/split.hpp:158:50:   required from ‘SequenceSequenceT& boost::algorithm::split(SequenceSequenceT&, RangeT&&, PredicateT, token_compress_mode_type) [with SequenceSequenceT = std::vector<std::__cxx11::basic_string<char>, std::allocator<std::__cxx11::basic_string<char> > >; RangeT = const std::__cxx11::basic_string<char>&; PredicateT = detail::is_any_ofF<char>]’
/mnt/library/cytolib/include/cytolib/compensation.hpp:55:15:   required from here
/mnt/library/BH/include/boost/concept/detail/general.hpp:50:47: warning: ‘this’ pointer is null [-Wnonnull]
   50 |     static void failed() { ((Model*)0)->~Model(); }
      |                            ~~~~~~~~~~~~~~~~~~~^~
/mnt/library/BH/include/boost/concept/usage.hpp:37:7: note: in a call to non-static member function ‘boost::range_detail::SinglePassIteratorConcept<Iterator>::~SinglePassIteratorConcept() [with Iterator = __gnu_cxx::__normal_iterator<const char*, std::__cxx11::basic_string<char> >]’
   37 |       ~model()
      |       ^
/mnt/library/BH/include/boost/range/concepts.hpp:160:13: note: in expansion of macro ‘BOOST_CONCEPT_USAGE’
  160 |             BOOST_CONCEPT_USAGE(SinglePassIteratorConcept)
      |             ^~~~~~~~~~~~~~~~~~~
/mnt/library/BH/include/boost/concept/detail/general.hpp: In instantiation of ‘static void boost::concepts::requirement<boost::concepts::failed************ Model::************>::failed() [with Model = boost::concepts::usage_requirements<boost::SinglePassRangeConcept<const boost::iterator_range<__gnu_cxx::__normal_iterator<const char*, std::__cxx11::basic_string<char> > > > >]’:
/mnt/library/BH/include/boost/range/concepts.hpp:286:9:   required from ‘struct boost::SinglePassRangeConcept<const boost::iterator_range<__gnu_cxx::__normal_iterator<const char*, std::__cxx11::basic_string<char> > > >’
/mnt/library/BH/include/boost/concept/detail/has_constraints.hpp:32:62:   required by substitution of ‘template<class Model> boost::concepts::detail::yes boost::concepts::detail::has_constraints_(Model*, wrap_constraints<Model, (& Model::constraints)>*) [with Model = boost::SinglePassRangeConcept<const boost::iterator_range<__gnu_cxx::__normal_iterator<const char*, std::__cxx11::basic_string<char> > > >]’
/mnt/library/BH/include/boost/concept/detail/has_constraints.hpp:42:5:   required from ‘const bool boost::concepts::not_satisfied<boost::SinglePassRangeConcept<const boost::iterator_range<__gnu_cxx::__normal_iterator<const char*, std::__cxx11::basic_string<char> > > > >::value’
/mnt/library/BH/include/boost/concept/detail/has_constraints.hpp:45:51:   required from ‘struct boost::concepts::not_satisfied<boost::SinglePassRangeConcept<const boost::iterator_range<__gnu_cxx::__normal_iterator<const char*, std::__cxx11::basic_string<char> > > > >’
/mnt/library/BH/include/boost/concept/detail/general.hpp:72:8:   required from ‘struct boost::concepts::requirement_<void (*)(boost::SinglePassRangeConcept<const boost::iterator_range<__gnu_cxx::__normal_iterator<const char*, std::__cxx11::basic_string<char> > > >)>’
/mnt/library/BH/include/boost/range/algorithm/equal.hpp:174:13:   [ skipping 7 instantiation contexts, use -ftemplate-backtrace-limit=0 to disable ]
/mnt/library/BH/include/boost/iterator/iterator_facade.hpp:824:1:   required from ‘typename boost::iterators::detail::enable_if_interoperable<Derived1, Derived2, boost::iterators::detail::always_bool_t<Derived1, Derived2> >::type boost::iterators::operator!=(const iterator_facade<Derived1, V1, TC1, Reference1, Difference1>&, const iterator_facade<Derived2, V2, TC2, Reference2, Difference2>&) [with Derived1 = transform_iterator<boost::algorithm::detail::copy_iterator_rangeF<std::__cxx11::basic_string<char>, __gnu_cxx::__normal_iterator<const char*, std::__cxx11::basic_string<char> > >, boost::algorithm::split_iterator<__gnu_cxx::__normal_iterator<const char*, std::__cxx11::basic_string<char> > >, boost::use_default, boost::use_default>; V1 = std::__cxx11::basic_string<char>; TC1 = forward_traversal_tag; Reference1 = std::__cxx11::basic_string<char>; Difference1 = long int; Derived2 = transform_iterator<boost::algorithm::detail::copy_iterator_rangeF<std::__cxx11::basic_string<char>, __gnu_cxx::__normal_iterator<const char*, std::__cxx11::basic_string<char> > >, boost::algorithm::split_iterator<__gnu_cxx::__normal_iterator<const char*, std::__cxx11::basic_string<char> > >, boost::use_default, boost::use_default>; V2 = std::__cxx11::basic_string<char>; TC2 = forward_traversal_tag; Reference2 = std::__cxx11::basic_string<char>; Difference2 = long int; typename detail::enable_if_interoperable<Derived1, Derived2, detail::always_bool_t<Derived1, Derived2> >::type = bool; detail::always_bool_t<Derived1, Derived2> = bool]’
/usr/include/c++/13/bits/stl_vector.h:1671:21:   required from ‘void std::vector<_Tp, _Alloc>::_M_range_initialize(_InputIterator, _InputIterator, std::input_iterator_tag) [with _InputIterator = boost::iterators::transform_iterator<boost::algorithm::detail::copy_iterator_rangeF<std::__cxx11::basic_string<char>, __gnu_cxx::__normal_iterator<const char*, std::__cxx11::basic_string<char> > >, boost::algorithm::split_iterator<__gnu_cxx::__normal_iterator<const char*, std::__cxx11::basic_string<char> > >, boost::use_default, boost::use_default>; _Tp = std::__cxx11::basic_string<char>; _Alloc = std::allocator<std::__cxx11::basic_string<char> >]’
/usr/include/c++/13/bits/stl_vector.h:711:23:   required from ‘std::vector<_Tp, _Alloc>::vector(_InputIterator, _InputIterator, const allocator_type&) [with _InputIterator = boost::iterators::transform_iterator<boost::algorithm::detail::copy_iterator_rangeF<std::__cxx11::basic_string<char>, __gnu_cxx::__normal_iterator<const char*, std::__cxx11::basic_string<char> > >, boost::algorithm::split_iterator<__gnu_cxx::__normal_iterator<const char*, std::__cxx11::basic_string<char> > >, boost::use_default, boost::use_default>; <template-parameter-2-2> = void; _Tp = std::__cxx11::basic_string<char>; _Alloc = std::allocator<std::__cxx11::basic_string<char> >; allocator_type = std::allocator<std::__cxx11::basic_string<char> >]’
/mnt/library/BH/include/boost/algorithm/string/iter_find.hpp:186:31:   required from ‘SequenceSequenceT& boost::algorithm::iter_split(SequenceSequenceT&, RangeT&&, FinderT) [with SequenceSequenceT = std::vector<std::__cxx11::basic_string<char>, std::allocator<std::__cxx11::basic_string<char> > >; RangeT = const std::__cxx11::basic_string<char>&; FinderT = detail::token_finderF<detail::is_any_ofF<char> >]’
/mnt/library/BH/include/boost/algorithm/string/split.hpp:158:50:   required from ‘SequenceSequenceT& boost::algorithm::split(SequenceSequenceT&, RangeT&&, PredicateT, token_compress_mode_type) [with SequenceSequenceT = std::vector<std::__cxx11::basic_string<char>, std::allocator<std::__cxx11::basic_string<char> > >; RangeT = const std::__cxx11::basic_string<char>&; PredicateT = detail::is_any_ofF<char>]’
/mnt/library/cytolib/include/cytolib/compensation.hpp:55:15:   required from here
/mnt/library/BH/include/boost/concept/detail/general.hpp:50:47: warning: ‘this’ pointer is null [-Wnonnull]
   50 |     static void failed() { ((Model*)0)->~Model(); }
      |                            ~~~~~~~~~~~~~~~~~~~^~
/mnt/library/BH/include/boost/concept/usage.hpp:20:5: note: in a call to non-static member function ‘boost::concepts::usage_requirements<Model>::~usage_requirements() [with Model = boost::SinglePassRangeConcept<const boost::iterator_range<__gnu_cxx::__normal_iterator<const char*, std::__cxx11::basic_string<char> > > >]’
   20 |     ~usage_requirements() { ((Model*)0)->~Model(); }
      |     ^
/mnt/library/BH/include/boost/concept/detail/general.hpp: In instantiation of ‘static void boost::concepts::requirement<boost::concepts::failed************ Model::************>::failed() [with Model = boost::SinglePassRangeConcept<const boost::iterator_range<__gnu_cxx::__normal_iterator<const char*, std::__cxx11::basic_string<char> > > >]’:
/mnt/library/BH/include/boost/range/algorithm/equal.hpp:174:13:   required from ‘bool boost::range::equal(const SinglePassRange1&, const SinglePassRange2&) [with SinglePassRange1 = boost::iterator_range<__gnu_cxx::__normal_iterator<const char*, std::__cxx11::basic_string<char> > >; SinglePassRange2 = boost::iterator_range<__gnu_cxx::__normal_iterator<const char*, std::__cxx11::basic_string<char> > >]’
/mnt/library/BH/include/boost/range/iterator_range_core.hpp:647:32:   required from ‘bool boost::operator==(const iterator_range<IteratorT>&, const iterator_range<Iterator2T>&) [with Iterator1T = __gnu_cxx::__normal_iterator<const char*, std::__cxx11::basic_string<char> >; Iterator2T = __gnu_cxx::__normal_iterator<const char*, std::__cxx11::basic_string<char> >]’
/mnt/library/BH/include/boost/algorithm/string/find_iterator.hpp:359:32:   required from ‘bool boost::algorithm::split_iterator<IteratorT>::equal(const boost::algorithm::split_iterator<IteratorT>&) const [with IteratorT = __gnu_cxx::__normal_iterator<const char*, std::__cxx11::basic_string<char> >]’
/mnt/library/BH/include/boost/iterator/iterator_facade.hpp:518:24:   required from ‘static bool boost::iterators::iterator_core_access::equal(const Facade1&, const Facade2&, std::true_type) [with Facade1 = boost::algorithm::split_iterator<__gnu_cxx::__normal_iterator<const char*, std::__cxx11::basic_string<char> > >; Facade2 = boost::algorithm::split_iterator<__gnu_cxx::__normal_iterator<const char*, std::__cxx11::basic_string<char> > >; std::true_type = std::integral_constant<bool, true>]’
/mnt/library/BH/include/boost/iterator/iterator_facade.hpp:823:1:   required from ‘typename boost::iterators::detail::enable_if_interoperable<Derived1, Derived2, boost::iterators::detail::always_bool_t<Derived1, Derived2> >::type boost::iterators::operator==(const iterator_facade<Derived1, V1, TC1, Reference1, Difference1>&, const iterator_facade<Derived2, V2, TC2, Reference2, Difference2>&) [with Derived1 = boost::algorithm::split_iterator<__gnu_cxx::__normal_iterator<const char*, std::__cxx11::basic_string<char> > >; V1 = const boost::iterator_range<__gnu_cxx::__normal_iterator<const char*, std::__cxx11::basic_string<char> > >; TC1 = forward_traversal_tag; Reference1 = const boost::iterator_range<__gnu_cxx::__normal_iterator<const char*, std::__cxx11::basic_string<char> > >&; Difference1 = long int; Derived2 = boost::algorithm::split_iterator<__gnu_cxx::__normal_iterator<const char*, std::__cxx11::basic_string<char> > >; V2 = const boost::iterator_range<__gnu_cxx::__normal_iterator<const char*, std::__cxx11::basic_string<char> > >; TC2 = forward_traversal_tag; Reference2 = const boost::iterator_range<__gnu_cxx::__normal_iterator<const char*, std::__cxx11::basic_string<char> > >&; Difference2 = long int; typename detail::enable_if_interoperable<Derived1, Derived2, detail::always_bool_t<Derived1, Derived2> >::type = bool; detail::always_bool_t<Derived1, Derived2> = bool]’
/mnt/library/BH/include/boost/iterator/iterator_adaptor.hpp:166:27:   [ skipping 2 instantiation contexts, use -ftemplate-backtrace-limit=0 to disable ]
/mnt/library/BH/include/boost/iterator/iterator_facade.hpp:824:1:   required from ‘typename boost::iterators::detail::enable_if_interoperable<Derived1, Derived2, boost::iterators::detail::always_bool_t<Derived1, Derived2> >::type boost::iterators::operator!=(const iterator_facade<Derived1, V1, TC1, Reference1, Difference1>&, const iterator_facade<Derived2, V2, TC2, Reference2, Difference2>&) [with Derived1 = transform_iterator<boost::algorithm::detail::copy_iterator_rangeF<std::__cxx11::basic_string<char>, __gnu_cxx::__normal_iterator<const char*, std::__cxx11::basic_string<char> > >, boost::algorithm::split_iterator<__gnu_cxx::__normal_iterator<const char*, std::__cxx11::basic_string<char> > >, boost::use_default, boost::use_default>; V1 = std::__cxx11::basic_string<char>; TC1 = forward_traversal_tag; Reference1 = std::__cxx11::basic_string<char>; Difference1 = long int; Derived2 = transform_iterator<boost::algorithm::detail::copy_iterator_rangeF<std::__cxx11::basic_string<char>, __gnu_cxx::__normal_iterator<const char*, std::__cxx11::basic_string<char> > >, boost::algorithm::split_iterator<__gnu_cxx::__normal_iterator<const char*, std::__cxx11::basic_string<char> > >, boost::use_default, boost::use_default>; V2 = std::__cxx11::basic_string<char>; TC2 = forward_traversal_tag; Reference2 = std::__cxx11::basic_string<char>; Difference2 = long int; typename detail::enable_if_interoperable<Derived1, Derived2, detail::always_bool_t<Derived1, Derived2> >::type = bool; detail::always_bool_t<Derived1, Derived2> = bool]’
/usr/include/c++/13/bits/stl_vector.h:1671:21:   required from ‘void std::vector<_Tp, _Alloc>::_M_range_initialize(_InputIterator, _InputIterator, std::input_iterator_tag) [with _InputIterator = boost::iterators::transform_iterator<boost::algorithm::detail::copy_iterator_rangeF<std::__cxx11::basic_string<char>, __gnu_cxx::__normal_iterator<const char*, std::__cxx11::basic_string<char> > >, boost::algorithm::split_iterator<__gnu_cxx::__normal_iterator<const char*, std::__cxx11::basic_string<char> > >, boost::use_default, boost::use_default>; _Tp = std::__cxx11::basic_string<char>; _Alloc = std::allocator<std::__cxx11::basic_string<char> >]’
/usr/include/c++/13/bits/stl_vector.h:711:23:   required from ‘std::vector<_Tp, _Alloc>::vector(_InputIterator, _InputIterator, const allocator_type&) [with _InputIterator = boost::iterators::transform_iterator<boost::algorithm::detail::copy_iterator_rangeF<std::__cxx11::basic_string<char>, __gnu_cxx::__normal_iterator<const char*, std::__cxx11::basic_string<char> > >, boost::algorithm::split_iterator<__gnu_cxx::__normal_iterator<const char*, std::__cxx11::basic_string<char> > >, boost::use_default, boost::use_default>; <template-parameter-2-2> = void; _Tp = std::__cxx11::basic_string<char>; _Alloc = std::allocator<std::__cxx11::basic_string<char> >; allocator_type = std::allocator<std::__cxx11::basic_string<char> >]’
/mnt/library/BH/include/boost/algorithm/string/iter_find.hpp:186:31:   required from ‘SequenceSequenceT& boost::algorithm::iter_split(SequenceSequenceT&, RangeT&&, FinderT) [with SequenceSequenceT = std::vector<std::__cxx11::basic_string<char>, std::allocator<std::__cxx11::basic_string<char> > >; RangeT = const std::__cxx11::basic_string<char>&; FinderT = detail::token_finderF<detail::is_any_ofF<char> >]’
/mnt/library/BH/include/boost/algorithm/string/split.hpp:158:50:   required from ‘SequenceSequenceT& boost::algorithm::split(SequenceSequenceT&, RangeT&&, PredicateT, token_compress_mode_type) [with SequenceSequenceT = std::vector<std::__cxx11::basic_string<char>, std::allocator<std::__cxx11::basic_string<char> > >; RangeT = const std::__cxx11::basic_string<char>&; PredicateT = detail::is_any_ofF<char>]’
/mnt/library/cytolib/include/cytolib/compensation.hpp:55:15:   required from here
/mnt/library/BH/include/boost/concept/detail/general.hpp:50:47: warning: ‘this’ pointer is null [-Wnonnull]
   50 |     static void failed() { ((Model*)0)->~Model(); }
      |                            ~~~~~~~~~~~~~~~~~~~^~
/mnt/library/BH/include/boost/concept/usage.hpp:37:7: note: in a call to non-static member function ‘boost::SinglePassRangeConcept<T>::~SinglePassRangeConcept() [with T = const boost::iterator_range<__gnu_cxx::__normal_iterator<const char*, std::__cxx11::basic_string<char> > >]’
   37 |       ~model()
      |       ^
/mnt/library/BH/include/boost/range/concepts.hpp:286:9: note: in expansion of macro ‘BOOST_CONCEPT_USAGE’
  286 |         BOOST_CONCEPT_USAGE(SinglePassRangeConcept)
      |         ^~~~~~~~~~~~~~~~~~~
/mnt/library/BH/include/boost/concept/detail/general.hpp: In instantiation of ‘static void boost::concepts::requirement<boost::concepts::failed************ Model::************>::failed() [with Model = boost::concepts::usage_requirements<boost::CopyConstructible<__gnu_cxx::__normal_iterator<char*, std::__cxx11::basic_string<char> > > >]’:
/mnt/library/BH/include/boost/concept_check.hpp:167:5:   required from ‘struct boost::CopyConstructible<__gnu_cxx::__normal_iterator<char*, std::__cxx11::basic_string<char> > >’
/mnt/library/BH/include/boost/range/concepts.hpp:127:16:   required from ‘struct boost::range_detail::IncrementableIteratorConcept<__gnu_cxx::__normal_iterator<char*, std::__cxx11::basic_string<char> > >’
/mnt/library/BH/include/boost/range/concepts.hpp:149:16:   required from ‘struct boost::range_detail::SinglePassIteratorConcept<__gnu_cxx::__normal_iterator<char*, std::__cxx11::basic_string<char> > >’
/mnt/library/BH/include/boost/concept/detail/has_constraints.hpp:32:62:   required by substitution of ‘template<class Model> boost::concepts::detail::yes boost::concepts::detail::has_constraints_(Model*, wrap_constraints<Model, (& Model::constraints)>*) [with Model = boost::range_detail::SinglePassIteratorConcept<__gnu_cxx::__normal_iterator<char*, std::__cxx11::basic_string<char> > >]’
/mnt/library/BH/include/boost/concept/detail/has_constraints.hpp:42:5:   required from ‘const bool boost::concepts::not_satisfied<boost::range_detail::SinglePassIteratorConcept<__gnu_cxx::__normal_iterator<char*, std::__cxx11::basic_string<char> > > >::value’
/mnt/library/BH/include/boost/concept/detail/has_constraints.hpp:45:51:   [ skipping 14 instantiation contexts, use -ftemplate-backtrace-limit=0 to disable ]
/mnt/library/BH/include/boost/iterator/iterator_facade.hpp:824:1:   required from ‘typename boost::iterators::detail::enable_if_interoperable<Derived1, Derived2, boost::iterators::detail::always_bool_t<Derived1, Derived2> >::type boost::iterators::operator!=(const iterator_facade<Derived1, V1, TC1, Reference1, Difference1>&, const iterator_facade<Derived2, V2, TC2, Reference2, Difference2>&) [with Derived1 = transform_iterator<boost::algorithm::detail::copy_iterator_rangeF<std::__cxx11::basic_string<char>, __gnu_cxx::__normal_iterator<char*, std::__cxx11::basic_string<char> > >, boost::algorithm::split_iterator<__gnu_cxx::__normal_iterator<char*, std::__cxx11::basic_string<char> > >, boost::use_default, boost::use_default>; V1 = std::__cxx11::basic_string<char>; TC1 = forward_traversal_tag; Reference1 = std::__cxx11::basic_string<char>; Difference1 = long int; Derived2 = transform_iterator<boost::algorithm::detail::copy_iterator_rangeF<std::__cxx11::basic_string<char>, __gnu_cxx::__normal_iterator<char*, std::__cxx11::basic_string<char> > >, boost::algorithm::split_iterator<__gnu_cxx::__normal_iterator<char*, std::__cxx11::basic_string<char> > >, boost::use_default, boost::use_default>; V2 = std::__cxx11::basic_string<char>; TC2 = forward_traversal_tag; Reference2 = std::__cxx11::basic_string<char>; Difference2 = long int; typename detail::enable_if_interoperable<Derived1, Derived2, detail::always_bool_t<Derived1, Derived2> >::type = bool; detail::always_bool_t<Derived1, Derived2> = bool]’
/usr/include/c++/13/bits/stl_vector.h:1671:21:   required from ‘void std::vector<_Tp, _Alloc>::_M_range_initialize(_InputIterator, _InputIterator, std::input_iterator_tag) [with _InputIterator = boost::iterators::transform_iterator<boost::algorithm::detail::copy_iterator_rangeF<std::__cxx11::basic_string<char>, __gnu_cxx::__normal_iterator<char*, std::__cxx11::basic_string<char> > >, boost::algorithm::split_iterator<__gnu_cxx::__normal_iterator<char*, std::__cxx11::basic_string<char> > >, boost::use_default, boost::use_default>; _Tp = std::__cxx11::basic_string<char>; _Alloc = std::allocator<std::__cxx11::basic_string<char> >]’
/usr/include/c++/13/bits/stl_vector.h:711:23:   required from ‘std::vector<_Tp, _Alloc>::vector(_InputIterator, _InputIterator, const allocator_type&) [with _InputIterator = boost::iterators::transform_iterator<boost::algorithm::detail::copy_iterator_rangeF<std::__cxx11::basic_string<char>, __gnu_cxx::__normal_iterator<char*, std::__cxx11::basic_string<char> > >, boost::algorithm::split_iterator<__gnu_cxx::__normal_iterator<char*, std::__cxx11::basic_string<char> > >, boost::use_default, boost::use_default>; <template-parameter-2-2> = void; _Tp = std::__cxx11::basic_string<char>; _Alloc = std::allocator<std::__cxx11::basic_string<char> >; allocator_type = std::allocator<std::__cxx11::basic_string<char> >]’
/mnt/library/BH/include/boost/algorithm/string/iter_find.hpp:186:31:   required from ‘SequenceSequenceT& boost::algorithm::iter_split(SequenceSequenceT&, RangeT&&, FinderT) [with SequenceSequenceT = std::vector<std::__cxx11::basic_string<char>, std::allocator<std::__cxx11::basic_string<char> > >; RangeT = std::__cxx11::basic_string<char>&; FinderT = detail::token_finderF<detail::is_any_ofF<char> >]’
/mnt/library/BH/include/boost/algorithm/string/split.hpp:158:50:   required from ‘SequenceSequenceT& boost::algorithm::split(SequenceSequenceT&, RangeT&&, PredicateT, token_compress_mode_type) [with SequenceSequenceT = std::vector<std::__cxx11::basic_string<char>, std::allocator<std::__cxx11::basic_string<char> > >; RangeT = std::__cxx11::basic_string<char>&; PredicateT = detail::is_any_ofF<char>]’
../inst/include/CytoML/workspace.hpp:98:17:   required from here
/mnt/library/BH/include/boost/concept/detail/general.hpp:50:47: warning: ‘this’ pointer is null [-Wnonnull]
   50 |     static void failed() { ((Model*)0)->~Model(); }
      |                            ~~~~~~~~~~~~~~~~~~~^~
/mnt/library/BH/include/boost/concept/usage.hpp:20:5: note: in a call to non-static member function ‘boost::concepts::usage_requirements<Model>::~usage_requirements() [with Model = boost::CopyConstructible<__gnu_cxx::__normal_iterator<char*, std::__cxx11::basic_string<char> > >]’
   20 |     ~usage_requirements() { ((Model*)0)->~Model(); }
      |     ^
/mnt/library/BH/include/boost/concept/detail/general.hpp: In instantiation of ‘static void boost::concepts::requirement<boost::concepts::failed************ Model::************>::failed() [with Model = boost::concepts::usage_requirements<boost::range_detail::IncrementableIteratorConcept<__gnu_cxx::__normal_iterator<char*, std::__cxx11::basic_string<char> > > >]’:
/mnt/library/BH/include/boost/range/concepts.hpp:138:13:   required from ‘struct boost::range_detail::IncrementableIteratorConcept<__gnu_cxx::__normal_iterator<char*, std::__cxx11::basic_string<char> > >’
/mnt/library/BH/include/boost/range/concepts.hpp:149:16:   required from ‘struct boost::range_detail::SinglePassIteratorConcept<__gnu_cxx::__normal_iterator<char*, std::__cxx11::basic_string<char> > >’
/mnt/library/BH/include/boost/concept/detail/has_constraints.hpp:32:62:   required by substitution of ‘template<class Model> boost::concepts::detail::yes boost::concepts::detail::has_constraints_(Model*, wrap_constraints<Model, (& Model::constraints)>*) [with Model = boost::range_detail::SinglePassIteratorConcept<__gnu_cxx::__normal_iterator<char*, std::__cxx11::basic_string<char> > >]’
/mnt/library/BH/include/boost/concept/detail/has_constraints.hpp:42:5:   required from ‘const bool boost::concepts::not_satisfied<boost::range_detail::SinglePassIteratorConcept<__gnu_cxx::__normal_iterator<char*, std::__cxx11::basic_string<char> > > >::value’
/mnt/library/BH/include/boost/concept/detail/has_constraints.hpp:45:51:   required from ‘struct boost::concepts::not_satisfied<boost::range_detail::SinglePassIteratorConcept<__gnu_cxx::__normal_iterator<char*, std::__cxx11::basic_string<char> > > >’
/mnt/library/BH/include/boost/concept/detail/general.hpp:72:8:   [ skipping 13 instantiation contexts, use -ftemplate-backtrace-limit=0 to disable ]
/mnt/library/BH/include/boost/iterator/iterator_facade.hpp:824:1:   required from ‘typename boost::iterators::detail::enable_if_interoperable<Derived1, Derived2, boost::iterators::detail::always_bool_t<Derived1, Derived2> >::type boost::iterators::operator!=(const iterator_facade<Derived1, V1, TC1, Reference1, Difference1>&, const iterator_facade<Derived2, V2, TC2, Reference2, Difference2>&) [with Derived1 = transform_iterator<boost::algorithm::detail::copy_iterator_rangeF<std::__cxx11::basic_string<char>, __gnu_cxx::__normal_iterator<char*, std::__cxx11::basic_string<char> > >, boost::algorithm::split_iterator<__gnu_cxx::__normal_iterator<char*, std::__cxx11::basic_string<char> > >, boost::use_default, boost::use_default>; V1 = std::__cxx11::basic_string<char>; TC1 = forward_traversal_tag; Reference1 = std::__cxx11::basic_string<char>; Difference1 = long int; Derived2 = transform_iterator<boost::algorithm::detail::copy_iterator_rangeF<std::__cxx11::basic_string<char>, __gnu_cxx::__normal_iterator<char*, std::__cxx11::basic_string<char> > >, boost::algorithm::split_iterator<__gnu_cxx::__normal_iterator<char*, std::__cxx11::basic_string<char> > >, boost::use_default, boost::use_default>; V2 = std::__cxx11::basic_string<char>; TC2 = forward_traversal_tag; Reference2 = std::__cxx11::basic_string<char>; Difference2 = long int; typename detail::enable_if_interoperable<Derived1, Derived2, detail::always_bool_t<Derived1, Derived2> >::type = bool; detail::always_bool_t<Derived1, Derived2> = bool]’
/usr/include/c++/13/bits/stl_vector.h:1671:21:   required from ‘void std::vector<_Tp, _Alloc>::_M_range_initialize(_InputIterator, _InputIterator, std::input_iterator_tag) [with _InputIterator = boost::iterators::transform_iterator<boost::algorithm::detail::copy_iterator_rangeF<std::__cxx11::basic_string<char>, __gnu_cxx::__normal_iterator<char*, std::__cxx11::basic_string<char> > >, boost::algorithm::split_iterator<__gnu_cxx::__normal_iterator<char*, std::__cxx11::basic_string<char> > >, boost::use_default, boost::use_default>; _Tp = std::__cxx11::basic_string<char>; _Alloc = std::allocator<std::__cxx11::basic_string<char> >]’
/usr/include/c++/13/bits/stl_vector.h:711:23:   required from ‘std::vector<_Tp, _Alloc>::vector(_InputIterator, _InputIterator, const allocator_type&) [with _InputIterator = boost::iterators::transform_iterator<boost::algorithm::detail::copy_iterator_rangeF<std::__cxx11::basic_string<char>, __gnu_cxx::__normal_iterator<char*, std::__cxx11::basic_string<char> > >, boost::algorithm::split_iterator<__gnu_cxx::__normal_iterator<char*, std::__cxx11::basic_string<char> > >, boost::use_default, boost::use_default>; <template-parameter-2-2> = void; _Tp = std::__cxx11::basic_string<char>; _Alloc = std::allocator<std::__cxx11::basic_string<char> >; allocator_type = std::allocator<std::__cxx11::basic_string<char> >]’
/mnt/library/BH/include/boost/algorithm/string/iter_find.hpp:186:31:   required from ‘SequenceSequenceT& boost::algorithm::iter_split(SequenceSequenceT&, RangeT&&, FinderT) [with SequenceSequenceT = std::vector<std::__cxx11::basic_string<char>, std::allocator<std::__cxx11::basic_string<char> > >; RangeT = std::__cxx11::basic_string<char>&; FinderT = detail::token_finderF<detail::is_any_ofF<char> >]’
/mnt/library/BH/include/boost/algorithm/string/split.hpp:158:50:   required from ‘SequenceSequenceT& boost::algorithm::split(SequenceSequenceT&, RangeT&&, PredicateT, token_compress_mode_type) [with SequenceSequenceT = std::vector<std::__cxx11::basic_string<char>, std::allocator<std::__cxx11::basic_string<char> > >; RangeT = std::__cxx11::basic_string<char>&; PredicateT = detail::is_any_ofF<char>]’
../inst/include/CytoML/workspace.hpp:98:17:   required from here
/mnt/library/BH/include/boost/concept/detail/general.hpp:50:47: warning: ‘this’ pointer is null [-Wnonnull]
   50 |     static void failed() { ((Model*)0)->~Model(); }
      |                            ~~~~~~~~~~~~~~~~~~~^~
/mnt/library/BH/include/boost/concept/usage.hpp:20:5: note: in a call to non-static member function ‘boost::concepts::usage_requirements<Model>::~usage_requirements() [with Model = boost::range_detail::IncrementableIteratorConcept<__gnu_cxx::__normal_iterator<char*, std::__cxx11::basic_string<char> > >]’
   20 |     ~usage_requirements() { ((Model*)0)->~Model(); }
      |     ^
/mnt/library/BH/include/boost/concept/detail/general.hpp: In instantiation of ‘static void boost::concepts::requirement<boost::concepts::failed************ Model::************>::failed() [with Model = boost::concepts::usage_requirements<boost::EqualityComparable<__gnu_cxx::__normal_iterator<char*, std::__cxx11::basic_string<char> > > >]’:
/mnt/library/BH/include/boost/concept_check.hpp:233:5:   required from ‘struct boost::EqualityComparable<__gnu_cxx::__normal_iterator<char*, std::__cxx11::basic_string<char> > >’
/mnt/library/BH/include/boost/range/concepts.hpp:149:16:   required from ‘struct boost::range_detail::SinglePassIteratorConcept<__gnu_cxx::__normal_iterator<char*, std::__cxx11::basic_string<char> > >’
/mnt/library/BH/include/boost/concept/detail/has_constraints.hpp:32:62:   required by substitution of ‘template<class Model> boost::concepts::detail::yes boost::concepts::detail::has_constraints_(Model*, wrap_constraints<Model, (& Model::constraints)>*) [with Model = boost::range_detail::SinglePassIteratorConcept<__gnu_cxx::__normal_iterator<char*, std::__cxx11::basic_string<char> > >]’
/mnt/library/BH/include/boost/concept/detail/has_constraints.hpp:42:5:   required from ‘const bool boost::concepts::not_satisfied<boost::range_detail::SinglePassIteratorConcept<__gnu_cxx::__normal_iterator<char*, std::__cxx11::basic_string<char> > > >::value’
/mnt/library/BH/include/boost/concept/detail/has_constraints.hpp:45:51:   required from ‘struct boost::concepts::not_satisfied<boost::range_detail::SinglePassIteratorConcept<__gnu_cxx::__normal_iterator<char*, std::__cxx11::basic_string<char> > > >’
/mnt/library/BH/include/boost/concept/detail/general.hpp:72:8:   [ skipping 13 instantiation contexts, use -ftemplate-backtrace-limit=0 to disable ]
/mnt/library/BH/include/boost/iterator/iterator_facade.hpp:824:1:   required from ‘typename boost::iterators::detail::enable_if_interoperable<Derived1, Derived2, boost::iterators::detail::always_bool_t<Derived1, Derived2> >::type boost::iterators::operator!=(const iterator_facade<Derived1, V1, TC1, Reference1, Difference1>&, const iterator_facade<Derived2, V2, TC2, Reference2, Difference2>&) [with Derived1 = transform_iterator<boost::algorithm::detail::copy_iterator_rangeF<std::__cxx11::basic_string<char>, __gnu_cxx::__normal_iterator<char*, std::__cxx11::basic_string<char> > >, boost::algorithm::split_iterator<__gnu_cxx::__normal_iterator<char*, std::__cxx11::basic_string<char> > >, boost::use_default, boost::use_default>; V1 = std::__cxx11::basic_string<char>; TC1 = forward_traversal_tag; Reference1 = std::__cxx11::basic_string<char>; Difference1 = long int; Derived2 = transform_iterator<boost::algorithm::detail::copy_iterator_rangeF<std::__cxx11::basic_string<char>, __gnu_cxx::__normal_iterator<char*, std::__cxx11::basic_string<char> > >, boost::algorithm::split_iterator<__gnu_cxx::__normal_iterator<char*, std::__cxx11::basic_string<char> > >, boost::use_default, boost::use_default>; V2 = std::__cxx11::basic_string<char>; TC2 = forward_traversal_tag; Reference2 = std::__cxx11::basic_string<char>; Difference2 = long int; typename detail::enable_if_interoperable<Derived1, Derived2, detail::always_bool_t<Derived1, Derived2> >::type = bool; detail::always_bool_t<Derived1, Derived2> = bool]’
/usr/include/c++/13/bits/stl_vector.h:1671:21:   required from ‘void std::vector<_Tp, _Alloc>::_M_range_initialize(_InputIterator, _InputIterator, std::input_iterator_tag) [with _InputIterator = boost::iterators::transform_iterator<boost::algorithm::detail::copy_iterator_rangeF<std::__cxx11::basic_string<char>, __gnu_cxx::__normal_iterator<char*, std::__cxx11::basic_string<char> > >, boost::algorithm::split_iterator<__gnu_cxx::__normal_iterator<char*, std::__cxx11::basic_string<char> > >, boost::use_default, boost::use_default>; _Tp = std::__cxx11::basic_string<char>; _Alloc = std::allocator<std::__cxx11::basic_string<char> >]’
/usr/include/c++/13/bits/stl_vector.h:711:23:   required from ‘std::vector<_Tp, _Alloc>::vector(_InputIterator, _InputIterator, const allocator_type&) [with _InputIterator = boost::iterators::transform_iterator<boost::algorithm::detail::copy_iterator_rangeF<std::__cxx11::basic_string<char>, __gnu_cxx::__normal_iterator<char*, std::__cxx11::basic_string<char> > >, boost::algorithm::split_iterator<__gnu_cxx::__normal_iterator<char*, std::__cxx11::basic_string<char> > >, boost::use_default, boost::use_default>; <template-parameter-2-2> = void; _Tp = std::__cxx11::basic_string<char>; _Alloc = std::allocator<std::__cxx11::basic_string<char> >; allocator_type = std::allocator<std::__cxx11::basic_string<char> >]’
/mnt/library/BH/include/boost/algorithm/string/iter_find.hpp:186:31:   required from ‘SequenceSequenceT& boost::algorithm::iter_split(SequenceSequenceT&, RangeT&&, FinderT) [with SequenceSequenceT = std::vector<std::__cxx11::basic_string<char>, std::allocator<std::__cxx11::basic_string<char> > >; RangeT = std::__cxx11::basic_string<char>&; FinderT = detail::token_finderF<detail::is_any_ofF<char> >]’
/mnt/library/BH/include/boost/algorithm/string/split.hpp:158:50:   required from ‘SequenceSequenceT& boost::algorithm::split(SequenceSequenceT&, RangeT&&, PredicateT, token_compress_mode_type) [with SequenceSequenceT = std::vector<std::__cxx11::basic_string<char>, std::allocator<std::__cxx11::basic_string<char> > >; RangeT = std::__cxx11::basic_string<char>&; PredicateT = detail::is_any_ofF<char>]’
../inst/include/CytoML/workspace.hpp:98:17:   required from here
/mnt/library/BH/include/boost/concept/detail/general.hpp:50:47: warning: ‘this’ pointer is null [-Wnonnull]
   50 |     static void failed() { ((Model*)0)->~Model(); }
      |                            ~~~~~~~~~~~~~~~~~~~^~
/mnt/library/BH/include/boost/concept/usage.hpp:20:5: note: in a call to non-static member function ‘boost::concepts::usage_requirements<Model>::~usage_requirements() [with Model = boost::EqualityComparable<__gnu_cxx::__normal_iterator<char*, std::__cxx11::basic_string<char> > >]’
   20 |     ~usage_requirements() { ((Model*)0)->~Model(); }
      |     ^
/mnt/library/BH/include/boost/concept/detail/general.hpp: In instantiation of ‘static void boost::concepts::requirement<boost::concepts::failed************ Model::************>::failed() [with Model = boost::concepts::usage_requirements<boost::range_detail::SinglePassIteratorConcept<__gnu_cxx::__normal_iterator<char*, std::__cxx11::basic_string<char> > > >]’:
/mnt/library/BH/include/boost/range/concepts.hpp:160:13:   required from ‘struct boost::range_detail::SinglePassIteratorConcept<__gnu_cxx::__normal_iterator<char*, std::__cxx11::basic_string<char> > >’
/mnt/library/BH/include/boost/concept/detail/has_constraints.hpp:32:62:   required by substitution of ‘template<class Model> boost::concepts::detail::yes boost::concepts::detail::has_constraints_(Model*, wrap_constraints<Model, (& Model::constraints)>*) [with Model = boost::range_detail::SinglePassIteratorConcept<__gnu_cxx::__normal_iterator<char*, std::__cxx11::basic_string<char> > >]’
/mnt/library/BH/include/boost/concept/detail/has_constraints.hpp:42:5:   required from ‘const bool boost::concepts::not_satisfied<boost::range_detail::SinglePassIteratorConcept<__gnu_cxx::__normal_iterator<char*, std::__cxx11::basic_string<char> > > >::value’
/mnt/library/BH/include/boost/concept/detail/has_constraints.hpp:45:51:   required from ‘struct boost::concepts::not_satisfied<boost::range_detail::SinglePassIteratorConcept<__gnu_cxx::__normal_iterator<char*, std::__cxx11::basic_string<char> > > >’
/mnt/library/BH/include/boost/concept/detail/general.hpp:72:8:   required from ‘struct boost::concepts::requirement_<void (*)(boost::range_detail::SinglePassIteratorConcept<__gnu_cxx::__normal_iterator<char*, std::__cxx11::basic_string<char> > >)>’
/mnt/library/BH/include/boost/range/concepts.hpp:280:9:   [ skipping 12 instantiation contexts, use -ftemplate-backtrace-limit=0 to disable ]
/mnt/library/BH/include/boost/iterator/iterator_facade.hpp:824:1:   required from ‘typename boost::iterators::detail::enable_if_interoperable<Derived1, Derived2, boost::iterators::detail::always_bool_t<Derived1, Derived2> >::type boost::iterators::operator!=(const iterator_facade<Derived1, V1, TC1, Reference1, Difference1>&, const iterator_facade<Derived2, V2, TC2, Reference2, Difference2>&) [with Derived1 = transform_iterator<boost::algorithm::detail::copy_iterator_rangeF<std::__cxx11::basic_string<char>, __gnu_cxx::__normal_iterator<char*, std::__cxx11::basic_string<char> > >, boost::algorithm::split_iterator<__gnu_cxx::__normal_iterator<char*, std::__cxx11::basic_string<char> > >, boost::use_default, boost::use_default>; V1 = std::__cxx11::basic_string<char>; TC1 = forward_traversal_tag; Reference1 = std::__cxx11::basic_string<char>; Difference1 = long int; Derived2 = transform_iterator<boost::algorithm::detail::copy_iterator_rangeF<std::__cxx11::basic_string<char>, __gnu_cxx::__normal_iterator<char*, std::__cxx11::basic_string<char> > >, boost::algorithm::split_iterator<__gnu_cxx::__normal_iterator<char*, std::__cxx11::basic_string<char> > >, boost::use_default, boost::use_default>; V2 = std::__cxx11::basic_string<char>; TC2 = forward_traversal_tag; Reference2 = std::__cxx11::basic_string<char>; Difference2 = long int; typename detail::enable_if_interoperable<Derived1, Derived2, detail::always_bool_t<Derived1, Derived2> >::type = bool; detail::always_bool_t<Derived1, Derived2> = bool]’
/usr/include/c++/13/bits/stl_vector.h:1671:21:   required from ‘void std::vector<_Tp, _Alloc>::_M_range_initialize(_InputIterator, _InputIterator, std::input_iterator_tag) [with _InputIterator = boost::iterators::transform_iterator<boost::algorithm::detail::copy_iterator_rangeF<std::__cxx11::basic_string<char>, __gnu_cxx::__normal_iterator<char*, std::__cxx11::basic_string<char> > >, boost::algorithm::split_iterator<__gnu_cxx::__normal_iterator<char*, std::__cxx11::basic_string<char> > >, boost::use_default, boost::use_default>; _Tp = std::__cxx11::basic_string<char>; _Alloc = std::allocator<std::__cxx11::basic_string<char> >]’
/usr/include/c++/13/bits/stl_vector.h:711:23:   required from ‘std::vector<_Tp, _Alloc>::vector(_InputIterator, _InputIterator, const allocator_type&) [with _InputIterator = boost::iterators::transform_iterator<boost::algorithm::detail::copy_iterator_rangeF<std::__cxx11::basic_string<char>, __gnu_cxx::__normal_iterator<char*, std::__cxx11::basic_string<char> > >, boost::algorithm::split_iterator<__gnu_cxx::__normal_iterator<char*, std::__cxx11::basic_string<char> > >, boost::use_default, boost::use_default>; <template-parameter-2-2> = void; _Tp = std::__cxx11::basic_string<char>; _Alloc = std::allocator<std::__cxx11::basic_string<char> >; allocator_type = std::allocator<std::__cxx11::basic_string<char> >]’
/mnt/library/BH/include/boost/algorithm/string/iter_find.hpp:186:31:   required from ‘SequenceSequenceT& boost::algorithm::iter_split(SequenceSequenceT&, RangeT&&, FinderT) [with SequenceSequenceT = std::vector<std::__cxx11::basic_string<char>, std::allocator<std::__cxx11::basic_string<char> > >; RangeT = std::__cxx11::basic_string<char>&; FinderT = detail::token_finderF<detail::is_any_ofF<char> >]’
/mnt/library/BH/include/boost/algorithm/string/split.hpp:158:50:   required from ‘SequenceSequenceT& boost::algorithm::split(SequenceSequenceT&, RangeT&&, PredicateT, token_compress_mode_type) [with SequenceSequenceT = std::vector<std::__cxx11::basic_string<char>, std::allocator<std::__cxx11::basic_string<char> > >; RangeT = std::__cxx11::basic_string<char>&; PredicateT = detail::is_any_ofF<char>]’
../inst/include/CytoML/workspace.hpp:98:17:   required from here
/mnt/library/BH/include/boost/concept/detail/general.hpp:50:47: warning: ‘this’ pointer is null [-Wnonnull]
   50 |     static void failed() { ((Model*)0)->~Model(); }
      |                            ~~~~~~~~~~~~~~~~~~~^~
/mnt/library/BH/include/boost/concept/usage.hpp:20:5: note: in a call to non-static member function ‘boost::concepts::usage_requirements<Model>::~usage_requirements() [with Model = boost::range_detail::SinglePassIteratorConcept<__gnu_cxx::__normal_iterator<char*, std::__cxx11::basic_string<char> > >]’
   20 |     ~usage_requirements() { ((Model*)0)->~Model(); }
      |     ^
/mnt/library/BH/include/boost/concept/detail/general.hpp: In instantiation of ‘static void boost::concepts::requirement<boost::concepts::failed************ Model::************>::failed() [with Model = boost::range_detail::SinglePassIteratorConcept<__gnu_cxx::__normal_iterator<char*, std::__cxx11::basic_string<char> > >]’:
/mnt/library/BH/include/boost/range/concepts.hpp:280:9:   required from ‘struct boost::SinglePassRangeConcept<const boost::iterator_range<__gnu_cxx::__normal_iterator<char*, std::__cxx11::basic_string<char> > > >’
/mnt/library/BH/include/boost/concept/detail/has_constraints.hpp:32:62:   required by substitution of ‘template<class Model> boost::concepts::detail::yes boost::concepts::detail::has_constraints_(Model*, wrap_constraints<Model, (& Model::constraints)>*) [with Model = boost::SinglePassRangeConcept<const boost::iterator_range<__gnu_cxx::__normal_iterator<char*, std::__cxx11::basic_string<char> > > >]’
/mnt/library/BH/include/boost/concept/detail/has_constraints.hpp:42:5:   required from ‘const bool boost::concepts::not_satisfied<boost::SinglePassRangeConcept<const boost::iterator_range<__gnu_cxx::__normal_iterator<char*, std::__cxx11::basic_string<char> > > > >::value’
/mnt/library/BH/include/boost/concept/detail/has_constraints.hpp:45:51:   required from ‘struct boost::concepts::not_satisfied<boost::SinglePassRangeConcept<const boost::iterator_range<__gnu_cxx::__normal_iterator<char*, std::__cxx11::basic_string<char> > > > >’
/mnt/library/BH/include/boost/concept/detail/general.hpp:72:8:   required from ‘struct boost::concepts::requirement_<void (*)(boost::SinglePassRangeConcept<const boost::iterator_range<__gnu_cxx::__normal_iterator<char*, std::__cxx11::basic_string<char> > > >)>’
/mnt/library/BH/include/boost/range/algorithm/equal.hpp:174:13:   [ skipping 7 instantiation contexts, use -ftemplate-backtrace-limit=0 to disable ]
/mnt/library/BH/include/boost/iterator/iterator_facade.hpp:824:1:   required from ‘typename boost::iterators::detail::enable_if_interoperable<Derived1, Derived2, boost::iterators::detail::always_bool_t<Derived1, Derived2> >::type boost::iterators::operator!=(const iterator_facade<Derived1, V1, TC1, Reference1, Difference1>&, const iterator_facade<Derived2, V2, TC2, Reference2, Difference2>&) [with Derived1 = transform_iterator<boost::algorithm::detail::copy_iterator_rangeF<std::__cxx11::basic_string<char>, __gnu_cxx::__normal_iterator<char*, std::__cxx11::basic_string<char> > >, boost::algorithm::split_iterator<__gnu_cxx::__normal_iterator<char*, std::__cxx11::basic_string<char> > >, boost::use_default, boost::use_default>; V1 = std::__cxx11::basic_string<char>; TC1 = forward_traversal_tag; Reference1 = std::__cxx11::basic_string<char>; Difference1 = long int; Derived2 = transform_iterator<boost::algorithm::detail::copy_iterator_rangeF<std::__cxx11::basic_string<char>, __gnu_cxx::__normal_iterator<char*, std::__cxx11::basic_string<char> > >, boost::algorithm::split_iterator<__gnu_cxx::__normal_iterator<char*, std::__cxx11::basic_string<char> > >, boost::use_default, boost::use_default>; V2 = std::__cxx11::basic_string<char>; TC2 = forward_traversal_tag; Reference2 = std::__cxx11::basic_string<char>; Difference2 = long int; typename detail::enable_if_interoperable<Derived1, Derived2, detail::always_bool_t<Derived1, Derived2> >::type = bool; detail::always_bool_t<Derived1, Derived2> = bool]’
/usr/include/c++/13/bits/stl_vector.h:1671:21:   required from ‘void std::vector<_Tp, _Alloc>::_M_range_initialize(_InputIterator, _InputIterator, std::input_iterator_tag) [with _InputIterator = boost::iterators::transform_iterator<boost::algorithm::detail::copy_iterator_rangeF<std::__cxx11::basic_string<char>, __gnu_cxx::__normal_iterator<char*, std::__cxx11::basic_string<char> > >, boost::algorithm::split_iterator<__gnu_cxx::__normal_iterator<char*, std::__cxx11::basic_string<char> > >, boost::use_default, boost::use_default>; _Tp = std::__cxx11::basic_string<char>; _Alloc = std::allocator<std::__cxx11::basic_string<char> >]’
/usr/include/c++/13/bits/stl_vector.h:711:23:   required from ‘std::vector<_Tp, _Alloc>::vector(_InputIterator, _InputIterator, const allocator_type&) [with _InputIterator = boost::iterators::transform_iterator<boost::algorithm::detail::copy_iterator_rangeF<std::__cxx11::basic_string<char>, __gnu_cxx::__normal_iterator<char*, std::__cxx11::basic_string<char> > >, boost::algorithm::split_iterator<__gnu_cxx::__normal_iterator<char*, std::__cxx11::basic_string<char> > >, boost::use_default, boost::use_default>; <template-parameter-2-2> = void; _Tp = std::__cxx11::basic_string<char>; _Alloc = std::allocator<std::__cxx11::basic_string<char> >; allocator_type = std::allocator<std::__cxx11::basic_string<char> >]’
/mnt/library/BH/include/boost/algorithm/string/iter_find.hpp:186:31:   required from ‘SequenceSequenceT& boost::algorithm::iter_split(SequenceSequenceT&, RangeT&&, FinderT) [with SequenceSequenceT = std::vector<std::__cxx11::basic_string<char>, std::allocator<std::__cxx11::basic_string<char> > >; RangeT = std::__cxx11::basic_string<char>&; FinderT = detail::token_finderF<detail::is_any_ofF<char> >]’
/mnt/library/BH/include/boost/algorithm/string/split.hpp:158:50:   required from ‘SequenceSequenceT& boost::algorithm::split(SequenceSequenceT&, RangeT&&, PredicateT, token_compress_mode_type) [with SequenceSequenceT = std::vector<std::__cxx11::basic_string<char>, std::allocator<std::__cxx11::basic_string<char> > >; RangeT = std::__cxx11::basic_string<char>&; PredicateT = detail::is_any_ofF<char>]’
../inst/include/CytoML/workspace.hpp:98:17:   required from here
/mnt/library/BH/include/boost/concept/detail/general.hpp:50:47: warning: ‘this’ pointer is null [-Wnonnull]
   50 |     static void failed() { ((Model*)0)->~Model(); }
      |                            ~~~~~~~~~~~~~~~~~~~^~
/mnt/library/BH/include/boost/concept/usage.hpp:37:7: note: in a call to non-static member function ‘boost::range_detail::SinglePassIteratorConcept<Iterator>::~SinglePassIteratorConcept() [with Iterator = __gnu_cxx::__normal_iterator<char*, std::__cxx11::basic_string<char> >]’
   37 |       ~model()
      |       ^
/mnt/library/BH/include/boost/range/concepts.hpp:160:13: note: in expansion of macro ‘BOOST_CONCEPT_USAGE’
  160 |             BOOST_CONCEPT_USAGE(SinglePassIteratorConcept)
      |             ^~~~~~~~~~~~~~~~~~~
/mnt/library/BH/include/boost/concept/detail/general.hpp: In instantiation of ‘static void boost::concepts::requirement<boost::concepts::failed************ Model::************>::failed() [with Model = boost::concepts::usage_requirements<boost::SinglePassRangeConcept<const boost::iterator_range<__gnu_cxx::__normal_iterator<char*, std::__cxx11::basic_string<char> > > > >]’:
/mnt/library/BH/include/boost/range/concepts.hpp:286:9:   required from ‘struct boost::SinglePassRangeConcept<const boost::iterator_range<__gnu_cxx::__normal_iterator<char*, std::__cxx11::basic_string<char> > > >’
/mnt/library/BH/include/boost/concept/detail/has_constraints.hpp:32:62:   required by substitution of ‘template<class Model> boost::concepts::detail::yes boost::concepts::detail::has_constraints_(Model*, wrap_constraints<Model, (& Model::constraints)>*) [with Model = boost::SinglePassRangeConcept<const boost::iterator_range<__gnu_cxx::__normal_iterator<char*, std::__cxx11::basic_string<char> > > >]’
/mnt/library/BH/include/boost/concept/detail/has_constraints.hpp:42:5:   required from ‘const bool boost::concepts::not_satisfied<boost::SinglePassRangeConcept<const boost::iterator_range<__gnu_cxx::__normal_iterator<char*, std::__cxx11::basic_string<char> > > > >::value’
/mnt/library/BH/include/boost/concept/detail/has_constraints.hpp:45:51:   required from ‘struct boost::concepts::not_satisfied<boost::SinglePassRangeConcept<const boost::iterator_range<__gnu_cxx::__normal_iterator<char*, std::__cxx11::basic_string<char> > > > >’
/mnt/library/BH/include/boost/concept/detail/general.hpp:72:8:   required from ‘struct boost::concepts::requirement_<void (*)(boost::SinglePassRangeConcept<const boost::iterator_range<__gnu_cxx::__normal_iterator<char*, std::__cxx11::basic_string<char> > > >)>’
/mnt/library/BH/include/boost/range/algorithm/equal.hpp:174:13:   [ skipping 7 instantiation contexts, use -ftemplate-backtrace-limit=0 to disable ]
/mnt/library/BH/include/boost/iterator/iterator_facade.hpp:824:1:   required from ‘typename boost::iterators::detail::enable_if_interoperable<Derived1, Derived2, boost::iterators::detail::always_bool_t<Derived1, Derived2> >::type boost::iterators::operator!=(const iterator_facade<Derived1, V1, TC1, Reference1, Difference1>&, const iterator_facade<Derived2, V2, TC2, Reference2, Difference2>&) [with Derived1 = transform_iterator<boost::algorithm::detail::copy_iterator_rangeF<std::__cxx11::basic_string<char>, __gnu_cxx::__normal_iterator<char*, std::__cxx11::basic_string<char> > >, boost::algorithm::split_iterator<__gnu_cxx::__normal_iterator<char*, std::__cxx11::basic_string<char> > >, boost::use_default, boost::use_default>; V1 = std::__cxx11::basic_string<char>; TC1 = forward_traversal_tag; Reference1 = std::__cxx11::basic_string<char>; Difference1 = long int; Derived2 = transform_iterator<boost::algorithm::detail::copy_iterator_rangeF<std::__cxx11::basic_string<char>, __gnu_cxx::__normal_iterator<char*, std::__cxx11::basic_string<char> > >, boost::algorithm::split_iterator<__gnu_cxx::__normal_iterator<char*, std::__cxx11::basic_string<char> > >, boost::use_default, boost::use_default>; V2 = std::__cxx11::basic_string<char>; TC2 = forward_traversal_tag; Reference2 = std::__cxx11::basic_string<char>; Difference2 = long int; typename detail::enable_if_interoperable<Derived1, Derived2, detail::always_bool_t<Derived1, Derived2> >::type = bool; detail::always_bool_t<Derived1, Derived2> = bool]’
/usr/include/c++/13/bits/stl_vector.h:1671:21:   required from ‘void std::vector<_Tp, _Alloc>::_M_range_initialize(_InputIterator, _InputIterator, std::input_iterator_tag) [with _InputIterator = boost::iterators::transform_iterator<boost::algorithm::detail::copy_iterator_rangeF<std::__cxx11::basic_string<char>, __gnu_cxx::__normal_iterator<char*, std::__cxx11::basic_string<char> > >, boost::algorithm::split_iterator<__gnu_cxx::__normal_iterator<char*, std::__cxx11::basic_string<char> > >, boost::use_default, boost::use_default>; _Tp = std::__cxx11::basic_string<char>; _Alloc = std::allocator<std::__cxx11::basic_string<char> >]’
/usr/include/c++/13/bits/stl_vector.h:711:23:   required from ‘std::vector<_Tp, _Alloc>::vector(_InputIterator, _InputIterator, const allocator_type&) [with _InputIterator = boost::iterators::transform_iterator<boost::algorithm::detail::copy_iterator_rangeF<std::__cxx11::basic_string<char>, __gnu_cxx::__normal_iterator<char*, std::__cxx11::basic_string<char> > >, boost::algorithm::split_iterator<__gnu_cxx::__normal_iterator<char*, std::__cxx11::basic_string<char> > >, boost::use_default, boost::use_default>; <template-parameter-2-2> = void; _Tp = std::__cxx11::basic_string<char>; _Alloc = std::allocator<std::__cxx11::basic_string<char> >; allocator_type = std::allocator<std::__cxx11::basic_string<char> >]’
/mnt/library/BH/include/boost/algorithm/string/iter_find.hpp:186:31:   required from ‘SequenceSequenceT& boost::algorithm::iter_split(SequenceSequenceT&, RangeT&&, FinderT) [with SequenceSequenceT = std::vector<std::__cxx11::basic_string<char>, std::allocator<std::__cxx11::basic_string<char> > >; RangeT = std::__cxx11::basic_string<char>&; FinderT = detail::token_finderF<detail::is_any_ofF<char> >]’
/mnt/library/BH/include/boost/algorithm/string/split.hpp:158:50:   required from ‘SequenceSequenceT& boost::algorithm::split(SequenceSequenceT&, RangeT&&, PredicateT, token_compress_mode_type) [with SequenceSequenceT = std::vector<std::__cxx11::basic_string<char>, std::allocator<std::__cxx11::basic_string<char> > >; RangeT = std::__cxx11::basic_string<char>&; PredicateT = detail::is_any_ofF<char>]’
../inst/include/CytoML/workspace.hpp:98:17:   required from here
/mnt/library/BH/include/boost/concept/detail/general.hpp:50:47: warning: ‘this’ pointer is null [-Wnonnull]
   50 |     static void failed() { ((Model*)0)->~Model(); }
      |                            ~~~~~~~~~~~~~~~~~~~^~
/mnt/library/BH/include/boost/concept/usage.hpp:20:5: note: in a call to non-static member function ‘boost::concepts::usage_requirements<Model>::~usage_requirements() [with Model = boost::SinglePassRangeConcept<const boost::iterator_range<__gnu_cxx::__normal_iterator<char*, std::__cxx11::basic_string<char> > > >]’
   20 |     ~usage_requirements() { ((Model*)0)->~Model(); }
      |     ^
/mnt/library/BH/include/boost/concept/detail/general.hpp: In instantiation of ‘static void boost::concepts::requirement<boost::concepts::failed************ Model::************>::failed() [with Model = boost::SinglePassRangeConcept<const boost::iterator_range<__gnu_cxx::__normal_iterator<char*, std::__cxx11::basic_string<char> > > >]’:
/mnt/library/BH/include/boost/range/algorithm/equal.hpp:174:13:   required from ‘bool boost::range::equal(const SinglePassRange1&, const SinglePassRange2&) [with SinglePassRange1 = boost::iterator_range<__gnu_cxx::__normal_iterator<char*, std::__cxx11::basic_string<char> > >; SinglePassRange2 = boost::iterator_range<__gnu_cxx::__normal_iterator<char*, std::__cxx11::basic_string<char> > >]’
/mnt/library/BH/include/boost/range/iterator_range_core.hpp:647:32:   required from ‘bool boost::operator==(const iterator_range<IteratorT>&, const iterator_range<Iterator2T>&) [with Iterator1T = __gnu_cxx::__normal_iterator<char*, std::__cxx11::basic_string<char> >; Iterator2T = __gnu_cxx::__normal_iterator<char*, std::__cxx11::basic_string<char> >]’
/mnt/library/BH/include/boost/algorithm/string/find_iterator.hpp:359:32:   required from ‘bool boost::algorithm::split_iterator<IteratorT>::equal(const boost::algorithm::split_iterator<IteratorT>&) const [with IteratorT = __gnu_cxx::__normal_iterator<char*, std::__cxx11::basic_string<char> >]’
/mnt/library/BH/include/boost/iterator/iterator_facade.hpp:518:24:   required from ‘static bool boost::iterators::iterator_core_access::equal(const Facade1&, const Facade2&, std::true_type) [with Facade1 = boost::algorithm::split_iterator<__gnu_cxx::__normal_iterator<char*, std::__cxx11::basic_string<char> > >; Facade2 = boost::algorithm::split_iterator<__gnu_cxx::__normal_iterator<char*, std::__cxx11::basic_string<char> > >; std::true_type = std::integral_constant<bool, true>]’
/mnt/library/BH/include/boost/iterator/iterator_facade.hpp:823:1:   required from ‘typename boost::iterators::detail::enable_if_interoperable<Derived1, Derived2, boost::iterators::detail::always_bool_t<Derived1, Derived2> >::type boost::iterators::operator==(const iterator_facade<Derived1, V1, TC1, Reference1, Difference1>&, const iterator_facade<Derived2, V2, TC2, Reference2, Difference2>&) [with Derived1 = boost::algorithm::split_iterator<__gnu_cxx::__normal_iterator<char*, std::__cxx11::basic_string<char> > >; V1 = const boost::iterator_range<__gnu_cxx::__normal_iterator<char*, std::__cxx11::basic_string<char> > >; TC1 = forward_traversal_tag; Reference1 = const boost::iterator_range<__gnu_cxx::__normal_iterator<char*, std::__cxx11::basic_string<char> > >&; Difference1 = long int; Derived2 = boost::algorithm::split_iterator<__gnu_cxx::__normal_iterator<char*, std::__cxx11::basic_string<char> > >; V2 = const boost::iterator_range<__gnu_cxx::__normal_iterator<char*, std::__cxx11::basic_string<char> > >; TC2 = forward_traversal_tag; Reference2 = const boost::iterator_range<__gnu_cxx::__normal_iterator<char*, std::__cxx11::basic_string<char> > >&; Difference2 = long int; typename detail::enable_if_interoperable<Derived1, Derived2, detail::always_bool_t<Derived1, Derived2> >::type = bool; detail::always_bool_t<Derived1, Derived2> = bool]’
/mnt/library/BH/include/boost/iterator/iterator_adaptor.hpp:166:27:   [ skipping 2 instantiation contexts, use -ftemplate-backtrace-limit=0 to disable ]
/mnt/library/BH/include/boost/iterator/iterator_facade.hpp:824:1:   required from ‘typename boost::iterators::detail::enable_if_interoperable<Derived1, Derived2, boost::iterators::detail::always_bool_t<Derived1, Derived2> >::type boost::iterators::operator!=(const iterator_facade<Derived1, V1, TC1, Reference1, Difference1>&, const iterator_facade<Derived2, V2, TC2, Reference2, Difference2>&) [with Derived1 = transform_iterator<boost::algorithm::detail::copy_iterator_rangeF<std::__cxx11::basic_string<char>, __gnu_cxx::__normal_iterator<char*, std::__cxx11::basic_string<char> > >, boost::algorithm::split_iterator<__gnu_cxx::__normal_iterator<char*, std::__cxx11::basic_string<char> > >, boost::use_default, boost::use_default>; V1 = std::__cxx11::basic_string<char>; TC1 = forward_traversal_tag; Reference1 = std::__cxx11::basic_string<char>; Difference1 = long int; Derived2 = transform_iterator<boost::algorithm::detail::copy_iterator_rangeF<std::__cxx11::basic_string<char>, __gnu_cxx::__normal_iterator<char*, std::__cxx11::basic_string<char> > >, boost::algorithm::split_iterator<__gnu_cxx::__normal_iterator<char*, std::__cxx11::basic_string<char> > >, boost::use_default, boost::use_default>; V2 = std::__cxx11::basic_string<char>; TC2 = forward_traversal_tag; Reference2 = std::__cxx11::basic_string<char>; Difference2 = long int; typename detail::enable_if_interoperable<Derived1, Derived2, detail::always_bool_t<Derived1, Derived2> >::type = bool; detail::always_bool_t<Derived1, Derived2> = bool]’
/usr/include/c++/13/bits/stl_vector.h:1671:21:   required from ‘void std::vector<_Tp, _Alloc>::_M_range_initialize(_InputIterator, _InputIterator, std::input_iterator_tag) [with _InputIterator = boost::iterators::transform_iterator<boost::algorithm::detail::copy_iterator_rangeF<std::__cxx11::basic_string<char>, __gnu_cxx::__normal_iterator<char*, std::__cxx11::basic_string<char> > >, boost::algorithm::split_iterator<__gnu_cxx::__normal_iterator<char*, std::__cxx11::basic_string<char> > >, boost::use_default, boost::use_default>; _Tp = std::__cxx11::basic_string<char>; _Alloc = std::allocator<std::__cxx11::basic_string<char> >]’
/usr/include/c++/13/bits/stl_vector.h:711:23:   required from ‘std::vector<_Tp, _Alloc>::vector(_InputIterator, _InputIterator, const allocator_type&) [with _InputIterator = boost::iterators::transform_iterator<boost::algorithm::detail::copy_iterator_rangeF<std::__cxx11::basic_string<char>, __gnu_cxx::__normal_iterator<char*, std::__cxx11::basic_string<char> > >, boost::algorithm::split_iterator<__gnu_cxx::__normal_iterator<char*, std::__cxx11::basic_string<char> > >, boost::use_default, boost::use_default>; <template-parameter-2-2> = void; _Tp = std::__cxx11::basic_string<char>; _Alloc = std::allocator<std::__cxx11::basic_string<char> >; allocator_type = std::allocator<std::__cxx11::basic_string<char> >]’
/mnt/library/BH/include/boost/algorithm/string/iter_find.hpp:186:31:   required from ‘SequenceSequenceT& boost::algorithm::iter_split(SequenceSequenceT&, RangeT&&, FinderT) [with SequenceSequenceT = std::vector<std::__cxx11::basic_string<char>, std::allocator<std::__cxx11::basic_string<char> > >; RangeT = std::__cxx11::basic_string<char>&; FinderT = detail::token_finderF<detail::is_any_ofF<char> >]’
/mnt/library/BH/include/boost/algorithm/string/split.hpp:158:50:   required from ‘SequenceSequenceT& boost::algorithm::split(SequenceSequenceT&, RangeT&&, PredicateT, token_compress_mode_type) [with SequenceSequenceT = std::vector<std::__cxx11::basic_string<char>, std::allocator<std::__cxx11::basic_string<char> > >; RangeT = std::__cxx11::basic_string<char>&; PredicateT = detail::is_any_ofF<char>]’
../inst/include/CytoML/workspace.hpp:98:17:   required from here
/mnt/library/BH/include/boost/concept/detail/general.hpp:50:47: warning: ‘this’ pointer is null [-Wnonnull]
   50 |     static void failed() { ((Model*)0)->~Model(); }
      |                            ~~~~~~~~~~~~~~~~~~~^~
/mnt/library/BH/include/boost/concept/usage.hpp:37:7: note: in a call to non-static member function ‘boost::SinglePassRangeConcept<T>::~SinglePassRangeConcept() [with T = const boost::iterator_range<__gnu_cxx::__normal_iterator<char*, std::__cxx11::basic_string<char> > >]’
   37 |       ~model()
      |       ^
/mnt/library/BH/include/boost/range/concepts.hpp:286:9: note: in expansion of macro ‘BOOST_CONCEPT_USAGE’
  286 |         BOOST_CONCEPT_USAGE(SinglePassRangeConcept)
      |         ^~~~~~~~~~~~~~~~~~~
/mnt/library/BH/include/boost/concept/usage.hpp: In instantiation of ‘boost::concepts::usage_requirements<Model>::~usage_requirements() [with Model = boost::CopyConstructible<__gnu_cxx::__normal_iterator<const char*, std::__cxx11::basic_string<char> > >]’:
/mnt/library/BH/include/boost/concept/detail/general.hpp:50:47:   required from ‘static void boost::concepts::requirement<boost::concepts::failed************ Model::************>::failed() [with Model = boost::concepts::usage_requirements<boost::CopyConstructible<__gnu_cxx::__normal_iterator<const char*, std::__cxx11::basic_string<char> > > >]’
/mnt/library/BH/include/boost/concept_check.hpp:167:5:   required from ‘struct boost::CopyConstructible<__gnu_cxx::__normal_iterator<const char*, std::__cxx11::basic_string<char> > >’
/mnt/library/BH/include/boost/range/concepts.hpp:127:16:   required from ‘struct boost::range_detail::IncrementableIteratorConcept<__gnu_cxx::__normal_iterator<const char*, std::__cxx11::basic_string<char> > >’
/mnt/library/BH/include/boost/range/concepts.hpp:149:16:   required from ‘struct boost::range_detail::SinglePassIteratorConcept<__gnu_cxx::__normal_iterator<const char*, std::__cxx11::basic_string<char> > >’
/mnt/library/BH/include/boost/concept/detail/has_constraints.hpp:32:62:   required by substitution of ‘template<class Model> boost::concepts::detail::yes boost::concepts::detail::has_constraints_(Model*, wrap_constraints<Model, (& Model::constraints)>*) [with Model = boost::range_detail::SinglePassIteratorConcept<__gnu_cxx::__normal_iterator<const char*, std::__cxx11::basic_string<char> > >]’
/mnt/library/BH/include/boost/concept/detail/has_constraints.hpp:42:5:   [ skipping 15 instantiation contexts, use -ftemplate-backtrace-limit=0 to disable ]
/mnt/library/BH/include/boost/iterator/iterator_facade.hpp:824:1:   required from ‘typename boost::iterators::detail::enable_if_interoperable<Derived1, Derived2, boost::iterators::detail::always_bool_t<Derived1, Derived2> >::type boost::iterators::operator!=(const iterator_facade<Derived1, V1, TC1, Reference1, Difference1>&, const iterator_facade<Derived2, V2, TC2, Reference2, Difference2>&) [with Derived1 = transform_iterator<boost::algorithm::detail::copy_iterator_rangeF<std::__cxx11::basic_string<char>, __gnu_cxx::__normal_iterator<const char*, std::__cxx11::basic_string<char> > >, boost::algorithm::split_iterator<__gnu_cxx::__normal_iterator<const char*, std::__cxx11::basic_string<char> > >, boost::use_default, boost::use_default>; V1 = std::__cxx11::basic_string<char>; TC1 = forward_traversal_tag; Reference1 = std::__cxx11::basic_string<char>; Difference1 = long int; Derived2 = transform_iterator<boost::algorithm::detail::copy_iterator_rangeF<std::__cxx11::basic_string<char>, __gnu_cxx::__normal_iterator<const char*, std::__cxx11::basic_string<char> > >, boost::algorithm::split_iterator<__gnu_cxx::__normal_iterator<const char*, std::__cxx11::basic_string<char> > >, boost::use_default, boost::use_default>; V2 = std::__cxx11::basic_string<char>; TC2 = forward_traversal_tag; Reference2 = std::__cxx11::basic_string<char>; Difference2 = long int; typename detail::enable_if_interoperable<Derived1, Derived2, detail::always_bool_t<Derived1, Derived2> >::type = bool; detail::always_bool_t<Derived1, Derived2> = bool]’
/usr/include/c++/13/bits/stl_vector.h:1671:21:   required from ‘void std::vector<_Tp, _Alloc>::_M_range_initialize(_InputIterator, _InputIterator, std::input_iterator_tag) [with _InputIterator = boost::iterators::transform_iterator<boost::algorithm::detail::copy_iterator_rangeF<std::__cxx11::basic_string<char>, __gnu_cxx::__normal_iterator<const char*, std::__cxx11::basic_string<char> > >, boost::algorithm::split_iterator<__gnu_cxx::__normal_iterator<const char*, std::__cxx11::basic_string<char> > >, boost::use_default, boost::use_default>; _Tp = std::__cxx11::basic_string<char>; _Alloc = std::allocator<std::__cxx11::basic_string<char> >]’
/usr/include/c++/13/bits/stl_vector.h:711:23:   required from ‘std::vector<_Tp, _Alloc>::vector(_InputIterator, _InputIterator, const allocator_type&) [with _InputIterator = boost::iterators::transform_iterator<boost::algorithm::detail::copy_iterator_rangeF<std::__cxx11::basic_string<char>, __gnu_cxx::__normal_iterator<const char*, std::__cxx11::basic_string<char> > >, boost::algorithm::split_iterator<__gnu_cxx::__normal_iterator<const char*, std::__cxx11::basic_string<char> > >, boost::use_default, boost::use_default>; <template-parameter-2-2> = void; _Tp = std::__cxx11::basic_string<char>; _Alloc = std::allocator<std::__cxx11::basic_string<char> >; allocator_type = std::allocator<std::__cxx11::basic_string<char> >]’
/mnt/library/BH/include/boost/algorithm/string/iter_find.hpp:186:31:   required from ‘SequenceSequenceT& boost::algorithm::iter_split(SequenceSequenceT&, RangeT&&, FinderT) [with SequenceSequenceT = std::vector<std::__cxx11::basic_string<char>, std::allocator<std::__cxx11::basic_string<char> > >; RangeT = const std::__cxx11::basic_string<char>&; FinderT = detail::token_finderF<detail::is_any_ofF<char> >]’
/mnt/library/BH/include/boost/algorithm/string/split.hpp:158:50:   required from ‘SequenceSequenceT& boost::algorithm::split(SequenceSequenceT&, RangeT&&, PredicateT, token_compress_mode_type) [with SequenceSequenceT = std::vector<std::__cxx11::basic_string<char>, std::allocator<std::__cxx11::basic_string<char> > >; RangeT = const std::__cxx11::basic_string<char>&; PredicateT = detail::is_any_ofF<char>]’
/mnt/library/cytolib/include/cytolib/compensation.hpp:55:15:   required from here
/mnt/library/BH/include/boost/concept/usage.hpp:20:48: warning: ‘this’ pointer is null [-Wnonnull]
   20 |     ~usage_requirements() { ((Model*)0)->~Model(); }
      |                             ~~~~~~~~~~~~~~~~~~~^~
/mnt/library/BH/include/boost/concept/usage.hpp:37:7: note: in a call to non-static member function ‘boost::CopyConstructible<TT>::~CopyConstructible() [with TT = __gnu_cxx::__normal_iterator<const char*, std::__cxx11::basic_string<char> >]’
   37 |       ~model()
      |       ^
/mnt/library/BH/include/boost/concept_check.hpp:167:5: note: in expansion of macro ‘BOOST_CONCEPT_USAGE’
  167 |     BOOST_CONCEPT_USAGE(CopyConstructible) {
      |     ^~~~~~~~~~~~~~~~~~~
/mnt/library/BH/include/boost/concept/usage.hpp: In instantiation of ‘boost::concepts::usage_requirements<Model>::~usage_requirements() [with Model = boost::Convertible<boost::iterators::random_access_traversal_tag, boost::iterators::incrementable_traversal_tag>]’:
/mnt/library/BH/include/boost/concept/detail/general.hpp:50:47:   required from ‘static void boost::concepts::requirement<boost::concepts::failed************ Model::************>::failed() [with Model = boost::concepts::usage_requirements<boost::Convertible<boost::iterators::random_access_traversal_tag, boost::iterators::incrementable_traversal_tag> >]’
/mnt/library/BH/include/boost/concept_check.hpp:208:5:   required from ‘struct boost::Convertible<boost::iterators::random_access_traversal_tag, boost::iterators::incrementable_traversal_tag>’
/mnt/library/BH/include/boost/concept/detail/has_constraints.hpp:32:62:   required by substitution of ‘template<class Model> boost::concepts::detail::yes boost::concepts::detail::has_constraints_(Model*, wrap_constraints<Model, (& Model::constraints)>*) [with Model = boost::Convertible<boost::iterators::random_access_traversal_tag, boost::iterators::incrementable_traversal_tag>]’
/mnt/library/BH/include/boost/concept/detail/has_constraints.hpp:42:5:   required from ‘const bool boost::concepts::not_satisfied<boost::Convertible<boost::iterators::random_access_traversal_tag, boost::iterators::incrementable_traversal_tag> >::value’
/mnt/library/BH/include/boost/concept/detail/has_constraints.hpp:45:51:   required from ‘struct boost::concepts::not_satisfied<boost::Convertible<boost::iterators::random_access_traversal_tag, boost::iterators::incrementable_traversal_tag> >’
/mnt/library/BH/include/boost/concept/detail/general.hpp:72:8:   [ skipping 19 instantiation contexts, use -ftemplate-backtrace-limit=0 to disable ]
/mnt/library/BH/include/boost/iterator/iterator_facade.hpp:824:1:   required from ‘typename boost::iterators::detail::enable_if_interoperable<Derived1, Derived2, boost::iterators::detail::always_bool_t<Derived1, Derived2> >::type boost::iterators::operator!=(const iterator_facade<Derived1, V1, TC1, Reference1, Difference1>&, const iterator_facade<Derived2, V2, TC2, Reference2, Difference2>&) [with Derived1 = transform_iterator<boost::algorithm::detail::copy_iterator_rangeF<std::__cxx11::basic_string<char>, __gnu_cxx::__normal_iterator<const char*, std::__cxx11::basic_string<char> > >, boost::algorithm::split_iterator<__gnu_cxx::__normal_iterator<const char*, std::__cxx11::basic_string<char> > >, boost::use_default, boost::use_default>; V1 = std::__cxx11::basic_string<char>; TC1 = forward_traversal_tag; Reference1 = std::__cxx11::basic_string<char>; Difference1 = long int; Derived2 = transform_iterator<boost::algorithm::detail::copy_iterator_rangeF<std::__cxx11::basic_string<char>, __gnu_cxx::__normal_iterator<const char*, std::__cxx11::basic_string<char> > >, boost::algorithm::split_iterator<__gnu_cxx::__normal_iterator<const char*, std::__cxx11::basic_string<char> > >, boost::use_default, boost::use_default>; V2 = std::__cxx11::basic_string<char>; TC2 = forward_traversal_tag; Reference2 = std::__cxx11::basic_string<char>; Difference2 = long int; typename detail::enable_if_interoperable<Derived1, Derived2, detail::always_bool_t<Derived1, Derived2> >::type = bool; detail::always_bool_t<Derived1, Derived2> = bool]’
/usr/include/c++/13/bits/stl_vector.h:1671:21:   required from ‘void std::vector<_Tp, _Alloc>::_M_range_initialize(_InputIterator, _InputIterator, std::input_iterator_tag) [with _InputIterator = boost::iterators::transform_iterator<boost::algorithm::detail::copy_iterator_rangeF<std::__cxx11::basic_string<char>, __gnu_cxx::__normal_iterator<const char*, std::__cxx11::basic_string<char> > >, boost::algorithm::split_iterator<__gnu_cxx::__normal_iterator<const char*, std::__cxx11::basic_string<char> > >, boost::use_default, boost::use_default>; _Tp = std::__cxx11::basic_string<char>; _Alloc = std::allocator<std::__cxx11::basic_string<char> >]’
/usr/include/c++/13/bits/stl_vector.h:711:23:   required from ‘std::vector<_Tp, _Alloc>::vector(_InputIterator, _InputIterator, const allocator_type&) [with _InputIterator = boost::iterators::transform_iterator<boost::algorithm::detail::copy_iterator_rangeF<std::__cxx11::basic_string<char>, __gnu_cxx::__normal_iterator<const char*, std::__cxx11::basic_string<char> > >, boost::algorithm::split_iterator<__gnu_cxx::__normal_iterator<const char*, std::__cxx11::basic_string<char> > >, boost::use_default, boost::use_default>; <template-parameter-2-2> = void; _Tp = std::__cxx11::basic_string<char>; _Alloc = std::allocator<std::__cxx11::basic_string<char> >; allocator_type = std::allocator<std::__cxx11::basic_string<char> >]’
/mnt/library/BH/include/boost/algorithm/string/iter_find.hpp:186:31:   required from ‘SequenceSequenceT& boost::algorithm::iter_split(SequenceSequenceT&, RangeT&&, FinderT) [with SequenceSequenceT = std::vector<std::__cxx11::basic_string<char>, std::allocator<std::__cxx11::basic_string<char> > >; RangeT = const std::__cxx11::basic_string<char>&; FinderT = detail::token_finderF<detail::is_any_ofF<char> >]’
/mnt/library/BH/include/boost/algorithm/string/split.hpp:158:50:   required from ‘SequenceSequenceT& boost::algorithm::split(SequenceSequenceT&, RangeT&&, PredicateT, token_compress_mode_type) [with SequenceSequenceT = std::vector<std::__cxx11::basic_string<char>, std::allocator<std::__cxx11::basic_string<char> > >; RangeT = const std::__cxx11::basic_string<char>&; PredicateT = detail::is_any_ofF<char>]’
/mnt/library/cytolib/include/cytolib/compensation.hpp:55:15:   required from here
/mnt/library/BH/include/boost/concept/usage.hpp:20:48: warning: ‘this’ pointer is null [-Wnonnull]
   20 |     ~usage_requirements() { ((Model*)0)->~Model(); }
      |                             ~~~~~~~~~~~~~~~~~~~^~
/mnt/library/BH/include/boost/concept/usage.hpp:37:7: note: in a call to non-static member function ‘boost::Convertible<X, Y>::~Convertible() [with X = boost::iterators::random_access_traversal_tag; Y = boost::iterators::incrementable_traversal_tag]’
   37 |       ~model()
      |       ^
/mnt/library/BH/include/boost/concept_check.hpp:208:5: note: in expansion of macro ‘BOOST_CONCEPT_USAGE’
  208 |     BOOST_CONCEPT_USAGE(Convertible) {
      |     ^~~~~~~~~~~~~~~~~~~
/mnt/library/BH/include/boost/concept/usage.hpp: In instantiation of ‘boost::concepts::usage_requirements<Model>::~usage_requirements() [with Model = boost::range_detail::IncrementableIteratorConcept<__gnu_cxx::__normal_iterator<const char*, std::__cxx11::basic_string<char> > >]’:
/mnt/library/BH/include/boost/concept/detail/general.hpp:50:47:   required from ‘static void boost::concepts::requirement<boost::concepts::failed************ Model::************>::failed() [with Model = boost::concepts::usage_requirements<boost::range_detail::IncrementableIteratorConcept<__gnu_cxx::__normal_iterator<const char*, std::__cxx11::basic_string<char> > > >]’
/mnt/library/BH/include/boost/range/concepts.hpp:138:13:   required from ‘struct boost::range_detail::IncrementableIteratorConcept<__gnu_cxx::__normal_iterator<const char*, std::__cxx11::basic_string<char> > >’
/mnt/library/BH/include/boost/range/concepts.hpp:149:16:   required from ‘struct boost::range_detail::SinglePassIteratorConcept<__gnu_cxx::__normal_iterator<const char*, std::__cxx11::basic_string<char> > >’
/mnt/library/BH/include/boost/concept/detail/has_constraints.hpp:32:62:   required by substitution of ‘template<class Model> boost::concepts::detail::yes boost::concepts::detail::has_constraints_(Model*, wrap_constraints<Model, (& Model::constraints)>*) [with Model = boost::range_detail::SinglePassIteratorConcept<__gnu_cxx::__normal_iterator<const char*, std::__cxx11::basic_string<char> > >]’
/mnt/library/BH/include/boost/concept/detail/has_constraints.hpp:42:5:   required from ‘const bool boost::concepts::not_satisfied<boost::range_detail::SinglePassIteratorConcept<__gnu_cxx::__normal_iterator<const char*, std::__cxx11::basic_string<char> > > >::value’
/mnt/library/BH/include/boost/concept/detail/has_constraints.hpp:45:51:   [ skipping 14 instantiation contexts, use -ftemplate-backtrace-limit=0 to disable ]
/mnt/library/BH/include/boost/iterator/iterator_facade.hpp:824:1:   required from ‘typename boost::iterators::detail::enable_if_interoperable<Derived1, Derived2, boost::iterators::detail::always_bool_t<Derived1, Derived2> >::type boost::iterators::operator!=(const iterator_facade<Derived1, V1, TC1, Reference1, Difference1>&, const iterator_facade<Derived2, V2, TC2, Reference2, Difference2>&) [with Derived1 = transform_iterator<boost::algorithm::detail::copy_iterator_rangeF<std::__cxx11::basic_string<char>, __gnu_cxx::__normal_iterator<const char*, std::__cxx11::basic_string<char> > >, boost::algorithm::split_iterator<__gnu_cxx::__normal_iterator<const char*, std::__cxx11::basic_string<char> > >, boost::use_default, boost::use_default>; V1 = std::__cxx11::basic_string<char>; TC1 = forward_traversal_tag; Reference1 = std::__cxx11::basic_string<char>; Difference1 = long int; Derived2 = transform_iterator<boost::algorithm::detail::copy_iterator_rangeF<std::__cxx11::basic_string<char>, __gnu_cxx::__normal_iterator<const char*, std::__cxx11::basic_string<char> > >, boost::algorithm::split_iterator<__gnu_cxx::__normal_iterator<const char*, std::__cxx11::basic_string<char> > >, boost::use_default, boost::use_default>; V2 = std::__cxx11::basic_string<char>; TC2 = forward_traversal_tag; Reference2 = std::__cxx11::basic_string<char>; Difference2 = long int; typename detail::enable_if_interoperable<Derived1, Derived2, detail::always_bool_t<Derived1, Derived2> >::type = bool; detail::always_bool_t<Derived1, Derived2> = bool]’
/usr/include/c++/13/bits/stl_vector.h:1671:21:   required from ‘void std::vector<_Tp, _Alloc>::_M_range_initialize(_InputIterator, _InputIterator, std::input_iterator_tag) [with _InputIterator = boost::iterators::transform_iterator<boost::algorithm::detail::copy_iterator_rangeF<std::__cxx11::basic_string<char>, __gnu_cxx::__normal_iterator<const char*, std::__cxx11::basic_string<char> > >, boost::algorithm::split_iterator<__gnu_cxx::__normal_iterator<const char*, std::__cxx11::basic_string<char> > >, boost::use_default, boost::use_default>; _Tp = std::__cxx11::basic_string<char>; _Alloc = std::allocator<std::__cxx11::basic_string<char> >]’
/usr/include/c++/13/bits/stl_vector.h:711:23:   required from ‘std::vector<_Tp, _Alloc>::vector(_InputIterator, _InputIterator, const allocator_type&) [with _InputIterator = boost::iterators::transform_iterator<boost::algorithm::detail::copy_iterator_rangeF<std::__cxx11::basic_string<char>, __gnu_cxx::__normal_iterator<const char*, std::__cxx11::basic_string<char> > >, boost::algorithm::split_iterator<__gnu_cxx::__normal_iterator<const char*, std::__cxx11::basic_string<char> > >, boost::use_default, boost::use_default>; <template-parameter-2-2> = void; _Tp = std::__cxx11::basic_string<char>; _Alloc = std::allocator<std::__cxx11::basic_string<char> >; allocator_type = std::allocator<std::__cxx11::basic_string<char> >]’
/mnt/library/BH/include/boost/algorithm/string/iter_find.hpp:186:31:   required from ‘SequenceSequenceT& boost::algorithm::iter_split(SequenceSequenceT&, RangeT&&, FinderT) [with SequenceSequenceT = std::vector<std::__cxx11::basic_string<char>, std::allocator<std::__cxx11::basic_string<char> > >; RangeT = const std::__cxx11::basic_string<char>&; FinderT = detail::token_finderF<detail::is_any_ofF<char> >]’
/mnt/library/BH/include/boost/algorithm/string/split.hpp:158:50:   required from ‘SequenceSequenceT& boost::algorithm::split(SequenceSequenceT&, RangeT&&, PredicateT, token_compress_mode_type) [with SequenceSequenceT = std::vector<std::__cxx11::basic_string<char>, std::allocator<std::__cxx11::basic_string<char> > >; RangeT = const std::__cxx11::basic_string<char>&; PredicateT = detail::is_any_ofF<char>]’
/mnt/library/cytolib/include/cytolib/compensation.hpp:55:15:   required from here
/mnt/library/BH/include/boost/concept/usage.hpp:20:48: warning: ‘this’ pointer is null [-Wnonnull]
   20 |     ~usage_requirements() { ((Model*)0)->~Model(); }
      |                             ~~~~~~~~~~~~~~~~~~~^~
/mnt/library/BH/include/boost/concept/usage.hpp:37:7: note: in a call to non-static member function ‘boost::range_detail::IncrementableIteratorConcept<Iterator>::~IncrementableIteratorConcept() [with Iterator = __gnu_cxx::__normal_iterator<const char*, std::__cxx11::basic_string<char> >]’
   37 |       ~model()
      |       ^
/mnt/library/BH/include/boost/range/concepts.hpp:138:13: note: in expansion of macro ‘BOOST_CONCEPT_USAGE’
  138 |             BOOST_CONCEPT_USAGE(IncrementableIteratorConcept)
      |             ^~~~~~~~~~~~~~~~~~~
/mnt/library/BH/include/boost/concept/usage.hpp: In instantiation of ‘boost::concepts::usage_requirements<Model>::~usage_requirements() [with Model = boost::EqualityComparable<__gnu_cxx::__normal_iterator<const char*, std::__cxx11::basic_string<char> > >]’:
/mnt/library/BH/include/boost/concept/detail/general.hpp:50:47:   required from ‘static void boost::concepts::requirement<boost::concepts::failed************ Model::************>::failed() [with Model = boost::concepts::usage_requirements<boost::EqualityComparable<__gnu_cxx::__normal_iterator<const char*, std::__cxx11::basic_string<char> > > >]’
/mnt/library/BH/include/boost/concept_check.hpp:233:5:   required from ‘struct boost::EqualityComparable<__gnu_cxx::__normal_iterator<const char*, std::__cxx11::basic_string<char> > >’
/mnt/library/BH/include/boost/range/concepts.hpp:149:16:   required from ‘struct boost::range_detail::SinglePassIteratorConcept<__gnu_cxx::__normal_iterator<const char*, std::__cxx11::basic_string<char> > >’
/mnt/library/BH/include/boost/concept/detail/has_constraints.hpp:32:62:   required by substitution of ‘template<class Model> boost::concepts::detail::yes boost::concepts::detail::has_constraints_(Model*, wrap_constraints<Model, (& Model::constraints)>*) [with Model = boost::range_detail::SinglePassIteratorConcept<__gnu_cxx::__normal_iterator<const char*, std::__cxx11::basic_string<char> > >]’
/mnt/library/BH/include/boost/concept/detail/has_constraints.hpp:42:5:   required from ‘const bool boost::concepts::not_satisfied<boost::range_detail::SinglePassIteratorConcept<__gnu_cxx::__normal_iterator<const char*, std::__cxx11::basic_string<char> > > >::value’
/mnt/library/BH/include/boost/concept/detail/has_constraints.hpp:45:51:   [ skipping 14 instantiation contexts, use -ftemplate-backtrace-limit=0 to disable ]
/mnt/library/BH/include/boost/iterator/iterator_facade.hpp:824:1:   required from ‘typename boost::iterators::detail::enable_if_interoperable<Derived1, Derived2, boost::iterators::detail::always_bool_t<Derived1, Derived2> >::type boost::iterators::operator!=(const iterator_facade<Derived1, V1, TC1, Reference1, Difference1>&, const iterator_facade<Derived2, V2, TC2, Reference2, Difference2>&) [with Derived1 = transform_iterator<boost::algorithm::detail::copy_iterator_rangeF<std::__cxx11::basic_string<char>, __gnu_cxx::__normal_iterator<const char*, std::__cxx11::basic_string<char> > >, boost::algorithm::split_iterator<__gnu_cxx::__normal_iterator<const char*, std::__cxx11::basic_string<char> > >, boost::use_default, boost::use_default>; V1 = std::__cxx11::basic_string<char>; TC1 = forward_traversal_tag; Reference1 = std::__cxx11::basic_string<char>; Difference1 = long int; Derived2 = transform_iterator<boost::algorithm::detail::copy_iterator_rangeF<std::__cxx11::basic_string<char>, __gnu_cxx::__normal_iterator<const char*, std::__cxx11::basic_string<char> > >, boost::algorithm::split_iterator<__gnu_cxx::__normal_iterator<const char*, std::__cxx11::basic_string<char> > >, boost::use_default, boost::use_default>; V2 = std::__cxx11::basic_string<char>; TC2 = forward_traversal_tag; Reference2 = std::__cxx11::basic_string<char>; Difference2 = long int; typename detail::enable_if_interoperable<Derived1, Derived2, detail::always_bool_t<Derived1, Derived2> >::type = bool; detail::always_bool_t<Derived1, Derived2> = bool]’
/usr/include/c++/13/bits/stl_vector.h:1671:21:   required from ‘void std::vector<_Tp, _Alloc>::_M_range_initialize(_InputIterator, _InputIterator, std::input_iterator_tag) [with _InputIterator = boost::iterators::transform_iterator<boost::algorithm::detail::copy_iterator_rangeF<std::__cxx11::basic_string<char>, __gnu_cxx::__normal_iterator<const char*, std::__cxx11::basic_string<char> > >, boost::algorithm::split_iterator<__gnu_cxx::__normal_iterator<const char*, std::__cxx11::basic_string<char> > >, boost::use_default, boost::use_default>; _Tp = std::__cxx11::basic_string<char>; _Alloc = std::allocator<std::__cxx11::basic_string<char> >]’
/usr/include/c++/13/bits/stl_vector.h:711:23:   required from ‘std::vector<_Tp, _Alloc>::vector(_InputIterator, _InputIterator, const allocator_type&) [with _InputIterator = boost::iterators::transform_iterator<boost::algorithm::detail::copy_iterator_rangeF<std::__cxx11::basic_string<char>, __gnu_cxx::__normal_iterator<const char*, std::__cxx11::basic_string<char> > >, boost::algorithm::split_iterator<__gnu_cxx::__normal_iterator<const char*, std::__cxx11::basic_string<char> > >, boost::use_default, boost::use_default>; <template-parameter-2-2> = void; _Tp = std::__cxx11::basic_string<char>; _Alloc = std::allocator<std::__cxx11::basic_string<char> >; allocator_type = std::allocator<std::__cxx11::basic_string<char> >]’
/mnt/library/BH/include/boost/algorithm/string/iter_find.hpp:186:31:   required from ‘SequenceSequenceT& boost::algorithm::iter_split(SequenceSequenceT&, RangeT&&, FinderT) [with SequenceSequenceT = std::vector<std::__cxx11::basic_string<char>, std::allocator<std::__cxx11::basic_string<char> > >; RangeT = const std::__cxx11::basic_string<char>&; FinderT = detail::token_finderF<detail::is_any_ofF<char> >]’
/mnt/library/BH/include/boost/algorithm/string/split.hpp:158:50:   required from ‘SequenceSequenceT& boost::algorithm::split(SequenceSequenceT&, RangeT&&, PredicateT, token_compress_mode_type) [with SequenceSequenceT = std::vector<std::__cxx11::basic_string<char>, std::allocator<std::__cxx11::basic_string<char> > >; RangeT = const std::__cxx11::basic_string<char>&; PredicateT = detail::is_any_ofF<char>]’
/mnt/library/cytolib/include/cytolib/compensation.hpp:55:15:   required from here
/mnt/library/BH/include/boost/concept/usage.hpp:20:48: warning: ‘this’ pointer is null [-Wnonnull]
   20 |     ~usage_requirements() { ((Model*)0)->~Model(); }
      |                             ~~~~~~~~~~~~~~~~~~~^~
/mnt/library/BH/include/boost/concept/usage.hpp:37:7: note: in a call to non-static member function ‘boost::EqualityComparable<TT>::~EqualityComparable() [with TT = __gnu_cxx::__normal_iterator<const char*, std::__cxx11::basic_string<char> >]’
   37 |       ~model()
      |       ^
/mnt/library/BH/include/boost/concept_check.hpp:233:5: note: in expansion of macro ‘BOOST_CONCEPT_USAGE’
  233 |     BOOST_CONCEPT_USAGE(EqualityComparable) {
      |     ^~~~~~~~~~~~~~~~~~~
/mnt/library/BH/include/boost/concept/usage.hpp: In instantiation of ‘boost::concepts::usage_requirements<Model>::~usage_requirements() [with Model = boost::Convertible<boost::iterators::random_access_traversal_tag, boost::iterators::single_pass_traversal_tag>]’:
/mnt/library/BH/include/boost/concept/detail/general.hpp:50:47:   required from ‘static void boost::concepts::requirement<boost::concepts::failed************ Model::************>::failed() [with Model = boost::concepts::usage_requirements<boost::Convertible<boost::iterators::random_access_traversal_tag, boost::iterators::single_pass_traversal_tag> >]’
/mnt/library/BH/include/boost/concept_check.hpp:208:5:   required from ‘struct boost::Convertible<boost::iterators::random_access_traversal_tag, boost::iterators::single_pass_traversal_tag>’
/mnt/library/BH/include/boost/concept/detail/has_constraints.hpp:32:62:   required by substitution of ‘template<class Model> boost::concepts::detail::yes boost::concepts::detail::has_constraints_(Model*, wrap_constraints<Model, (& Model::constraints)>*) [with Model = boost::Convertible<boost::iterators::random_access_traversal_tag, boost::iterators::single_pass_traversal_tag>]’
/mnt/library/BH/include/boost/concept/detail/has_constraints.hpp:42:5:   required from ‘const bool boost::concepts::not_satisfied<boost::Convertible<boost::iterators::random_access_traversal_tag, boost::iterators::single_pass_traversal_tag> >::value’
/mnt/library/BH/include/boost/concept/detail/has_constraints.hpp:45:51:   required from ‘struct boost::concepts::not_satisfied<boost::Convertible<boost::iterators::random_access_traversal_tag, boost::iterators::single_pass_traversal_tag> >’
/mnt/library/BH/include/boost/concept/detail/general.hpp:72:8:   [ skipping 18 instantiation contexts, use -ftemplate-backtrace-limit=0 to disable ]
/mnt/library/BH/include/boost/iterator/iterator_facade.hpp:824:1:   required from ‘typename boost::iterators::detail::enable_if_interoperable<Derived1, Derived2, boost::iterators::detail::always_bool_t<Derived1, Derived2> >::type boost::iterators::operator!=(const iterator_facade<Derived1, V1, TC1, Reference1, Difference1>&, const iterator_facade<Derived2, V2, TC2, Reference2, Difference2>&) [with Derived1 = transform_iterator<boost::algorithm::detail::copy_iterator_rangeF<std::__cxx11::basic_string<char>, __gnu_cxx::__normal_iterator<const char*, std::__cxx11::basic_string<char> > >, boost::algorithm::split_iterator<__gnu_cxx::__normal_iterator<const char*, std::__cxx11::basic_string<char> > >, boost::use_default, boost::use_default>; V1 = std::__cxx11::basic_string<char>; TC1 = forward_traversal_tag; Reference1 = std::__cxx11::basic_string<char>; Difference1 = long int; Derived2 = transform_iterator<boost::algorithm::detail::copy_iterator_rangeF<std::__cxx11::basic_string<char>, __gnu_cxx::__normal_iterator<const char*, std::__cxx11::basic_string<char> > >, boost::algorithm::split_iterator<__gnu_cxx::__normal_iterator<const char*, std::__cxx11::basic_string<char> > >, boost::use_default, boost::use_default>; V2 = std::__cxx11::basic_string<char>; TC2 = forward_traversal_tag; Reference2 = std::__cxx11::basic_string<char>; Difference2 = long int; typename detail::enable_if_interoperable<Derived1, Derived2, detail::always_bool_t<Derived1, Derived2> >::type = bool; detail::always_bool_t<Derived1, Derived2> = bool]’
/usr/include/c++/13/bits/stl_vector.h:1671:21:   required from ‘void std::vector<_Tp, _Alloc>::_M_range_initialize(_InputIterator, _InputIterator, std::input_iterator_tag) [with _InputIterator = boost::iterators::transform_iterator<boost::algorithm::detail::copy_iterator_rangeF<std::__cxx11::basic_string<char>, __gnu_cxx::__normal_iterator<const char*, std::__cxx11::basic_string<char> > >, boost::algorithm::split_iterator<__gnu_cxx::__normal_iterator<const char*, std::__cxx11::basic_string<char> > >, boost::use_default, boost::use_default>; _Tp = std::__cxx11::basic_string<char>; _Alloc = std::allocator<std::__cxx11::basic_string<char> >]’
/usr/include/c++/13/bits/stl_vector.h:711:23:   required from ‘std::vector<_Tp, _Alloc>::vector(_InputIterator, _InputIterator, const allocator_type&) [with _InputIterator = boost::iterators::transform_iterator<boost::algorithm::detail::copy_iterator_rangeF<std::__cxx11::basic_string<char>, __gnu_cxx::__normal_iterator<const char*, std::__cxx11::basic_string<char> > >, boost::algorithm::split_iterator<__gnu_cxx::__normal_iterator<const char*, std::__cxx11::basic_string<char> > >, boost::use_default, boost::use_default>; <template-parameter-2-2> = void; _Tp = std::__cxx11::basic_string<char>; _Alloc = std::allocator<std::__cxx11::basic_string<char> >; allocator_type = std::allocator<std::__cxx11::basic_string<char> >]’
/mnt/library/BH/include/boost/algorithm/string/iter_find.hpp:186:31:   required from ‘SequenceSequenceT& boost::algorithm::iter_split(SequenceSequenceT&, RangeT&&, FinderT) [with SequenceSequenceT = std::vector<std::__cxx11::basic_string<char>, std::allocator<std::__cxx11::basic_string<char> > >; RangeT = const std::__cxx11::basic_string<char>&; FinderT = detail::token_finderF<detail::is_any_ofF<char> >]’
/mnt/library/BH/include/boost/algorithm/string/split.hpp:158:50:   required from ‘SequenceSequenceT& boost::algorithm::split(SequenceSequenceT&, RangeT&&, PredicateT, token_compress_mode_type) [with SequenceSequenceT = std::vector<std::__cxx11::basic_string<char>, std::allocator<std::__cxx11::basic_string<char> > >; RangeT = const std::__cxx11::basic_string<char>&; PredicateT = detail::is_any_ofF<char>]’
/mnt/library/cytolib/include/cytolib/compensation.hpp:55:15:   required from here
/mnt/library/BH/include/boost/concept/usage.hpp:20:48: warning: ‘this’ pointer is null [-Wnonnull]
   20 |     ~usage_requirements() { ((Model*)0)->~Model(); }
      |                             ~~~~~~~~~~~~~~~~~~~^~
/mnt/library/BH/include/boost/concept/usage.hpp:37:7: note: in a call to non-static member function ‘boost::Convertible<X, Y>::~Convertible() [with X = boost::iterators::random_access_traversal_tag; Y = boost::iterators::single_pass_traversal_tag]’
   37 |       ~model()
      |       ^
/mnt/library/BH/include/boost/concept_check.hpp:208:5: note: in expansion of macro ‘BOOST_CONCEPT_USAGE’
  208 |     BOOST_CONCEPT_USAGE(Convertible) {
      |     ^~~~~~~~~~~~~~~~~~~
/mnt/library/BH/include/boost/concept/usage.hpp: In instantiation of ‘boost::concepts::usage_requirements<Model>::~usage_requirements() [with Model = boost::range_detail::SinglePassIteratorConcept<__gnu_cxx::__normal_iterator<const char*, std::__cxx11::basic_string<char> > >]’:
/mnt/library/BH/include/boost/concept/detail/general.hpp:50:47:   required from ‘static void boost::concepts::requirement<boost::concepts::failed************ Model::************>::failed() [with Model = boost::concepts::usage_requirements<boost::range_detail::SinglePassIteratorConcept<__gnu_cxx::__normal_iterator<const char*, std::__cxx11::basic_string<char> > > >]’
/mnt/library/BH/include/boost/range/concepts.hpp:160:13:   required from ‘struct boost::range_detail::SinglePassIteratorConcept<__gnu_cxx::__normal_iterator<const char*, std::__cxx11::basic_string<char> > >’
/mnt/library/BH/include/boost/concept/detail/has_constraints.hpp:32:62:   required by substitution of ‘template<class Model> boost::concepts::detail::yes boost::concepts::detail::has_constraints_(Model*, wrap_constraints<Model, (& Model::constraints)>*) [with Model = boost::range_detail::SinglePassIteratorConcept<__gnu_cxx::__normal_iterator<const char*, std::__cxx11::basic_string<char> > >]’
/mnt/library/BH/include/boost/concept/detail/has_constraints.hpp:42:5:   required from ‘const bool boost::concepts::not_satisfied<boost::range_detail::SinglePassIteratorConcept<__gnu_cxx::__normal_iterator<const char*, std::__cxx11::basic_string<char> > > >::value’
/mnt/library/BH/include/boost/concept/detail/has_constraints.hpp:45:51:   required from ‘struct boost::concepts::not_satisfied<boost::range_detail::SinglePassIteratorConcept<__gnu_cxx::__normal_iterator<const char*, std::__cxx11::basic_string<char> > > >’
/mnt/library/BH/include/boost/concept/detail/general.hpp:72:8:   [ skipping 13 instantiation contexts, use -ftemplate-backtrace-limit=0 to disable ]
/mnt/library/BH/include/boost/iterator/iterator_facade.hpp:824:1:   required from ‘typename boost::iterators::detail::enable_if_interoperable<Derived1, Derived2, boost::iterators::detail::always_bool_t<Derived1, Derived2> >::type boost::iterators::operator!=(const iterator_facade<Derived1, V1, TC1, Reference1, Difference1>&, const iterator_facade<Derived2, V2, TC2, Reference2, Difference2>&) [with Derived1 = transform_iterator<boost::algorithm::detail::copy_iterator_rangeF<std::__cxx11::basic_string<char>, __gnu_cxx::__normal_iterator<const char*, std::__cxx11::basic_string<char> > >, boost::algorithm::split_iterator<__gnu_cxx::__normal_iterator<const char*, std::__cxx11::basic_string<char> > >, boost::use_default, boost::use_default>; V1 = std::__cxx11::basic_string<char>; TC1 = forward_traversal_tag; Reference1 = std::__cxx11::basic_string<char>; Difference1 = long int; Derived2 = transform_iterator<boost::algorithm::detail::copy_iterator_rangeF<std::__cxx11::basic_string<char>, __gnu_cxx::__normal_iterator<const char*, std::__cxx11::basic_string<char> > >, boost::algorithm::split_iterator<__gnu_cxx::__normal_iterator<const char*, std::__cxx11::basic_string<char> > >, boost::use_default, boost::use_default>; V2 = std::__cxx11::basic_string<char>; TC2 = forward_traversal_tag; Reference2 = std::__cxx11::basic_string<char>; Difference2 = long int; typename detail::enable_if_interoperable<Derived1, Derived2, detail::always_bool_t<Derived1, Derived2> >::type = bool; detail::always_bool_t<Derived1, Derived2> = bool]’
/usr/include/c++/13/bits/stl_vector.h:1671:21:   required from ‘void std::vector<_Tp, _Alloc>::_M_range_initialize(_InputIterator, _InputIterator, std::input_iterator_tag) [with _InputIterator = boost::iterators::transform_iterator<boost::algorithm::detail::copy_iterator_rangeF<std::__cxx11::basic_string<char>, __gnu_cxx::__normal_iterator<const char*, std::__cxx11::basic_string<char> > >, boost::algorithm::split_iterator<__gnu_cxx::__normal_iterator<const char*, std::__cxx11::basic_string<char> > >, boost::use_default, boost::use_default>; _Tp = std::__cxx11::basic_string<char>; _Alloc = std::allocator<std::__cxx11::basic_string<char> >]’
/usr/include/c++/13/bits/stl_vector.h:711:23:   required from ‘std::vector<_Tp, _Alloc>::vector(_InputIterator, _InputIterator, const allocator_type&) [with _InputIterator = boost::iterators::transform_iterator<boost::algorithm::detail::copy_iterator_rangeF<std::__cxx11::basic_string<char>, __gnu_cxx::__normal_iterator<const char*, std::__cxx11::basic_string<char> > >, boost::algorithm::split_iterator<__gnu_cxx::__normal_iterator<const char*, std::__cxx11::basic_string<char> > >, boost::use_default, boost::use_default>; <template-parameter-2-2> = void; _Tp = std::__cxx11::basic_string<char>; _Alloc = std::allocator<std::__cxx11::basic_string<char> >; allocator_type = std::allocator<std::__cxx11::basic_string<char> >]’
/mnt/library/BH/include/boost/algorithm/string/iter_find.hpp:186:31:   required from ‘SequenceSequenceT& boost::algorithm::iter_split(SequenceSequenceT&, RangeT&&, FinderT) [with SequenceSequenceT = std::vector<std::__cxx11::basic_string<char>, std::allocator<std::__cxx11::basic_string<char> > >; RangeT = const std::__cxx11::basic_string<char>&; FinderT = detail::token_finderF<detail::is_any_ofF<char> >]’
/mnt/library/BH/include/boost/algorithm/string/split.hpp:158:50:   required from ‘SequenceSequenceT& boost::algorithm::split(SequenceSequenceT&, RangeT&&, PredicateT, token_compress_mode_type) [with SequenceSequenceT = std::vector<std::__cxx11::basic_string<char>, std::allocator<std::__cxx11::basic_string<char> > >; RangeT = const std::__cxx11::basic_string<char>&; PredicateT = detail::is_any_ofF<char>]’
/mnt/library/cytolib/include/cytolib/compensation.hpp:55:15:   required from here
/mnt/library/BH/include/boost/concept/usage.hpp:20:48: warning: ‘this’ pointer is null [-Wnonnull]
   20 |     ~usage_requirements() { ((Model*)0)->~Model(); }
      |                             ~~~~~~~~~~~~~~~~~~~^~
/mnt/library/BH/include/boost/concept/usage.hpp:37:7: note: in a call to non-static member function ‘boost::range_detail::SinglePassIteratorConcept<Iterator>::~SinglePassIteratorConcept() [with Iterator = __gnu_cxx::__normal_iterator<const char*, std::__cxx11::basic_string<char> >]’
   37 |       ~model()
      |       ^
/mnt/library/BH/include/boost/range/concepts.hpp:160:13: note: in expansion of macro ‘BOOST_CONCEPT_USAGE’
  160 |             BOOST_CONCEPT_USAGE(SinglePassIteratorConcept)
      |             ^~~~~~~~~~~~~~~~~~~
/mnt/library/BH/include/boost/concept/usage.hpp: In instantiation of ‘boost::concepts::usage_requirements<Model>::~usage_requirements() [with Model = boost::SinglePassRangeConcept<const boost::iterator_range<__gnu_cxx::__normal_iterator<const char*, std::__cxx11::basic_string<char> > > >]’:
/mnt/library/BH/include/boost/concept/detail/general.hpp:50:47:   required from ‘static void boost::concepts::requirement<boost::concepts::failed************ Model::************>::failed() [with Model = boost::concepts::usage_requirements<boost::SinglePassRangeConcept<const boost::iterator_range<__gnu_cxx::__normal_iterator<const char*, std::__cxx11::basic_string<char> > > > >]’
/mnt/library/BH/include/boost/range/concepts.hpp:286:9:   required from ‘struct boost::SinglePassRangeConcept<const boost::iterator_range<__gnu_cxx::__normal_iterator<const char*, std::__cxx11::basic_string<char> > > >’
/mnt/library/BH/include/boost/concept/detail/has_constraints.hpp:32:62:   required by substitution of ‘template<class Model> boost::concepts::detail::yes boost::concepts::detail::has_constraints_(Model*, wrap_constraints<Model, (& Model::constraints)>*) [with Model = boost::SinglePassRangeConcept<const boost::iterator_range<__gnu_cxx::__normal_iterator<const char*, std::__cxx11::basic_string<char> > > >]’
/mnt/library/BH/include/boost/concept/detail/has_constraints.hpp:42:5:   required from ‘const bool boost::concepts::not_satisfied<boost::SinglePassRangeConcept<const boost::iterator_range<__gnu_cxx::__normal_iterator<const char*, std::__cxx11::basic_string<char> > > > >::value’
/mnt/library/BH/include/boost/concept/detail/has_constraints.hpp:45:51:   required from ‘struct boost::concepts::not_satisfied<boost::SinglePassRangeConcept<const boost::iterator_range<__gnu_cxx::__normal_iterator<const char*, std::__cxx11::basic_string<char> > > > >’
/mnt/library/BH/include/boost/concept/detail/general.hpp:72:8:   [ skipping 8 instantiation contexts, use -ftemplate-backtrace-limit=0 to disable ]
/mnt/library/BH/include/boost/iterator/iterator_facade.hpp:824:1:   required from ‘typename boost::iterators::detail::enable_if_interoperable<Derived1, Derived2, boost::iterators::detail::always_bool_t<Derived1, Derived2> >::type boost::iterators::operator!=(const iterator_facade<Derived1, V1, TC1, Reference1, Difference1>&, const iterator_facade<Derived2, V2, TC2, Reference2, Difference2>&) [with Derived1 = transform_iterator<boost::algorithm::detail::copy_iterator_rangeF<std::__cxx11::basic_string<char>, __gnu_cxx::__normal_iterator<const char*, std::__cxx11::basic_string<char> > >, boost::algorithm::split_iterator<__gnu_cxx::__normal_iterator<const char*, std::__cxx11::basic_string<char> > >, boost::use_default, boost::use_default>; V1 = std::__cxx11::basic_string<char>; TC1 = forward_traversal_tag; Reference1 = std::__cxx11::basic_string<char>; Difference1 = long int; Derived2 = transform_iterator<boost::algorithm::detail::copy_iterator_rangeF<std::__cxx11::basic_string<char>, __gnu_cxx::__normal_iterator<const char*, std::__cxx11::basic_string<char> > >, boost::algorithm::split_iterator<__gnu_cxx::__normal_iterator<const char*, std::__cxx11::basic_string<char> > >, boost::use_default, boost::use_default>; V2 = std::__cxx11::basic_string<char>; TC2 = forward_traversal_tag; Reference2 = std::__cxx11::basic_string<char>; Difference2 = long int; typename detail::enable_if_interoperable<Derived1, Derived2, detail::always_bool_t<Derived1, Derived2> >::type = bool; detail::always_bool_t<Derived1, Derived2> = bool]’
/usr/include/c++/13/bits/stl_vector.h:1671:21:   required from ‘void std::vector<_Tp, _Alloc>::_M_range_initialize(_InputIterator, _InputIterator, std::input_iterator_tag) [with _InputIterator = boost::iterators::transform_iterator<boost::algorithm::detail::copy_iterator_rangeF<std::__cxx11::basic_string<char>, __gnu_cxx::__normal_iterator<const char*, std::__cxx11::basic_string<char> > >, boost::algorithm::split_iterator<__gnu_cxx::__normal_iterator<const char*, std::__cxx11::basic_string<char> > >, boost::use_default, boost::use_default>; _Tp = std::__cxx11::basic_string<char>; _Alloc = std::allocator<std::__cxx11::basic_string<char> >]’
/usr/include/c++/13/bits/stl_vector.h:711:23:   required from ‘std::vector<_Tp, _Alloc>::vector(_InputIterator, _InputIterator, const allocator_type&) [with _InputIterator = boost::iterators::transform_iterator<boost::algorithm::detail::copy_iterator_rangeF<std::__cxx11::basic_string<char>, __gnu_cxx::__normal_iterator<const char*, std::__cxx11::basic_string<char> > >, boost::algorithm::split_iterator<__gnu_cxx::__normal_iterator<const char*, std::__cxx11::basic_string<char> > >, boost::use_default, boost::use_default>; <template-parameter-2-2> = void; _Tp = std::__cxx11::basic_string<char>; _Alloc = std::allocator<std::__cxx11::basic_string<char> >; allocator_type = std::allocator<std::__cxx11::basic_string<char> >]’
/mnt/library/BH/include/boost/algorithm/string/iter_find.hpp:186:31:   required from ‘SequenceSequenceT& boost::algorithm::iter_split(SequenceSequenceT&, RangeT&&, FinderT) [with SequenceSequenceT = std::vector<std::__cxx11::basic_string<char>, std::allocator<std::__cxx11::basic_string<char> > >; RangeT = const std::__cxx11::basic_string<char>&; FinderT = detail::token_finderF<detail::is_any_ofF<char> >]’
/mnt/library/BH/include/boost/algorithm/string/split.hpp:158:50:   required from ‘SequenceSequenceT& boost::algorithm::split(SequenceSequenceT&, RangeT&&, PredicateT, token_compress_mode_type) [with SequenceSequenceT = std::vector<std::__cxx11::basic_string<char>, std::allocator<std::__cxx11::basic_string<char> > >; RangeT = const std::__cxx11::basic_string<char>&; PredicateT = detail::is_any_ofF<char>]’
/mnt/library/cytolib/include/cytolib/compensation.hpp:55:15:   required from here
/mnt/library/BH/include/boost/concept/usage.hpp:20:48: warning: ‘this’ pointer is null [-Wnonnull]
   20 |     ~usage_requirements() { ((Model*)0)->~Model(); }
      |                             ~~~~~~~~~~~~~~~~~~~^~
/mnt/library/BH/include/boost/concept/usage.hpp:37:7: note: in a call to non-static member function ‘boost::SinglePassRangeConcept<T>::~SinglePassRangeConcept() [with T = const boost::iterator_range<__gnu_cxx::__normal_iterator<const char*, std::__cxx11::basic_string<char> > >]’
   37 |       ~model()
      |       ^
/mnt/library/BH/include/boost/range/concepts.hpp:286:9: note: in expansion of macro ‘BOOST_CONCEPT_USAGE’
  286 |         BOOST_CONCEPT_USAGE(SinglePassRangeConcept)
      |         ^~~~~~~~~~~~~~~~~~~
/mnt/library/BH/include/boost/concept/usage.hpp: In instantiation of ‘boost::concepts::usage_requirements<Model>::~usage_requirements() [with Model = boost::CopyConstructible<__gnu_cxx::__normal_iterator<char*, std::__cxx11::basic_string<char> > >]’:
/mnt/library/BH/include/boost/concept/detail/general.hpp:50:47:   required from ‘static void boost::concepts::requirement<boost::concepts::failed************ Model::************>::failed() [with Model = boost::concepts::usage_requirements<boost::CopyConstructible<__gnu_cxx::__normal_iterator<char*, std::__cxx11::basic_string<char> > > >]’
/mnt/library/BH/include/boost/concept_check.hpp:167:5:   required from ‘struct boost::CopyConstructible<__gnu_cxx::__normal_iterator<char*, std::__cxx11::basic_string<char> > >’
/mnt/library/BH/include/boost/range/concepts.hpp:127:16:   required from ‘struct boost::range_detail::IncrementableIteratorConcept<__gnu_cxx::__normal_iterator<char*, std::__cxx11::basic_string<char> > >’
/mnt/library/BH/include/boost/range/concepts.hpp:149:16:   required from ‘struct boost::range_detail::SinglePassIteratorConcept<__gnu_cxx::__normal_iterator<char*, std::__cxx11::basic_string<char> > >’
/mnt/library/BH/include/boost/concept/detail/has_constraints.hpp:32:62:   required by substitution of ‘template<class Model> boost::concepts::detail::yes boost::concepts::detail::has_constraints_(Model*, wrap_constraints<Model, (& Model::constraints)>*) [with Model = boost::range_detail::SinglePassIteratorConcept<__gnu_cxx::__normal_iterator<char*, std::__cxx11::basic_string<char> > >]’
/mnt/library/BH/include/boost/concept/detail/has_constraints.hpp:42:5:   [ skipping 15 instantiation contexts, use -ftemplate-backtrace-limit=0 to disable ]
/mnt/library/BH/include/boost/iterator/iterator_facade.hpp:824:1:   required from ‘typename boost::iterators::detail::enable_if_interoperable<Derived1, Derived2, boost::iterators::detail::always_bool_t<Derived1, Derived2> >::type boost::iterators::operator!=(const iterator_facade<Derived1, V1, TC1, Reference1, Difference1>&, const iterator_facade<Derived2, V2, TC2, Reference2, Difference2>&) [with Derived1 = transform_iterator<boost::algorithm::detail::copy_iterator_rangeF<std::__cxx11::basic_string<char>, __gnu_cxx::__normal_iterator<char*, std::__cxx11::basic_string<char> > >, boost::algorithm::split_iterator<__gnu_cxx::__normal_iterator<char*, std::__cxx11::basic_string<char> > >, boost::use_default, boost::use_default>; V1 = std::__cxx11::basic_string<char>; TC1 = forward_traversal_tag; Reference1 = std::__cxx11::basic_string<char>; Difference1 = long int; Derived2 = transform_iterator<boost::algorithm::detail::copy_iterator_rangeF<std::__cxx11::basic_string<char>, __gnu_cxx::__normal_iterator<char*, std::__cxx11::basic_string<char> > >, boost::algorithm::split_iterator<__gnu_cxx::__normal_iterator<char*, std::__cxx11::basic_string<char> > >, boost::use_default, boost::use_default>; V2 = std::__cxx11::basic_string<char>; TC2 = forward_traversal_tag; Reference2 = std::__cxx11::basic_string<char>; Difference2 = long int; typename detail::enable_if_interoperable<Derived1, Derived2, detail::always_bool_t<Derived1, Derived2> >::type = bool; detail::always_bool_t<Derived1, Derived2> = bool]’
/usr/include/c++/13/bits/stl_vector.h:1671:21:   required from ‘void std::vector<_Tp, _Alloc>::_M_range_initialize(_InputIterator, _InputIterator, std::input_iterator_tag) [with _InputIterator = boost::iterators::transform_iterator<boost::algorithm::detail::copy_iterator_rangeF<std::__cxx11::basic_string<char>, __gnu_cxx::__normal_iterator<char*, std::__cxx11::basic_string<char> > >, boost::algorithm::split_iterator<__gnu_cxx::__normal_iterator<char*, std::__cxx11::basic_string<char> > >, boost::use_default, boost::use_default>; _Tp = std::__cxx11::basic_string<char>; _Alloc = std::allocator<std::__cxx11::basic_string<char> >]’
/usr/include/c++/13/bits/stl_vector.h:711:23:   required from ‘std::vector<_Tp, _Alloc>::vector(_InputIterator, _InputIterator, const allocator_type&) [with _InputIterator = boost::iterators::transform_iterator<boost::algorithm::detail::copy_iterator_rangeF<std::__cxx11::basic_string<char>, __gnu_cxx::__normal_iterator<char*, std::__cxx11::basic_string<char> > >, boost::algorithm::split_iterator<__gnu_cxx::__normal_iterator<char*, std::__cxx11::basic_string<char> > >, boost::use_default, boost::use_default>; <template-parameter-2-2> = void; _Tp = std::__cxx11::basic_string<char>; _Alloc = std::allocator<std::__cxx11::basic_string<char> >; allocator_type = std::allocator<std::__cxx11::basic_string<char> >]’
/mnt/library/BH/include/boost/algorithm/string/iter_find.hpp:186:31:   required from ‘SequenceSequenceT& boost::algorithm::iter_split(SequenceSequenceT&, RangeT&&, FinderT) [with SequenceSequenceT = std::vector<std::__cxx11::basic_string<char>, std::allocator<std::__cxx11::basic_string<char> > >; RangeT = std::__cxx11::basic_string<char>&; FinderT = detail::token_finderF<detail::is_any_ofF<char> >]’
/mnt/library/BH/include/boost/algorithm/string/split.hpp:158:50:   required from ‘SequenceSequenceT& boost::algorithm::split(SequenceSequenceT&, RangeT&&, PredicateT, token_compress_mode_type) [with SequenceSequenceT = std::vector<std::__cxx11::basic_string<char>, std::allocator<std::__cxx11::basic_string<char> > >; RangeT = std::__cxx11::basic_string<char>&; PredicateT = detail::is_any_ofF<char>]’
../inst/include/CytoML/workspace.hpp:98:17:   required from here
/mnt/library/BH/include/boost/concept/usage.hpp:20:48: warning: ‘this’ pointer is null [-Wnonnull]
   20 |     ~usage_requirements() { ((Model*)0)->~Model(); }
      |                             ~~~~~~~~~~~~~~~~~~~^~
/mnt/library/BH/include/boost/concept/usage.hpp:37:7: note: in a call to non-static member function ‘boost::CopyConstructible<TT>::~CopyConstructible() [with TT = __gnu_cxx::__normal_iterator<char*, std::__cxx11::basic_string<char> >]’
   37 |       ~model()
      |       ^
/mnt/library/BH/include/boost/concept_check.hpp:167:5: note: in expansion of macro ‘BOOST_CONCEPT_USAGE’
  167 |     BOOST_CONCEPT_USAGE(CopyConstructible) {
      |     ^~~~~~~~~~~~~~~~~~~
/mnt/library/BH/include/boost/concept/usage.hpp: In instantiation of ‘boost::concepts::usage_requirements<Model>::~usage_requirements() [with Model = boost::range_detail::IncrementableIteratorConcept<__gnu_cxx::__normal_iterator<char*, std::__cxx11::basic_string<char> > >]’:
/mnt/library/BH/include/boost/concept/detail/general.hpp:50:47:   required from ‘static void boost::concepts::requirement<boost::concepts::failed************ Model::************>::failed() [with Model = boost::concepts::usage_requirements<boost::range_detail::IncrementableIteratorConcept<__gnu_cxx::__normal_iterator<char*, std::__cxx11::basic_string<char> > > >]’
/mnt/library/BH/include/boost/range/concepts.hpp:138:13:   required from ‘struct boost::range_detail::IncrementableIteratorConcept<__gnu_cxx::__normal_iterator<char*, std::__cxx11::basic_string<char> > >’
/mnt/library/BH/include/boost/range/concepts.hpp:149:16:   required from ‘struct boost::range_detail::SinglePassIteratorConcept<__gnu_cxx::__normal_iterator<char*, std::__cxx11::basic_string<char> > >’
/mnt/library/BH/include/boost/concept/detail/has_constraints.hpp:32:62:   required by substitution of ‘template<class Model> boost::concepts::detail::yes boost::concepts::detail::has_constraints_(Model*, wrap_constraints<Model, (& Model::constraints)>*) [with Model = boost::range_detail::SinglePassIteratorConcept<__gnu_cxx::__normal_iterator<char*, std::__cxx11::basic_string<char> > >]’
/mnt/library/BH/include/boost/concept/detail/has_constraints.hpp:42:5:   required from ‘const bool boost::concepts::not_satisfied<boost::range_detail::SinglePassIteratorConcept<__gnu_cxx::__normal_iterator<char*, std::__cxx11::basic_string<char> > > >::value’
/mnt/library/BH/include/boost/concept/detail/has_constraints.hpp:45:51:   [ skipping 14 instantiation contexts, use -ftemplate-backtrace-limit=0 to disable ]
/mnt/library/BH/include/boost/iterator/iterator_facade.hpp:824:1:   required from ‘typename boost::iterators::detail::enable_if_interoperable<Derived1, Derived2, boost::iterators::detail::always_bool_t<Derived1, Derived2> >::type boost::iterators::operator!=(const iterator_facade<Derived1, V1, TC1, Reference1, Difference1>&, const iterator_facade<Derived2, V2, TC2, Reference2, Difference2>&) [with Derived1 = transform_iterator<boost::algorithm::detail::copy_iterator_rangeF<std::__cxx11::basic_string<char>, __gnu_cxx::__normal_iterator<char*, std::__cxx11::basic_string<char> > >, boost::algorithm::split_iterator<__gnu_cxx::__normal_iterator<char*, std::__cxx11::basic_string<char> > >, boost::use_default, boost::use_default>; V1 = std::__cxx11::basic_string<char>; TC1 = forward_traversal_tag; Reference1 = std::__cxx11::basic_string<char>; Difference1 = long int; Derived2 = transform_iterator<boost::algorithm::detail::copy_iterator_rangeF<std::__cxx11::basic_string<char>, __gnu_cxx::__normal_iterator<char*, std::__cxx11::basic_string<char> > >, boost::algorithm::split_iterator<__gnu_cxx::__normal_iterator<char*, std::__cxx11::basic_string<char> > >, boost::use_default, boost::use_default>; V2 = std::__cxx11::basic_string<char>; TC2 = forward_traversal_tag; Reference2 = std::__cxx11::basic_string<char>; Difference2 = long int; typename detail::enable_if_interoperable<Derived1, Derived2, detail::always_bool_t<Derived1, Derived2> >::type = bool; detail::always_bool_t<Derived1, Derived2> = bool]’
/usr/include/c++/13/bits/stl_vector.h:1671:21:   required from ‘void std::vector<_Tp, _Alloc>::_M_range_initialize(_InputIterator, _InputIterator, std::input_iterator_tag) [with _InputIterator = boost::iterators::transform_iterator<boost::algorithm::detail::copy_iterator_rangeF<std::__cxx11::basic_string<char>, __gnu_cxx::__normal_iterator<char*, std::__cxx11::basic_string<char> > >, boost::algorithm::split_iterator<__gnu_cxx::__normal_iterator<char*, std::__cxx11::basic_string<char> > >, boost::use_default, boost::use_default>; _Tp = std::__cxx11::basic_string<char>; _Alloc = std::allocator<std::__cxx11::basic_string<char> >]’
/usr/include/c++/13/bits/stl_vector.h:711:23:   required from ‘std::vector<_Tp, _Alloc>::vector(_InputIterator, _InputIterator, const allocator_type&) [with _InputIterator = boost::iterators::transform_iterator<boost::algorithm::detail::copy_iterator_rangeF<std::__cxx11::basic_string<char>, __gnu_cxx::__normal_iterator<char*, std::__cxx11::basic_string<char> > >, boost::algorithm::split_iterator<__gnu_cxx::__normal_iterator<char*, std::__cxx11::basic_string<char> > >, boost::use_default, boost::use_default>; <template-parameter-2-2> = void; _Tp = std::__cxx11::basic_string<char>; _Alloc = std::allocator<std::__cxx11::basic_string<char> >; allocator_type = std::allocator<std::__cxx11::basic_string<char> >]’
/mnt/library/BH/include/boost/algorithm/string/iter_find.hpp:186:31:   required from ‘SequenceSequenceT& boost::algorithm::iter_split(SequenceSequenceT&, RangeT&&, FinderT) [with SequenceSequenceT = std::vector<std::__cxx11::basic_string<char>, std::allocator<std::__cxx11::basic_string<char> > >; RangeT = std::__cxx11::basic_string<char>&; FinderT = detail::token_finderF<detail::is_any_ofF<char> >]’
/mnt/library/BH/include/boost/algorithm/string/split.hpp:158:50:   required from ‘SequenceSequenceT& boost::algorithm::split(SequenceSequenceT&, RangeT&&, PredicateT, token_compress_mode_type) [with SequenceSequenceT = std::vector<std::__cxx11::basic_string<char>, std::allocator<std::__cxx11::basic_string<char> > >; RangeT = std::__cxx11::basic_string<char>&; PredicateT = detail::is_any_ofF<char>]’
../inst/include/CytoML/workspace.hpp:98:17:   required from here
/mnt/library/BH/include/boost/concept/usage.hpp:20:48: warning: ‘this’ pointer is null [-Wnonnull]
   20 |     ~usage_requirements() { ((Model*)0)->~Model(); }
      |                             ~~~~~~~~~~~~~~~~~~~^~
/mnt/library/BH/include/boost/concept/usage.hpp:37:7: note: in a call to non-static member function ‘boost::range_detail::IncrementableIteratorConcept<Iterator>::~IncrementableIteratorConcept() [with Iterator = __gnu_cxx::__normal_iterator<char*, std::__cxx11::basic_string<char> >]’
   37 |       ~model()
      |       ^
/mnt/library/BH/include/boost/range/concepts.hpp:138:13: note: in expansion of macro ‘BOOST_CONCEPT_USAGE’
  138 |             BOOST_CONCEPT_USAGE(IncrementableIteratorConcept)
      |             ^~~~~~~~~~~~~~~~~~~
/mnt/library/BH/include/boost/concept/usage.hpp: In instantiation of ‘boost::concepts::usage_requirements<Model>::~usage_requirements() [with Model = boost::EqualityComparable<__gnu_cxx::__normal_iterator<char*, std::__cxx11::basic_string<char> > >]’:
/mnt/library/BH/include/boost/concept/detail/general.hpp:50:47:   required from ‘static void boost::concepts::requirement<boost::concepts::failed************ Model::************>::failed() [with Model = boost::concepts::usage_requirements<boost::EqualityComparable<__gnu_cxx::__normal_iterator<char*, std::__cxx11::basic_string<char> > > >]’
/mnt/library/BH/include/boost/concept_check.hpp:233:5:   required from ‘struct boost::EqualityComparable<__gnu_cxx::__normal_iterator<char*, std::__cxx11::basic_string<char> > >’
/mnt/library/BH/include/boost/range/concepts.hpp:149:16:   required from ‘struct boost::range_detail::SinglePassIteratorConcept<__gnu_cxx::__normal_iterator<char*, std::__cxx11::basic_string<char> > >’
/mnt/library/BH/include/boost/concept/detail/has_constraints.hpp:32:62:   required by substitution of ‘template<class Model> boost::concepts::detail::yes boost::concepts::detail::has_constraints_(Model*, wrap_constraints<Model, (& Model::constraints)>*) [with Model = boost::range_detail::SinglePassIteratorConcept<__gnu_cxx::__normal_iterator<char*, std::__cxx11::basic_string<char> > >]’
/mnt/library/BH/include/boost/concept/detail/has_constraints.hpp:42:5:   required from ‘const bool boost::concepts::not_satisfied<boost::range_detail::SinglePassIteratorConcept<__gnu_cxx::__normal_iterator<char*, std::__cxx11::basic_string<char> > > >::value’
/mnt/library/BH/include/boost/concept/detail/has_constraints.hpp:45:51:   [ skipping 14 instantiation contexts, use -ftemplate-backtrace-limit=0 to disable ]
/mnt/library/BH/include/boost/iterator/iterator_facade.hpp:824:1:   required from ‘typename boost::iterators::detail::enable_if_interoperable<Derived1, Derived2, boost::iterators::detail::always_bool_t<Derived1, Derived2> >::type boost::iterators::operator!=(const iterator_facade<Derived1, V1, TC1, Reference1, Difference1>&, const iterator_facade<Derived2, V2, TC2, Reference2, Difference2>&) [with Derived1 = transform_iterator<boost::algorithm::detail::copy_iterator_rangeF<std::__cxx11::basic_string<char>, __gnu_cxx::__normal_iterator<char*, std::__cxx11::basic_string<char> > >, boost::algorithm::split_iterator<__gnu_cxx::__normal_iterator<char*, std::__cxx11::basic_string<char> > >, boost::use_default, boost::use_default>; V1 = std::__cxx11::basic_string<char>; TC1 = forward_traversal_tag; Reference1 = std::__cxx11::basic_string<char>; Difference1 = long int; Derived2 = transform_iterator<boost::algorithm::detail::copy_iterator_rangeF<std::__cxx11::basic_string<char>, __gnu_cxx::__normal_iterator<char*, std::__cxx11::basic_string<char> > >, boost::algorithm::split_iterator<__gnu_cxx::__normal_iterator<char*, std::__cxx11::basic_string<char> > >, boost::use_default, boost::use_default>; V2 = std::__cxx11::basic_string<char>; TC2 = forward_traversal_tag; Reference2 = std::__cxx11::basic_string<char>; Difference2 = long int; typename detail::enable_if_interoperable<Derived1, Derived2, detail::always_bool_t<Derived1, Derived2> >::type = bool; detail::always_bool_t<Derived1, Derived2> = bool]’
/usr/include/c++/13/bits/stl_vector.h:1671:21:   required from ‘void std::vector<_Tp, _Alloc>::_M_range_initialize(_InputIterator, _InputIterator, std::input_iterator_tag) [with _InputIterator = boost::iterators::transform_iterator<boost::algorithm::detail::copy_iterator_rangeF<std::__cxx11::basic_string<char>, __gnu_cxx::__normal_iterator<char*, std::__cxx11::basic_string<char> > >, boost::algorithm::split_iterator<__gnu_cxx::__normal_iterator<char*, std::__cxx11::basic_string<char> > >, boost::use_default, boost::use_default>; _Tp = std::__cxx11::basic_string<char>; _Alloc = std::allocator<std::__cxx11::basic_string<char> >]’
/usr/include/c++/13/bits/stl_vector.h:711:23:   required from ‘std::vector<_Tp, _Alloc>::vector(_InputIterator, _InputIterator, const allocator_type&) [with _InputIterator = boost::iterators::transform_iterator<boost::algorithm::detail::copy_iterator_rangeF<std::__cxx11::basic_string<char>, __gnu_cxx::__normal_iterator<char*, std::__cxx11::basic_string<char> > >, boost::algorithm::split_iterator<__gnu_cxx::__normal_iterator<char*, std::__cxx11::basic_string<char> > >, boost::use_default, boost::use_default>; <template-parameter-2-2> = void; _Tp = std::__cxx11::basic_string<char>; _Alloc = std::allocator<std::__cxx11::basic_string<char> >; allocator_type = std::allocator<std::__cxx11::basic_string<char> >]’
/mnt/library/BH/include/boost/algorithm/string/iter_find.hpp:186:31:   required from ‘SequenceSequenceT& boost::algorithm::iter_split(SequenceSequenceT&, RangeT&&, FinderT) [with SequenceSequenceT = std::vector<std::__cxx11::basic_string<char>, std::allocator<std::__cxx11::basic_string<char> > >; RangeT = std::__cxx11::basic_string<char>&; FinderT = detail::token_finderF<detail::is_any_ofF<char> >]’
/mnt/library/BH/include/boost/algorithm/string/split.hpp:158:50:   required from ‘SequenceSequenceT& boost::algorithm::split(SequenceSequenceT&, RangeT&&, PredicateT, token_compress_mode_type) [with SequenceSequenceT = std::vector<std::__cxx11::basic_string<char>, std::allocator<std::__cxx11::basic_string<char> > >; RangeT = std::__cxx11::basic_string<char>&; PredicateT = detail::is_any_ofF<char>]’
../inst/include/CytoML/workspace.hpp:98:17:   required from here
/mnt/library/BH/include/boost/concept/usage.hpp:20:48: warning: ‘this’ pointer is null [-Wnonnull]
   20 |     ~usage_requirements() { ((Model*)0)->~Model(); }
      |                             ~~~~~~~~~~~~~~~~~~~^~
/mnt/library/BH/include/boost/concept/usage.hpp:37:7: note: in a call to non-static member function ‘boost::EqualityComparable<TT>::~EqualityComparable() [with TT = __gnu_cxx::__normal_iterator<char*, std::__cxx11::basic_string<char> >]’
   37 |       ~model()
      |       ^
/mnt/library/BH/include/boost/concept_check.hpp:233:5: note: in expansion of macro ‘BOOST_CONCEPT_USAGE’
  233 |     BOOST_CONCEPT_USAGE(EqualityComparable) {
      |     ^~~~~~~~~~~~~~~~~~~
/mnt/library/BH/include/boost/concept/usage.hpp: In instantiation of ‘boost::concepts::usage_requirements<Model>::~usage_requirements() [with Model = boost::range_detail::SinglePassIteratorConcept<__gnu_cxx::__normal_iterator<char*, std::__cxx11::basic_string<char> > >]’:
/mnt/library/BH/include/boost/concept/detail/general.hpp:50:47:   required from ‘static void boost::concepts::requirement<boost::concepts::failed************ Model::************>::failed() [with Model = boost::concepts::usage_requirements<boost::range_detail::SinglePassIteratorConcept<__gnu_cxx::__normal_iterator<char*, std::__cxx11::basic_string<char> > > >]’
/mnt/library/BH/include/boost/range/concepts.hpp:160:13:   required from ‘struct boost::range_detail::SinglePassIteratorConcept<__gnu_cxx::__normal_iterator<char*, std::__cxx11::basic_string<char> > >’
/mnt/library/BH/include/boost/concept/detail/has_constraints.hpp:32:62:   required by substitution of ‘template<class Model> boost::concepts::detail::yes boost::concepts::detail::has_constraints_(Model*, wrap_constraints<Model, (& Model::constraints)>*) [with Model = boost::range_detail::SinglePassIteratorConcept<__gnu_cxx::__normal_iterator<char*, std::__cxx11::basic_string<char> > >]’
/mnt/library/BH/include/boost/concept/detail/has_constraints.hpp:42:5:   required from ‘const bool boost::concepts::not_satisfied<boost::range_detail::SinglePassIteratorConcept<__gnu_cxx::__normal_iterator<char*, std::__cxx11::basic_string<char> > > >::value’
/mnt/library/BH/include/boost/concept/detail/has_constraints.hpp:45:51:   required from ‘struct boost::concepts::not_satisfied<boost::range_detail::SinglePassIteratorConcept<__gnu_cxx::__normal_iterator<char*, std::__cxx11::basic_string<char> > > >’
/mnt/library/BH/include/boost/concept/detail/general.hpp:72:8:   [ skipping 13 instantiation contexts, use -ftemplate-backtrace-limit=0 to disable ]
/mnt/library/BH/include/boost/iterator/iterator_facade.hpp:824:1:   required from ‘typename boost::iterators::detail::enable_if_interoperable<Derived1, Derived2, boost::iterators::detail::always_bool_t<Derived1, Derived2> >::type boost::iterators::operator!=(const iterator_facade<Derived1, V1, TC1, Reference1, Difference1>&, const iterator_facade<Derived2, V2, TC2, Reference2, Difference2>&) [with Derived1 = transform_iterator<boost::algorithm::detail::copy_iterator_rangeF<std::__cxx11::basic_string<char>, __gnu_cxx::__normal_iterator<char*, std::__cxx11::basic_string<char> > >, boost::algorithm::split_iterator<__gnu_cxx::__normal_iterator<char*, std::__cxx11::basic_string<char> > >, boost::use_default, boost::use_default>; V1 = std::__cxx11::basic_string<char>; TC1 = forward_traversal_tag; Reference1 = std::__cxx11::basic_string<char>; Difference1 = long int; Derived2 = transform_iterator<boost::algorithm::detail::copy_iterator_rangeF<std::__cxx11::basic_string<char>, __gnu_cxx::__normal_iterator<char*, std::__cxx11::basic_string<char> > >, boost::algorithm::split_iterator<__gnu_cxx::__normal_iterator<char*, std::__cxx11::basic_string<char> > >, boost::use_default, boost::use_default>; V2 = std::__cxx11::basic_string<char>; TC2 = forward_traversal_tag; Reference2 = std::__cxx11::basic_string<char>; Difference2 = long int; typename detail::enable_if_interoperable<Derived1, Derived2, detail::always_bool_t<Derived1, Derived2> >::type = bool; detail::always_bool_t<Derived1, Derived2> = bool]’
/usr/include/c++/13/bits/stl_vector.h:1671:21:   required from ‘void std::vector<_Tp, _Alloc>::_M_range_initialize(_InputIterator, _InputIterator, std::input_iterator_tag) [with _InputIterator = boost::iterators::transform_iterator<boost::algorithm::detail::copy_iterator_rangeF<std::__cxx11::basic_string<char>, __gnu_cxx::__normal_iterator<char*, std::__cxx11::basic_string<char> > >, boost::algorithm::split_iterator<__gnu_cxx::__normal_iterator<char*, std::__cxx11::basic_string<char> > >, boost::use_default, boost::use_default>; _Tp = std::__cxx11::basic_string<char>; _Alloc = std::allocator<std::__cxx11::basic_string<char> >]’
/usr/include/c++/13/bits/stl_vector.h:711:23:   required from ‘std::vector<_Tp, _Alloc>::vector(_InputIterator, _InputIterator, const allocator_type&) [with _InputIterator = boost::iterators::transform_iterator<boost::algorithm::detail::copy_iterator_rangeF<std::__cxx11::basic_string<char>, __gnu_cxx::__normal_iterator<char*, std::__cxx11::basic_string<char> > >, boost::algorithm::split_iterator<__gnu_cxx::__normal_iterator<char*, std::__cxx11::basic_string<char> > >, boost::use_default, boost::use_default>; <template-parameter-2-2> = void; _Tp = std::__cxx11::basic_string<char>; _Alloc = std::allocator<std::__cxx11::basic_string<char> >; allocator_type = std::allocator<std::__cxx11::basic_string<char> >]’
/mnt/library/BH/include/boost/algorithm/string/iter_find.hpp:186:31:   required from ‘SequenceSequenceT& boost::algorithm::iter_split(SequenceSequenceT&, RangeT&&, FinderT) [with SequenceSequenceT = std::vector<std::__cxx11::basic_string<char>, std::allocator<std::__cxx11::basic_string<char> > >; RangeT = std::__cxx11::basic_string<char>&; FinderT = detail::token_finderF<detail::is_any_ofF<char> >]’
/mnt/library/BH/include/boost/algorithm/string/split.hpp:158:50:   required from ‘SequenceSequenceT& boost::algorithm::split(SequenceSequenceT&, RangeT&&, PredicateT, token_compress_mode_type) [with SequenceSequenceT = std::vector<std::__cxx11::basic_string<char>, std::allocator<std::__cxx11::basic_string<char> > >; RangeT = std::__cxx11::basic_string<char>&; PredicateT = detail::is_any_ofF<char>]’
../inst/include/CytoML/workspace.hpp:98:17:   required from here
/mnt/library/BH/include/boost/concept/usage.hpp:20:48: warning: ‘this’ pointer is null [-Wnonnull]
   20 |     ~usage_requirements() { ((Model*)0)->~Model(); }
      |                             ~~~~~~~~~~~~~~~~~~~^~
/mnt/library/BH/include/boost/concept/usage.hpp:37:7: note: in a call to non-static member function ‘boost::range_detail::SinglePassIteratorConcept<Iterator>::~SinglePassIteratorConcept() [with Iterator = __gnu_cxx::__normal_iterator<char*, std::__cxx11::basic_string<char> >]’
   37 |       ~model()
      |       ^
/mnt/library/BH/include/boost/range/concepts.hpp:160:13: note: in expansion of macro ‘BOOST_CONCEPT_USAGE’
  160 |             BOOST_CONCEPT_USAGE(SinglePassIteratorConcept)
      |             ^~~~~~~~~~~~~~~~~~~
/mnt/library/BH/include/boost/concept/usage.hpp: In instantiation of ‘boost::concepts::usage_requirements<Model>::~usage_requirements() [with Model = boost::SinglePassRangeConcept<const boost::iterator_range<__gnu_cxx::__normal_iterator<char*, std::__cxx11::basic_string<char> > > >]’:
/mnt/library/BH/include/boost/concept/detail/general.hpp:50:47:   required from ‘static void boost::concepts::requirement<boost::concepts::failed************ Model::************>::failed() [with Model = boost::concepts::usage_requirements<boost::SinglePassRangeConcept<const boost::iterator_range<__gnu_cxx::__normal_iterator<char*, std::__cxx11::basic_string<char> > > > >]’
/mnt/library/BH/include/boost/range/concepts.hpp:286:9:   required from ‘struct boost::SinglePassRangeConcept<const boost::iterator_range<__gnu_cxx::__normal_iterator<char*, std::__cxx11::basic_string<char> > > >’
/mnt/library/BH/include/boost/concept/detail/has_constraints.hpp:32:62:   required by substitution of ‘template<class Model> boost::concepts::detail::yes boost::concepts::detail::has_constraints_(Model*, wrap_constraints<Model, (& Model::constraints)>*) [with Model = boost::SinglePassRangeConcept<const boost::iterator_range<__gnu_cxx::__normal_iterator<char*, std::__cxx11::basic_string<char> > > >]’
/mnt/library/BH/include/boost/concept/detail/has_constraints.hpp:42:5:   required from ‘const bool boost::concepts::not_satisfied<boost::SinglePassRangeConcept<const boost::iterator_range<__gnu_cxx::__normal_iterator<char*, std::__cxx11::basic_string<char> > > > >::value’
/mnt/library/BH/include/boost/concept/detail/has_constraints.hpp:45:51:   required from ‘struct boost::concepts::not_satisfied<boost::SinglePassRangeConcept<const boost::iterator_range<__gnu_cxx::__normal_iterator<char*, std::__cxx11::basic_string<char> > > > >’
/mnt/library/BH/include/boost/concept/detail/general.hpp:72:8:   [ skipping 8 instantiation contexts, use -ftemplate-backtrace-limit=0 to disable ]
/mnt/library/BH/include/boost/iterator/iterator_facade.hpp:824:1:   required from ‘typename boost::iterators::detail::enable_if_interoperable<Derived1, Derived2, boost::iterators::detail::always_bool_t<Derived1, Derived2> >::type boost::iterators::operator!=(const iterator_facade<Derived1, V1, TC1, Reference1, Difference1>&, const iterator_facade<Derived2, V2, TC2, Reference2, Difference2>&) [with Derived1 = transform_iterator<boost::algorithm::detail::copy_iterator_rangeF<std::__cxx11::basic_string<char>, __gnu_cxx::__normal_iterator<char*, std::__cxx11::basic_string<char> > >, boost::algorithm::split_iterator<__gnu_cxx::__normal_iterator<char*, std::__cxx11::basic_string<char> > >, boost::use_default, boost::use_default>; V1 = std::__cxx11::basic_string<char>; TC1 = forward_traversal_tag; Reference1 = std::__cxx11::basic_string<char>; Difference1 = long int; Derived2 = transform_iterator<boost::algorithm::detail::copy_iterator_rangeF<std::__cxx11::basic_string<char>, __gnu_cxx::__normal_iterator<char*, std::__cxx11::basic_string<char> > >, boost::algorithm::split_iterator<__gnu_cxx::__normal_iterator<char*, std::__cxx11::basic_string<char> > >, boost::use_default, boost::use_default>; V2 = std::__cxx11::basic_string<char>; TC2 = forward_traversal_tag; Reference2 = std::__cxx11::basic_string<char>; Difference2 = long int; typename detail::enable_if_interoperable<Derived1, Derived2, detail::always_bool_t<Derived1, Derived2> >::type = bool; detail::always_bool_t<Derived1, Derived2> = bool]’
/usr/include/c++/13/bits/stl_vector.h:1671:21:   required from ‘void std::vector<_Tp, _Alloc>::_M_range_initialize(_InputIterator, _InputIterator, std::input_iterator_tag) [with _InputIterator = boost::iterators::transform_iterator<boost::algorithm::detail::copy_iterator_rangeF<std::__cxx11::basic_string<char>, __gnu_cxx::__normal_iterator<char*, std::__cxx11::basic_string<char> > >, boost::algorithm::split_iterator<__gnu_cxx::__normal_iterator<char*, std::__cxx11::basic_string<char> > >, boost::use_default, boost::use_default>; _Tp = std::__cxx11::basic_string<char>; _Alloc = std::allocator<std::__cxx11::basic_string<char> >]’
/usr/include/c++/13/bits/stl_vector.h:711:23:   required from ‘std::vector<_Tp, _Alloc>::vector(_InputIterator, _InputIterator, const allocator_type&) [with _InputIterator = boost::iterators::transform_iterator<boost::algorithm::detail::copy_iterator_rangeF<std::__cxx11::basic_string<char>, __gnu_cxx::__normal_iterator<char*, std::__cxx11::basic_string<char> > >, boost::algorithm::split_iterator<__gnu_cxx::__normal_iterator<char*, std::__cxx11::basic_string<char> > >, boost::use_default, boost::use_default>; <template-parameter-2-2> = void; _Tp = std::__cxx11::basic_string<char>; _Alloc = std::allocator<std::__cxx11::basic_string<char> >; allocator_type = std::allocator<std::__cxx11::basic_string<char> >]’
/mnt/library/BH/include/boost/algorithm/string/iter_find.hpp:186:31:   required from ‘SequenceSequenceT& boost::algorithm::iter_split(SequenceSequenceT&, RangeT&&, FinderT) [with SequenceSequenceT = std::vector<std::__cxx11::basic_string<char>, std::allocator<std::__cxx11::basic_string<char> > >; RangeT = std::__cxx11::basic_string<char>&; FinderT = detail::token_finderF<detail::is_any_ofF<char> >]’
/mnt/library/BH/include/boost/algorithm/string/split.hpp:158:50:   required from ‘SequenceSequenceT& boost::algorithm::split(SequenceSequenceT&, RangeT&&, PredicateT, token_compress_mode_type) [with SequenceSequenceT = std::vector<std::__cxx11::basic_string<char>, std::allocator<std::__cxx11::basic_string<char> > >; RangeT = std::__cxx11::basic_string<char>&; PredicateT = detail::is_any_ofF<char>]’
../inst/include/CytoML/workspace.hpp:98:17:   required from here
/mnt/library/BH/include/boost/concept/usage.hpp:20:48: warning: ‘this’ pointer is null [-Wnonnull]
   20 |     ~usage_requirements() { ((Model*)0)->~Model(); }
      |                             ~~~~~~~~~~~~~~~~~~~^~
/mnt/library/BH/include/boost/concept/usage.hpp:37:7: note: in a call to non-static member function ‘boost::SinglePassRangeConcept<T>::~SinglePassRangeConcept() [with T = const boost::iterator_range<__gnu_cxx::__normal_iterator<char*, std::__cxx11::basic_string<char> > >]’
   37 |       ~model()
      |       ^
/mnt/library/BH/include/boost/range/concepts.hpp:286:9: note: in expansion of macro ‘BOOST_CONCEPT_USAGE’
  286 |         BOOST_CONCEPT_USAGE(SinglePassRangeConcept)
      |         ^~~~~~~~~~~~~~~~~~~
g++ -std=gnu++17 -shared -L/usr/local/lib/R/lib -L/usr/local/lib -o CytoML.so cpp11.o parseFlowJoWorkspace.o /mnt/library/cytolib/lib/libcytolib.a /mnt/library/Rhdf5lib/lib/libhdf5_cpp.a /mnt/library/Rhdf5lib/lib/libhdf5.a -L/mnt/library/Rhdf5lib/lib -lsz -lm -ldl -lcurl -lssl -lcrypto -llapack -lblas -lxml2 -L/usr/local/lib/R/lib -lR
installing to /tmp/library/00LOCK-CytoML/00new/CytoML/libs
** R
** inst
** byte-compile and prepare package for lazy loading
** help
*** installing help indices
** building package indices
** installing vignettes
** testing if installed package can be loaded from temporary location
** checking absolute paths in shared objects and dynamic libraries
** testing if installed package can be loaded from final location
** testing if installed package keeps a record of temporary installation path
* SHA256 sums
* creating tarball
packaged installation of ‘CytoML’ as ‘CytoML_2.25.0_R_x86_64-pc-linux-gnu.tar.gz’
* DONE (CytoML)

The downloaded source packages are in
	‘/tmp/RtmpuyrkLW/downloaded_packages’

real	1m17.663s
user	1m3.949s
sys	0m9.201s
