+ Rscript -e 'Sys.setenv(BIOCONDUCTOR_USE_CONTAINER_REPOSITORY=FALSE);
  p <- .libPaths();
  p <- c('\''/tmp/library'\'', '\''/mnt/library'\'', p);
  .libPaths(p);
  if(BiocManager::install('\''mitch'\'', INSTALL_opts = '\''--build'\'', update = TRUE, quiet = FALSE, dependencies=TRUE, force = TRUE, keep_outputs = TRUE) %in% rownames(installed.packages())) q(status = 0) else q(status = 1)'
'getOption("repos")' replaces Bioconductor standard repositories, see
'help("repositories", package = "BiocManager")' for details.
Replacement repositories:
    CRAN: https://p3m.dev/cran/__linux__/noble/latest
Bioconductor version 3.23 (BiocManager 1.30.27), R 4.6.1 (2026-06-24)
Installing package(s) 'mitch'
also installing the dependencies ‘Rhtslib’, ‘cigarillo’, ‘dir.expiry’, ‘Rsamtools’, ‘GenomicAlignments’, ‘BiocIO’, ‘restfulr’, ‘biocmake’, ‘rngtools’, ‘rtracklayer’, ‘selectr’, ‘rhdf5filters’, ‘Rhdf5lib’, ‘doRNG’, ‘GenomicFeatures’, ‘multtest’, ‘scrime’, ‘base64’, ‘sparseMatrixStats’, ‘annotate’, ‘rentrez’, ‘rvest’, ‘h5mread’, ‘rhdf5’, ‘bumphunter’, ‘beanplot’, ‘nor1mix’, ‘siggenes’, ‘illuminaio’, ‘DelayedMatrixStats’, ‘genefilter’, ‘reshape’, ‘GEOquery’, ‘HDF5Array’, ‘BiocParallel’, ‘ggstats’, ‘countrycode’, ‘corrplot’, ‘svglite’, ‘splitstackshape’, ‘minfi’, ‘GGally’, ‘beeswarm’, ‘echarts4r’, ‘kableExtra’, ‘HGNChelper’, ‘IlluminaHumanMethylation450kanno.ilmn12.hg19’, ‘IlluminaHumanMethylationEPICanno.ilm10b4.hg19’

trying URL 'https://bioconductor.org/packages/3.23/bioc/src/contrib/Rhtslib_3.8.0.tar.gz'
trying URL 'https://bioconductor.org/packages/3.23/bioc/src/contrib/cigarillo_1.2.1.tar.gz'
trying URL 'https://bioconductor.org/packages/3.23/bioc/src/contrib/dir.expiry_1.20.0.tar.gz'
trying URL 'https://bioconductor.org/packages/3.23/bioc/src/contrib/Rsamtools_2.28.0.tar.gz'
trying URL 'https://bioconductor.org/packages/3.23/bioc/src/contrib/GenomicAlignments_1.48.0.tar.gz'
trying URL 'https://bioconductor.org/packages/3.23/bioc/src/contrib/BiocIO_1.22.0.tar.gz'
trying URL 'https://p3m.dev/cran/__linux__/noble/latest/src/contrib/restfulr_0.0.17.tar.gz'
trying URL 'https://bioconductor.org/packages/3.23/bioc/src/contrib/biocmake_1.4.0.tar.gz'
trying URL 'https://p3m.dev/cran/__linux__/noble/latest/src/contrib/rngtools_1.5.2.tar.gz'
trying URL 'https://bioconductor.org/packages/3.23/bioc/src/contrib/rtracklayer_1.72.0.tar.gz'
trying URL 'https://p3m.dev/cran/__linux__/noble/latest/src/contrib/selectr_0.6-0.tar.gz'
trying URL 'https://bioconductor.org/packages/3.23/bioc/src/contrib/rhdf5filters_1.24.0.tar.gz'
trying URL 'https://bioconductor.org/packages/3.23/bioc/src/contrib/Rhdf5lib_2.0.0.tar.gz'
trying URL 'https://p3m.dev/cran/__linux__/noble/latest/src/contrib/doRNG_1.8.6.3.tar.gz'
trying URL 'https://bioconductor.org/packages/3.23/bioc/src/contrib/GenomicFeatures_1.64.0.tar.gz'
trying URL 'https://bioconductor.org/packages/3.23/bioc/src/contrib/multtest_2.68.0.tar.gz'
trying URL 'https://p3m.dev/cran/__linux__/noble/latest/src/contrib/scrime_1.3.7.tar.gz'
trying URL 'https://p3m.dev/cran/__linux__/noble/latest/src/contrib/base64_2.0.2.tar.gz'
trying URL 'https://bioconductor.org/packages/3.23/bioc/src/contrib/sparseMatrixStats_1.24.0.tar.gz'
trying URL 'https://bioconductor.org/packages/3.23/bioc/src/contrib/annotate_1.90.0.tar.gz'
trying URL 'https://p3m.dev/cran/__linux__/noble/latest/src/contrib/rentrez_1.2.4.tar.gz'
trying URL 'https://p3m.dev/cran/__linux__/noble/latest/src/contrib/rvest_1.0.5.tar.gz'
trying URL 'https://bioconductor.org/packages/3.23/bioc/src/contrib/h5mread_1.4.0.tar.gz'
trying URL 'https://bioconductor.org/packages/3.23/bioc/src/contrib/rhdf5_2.56.0.tar.gz'
trying URL 'https://bioconductor.org/packages/3.23/bioc/src/contrib/bumphunter_1.54.0.tar.gz'
trying URL 'https://p3m.dev/cran/__linux__/noble/latest/src/contrib/beanplot_1.3.1.tar.gz'
trying URL 'https://p3m.dev/cran/__linux__/noble/latest/src/contrib/nor1mix_1.3-3.tar.gz'
trying URL 'https://bioconductor.org/packages/3.23/bioc/src/contrib/siggenes_1.86.0.tar.gz'
trying URL 'https://bioconductor.org/packages/3.23/bioc/src/contrib/illuminaio_0.54.0.tar.gz'
trying URL 'https://bioconductor.org/packages/3.23/bioc/src/contrib/DelayedMatrixStats_1.34.0.tar.gz'
trying URL 'https://bioconductor.org/packages/3.23/bioc/src/contrib/genefilter_1.94.0.tar.gz'
trying URL 'https://p3m.dev/cran/__linux__/noble/latest/src/contrib/reshape_0.8.10.tar.gz'
trying URL 'https://bioconductor.org/packages/3.23/bioc/src/contrib/GEOquery_2.80.0.tar.gz'
trying URL 'https://bioconductor.org/packages/3.23/bioc/src/contrib/HDF5Array_1.40.0.tar.gz'
trying URL 'https://bioconductor.org/packages/3.23/bioc/src/contrib/BiocParallel_1.46.0.tar.gz'
trying URL 'https://p3m.dev/cran/__linux__/noble/latest/src/contrib/ggstats_0.13.0.tar.gz'
trying URL 'https://p3m.dev/cran/__linux__/noble/latest/src/contrib/countrycode_1.8.0.tar.gz'
trying URL 'https://p3m.dev/cran/__linux__/noble/latest/src/contrib/corrplot_0.95.tar.gz'
trying URL 'https://p3m.dev/cran/__linux__/noble/latest/src/contrib/svglite_2.2.2.tar.gz'
trying URL 'https://p3m.dev/cran/__linux__/noble/latest/src/contrib/splitstackshape_1.4.8.1.tar.gz'
trying URL 'https://bioconductor.org/packages/3.23/bioc/src/contrib/minfi_1.58.0.tar.gz'
trying URL 'https://p3m.dev/cran/__linux__/noble/latest/src/contrib/GGally_2.4.0.tar.gz'
trying URL 'https://p3m.dev/cran/__linux__/noble/latest/src/contrib/beeswarm_0.4.0.tar.gz'
trying URL 'https://p3m.dev/cran/__linux__/noble/latest/src/contrib/echarts4r_0.5.0.tar.gz'
trying URL 'https://p3m.dev/cran/__linux__/noble/latest/src/contrib/kableExtra_1.4.1.tar.gz'
trying URL 'https://p3m.dev/cran/__linux__/noble/latest/src/contrib/HGNChelper_0.8.15.tar.gz'
trying URL 'https://bioconductor.org/packages/3.23/data/annotation/src/contrib/IlluminaHumanMethylation450kanno.ilmn12.hg19_0.6.1.tar.gz'
trying URL 'https://bioconductor.org/packages/3.23/data/annotation/src/contrib/IlluminaHumanMethylationEPICanno.ilm10b4.hg19_0.6.0.tar.gz'
trying URL 'https://bioconductor.org/packages/3.23/bioc/src/contrib/mitch_1.24.0.tar.gz'
* installing *source* package ‘Rhtslib’ ...
** this is package ‘Rhtslib’ version ‘3.8.0’
** using non-staged installation via StagedInstall field
** libs
using C compiler: ‘gcc (Ubuntu 13.3.0-6ubuntu2~24.04.1) 13.3.0’
cd "htslib-1.18" && make -f "Makefile.Rhtslib"
make[1]: Entering directory '/tmp/RtmpsGFmN6/R.INSTALL372ea4d037/Rhtslib/src/htslib-1.18'
gcc -std=gnu2x -g -O2 -fstack-protector-strong -Wformat -Werror=format-security -Wdate-time -D_FORTIFY_SOURCE=2 -g -fpic -fvisibility=hidden  -I. -I/usr/local/include -D_FILE_OFFSET_BITS=64 -c -o kfunc.o kfunc.c
gcc -std=gnu2x -g -O2 -fstack-protector-strong -Wformat -Werror=format-security -Wdate-time -D_FORTIFY_SOURCE=2 -g -fpic -fvisibility=hidden  -I. -I/usr/local/include -D_FILE_OFFSET_BITS=64 -c -o kstring.o kstring.c
gcc -std=gnu2x -g -O2 -fstack-protector-strong -Wformat -Werror=format-security -Wdate-time -D_FORTIFY_SOURCE=2 -g -fpic -fvisibility=hidden  -I. -I/usr/local/include -D_FILE_OFFSET_BITS=64 -c -o bcf_sr_sort.o bcf_sr_sort.c
gcc -std=gnu2x -g -O2 -fstack-protector-strong -Wformat -Werror=format-security -Wdate-time -D_FORTIFY_SOURCE=2 -g -fpic -fvisibility=hidden  -I. -I/usr/local/include -D_FILE_OFFSET_BITS=64 -c -o bgzf.o bgzf.c
gcc -std=gnu2x -g -O2 -fstack-protector-strong -Wformat -Werror=format-security -Wdate-time -D_FORTIFY_SOURCE=2 -g -fpic -fvisibility=hidden  -I. -I/usr/local/include -D_FILE_OFFSET_BITS=64 -c -o errmod.o errmod.c
gcc -std=gnu2x -g -O2 -fstack-protector-strong -Wformat -Werror=format-security -Wdate-time -D_FORTIFY_SOURCE=2 -g -fpic -fvisibility=hidden  -I. -I/usr/local/include -D_FILE_OFFSET_BITS=64 -c -o faidx.o faidx.c
gcc -std=gnu2x -g -O2 -fstack-protector-strong -Wformat -Werror=format-security -Wdate-time -D_FORTIFY_SOURCE=2 -g -fpic -fvisibility=hidden  -I. -I/usr/local/include -D_FILE_OFFSET_BITS=64 -c -o header.o header.c
gcc -std=gnu2x -g -O2 -fstack-protector-strong -Wformat -Werror=format-security -Wdate-time -D_FORTIFY_SOURCE=2 -g -fpic -fvisibility=hidden  -I. -I/usr/local/include -D_FILE_OFFSET_BITS=64 -c -o hfile.o hfile.c
echo '#define HTS_VERSION_TEXT "1.18"' > version.h
printf '#define HTS_CC "%s"\n#define HTS_CPPFLAGS "%s"\n#define HTS_CFLAGS "%s"\n#define HTS_LDFLAGS "%s"\n#define HTS_LIBS "%s"\n' \
'gcc -std=gnu2x' \
'-I/usr/local/include -D_FILE_OFFSET_BITS=64' \
'-g -O2 -fstack-protector-strong -Wformat -Werror=format-security -Wdate-time -D_FORTIFY_SOURCE=2 -g -fpic -fvisibility=hidden' \
'-L/usr/local/lib -fvisibility=hidden' \
'-lz -lm -lbz2 -llzma -lcurl' > config_vars.h
gcc -std=gnu2x -g -O2 -fstack-protector-strong -Wformat -Werror=format-security -Wdate-time -D_FORTIFY_SOURCE=2 -g -fpic -fvisibility=hidden  -I. -I/usr/local/include -D_FILE_OFFSET_BITS=64 -c -o hts.o hts.c
gcc -std=gnu2x -g -O2 -fstack-protector-strong -Wformat -Werror=format-security -Wdate-time -D_FORTIFY_SOURCE=2 -g -fpic -fvisibility=hidden  -I. -I/usr/local/include -D_FILE_OFFSET_BITS=64 -c -o hts_expr.o hts_expr.c
gcc -std=gnu2x -g -O2 -fstack-protector-strong -Wformat -Werror=format-security -Wdate-time -D_FORTIFY_SOURCE=2 -g -fpic -fvisibility=hidden  -I. -I/usr/local/include -D_FILE_OFFSET_BITS=64 -c -o hts_os.o hts_os.c
gcc -std=gnu2x -g -O2 -fstack-protector-strong -Wformat -Werror=format-security -Wdate-time -D_FORTIFY_SOURCE=2 -g -fpic -fvisibility=hidden  -I. -I/usr/local/include -D_FILE_OFFSET_BITS=64 -c -o md5.o md5.c
gcc -std=gnu2x -g -O2 -fstack-protector-strong -Wformat -Werror=format-security -Wdate-time -D_FORTIFY_SOURCE=2 -g -fpic -fvisibility=hidden  -I. -I/usr/local/include -D_FILE_OFFSET_BITS=64 -c -o multipart.o multipart.c
gcc -std=gnu2x -g -O2 -fstack-protector-strong -Wformat -Werror=format-security -Wdate-time -D_FORTIFY_SOURCE=2 -g -fpic -fvisibility=hidden  -I. -I/usr/local/include -D_FILE_OFFSET_BITS=64 -c -o probaln.o probaln.c
gcc -std=gnu2x -g -O2 -fstack-protector-strong -Wformat -Werror=format-security -Wdate-time -D_FORTIFY_SOURCE=2 -g -fpic -fvisibility=hidden  -I. -I/usr/local/include -D_FILE_OFFSET_BITS=64 -c -o realn.o realn.c
gcc -std=gnu2x -g -O2 -fstack-protector-strong -Wformat -Werror=format-security -Wdate-time -D_FORTIFY_SOURCE=2 -g -fpic -fvisibility=hidden  -I. -I/usr/local/include -D_FILE_OFFSET_BITS=64 -c -o regidx.o regidx.c
gcc -std=gnu2x -g -O2 -fstack-protector-strong -Wformat -Werror=format-security -Wdate-time -D_FORTIFY_SOURCE=2 -g -fpic -fvisibility=hidden  -I. -I/usr/local/include -D_FILE_OFFSET_BITS=64 -c -o region.o region.c
gcc -std=gnu2x -g -O2 -fstack-protector-strong -Wformat -Werror=format-security -Wdate-time -D_FORTIFY_SOURCE=2 -g -fpic -fvisibility=hidden  -I. -I/usr/local/include -D_FILE_OFFSET_BITS=64 -c -o sam.o sam.c
gcc -std=gnu2x -g -O2 -fstack-protector-strong -Wformat -Werror=format-security -Wdate-time -D_FORTIFY_SOURCE=2 -g -fpic -fvisibility=hidden  -I. -I/usr/local/include -D_FILE_OFFSET_BITS=64 -c -o sam_mods.o sam_mods.c
gcc -std=gnu2x -g -O2 -fstack-protector-strong -Wformat -Werror=format-security -Wdate-time -D_FORTIFY_SOURCE=2 -g -fpic -fvisibility=hidden  -I. -I/usr/local/include -D_FILE_OFFSET_BITS=64 -c -o synced_bcf_reader.o synced_bcf_reader.c
gcc -std=gnu2x -g -O2 -fstack-protector-strong -Wformat -Werror=format-security -Wdate-time -D_FORTIFY_SOURCE=2 -g -fpic -fvisibility=hidden  -I. -I/usr/local/include -D_FILE_OFFSET_BITS=64 -c -o vcf_sweep.o vcf_sweep.c
gcc -std=gnu2x -g -O2 -fstack-protector-strong -Wformat -Werror=format-security -Wdate-time -D_FORTIFY_SOURCE=2 -g -fpic -fvisibility=hidden  -I. -I/usr/local/include -D_FILE_OFFSET_BITS=64 -c -o tbx.o tbx.c
gcc -std=gnu2x -g -O2 -fstack-protector-strong -Wformat -Werror=format-security -Wdate-time -D_FORTIFY_SOURCE=2 -g -fpic -fvisibility=hidden  -I. -I/usr/local/include -D_FILE_OFFSET_BITS=64 -c -o textutils.o textutils.c
gcc -std=gnu2x -g -O2 -fstack-protector-strong -Wformat -Werror=format-security -Wdate-time -D_FORTIFY_SOURCE=2 -g -fpic -fvisibility=hidden  -I. -I/usr/local/include -D_FILE_OFFSET_BITS=64 -c -o thread_pool.o thread_pool.c
gcc -std=gnu2x -g -O2 -fstack-protector-strong -Wformat -Werror=format-security -Wdate-time -D_FORTIFY_SOURCE=2 -g -fpic -fvisibility=hidden  -I. -I/usr/local/include -D_FILE_OFFSET_BITS=64 -c -o vcf.o vcf.c
gcc -std=gnu2x -g -O2 -fstack-protector-strong -Wformat -Werror=format-security -Wdate-time -D_FORTIFY_SOURCE=2 -g -fpic -fvisibility=hidden  -I. -I/usr/local/include -D_FILE_OFFSET_BITS=64 -c -o vcfutils.o vcfutils.c
gcc -std=gnu2x -g -O2 -fstack-protector-strong -Wformat -Werror=format-security -Wdate-time -D_FORTIFY_SOURCE=2 -g -fpic -fvisibility=hidden  -I. -I/usr/local/include -D_FILE_OFFSET_BITS=64 -c -o cram/cram_codecs.o cram/cram_codecs.c
gcc -std=gnu2x -g -O2 -fstack-protector-strong -Wformat -Werror=format-security -Wdate-time -D_FORTIFY_SOURCE=2 -g -fpic -fvisibility=hidden  -I. -I/usr/local/include -D_FILE_OFFSET_BITS=64 -c -o cram/cram_decode.o cram/cram_decode.c
gcc -std=gnu2x -g -O2 -fstack-protector-strong -Wformat -Werror=format-security -Wdate-time -D_FORTIFY_SOURCE=2 -g -fpic -fvisibility=hidden  -I. -I/usr/local/include -D_FILE_OFFSET_BITS=64 -c -o cram/cram_encode.o cram/cram_encode.c
gcc -std=gnu2x -g -O2 -fstack-protector-strong -Wformat -Werror=format-security -Wdate-time -D_FORTIFY_SOURCE=2 -g -fpic -fvisibility=hidden  -I. -I/usr/local/include -D_FILE_OFFSET_BITS=64 -c -o cram/cram_external.o cram/cram_external.c
gcc -std=gnu2x -g -O2 -fstack-protector-strong -Wformat -Werror=format-security -Wdate-time -D_FORTIFY_SOURCE=2 -g -fpic -fvisibility=hidden  -I. -I/usr/local/include -D_FILE_OFFSET_BITS=64 -c -o cram/cram_index.o cram/cram_index.c
gcc -std=gnu2x -g -O2 -fstack-protector-strong -Wformat -Werror=format-security -Wdate-time -D_FORTIFY_SOURCE=2 -g -fpic -fvisibility=hidden  -I. -I/usr/local/include -D_FILE_OFFSET_BITS=64 -c -o cram/cram_io.o cram/cram_io.c
gcc -std=gnu2x -g -O2 -fstack-protector-strong -Wformat -Werror=format-security -Wdate-time -D_FORTIFY_SOURCE=2 -g -fpic -fvisibility=hidden  -I. -I/usr/local/include -D_FILE_OFFSET_BITS=64 -c -o cram/cram_stats.o cram/cram_stats.c
gcc -std=gnu2x -g -O2 -fstack-protector-strong -Wformat -Werror=format-security -Wdate-time -D_FORTIFY_SOURCE=2 -g -fpic -fvisibility=hidden  -I. -I/usr/local/include -D_FILE_OFFSET_BITS=64 -c -o cram/mFILE.o cram/mFILE.c
gcc -std=gnu2x -g -O2 -fstack-protector-strong -Wformat -Werror=format-security -Wdate-time -D_FORTIFY_SOURCE=2 -g -fpic -fvisibility=hidden  -I. -I/usr/local/include -D_FILE_OFFSET_BITS=64 -c -o cram/open_trace_file.o cram/open_trace_file.c
gcc -std=gnu2x -g -O2 -fstack-protector-strong -Wformat -Werror=format-security -Wdate-time -D_FORTIFY_SOURCE=2 -g -fpic -fvisibility=hidden  -I. -I/usr/local/include -D_FILE_OFFSET_BITS=64 -c -o cram/pooled_alloc.o cram/pooled_alloc.c
gcc -std=gnu2x -g -O2 -fstack-protector-strong -Wformat -Werror=format-security -Wdate-time -D_FORTIFY_SOURCE=2 -g -fpic -fvisibility=hidden  -I. -I/usr/local/include -D_FILE_OFFSET_BITS=64 -c -o cram/string_alloc.o cram/string_alloc.c
gcc -std=gnu2x -g -O2 -fstack-protector-strong -Wformat -Werror=format-security -Wdate-time -D_FORTIFY_SOURCE=2 -g -fpic -fvisibility=hidden  -I. -I/usr/local/include -D_FILE_OFFSET_BITS=64 -c -o htscodecs/htscodecs/arith_dynamic.o htscodecs/htscodecs/arith_dynamic.c
gcc -std=gnu2x -g -O2 -fstack-protector-strong -Wformat -Werror=format-security -Wdate-time -D_FORTIFY_SOURCE=2 -g -fpic -fvisibility=hidden  -I. -I/usr/local/include -D_FILE_OFFSET_BITS=64 -c -o htscodecs/htscodecs/fqzcomp_qual.o htscodecs/htscodecs/fqzcomp_qual.c
gcc -std=gnu2x -g -O2 -fstack-protector-strong -Wformat -Werror=format-security -Wdate-time -D_FORTIFY_SOURCE=2 -g -fpic -fvisibility=hidden  -I. -I/usr/local/include -D_FILE_OFFSET_BITS=64 -c -o htscodecs/htscodecs/htscodecs.o htscodecs/htscodecs/htscodecs.c
gcc -std=gnu2x -g -O2 -fstack-protector-strong -Wformat -Werror=format-security -Wdate-time -D_FORTIFY_SOURCE=2 -g -fpic -fvisibility=hidden  -I. -I/usr/local/include -D_FILE_OFFSET_BITS=64 -c -o htscodecs/htscodecs/pack.o htscodecs/htscodecs/pack.c
gcc -std=gnu2x -g -O2 -fstack-protector-strong -Wformat -Werror=format-security -Wdate-time -D_FORTIFY_SOURCE=2 -g -fpic -fvisibility=hidden  -I. -I/usr/local/include -D_FILE_OFFSET_BITS=64 -c -o htscodecs/htscodecs/rANS_static4x16pr.o htscodecs/htscodecs/rANS_static4x16pr.c
gcc -std=gnu2x -g -O2 -fstack-protector-strong -Wformat -Werror=format-security -Wdate-time -D_FORTIFY_SOURCE=2 -g -fpic -fvisibility=hidden  -I. -I/usr/local/include -D_FILE_OFFSET_BITS=64 -c -o htscodecs/htscodecs/rANS_static32x16pr_avx2.o htscodecs/htscodecs/rANS_static32x16pr_avx2.c
gcc -std=gnu2x -g -O2 -fstack-protector-strong -Wformat -Werror=format-security -Wdate-time -D_FORTIFY_SOURCE=2 -g -fpic -fvisibility=hidden  -I. -I/usr/local/include -D_FILE_OFFSET_BITS=64 -c -o htscodecs/htscodecs/rANS_static32x16pr_avx512.o htscodecs/htscodecs/rANS_static32x16pr_avx512.c
gcc -std=gnu2x -g -O2 -fstack-protector-strong -Wformat -Werror=format-security -Wdate-time -D_FORTIFY_SOURCE=2 -g -fpic -fvisibility=hidden  -I. -I/usr/local/include -D_FILE_OFFSET_BITS=64 -c -o htscodecs/htscodecs/rANS_static32x16pr_sse4.o htscodecs/htscodecs/rANS_static32x16pr_sse4.c
gcc -std=gnu2x -g -O2 -fstack-protector-strong -Wformat -Werror=format-security -Wdate-time -D_FORTIFY_SOURCE=2 -g -fpic -fvisibility=hidden  -I. -I/usr/local/include -D_FILE_OFFSET_BITS=64 -c -o htscodecs/htscodecs/rANS_static32x16pr_neon.o htscodecs/htscodecs/rANS_static32x16pr_neon.c
gcc -std=gnu2x -g -O2 -fstack-protector-strong -Wformat -Werror=format-security -Wdate-time -D_FORTIFY_SOURCE=2 -g -fpic -fvisibility=hidden  -I. -I/usr/local/include -D_FILE_OFFSET_BITS=64 -c -o htscodecs/htscodecs/rANS_static32x16pr.o htscodecs/htscodecs/rANS_static32x16pr.c
gcc -std=gnu2x -g -O2 -fstack-protector-strong -Wformat -Werror=format-security -Wdate-time -D_FORTIFY_SOURCE=2 -g -fpic -fvisibility=hidden  -I. -I/usr/local/include -D_FILE_OFFSET_BITS=64 -c -o htscodecs/htscodecs/rANS_static.o htscodecs/htscodecs/rANS_static.c
gcc -std=gnu2x -g -O2 -fstack-protector-strong -Wformat -Werror=format-security -Wdate-time -D_FORTIFY_SOURCE=2 -g -fpic -fvisibility=hidden  -I. -I/usr/local/include -D_FILE_OFFSET_BITS=64 -c -o htscodecs/htscodecs/rle.o htscodecs/htscodecs/rle.c
gcc -std=gnu2x -g -O2 -fstack-protector-strong -Wformat -Werror=format-security -Wdate-time -D_FORTIFY_SOURCE=2 -g -fpic -fvisibility=hidden  -I. -I/usr/local/include -D_FILE_OFFSET_BITS=64 -c -o htscodecs/htscodecs/tokenise_name3.o htscodecs/htscodecs/tokenise_name3.c
gcc -std=gnu2x -g -O2 -fstack-protector-strong -Wformat -Werror=format-security -Wdate-time -D_FORTIFY_SOURCE=2 -g -fpic -fvisibility=hidden  -I. -I/usr/local/include -D_FILE_OFFSET_BITS=64 -c -o htscodecs/htscodecs/utils.o htscodecs/htscodecs/utils.c
gcc -std=gnu2x -g -O2 -fstack-protector-strong -Wformat -Werror=format-security -Wdate-time -D_FORTIFY_SOURCE=2 -g -fpic -fvisibility=hidden  -I. -I/usr/local/include -D_FILE_OFFSET_BITS=64 -c -o hfile_libcurl.o hfile_libcurl.c
ar -rc libhts.a kfunc.o kstring.o bcf_sr_sort.o bgzf.o errmod.o faidx.o header.o hfile.o hts.o hts_expr.o hts_os.o md5.o multipart.o probaln.o realn.o regidx.o region.o sam.o sam_mods.o synced_bcf_reader.o vcf_sweep.o tbx.o textutils.o thread_pool.o vcf.o vcfutils.o cram/cram_codecs.o cram/cram_decode.o cram/cram_encode.o cram/cram_external.o cram/cram_index.o cram/cram_io.o cram/cram_stats.o cram/mFILE.o cram/open_trace_file.o cram/pooled_alloc.o cram/string_alloc.o htscodecs/htscodecs/arith_dynamic.o htscodecs/htscodecs/fqzcomp_qual.o htscodecs/htscodecs/htscodecs.o htscodecs/htscodecs/pack.o htscodecs/htscodecs/rANS_static4x16pr.o htscodecs/htscodecs/rANS_static32x16pr_avx2.o htscodecs/htscodecs/rANS_static32x16pr_avx512.o htscodecs/htscodecs/rANS_static32x16pr_sse4.o htscodecs/htscodecs/rANS_static32x16pr_neon.o htscodecs/htscodecs/rANS_static32x16pr.o htscodecs/htscodecs/rANS_static.o htscodecs/htscodecs/rle.o htscodecs/htscodecs/tokenise_name3.o htscodecs/htscodecs/utils.o hfile_libcurl.o
ranlib libhts.a
gcc -std=gnu2x -g -O2 -fstack-protector-strong -Wformat -Werror=format-security -Wdate-time -D_FORTIFY_SOURCE=2 -g -fpic -fvisibility=hidden  -I. -I/usr/local/include -D_FILE_OFFSET_BITS=64  -c -o kfunc.pico kfunc.c
gcc -std=gnu2x -g -O2 -fstack-protector-strong -Wformat -Werror=format-security -Wdate-time -D_FORTIFY_SOURCE=2 -g -fpic -fvisibility=hidden  -I. -I/usr/local/include -D_FILE_OFFSET_BITS=64  -c -o kstring.pico kstring.c
gcc -std=gnu2x -g -O2 -fstack-protector-strong -Wformat -Werror=format-security -Wdate-time -D_FORTIFY_SOURCE=2 -g -fpic -fvisibility=hidden  -I. -I/usr/local/include -D_FILE_OFFSET_BITS=64  -c -o bcf_sr_sort.pico bcf_sr_sort.c
gcc -std=gnu2x -g -O2 -fstack-protector-strong -Wformat -Werror=format-security -Wdate-time -D_FORTIFY_SOURCE=2 -g -fpic -fvisibility=hidden  -I. -I/usr/local/include -D_FILE_OFFSET_BITS=64  -c -o bgzf.pico bgzf.c
gcc -std=gnu2x -g -O2 -fstack-protector-strong -Wformat -Werror=format-security -Wdate-time -D_FORTIFY_SOURCE=2 -g -fpic -fvisibility=hidden  -I. -I/usr/local/include -D_FILE_OFFSET_BITS=64  -c -o errmod.pico errmod.c
gcc -std=gnu2x -g -O2 -fstack-protector-strong -Wformat -Werror=format-security -Wdate-time -D_FORTIFY_SOURCE=2 -g -fpic -fvisibility=hidden  -I. -I/usr/local/include -D_FILE_OFFSET_BITS=64  -c -o faidx.pico faidx.c
gcc -std=gnu2x -g -O2 -fstack-protector-strong -Wformat -Werror=format-security -Wdate-time -D_FORTIFY_SOURCE=2 -g -fpic -fvisibility=hidden  -I. -I/usr/local/include -D_FILE_OFFSET_BITS=64  -c -o header.pico header.c
gcc -std=gnu2x -g -O2 -fstack-protector-strong -Wformat -Werror=format-security -Wdate-time -D_FORTIFY_SOURCE=2 -g -fpic -fvisibility=hidden  -I. -I/usr/local/include -D_FILE_OFFSET_BITS=64  -c -o hfile.pico hfile.c
gcc -std=gnu2x -g -O2 -fstack-protector-strong -Wformat -Werror=format-security -Wdate-time -D_FORTIFY_SOURCE=2 -g -fpic -fvisibility=hidden  -I. -I/usr/local/include -D_FILE_OFFSET_BITS=64  -c -o hts.pico hts.c
gcc -std=gnu2x -g -O2 -fstack-protector-strong -Wformat -Werror=format-security -Wdate-time -D_FORTIFY_SOURCE=2 -g -fpic -fvisibility=hidden  -I. -I/usr/local/include -D_FILE_OFFSET_BITS=64  -c -o hts_expr.pico hts_expr.c
gcc -std=gnu2x -g -O2 -fstack-protector-strong -Wformat -Werror=format-security -Wdate-time -D_FORTIFY_SOURCE=2 -g -fpic -fvisibility=hidden  -I. -I/usr/local/include -D_FILE_OFFSET_BITS=64  -c -o hts_os.pico hts_os.c
gcc -std=gnu2x -g -O2 -fstack-protector-strong -Wformat -Werror=format-security -Wdate-time -D_FORTIFY_SOURCE=2 -g -fpic -fvisibility=hidden  -I. -I/usr/local/include -D_FILE_OFFSET_BITS=64  -c -o md5.pico md5.c
gcc -std=gnu2x -g -O2 -fstack-protector-strong -Wformat -Werror=format-security -Wdate-time -D_FORTIFY_SOURCE=2 -g -fpic -fvisibility=hidden  -I. -I/usr/local/include -D_FILE_OFFSET_BITS=64  -c -o multipart.pico multipart.c
gcc -std=gnu2x -g -O2 -fstack-protector-strong -Wformat -Werror=format-security -Wdate-time -D_FORTIFY_SOURCE=2 -g -fpic -fvisibility=hidden  -I. -I/usr/local/include -D_FILE_OFFSET_BITS=64  -c -o probaln.pico probaln.c
gcc -std=gnu2x -g -O2 -fstack-protector-strong -Wformat -Werror=format-security -Wdate-time -D_FORTIFY_SOURCE=2 -g -fpic -fvisibility=hidden  -I. -I/usr/local/include -D_FILE_OFFSET_BITS=64  -c -o realn.pico realn.c
gcc -std=gnu2x -g -O2 -fstack-protector-strong -Wformat -Werror=format-security -Wdate-time -D_FORTIFY_SOURCE=2 -g -fpic -fvisibility=hidden  -I. -I/usr/local/include -D_FILE_OFFSET_BITS=64  -c -o regidx.pico regidx.c
gcc -std=gnu2x -g -O2 -fstack-protector-strong -Wformat -Werror=format-security -Wdate-time -D_FORTIFY_SOURCE=2 -g -fpic -fvisibility=hidden  -I. -I/usr/local/include -D_FILE_OFFSET_BITS=64  -c -o region.pico region.c
gcc -std=gnu2x -g -O2 -fstack-protector-strong -Wformat -Werror=format-security -Wdate-time -D_FORTIFY_SOURCE=2 -g -fpic -fvisibility=hidden  -I. -I/usr/local/include -D_FILE_OFFSET_BITS=64  -c -o sam.pico sam.c
gcc -std=gnu2x -g -O2 -fstack-protector-strong -Wformat -Werror=format-security -Wdate-time -D_FORTIFY_SOURCE=2 -g -fpic -fvisibility=hidden  -I. -I/usr/local/include -D_FILE_OFFSET_BITS=64  -c -o sam_mods.pico sam_mods.c
gcc -std=gnu2x -g -O2 -fstack-protector-strong -Wformat -Werror=format-security -Wdate-time -D_FORTIFY_SOURCE=2 -g -fpic -fvisibility=hidden  -I. -I/usr/local/include -D_FILE_OFFSET_BITS=64  -c -o synced_bcf_reader.pico synced_bcf_reader.c
gcc -std=gnu2x -g -O2 -fstack-protector-strong -Wformat -Werror=format-security -Wdate-time -D_FORTIFY_SOURCE=2 -g -fpic -fvisibility=hidden  -I. -I/usr/local/include -D_FILE_OFFSET_BITS=64  -c -o vcf_sweep.pico vcf_sweep.c
gcc -std=gnu2x -g -O2 -fstack-protector-strong -Wformat -Werror=format-security -Wdate-time -D_FORTIFY_SOURCE=2 -g -fpic -fvisibility=hidden  -I. -I/usr/local/include -D_FILE_OFFSET_BITS=64  -c -o tbx.pico tbx.c
gcc -std=gnu2x -g -O2 -fstack-protector-strong -Wformat -Werror=format-security -Wdate-time -D_FORTIFY_SOURCE=2 -g -fpic -fvisibility=hidden  -I. -I/usr/local/include -D_FILE_OFFSET_BITS=64  -c -o textutils.pico textutils.c
gcc -std=gnu2x -g -O2 -fstack-protector-strong -Wformat -Werror=format-security -Wdate-time -D_FORTIFY_SOURCE=2 -g -fpic -fvisibility=hidden  -I. -I/usr/local/include -D_FILE_OFFSET_BITS=64  -c -o thread_pool.pico thread_pool.c
gcc -std=gnu2x -g -O2 -fstack-protector-strong -Wformat -Werror=format-security -Wdate-time -D_FORTIFY_SOURCE=2 -g -fpic -fvisibility=hidden  -I. -I/usr/local/include -D_FILE_OFFSET_BITS=64  -c -o vcf.pico vcf.c
gcc -std=gnu2x -g -O2 -fstack-protector-strong -Wformat -Werror=format-security -Wdate-time -D_FORTIFY_SOURCE=2 -g -fpic -fvisibility=hidden  -I. -I/usr/local/include -D_FILE_OFFSET_BITS=64  -c -o vcfutils.pico vcfutils.c
gcc -std=gnu2x -g -O2 -fstack-protector-strong -Wformat -Werror=format-security -Wdate-time -D_FORTIFY_SOURCE=2 -g -fpic -fvisibility=hidden  -I. -I/usr/local/include -D_FILE_OFFSET_BITS=64  -c -o cram/cram_codecs.pico cram/cram_codecs.c
gcc -std=gnu2x -g -O2 -fstack-protector-strong -Wformat -Werror=format-security -Wdate-time -D_FORTIFY_SOURCE=2 -g -fpic -fvisibility=hidden  -I. -I/usr/local/include -D_FILE_OFFSET_BITS=64  -c -o cram/cram_decode.pico cram/cram_decode.c
gcc -std=gnu2x -g -O2 -fstack-protector-strong -Wformat -Werror=format-security -Wdate-time -D_FORTIFY_SOURCE=2 -g -fpic -fvisibility=hidden  -I. -I/usr/local/include -D_FILE_OFFSET_BITS=64  -c -o cram/cram_encode.pico cram/cram_encode.c
gcc -std=gnu2x -g -O2 -fstack-protector-strong -Wformat -Werror=format-security -Wdate-time -D_FORTIFY_SOURCE=2 -g -fpic -fvisibility=hidden  -I. -I/usr/local/include -D_FILE_OFFSET_BITS=64  -c -o cram/cram_external.pico cram/cram_external.c
gcc -std=gnu2x -g -O2 -fstack-protector-strong -Wformat -Werror=format-security -Wdate-time -D_FORTIFY_SOURCE=2 -g -fpic -fvisibility=hidden  -I. -I/usr/local/include -D_FILE_OFFSET_BITS=64  -c -o cram/cram_index.pico cram/cram_index.c
gcc -std=gnu2x -g -O2 -fstack-protector-strong -Wformat -Werror=format-security -Wdate-time -D_FORTIFY_SOURCE=2 -g -fpic -fvisibility=hidden  -I. -I/usr/local/include -D_FILE_OFFSET_BITS=64  -c -o cram/cram_io.pico cram/cram_io.c
gcc -std=gnu2x -g -O2 -fstack-protector-strong -Wformat -Werror=format-security -Wdate-time -D_FORTIFY_SOURCE=2 -g -fpic -fvisibility=hidden  -I. -I/usr/local/include -D_FILE_OFFSET_BITS=64  -c -o cram/cram_stats.pico cram/cram_stats.c
gcc -std=gnu2x -g -O2 -fstack-protector-strong -Wformat -Werror=format-security -Wdate-time -D_FORTIFY_SOURCE=2 -g -fpic -fvisibility=hidden  -I. -I/usr/local/include -D_FILE_OFFSET_BITS=64  -c -o cram/mFILE.pico cram/mFILE.c
gcc -std=gnu2x -g -O2 -fstack-protector-strong -Wformat -Werror=format-security -Wdate-time -D_FORTIFY_SOURCE=2 -g -fpic -fvisibility=hidden  -I. -I/usr/local/include -D_FILE_OFFSET_BITS=64  -c -o cram/open_trace_file.pico cram/open_trace_file.c
gcc -std=gnu2x -g -O2 -fstack-protector-strong -Wformat -Werror=format-security -Wdate-time -D_FORTIFY_SOURCE=2 -g -fpic -fvisibility=hidden  -I. -I/usr/local/include -D_FILE_OFFSET_BITS=64  -c -o cram/pooled_alloc.pico cram/pooled_alloc.c
gcc -std=gnu2x -g -O2 -fstack-protector-strong -Wformat -Werror=format-security -Wdate-time -D_FORTIFY_SOURCE=2 -g -fpic -fvisibility=hidden  -I. -I/usr/local/include -D_FILE_OFFSET_BITS=64  -c -o cram/string_alloc.pico cram/string_alloc.c
gcc -std=gnu2x -g -O2 -fstack-protector-strong -Wformat -Werror=format-security -Wdate-time -D_FORTIFY_SOURCE=2 -g -fpic -fvisibility=hidden  -I. -I/usr/local/include -D_FILE_OFFSET_BITS=64  -c -o htscodecs/htscodecs/arith_dynamic.pico htscodecs/htscodecs/arith_dynamic.c
gcc -std=gnu2x -g -O2 -fstack-protector-strong -Wformat -Werror=format-security -Wdate-time -D_FORTIFY_SOURCE=2 -g -fpic -fvisibility=hidden  -I. -I/usr/local/include -D_FILE_OFFSET_BITS=64  -c -o htscodecs/htscodecs/fqzcomp_qual.pico htscodecs/htscodecs/fqzcomp_qual.c
gcc -std=gnu2x -g -O2 -fstack-protector-strong -Wformat -Werror=format-security -Wdate-time -D_FORTIFY_SOURCE=2 -g -fpic -fvisibility=hidden  -I. -I/usr/local/include -D_FILE_OFFSET_BITS=64  -c -o htscodecs/htscodecs/htscodecs.pico htscodecs/htscodecs/htscodecs.c
gcc -std=gnu2x -g -O2 -fstack-protector-strong -Wformat -Werror=format-security -Wdate-time -D_FORTIFY_SOURCE=2 -g -fpic -fvisibility=hidden  -I. -I/usr/local/include -D_FILE_OFFSET_BITS=64  -c -o htscodecs/htscodecs/pack.pico htscodecs/htscodecs/pack.c
gcc -std=gnu2x -g -O2 -fstack-protector-strong -Wformat -Werror=format-security -Wdate-time -D_FORTIFY_SOURCE=2 -g -fpic -fvisibility=hidden  -I. -I/usr/local/include -D_FILE_OFFSET_BITS=64  -c -o htscodecs/htscodecs/rANS_static4x16pr.pico htscodecs/htscodecs/rANS_static4x16pr.c
gcc -std=gnu2x -g -O2 -fstack-protector-strong -Wformat -Werror=format-security -Wdate-time -D_FORTIFY_SOURCE=2 -g -fpic -fvisibility=hidden  -I. -I/usr/local/include -D_FILE_OFFSET_BITS=64  -c -o htscodecs/htscodecs/rANS_static32x16pr_avx2.pico htscodecs/htscodecs/rANS_static32x16pr_avx2.c
gcc -std=gnu2x -g -O2 -fstack-protector-strong -Wformat -Werror=format-security -Wdate-time -D_FORTIFY_SOURCE=2 -g -fpic -fvisibility=hidden  -I. -I/usr/local/include -D_FILE_OFFSET_BITS=64  -c -o htscodecs/htscodecs/rANS_static32x16pr_avx512.pico htscodecs/htscodecs/rANS_static32x16pr_avx512.c
gcc -std=gnu2x -g -O2 -fstack-protector-strong -Wformat -Werror=format-security -Wdate-time -D_FORTIFY_SOURCE=2 -g -fpic -fvisibility=hidden  -I. -I/usr/local/include -D_FILE_OFFSET_BITS=64  -c -o htscodecs/htscodecs/rANS_static32x16pr_sse4.pico htscodecs/htscodecs/rANS_static32x16pr_sse4.c
gcc -std=gnu2x -g -O2 -fstack-protector-strong -Wformat -Werror=format-security -Wdate-time -D_FORTIFY_SOURCE=2 -g -fpic -fvisibility=hidden  -I. -I/usr/local/include -D_FILE_OFFSET_BITS=64  -c -o htscodecs/htscodecs/rANS_static32x16pr_neon.pico htscodecs/htscodecs/rANS_static32x16pr_neon.c
gcc -std=gnu2x -g -O2 -fstack-protector-strong -Wformat -Werror=format-security -Wdate-time -D_FORTIFY_SOURCE=2 -g -fpic -fvisibility=hidden  -I. -I/usr/local/include -D_FILE_OFFSET_BITS=64  -c -o htscodecs/htscodecs/rANS_static32x16pr.pico htscodecs/htscodecs/rANS_static32x16pr.c
gcc -std=gnu2x -g -O2 -fstack-protector-strong -Wformat -Werror=format-security -Wdate-time -D_FORTIFY_SOURCE=2 -g -fpic -fvisibility=hidden  -I. -I/usr/local/include -D_FILE_OFFSET_BITS=64  -c -o htscodecs/htscodecs/rANS_static.pico htscodecs/htscodecs/rANS_static.c
gcc -std=gnu2x -g -O2 -fstack-protector-strong -Wformat -Werror=format-security -Wdate-time -D_FORTIFY_SOURCE=2 -g -fpic -fvisibility=hidden  -I. -I/usr/local/include -D_FILE_OFFSET_BITS=64  -c -o htscodecs/htscodecs/rle.pico htscodecs/htscodecs/rle.c
gcc -std=gnu2x -g -O2 -fstack-protector-strong -Wformat -Werror=format-security -Wdate-time -D_FORTIFY_SOURCE=2 -g -fpic -fvisibility=hidden  -I. -I/usr/local/include -D_FILE_OFFSET_BITS=64  -c -o htscodecs/htscodecs/tokenise_name3.pico htscodecs/htscodecs/tokenise_name3.c
gcc -std=gnu2x -g -O2 -fstack-protector-strong -Wformat -Werror=format-security -Wdate-time -D_FORTIFY_SOURCE=2 -g -fpic -fvisibility=hidden  -I. -I/usr/local/include -D_FILE_OFFSET_BITS=64  -c -o htscodecs/htscodecs/utils.pico htscodecs/htscodecs/utils.c
gcc -std=gnu2x -g -O2 -fstack-protector-strong -Wformat -Werror=format-security -Wdate-time -D_FORTIFY_SOURCE=2 -g -fpic -fvisibility=hidden  -I. -I/usr/local/include -D_FILE_OFFSET_BITS=64  -c -o hfile_libcurl.pico hfile_libcurl.c
gcc -std=gnu2x -shared -Wl,-soname,libhts.so.3 -Wl,-version-script,htslib.map -L/usr/local/lib -fvisibility=hidden -o libhts.so kfunc.pico kstring.pico bcf_sr_sort.pico bgzf.pico errmod.pico faidx.pico header.pico hfile.pico hts.pico hts_expr.pico hts_os.pico md5.pico multipart.pico probaln.pico realn.pico regidx.pico region.pico sam.pico sam_mods.pico synced_bcf_reader.pico vcf_sweep.pico tbx.pico textutils.pico thread_pool.pico vcf.pico vcfutils.pico cram/cram_codecs.pico cram/cram_decode.pico cram/cram_encode.pico cram/cram_external.pico cram/cram_index.pico cram/cram_io.pico cram/cram_stats.pico cram/mFILE.pico cram/open_trace_file.pico cram/pooled_alloc.pico cram/string_alloc.pico htscodecs/htscodecs/arith_dynamic.pico htscodecs/htscodecs/fqzcomp_qual.pico htscodecs/htscodecs/htscodecs.pico htscodecs/htscodecs/pack.pico htscodecs/htscodecs/rANS_static4x16pr.pico htscodecs/htscodecs/rANS_static32x16pr_avx2.pico htscodecs/htscodecs/rANS_static32x16pr_avx512.pico htscodecs/htscodecs/rANS_static32x16pr_sse4.pico htscodecs/htscodecs/rANS_static32x16pr_neon.pico htscodecs/htscodecs/rANS_static32x16pr.pico htscodecs/htscodecs/rANS_static.pico htscodecs/htscodecs/rle.pico htscodecs/htscodecs/tokenise_name3.pico htscodecs/htscodecs/utils.pico hfile_libcurl.pico -lz -lm -lbz2 -llzma -lcurl -lpthread
ln -sf libhts.so libhts.so.3
make[1]: Leaving directory '/tmp/RtmpsGFmN6/R.INSTALL372ea4d037/Rhtslib/src/htslib-1.18'
mkdir -p "/tmp/library/Rhtslib/include/htslib"
cd "htslib-1.18/htslib" && cp * "/tmp/library/Rhtslib/include/htslib"
gcc -std=gnu2x -I"/usr/local/lib/R/include" -DNDEBUG -D_FILE_OFFSET_BITS=64 -I"/tmp/library/Rhtslib/include"  -I/usr/local/include    -fpic  -g -O2 -fstack-protector-strong -Wformat -Werror=format-security -Wdate-time -D_FORTIFY_SOURCE=2 -g  -c R_init_Rhtslib.c -o R_init_Rhtslib.o
mkdir -p "/tmp/library/Rhtslib/usrlib"
cd "htslib-1.18" && cp libhts.so libhts.a "/tmp/library/Rhtslib/usrlib"
cd "/tmp/library/Rhtslib/usrlib" && ln -s libhts.so libhts.so.2
gcc -std=gnu2x -shared -L/usr/local/lib/R/lib -L/usr/local/lib -o Rhtslib.so R_init_Rhtslib.o /tmp/library/Rhtslib/usrlib/libhts.a -lcurl -lbz2 -llzma -lz -L/usr/local/lib/R/lib -lR
mkdir -p "/tmp/library/Rhtslib/testdata/tabix"
cd "htslib-1.18/test" && (cp *.sam *.bam *.vcf *.bcf *.cram *.fa *.fa.fai *.gff *.bed "/tmp/library/Rhtslib/testdata" 2>/dev/null || true) && cd tabix && (cp *.sam *.bam *.vcf *.bcf *.cram *.fa *.fa.fai *.gff *.bed "/tmp/library/Rhtslib/testdata/tabix" 2>/dev/null || true)
installing to /tmp/library/Rhtslib/libs
** R
** inst
** byte-compile and prepare package for lazy loading
** help
*** installing help indices
** building package indices
** installing vignettes
** testing if installed package can be loaded
* SHA256 sums
* creating tarball
packaged installation of ‘Rhtslib’ as ‘Rhtslib_3.8.0_R_x86_64-pc-linux-gnu.tar.gz’
* DONE (Rhtslib)
* installing *source* package ‘cigarillo’ ...
** this is package ‘cigarillo’ version ‘1.2.1’
** using staged installation
** libs
using C compiler: ‘gcc (Ubuntu 13.3.0-6ubuntu2~24.04.1) 13.3.0’
gcc -std=gnu2x -I"/usr/local/lib/R/include" -DNDEBUG  -I'/mnt/library/S4Vectors/include' -I'/mnt/library/IRanges/include' -I/usr/local/include    -fpic  -g -O2 -fstack-protector-strong -Wformat -Werror=format-security -Wdate-time -D_FORTIFY_SOURCE=2 -g  -c IRanges_stubs.c -o IRanges_stubs.o
gcc -std=gnu2x -I"/usr/local/lib/R/include" -DNDEBUG  -I'/mnt/library/S4Vectors/include' -I'/mnt/library/IRanges/include' -I/usr/local/include    -fpic  -g -O2 -fstack-protector-strong -Wformat -Werror=format-security -Wdate-time -D_FORTIFY_SOURCE=2 -g  -c R_init_cigarillo.c -o R_init_cigarillo.o
gcc -std=gnu2x -I"/usr/local/lib/R/include" -DNDEBUG  -I'/mnt/library/S4Vectors/include' -I'/mnt/library/IRanges/include' -I/usr/local/include    -fpic  -g -O2 -fstack-protector-strong -Wformat -Werror=format-security -Wdate-time -D_FORTIFY_SOURCE=2 -g  -c S4Vectors_stubs.c -o S4Vectors_stubs.o
gcc -std=gnu2x -I"/usr/local/lib/R/include" -DNDEBUG  -I'/mnt/library/S4Vectors/include' -I'/mnt/library/IRanges/include' -I/usr/local/include    -fpic  -g -O2 -fstack-protector-strong -Wformat -Werror=format-security -Wdate-time -D_FORTIFY_SOURCE=2 -g  -c cigar_extent.c -o cigar_extent.o
gcc -std=gnu2x -I"/usr/local/lib/R/include" -DNDEBUG  -I'/mnt/library/S4Vectors/include' -I'/mnt/library/IRanges/include' -I/usr/local/include    -fpic  -g -O2 -fstack-protector-strong -Wformat -Werror=format-security -Wdate-time -D_FORTIFY_SOURCE=2 -g  -c cigar_ops_visibility.c -o cigar_ops_visibility.o
gcc -std=gnu2x -I"/usr/local/lib/R/include" -DNDEBUG  -I'/mnt/library/S4Vectors/include' -I'/mnt/library/IRanges/include' -I/usr/local/include    -fpic  -g -O2 -fstack-protector-strong -Wformat -Werror=format-security -Wdate-time -D_FORTIFY_SOURCE=2 -g  -c cigars_as_ranges.c -o cigars_as_ranges.o
gcc -std=gnu2x -I"/usr/local/lib/R/include" -DNDEBUG  -I'/mnt/library/S4Vectors/include' -I'/mnt/library/IRanges/include' -I/usr/local/include    -fpic  -g -O2 -fstack-protector-strong -Wformat -Werror=format-security -Wdate-time -D_FORTIFY_SOURCE=2 -g  -c explode_cigars.c -o explode_cigars.o
gcc -std=gnu2x -I"/usr/local/lib/R/include" -DNDEBUG  -I'/mnt/library/S4Vectors/include' -I'/mnt/library/IRanges/include' -I/usr/local/include    -fpic  -g -O2 -fstack-protector-strong -Wformat -Werror=format-security -Wdate-time -D_FORTIFY_SOURCE=2 -g  -c map_ref_ranges_to_query.c -o map_ref_ranges_to_query.o
gcc -std=gnu2x -I"/usr/local/lib/R/include" -DNDEBUG  -I'/mnt/library/S4Vectors/include' -I'/mnt/library/IRanges/include' -I/usr/local/include    -fpic  -g -O2 -fstack-protector-strong -Wformat -Werror=format-security -Wdate-time -D_FORTIFY_SOURCE=2 -g  -c project_positions.c -o project_positions.o
gcc -std=gnu2x -I"/usr/local/lib/R/include" -DNDEBUG  -I'/mnt/library/S4Vectors/include' -I'/mnt/library/IRanges/include' -I/usr/local/include    -fpic  -g -O2 -fstack-protector-strong -Wformat -Werror=format-security -Wdate-time -D_FORTIFY_SOURCE=2 -g  -c tabulate_cigar_ops.c -o tabulate_cigar_ops.o
gcc -std=gnu2x -I"/usr/local/lib/R/include" -DNDEBUG  -I'/mnt/library/S4Vectors/include' -I'/mnt/library/IRanges/include' -I/usr/local/include    -fpic  -g -O2 -fstack-protector-strong -Wformat -Werror=format-security -Wdate-time -D_FORTIFY_SOURCE=2 -g  -c trim_cigars.c -o trim_cigars.o
gcc -std=gnu2x -shared -L/usr/local/lib/R/lib -L/usr/local/lib -o cigarillo.so IRanges_stubs.o R_init_cigarillo.o S4Vectors_stubs.o cigar_extent.o cigar_ops_visibility.o cigars_as_ranges.o explode_cigars.o map_ref_ranges_to_query.o project_positions.o tabulate_cigar_ops.o trim_cigars.o -L/usr/local/lib/R/lib -lR
installing to /tmp/library/00LOCK-cigarillo/00new/cigarillo/libs
** R
** inst
** byte-compile and prepare package for lazy loading
** help
*** installing help indices
** building package indices
** installing vignettes
** testing if installed package can be loaded from temporary location
** checking absolute paths in shared objects and dynamic libraries
** testing if installed package can be loaded from final location
** testing if installed package keeps a record of temporary installation path
* SHA256 sums
* creating tarball
packaged installation of ‘cigarillo’ as ‘cigarillo_1.2.1_R_x86_64-pc-linux-gnu.tar.gz’
* DONE (cigarillo)
* installing *source* package ‘dir.expiry’ ...
** this is package ‘dir.expiry’ version ‘1.20.0’
** using staged installation
** R
** inst
** byte-compile and prepare package for lazy loading
** help
*** installing help indices
** building package indices
** installing vignettes
** testing if installed package can be loaded from temporary location
** testing if installed package can be loaded from final location
** testing if installed package keeps a record of temporary installation path
* SHA256 sums
* creating tarball
packaged installation of ‘dir.expiry’ as ‘dir.expiry_1.20.0_R_x86_64-pc-linux-gnu.tar.gz’
* DONE (dir.expiry)
* installing *source* package ‘BiocIO’ ...
** this is package ‘BiocIO’ version ‘1.22.0’
** using staged installation
** R
** inst
** byte-compile and prepare package for lazy loading
** help
*** installing help indices
** building package indices
** installing vignettes
** testing if installed package can be loaded from temporary location
** testing if installed package can be loaded from final location
** testing if installed package keeps a record of temporary installation path
* SHA256 sums
* creating tarball
packaged installation of ‘BiocIO’ as ‘BiocIO_1.22.0_R_x86_64-pc-linux-gnu.tar.gz’
* DONE (BiocIO)
* installing *binary* package ‘restfulr’ ...
* package ‘restfulr’ successfully unpacked and SHA256 sums checked
* ‘restfulr’ was already a binary package and will not be rebuilt
* SHA256 sums
* creating tarball
packaged installation of ‘restfulr’ as ‘restfulr_0.0.17_R_x86_64-pc-linux-gnu.tar.gz’
* DONE (restfulr)
* installing *binary* package ‘rngtools’ ...
* package ‘rngtools’ successfully unpacked and SHA256 sums checked
* ‘rngtools’ was already a binary package and will not be rebuilt
* SHA256 sums
* creating tarball
packaged installation of ‘rngtools’ as ‘rngtools_1.5.2_R_x86_64-pc-linux-gnu.tar.gz’
* DONE (rngtools)
* installing *binary* package ‘selectr’ ...
* package ‘selectr’ successfully unpacked and SHA256 sums checked
* ‘selectr’ was already a binary package and will not be rebuilt
* SHA256 sums
* creating tarball
packaged installation of ‘selectr’ as ‘selectr_0.6-0_R_x86_64-pc-linux-gnu.tar.gz’
* DONE (selectr)
* installing *source* package ‘multtest’ ...
** this is package ‘multtest’ version ‘2.68.0’
** using staged installation
** libs
using C compiler: ‘gcc (Ubuntu 13.3.0-6ubuntu2~24.04.1) 13.3.0’
gcc -std=gnu2x -I"/usr/local/lib/R/include" -DNDEBUG   -I/usr/local/include   -DUSEDOUBLE -fpic  -g -O2 -fstack-protector-strong -Wformat -Werror=format-security -Wdate-time -D_FORTIFY_SOURCE=2 -g  -c Rpack.c -o Rpack.o
gcc -std=gnu2x -I"/usr/local/lib/R/include" -DNDEBUG   -I/usr/local/include   -DUSEDOUBLE -fpic  -g -O2 -fstack-protector-strong -Wformat -Werror=format-security -Wdate-time -D_FORTIFY_SOURCE=2 -g  -c VScount.c -o VScount.o
gcc -std=gnu2x -I"/usr/local/lib/R/include" -DNDEBUG   -I/usr/local/include   -DUSEDOUBLE -fpic  -g -O2 -fstack-protector-strong -Wformat -Werror=format-security -Wdate-time -D_FORTIFY_SOURCE=2 -g  -c block_sampling_fixed.c -o block_sampling_fixed.o
gcc -std=gnu2x -I"/usr/local/lib/R/include" -DNDEBUG   -I/usr/local/include   -DUSEDOUBLE -fpic  -g -O2 -fstack-protector-strong -Wformat -Werror=format-security -Wdate-time -D_FORTIFY_SOURCE=2 -g  -c bootloop.c -o bootloop.o
gcc -std=gnu2x -I"/usr/local/lib/R/include" -DNDEBUG   -I/usr/local/include   -DUSEDOUBLE -fpic  -g -O2 -fstack-protector-strong -Wformat -Werror=format-security -Wdate-time -D_FORTIFY_SOURCE=2 -g  -c mt.c -o mt.o
gcc -std=gnu2x -I"/usr/local/lib/R/include" -DNDEBUG   -I/usr/local/include   -DUSEDOUBLE -fpic  -g -O2 -fstack-protector-strong -Wformat -Werror=format-security -Wdate-time -D_FORTIFY_SOURCE=2 -g  -c pairt_sampling.c -o pairt_sampling.o
gcc -std=gnu2x -I"/usr/local/lib/R/include" -DNDEBUG   -I/usr/local/include   -DUSEDOUBLE -fpic  -g -O2 -fstack-protector-strong -Wformat -Werror=format-security -Wdate-time -D_FORTIFY_SOURCE=2 -g  -c pairt_sampling_fixed.c -o pairt_sampling_fixed.o
gcc -std=gnu2x -I"/usr/local/lib/R/include" -DNDEBUG   -I/usr/local/include   -DUSEDOUBLE -fpic  -g -O2 -fstack-protector-strong -Wformat -Werror=format-security -Wdate-time -D_FORTIFY_SOURCE=2 -g  -c random.c -o random.o
gcc -std=gnu2x -I"/usr/local/lib/R/include" -DNDEBUG   -I/usr/local/include   -DUSEDOUBLE -fpic  -g -O2 -fstack-protector-strong -Wformat -Werror=format-security -Wdate-time -D_FORTIFY_SOURCE=2 -g  -c sampling.c -o sampling.o
gcc -std=gnu2x -I"/usr/local/lib/R/include" -DNDEBUG   -I/usr/local/include   -DUSEDOUBLE -fpic  -g -O2 -fstack-protector-strong -Wformat -Werror=format-security -Wdate-time -D_FORTIFY_SOURCE=2 -g  -c sampling_fixed.c -o sampling_fixed.o
gcc -std=gnu2x -I"/usr/local/lib/R/include" -DNDEBUG   -I/usr/local/include   -DUSEDOUBLE -fpic  -g -O2 -fstack-protector-strong -Wformat -Werror=format-security -Wdate-time -D_FORTIFY_SOURCE=2 -g  -c stat_func.c -o stat_func.o
gcc -std=gnu2x -I"/usr/local/lib/R/include" -DNDEBUG   -I/usr/local/include   -DUSEDOUBLE -fpic  -g -O2 -fstack-protector-strong -Wformat -Werror=format-security -Wdate-time -D_FORTIFY_SOURCE=2 -g  -c stat_order.c -o stat_order.o
gcc -std=gnu2x -shared -L/usr/local/lib/R/lib -L/usr/local/lib -o multtest.so Rpack.o VScount.o block_sampling_fixed.o bootloop.o mt.o pairt_sampling.o pairt_sampling_fixed.o random.o sampling.o sampling_fixed.o stat_func.o stat_order.o -lm -L/usr/local/lib/R/lib -lR
installing to /tmp/library/00LOCK-multtest/00new/multtest/libs
** R
** data
** inst
** byte-compile and prepare package for lazy loading
** help
*** installing help indices
** building package indices
** installing vignettes
** testing if installed package can be loaded from temporary location
** checking absolute paths in shared objects and dynamic libraries
** testing if installed package can be loaded from final location
** testing if installed package keeps a record of temporary installation path
* SHA256 sums
* creating tarball
packaged installation of ‘multtest’ as ‘multtest_2.68.0_R_x86_64-pc-linux-gnu.tar.gz’
* DONE (multtest)
* installing *binary* package ‘scrime’ ...
* package ‘scrime’ successfully unpacked and SHA256 sums checked
* ‘scrime’ was already a binary package and will not be rebuilt
* SHA256 sums
* creating tarball
packaged installation of ‘scrime’ as ‘scrime_1.3.7_R_x86_64-pc-linux-gnu.tar.gz’
* DONE (scrime)
* installing *binary* package ‘base64’ ...
* package ‘base64’ successfully unpacked and SHA256 sums checked
* ‘base64’ was already a binary package and will not be rebuilt
* SHA256 sums
* creating tarball
packaged installation of ‘base64’ as ‘base64_2.0.2_R_x86_64-pc-linux-gnu.tar.gz’
* DONE (base64)
Warning: SystemRequirements specified C++11: support has been removed
* installing *source* package ‘sparseMatrixStats’ ...
** this is package ‘sparseMatrixStats’ version ‘1.24.0’
** using staged installation
** libs
specified C++11
using C++ compiler: ‘g++ (Ubuntu 13.3.0-6ubuntu2~24.04.1) 13.3.0’
g++ -std=gnu++20 -I"/usr/local/lib/R/include" -DNDEBUG  -I'/usr/local/lib/R/site-library/Rcpp/include' -I/usr/local/include    -fpic  -g -O2 -fstack-protector-strong -Wformat -Werror=format-security -Wdate-time -D_FORTIFY_SOURCE=2 -g   -c RcppExports.cpp -o RcppExports.o
g++ -std=gnu++20 -I"/usr/local/lib/R/include" -DNDEBUG  -I'/usr/local/lib/R/site-library/Rcpp/include' -I/usr/local/include    -fpic  -g -O2 -fstack-protector-strong -Wformat -Werror=format-security -Wdate-time -D_FORTIFY_SOURCE=2 -g   -c SparseMatrixView.cpp -o SparseMatrixView.o
g++ -std=gnu++20 -I"/usr/local/lib/R/include" -DNDEBUG  -I'/usr/local/lib/R/site-library/Rcpp/include' -I/usr/local/include    -fpic  -g -O2 -fstack-protector-strong -Wformat -Werror=format-security -Wdate-time -D_FORTIFY_SOURCE=2 -g   -c methods.cpp -o methods.o
g++ -std=gnu++20 -I"/usr/local/lib/R/include" -DNDEBUG  -I'/usr/local/lib/R/site-library/Rcpp/include' -I/usr/local/include    -fpic  -g -O2 -fstack-protector-strong -Wformat -Werror=format-security -Wdate-time -D_FORTIFY_SOURCE=2 -g   -c row_methods.cpp -o row_methods.o
g++ -std=gnu++20 -shared -L/usr/local/lib/R/lib -L/usr/local/lib -o sparseMatrixStats.so RcppExports.o SparseMatrixView.o methods.o row_methods.o -L/usr/local/lib/R/lib -lR
installing to /tmp/library/00LOCK-sparseMatrixStats/00new/sparseMatrixStats/libs
** R
** inst
** byte-compile and prepare package for lazy loading
** help
*** installing help indices
*** copying figures
** building package indices
** installing vignettes
** testing if installed package can be loaded from temporary location
** checking absolute paths in shared objects and dynamic libraries
** testing if installed package can be loaded from final location
** testing if installed package keeps a record of temporary installation path
* SHA256 sums
* creating tarball
packaged installation of ‘sparseMatrixStats’ as ‘sparseMatrixStats_1.24.0_R_x86_64-pc-linux-gnu.tar.gz’
* DONE (sparseMatrixStats)
* installing *source* package ‘annotate’ ...
** this is package ‘annotate’ version ‘1.90.0’
** using staged installation
** R
** data
** inst
** byte-compile and prepare package for lazy loading
** help
*** installing help indices
** building package indices
** installing vignettes
** testing if installed package can be loaded from temporary location
** testing if installed package can be loaded from final location
** testing if installed package keeps a record of temporary installation path
* SHA256 sums
* creating tarball
packaged installation of ‘annotate’ as ‘annotate_1.90.0_R_x86_64-pc-linux-gnu.tar.gz’
* DONE (annotate)
* installing *binary* package ‘rentrez’ ...
* package ‘rentrez’ successfully unpacked and SHA256 sums checked
* ‘rentrez’ was already a binary package and will not be rebuilt
* SHA256 sums
* creating tarball
packaged installation of ‘rentrez’ as ‘rentrez_1.2.4_R_x86_64-pc-linux-gnu.tar.gz’
* DONE (rentrez)
* installing *binary* package ‘beanplot’ ...
* package ‘beanplot’ successfully unpacked and SHA256 sums checked
* ‘beanplot’ was already a binary package and will not be rebuilt
* SHA256 sums
* creating tarball
packaged installation of ‘beanplot’ as ‘beanplot_1.3.1_R_x86_64-pc-linux-gnu.tar.gz’
* DONE (beanplot)
* installing *binary* package ‘nor1mix’ ...
* package ‘nor1mix’ successfully unpacked and SHA256 sums checked
* ‘nor1mix’ was already a binary package and will not be rebuilt
* SHA256 sums
* creating tarball
packaged installation of ‘nor1mix’ as ‘nor1mix_1.3-3_R_x86_64-pc-linux-gnu.tar.gz’
* DONE (nor1mix)
* installing *binary* package ‘reshape’ ...
* package ‘reshape’ successfully unpacked and SHA256 sums checked
* ‘reshape’ was already a binary package and will not be rebuilt
* SHA256 sums
* creating tarball
packaged installation of ‘reshape’ as ‘reshape_0.8.10_R_x86_64-pc-linux-gnu.tar.gz’
* DONE (reshape)
Warning: SystemRequirements specified C++11: support has been removed
* installing *source* package ‘BiocParallel’ ...
** this is package ‘BiocParallel’ version ‘1.46.0’
** using staged installation
checking whether the C++ compiler works... yes
checking for C++ compiler default output file name... a.out
checking for suffix of executables... 
checking whether we are cross compiling... no
checking for suffix of object files... o
checking whether the compiler supports GNU C++... yes
checking whether g++ -std=gnu++20 accepts -g... yes
checking for g++ -std=gnu++20 option to enable C++11 features... none needed
checking for library containing shm_open... none required
checking for stdio.h... yes
checking for stdlib.h... yes
checking for string.h... yes
checking for inttypes.h... yes
checking for stdint.h... yes
checking for strings.h... yes
checking for sys/stat.h... yes
checking for sys/types.h... yes
checking for unistd.h... yes
checking for sys/mman.h... yes
configure: creating ./config.status
config.status: creating src/Makevars
** libs
specified C++11
using C++ compiler: ‘g++ (Ubuntu 13.3.0-6ubuntu2~24.04.1) 13.3.0’
g++ -std=gnu++20 -I"/usr/local/lib/R/include" -DNDEBUG -I"./" -I'/mnt/library/BH/include' -I'/usr/local/lib/R/site-library/cpp11/include' -I/usr/local/include    -fpic  -g -O2 -fstack-protector-strong -Wformat -Werror=format-security -Wdate-time -D_FORTIFY_SOURCE=2 -g   -c cpp11.cpp -o cpp11.o
g++ -std=gnu++20 -I"/usr/local/lib/R/include" -DNDEBUG -I"./" -I'/mnt/library/BH/include' -I'/usr/local/lib/R/site-library/cpp11/include' -I/usr/local/include    -fpic  -g -O2 -fstack-protector-strong -Wformat -Werror=format-security -Wdate-time -D_FORTIFY_SOURCE=2 -g   -c ipcmutex.cpp -o ipcmutex.o
In file included from /mnt/library/BH/include/boost/intrusive/detail/hook_traits.hpp:26,
                 from /mnt/library/BH/include/boost/intrusive/detail/get_value_traits.hpp:26,
                 from /mnt/library/BH/include/boost/intrusive/bstree.hpp:39,
                 from /mnt/library/BH/include/boost/intrusive/rbtree.hpp:23,
                 from /mnt/library/BH/include/boost/intrusive/set.hpp:20,
                 from /mnt/library/BH/include/boost/interprocess/indexes/iset_index.hpp:30,
                 from ./boost_patch_1_87/interprocess/segment_manager.hpp:35,
                 from ./boost_patch_1_87/interprocess/detail/managed_memory_impl.hpp:30,
                 from boost_patch_1_87/interprocess/managed_shared_memory.hpp:25,
                 from ipcmutex.cpp:14:
/mnt/library/BH/include/boost/intrusive/detail/parent_from_member.hpp:25:10: fatal error: boost/move/detail/launder.hpp: No such file or directory
   25 | #include <boost/move/detail/launder.hpp>
      |          ^~~~~~~~~~~~~~~~~~~~~~~~~~~~~~~
compilation terminated.
make: *** [/usr/local/lib/R/etc/Makeconf:199: ipcmutex.o] Error 1
ERROR: compilation failed for package ‘BiocParallel’
* removing ‘/tmp/library/BiocParallel’
* installing *binary* package ‘ggstats’ ...
* package ‘ggstats’ successfully unpacked and SHA256 sums checked
* ‘ggstats’ was already a binary package and will not be rebuilt
* SHA256 sums
* creating tarball
packaged installation of ‘ggstats’ as ‘ggstats_0.13.0_R_x86_64-pc-linux-gnu.tar.gz’
* DONE (ggstats)
* installing *binary* package ‘countrycode’ ...
* package ‘countrycode’ successfully unpacked and SHA256 sums checked
* ‘countrycode’ was already a binary package and will not be rebuilt
* SHA256 sums
* creating tarball
packaged installation of ‘countrycode’ as ‘countrycode_1.8.0_R_x86_64-pc-linux-gnu.tar.gz’
* DONE (countrycode)
* installing *binary* package ‘corrplot’ ...
* package ‘corrplot’ successfully unpacked and SHA256 sums checked
* ‘corrplot’ was already a binary package and will not be rebuilt
* SHA256 sums
* creating tarball
packaged installation of ‘corrplot’ as ‘corrplot_0.95_R_x86_64-pc-linux-gnu.tar.gz’
* DONE (corrplot)
* installing *binary* package ‘svglite’ ...
* package ‘svglite’ successfully unpacked and SHA256 sums checked
* ‘svglite’ was already a binary package and will not be rebuilt
* SHA256 sums
* creating tarball
packaged installation of ‘svglite’ as ‘svglite_2.2.2_R_x86_64-pc-linux-gnu.tar.gz’
* DONE (svglite)
* installing *binary* package ‘splitstackshape’ ...
* package ‘splitstackshape’ successfully unpacked and SHA256 sums checked
* ‘splitstackshape’ was already a binary package and will not be rebuilt
* SHA256 sums
* creating tarball
packaged installation of ‘splitstackshape’ as ‘splitstackshape_1.4.8.1_R_x86_64-pc-linux-gnu.tar.gz’
* DONE (splitstackshape)
* installing *binary* package ‘beeswarm’ ...
* package ‘beeswarm’ successfully unpacked and SHA256 sums checked
* ‘beeswarm’ was already a binary package and will not be rebuilt
* SHA256 sums
* creating tarball
packaged installation of ‘beeswarm’ as ‘beeswarm_0.4.0_R_x86_64-pc-linux-gnu.tar.gz’
* DONE (beeswarm)
ERROR: dependency ‘BiocParallel’ is not available for package ‘Rsamtools’
Perhaps try a variation of:
install.packages('BiocParallel')
* removing ‘/tmp/library/Rsamtools’
* installing *source* package ‘biocmake’ ...
** this is package ‘biocmake’ version ‘1.4.0’
** using staged installation
** R
** inst
** byte-compile and prepare package for lazy loading
** help
*** installing help indices
** building package indices
** installing vignettes
** testing if installed package can be loaded from temporary location
** testing if installed package can be loaded from final location
** testing if installed package keeps a record of temporary installation path
* SHA256 sums
* creating tarball
packaged installation of ‘biocmake’ as ‘biocmake_1.4.0_R_x86_64-pc-linux-gnu.tar.gz’
* DONE (biocmake)
* installing *binary* package ‘doRNG’ ...
* package ‘doRNG’ successfully unpacked and SHA256 sums checked
* ‘doRNG’ was already a binary package and will not be rebuilt
* SHA256 sums
* creating tarball
packaged installation of ‘doRNG’ as ‘doRNG_1.8.6.3_R_x86_64-pc-linux-gnu.tar.gz’
* DONE (doRNG)
* installing *binary* package ‘rvest’ ...
* package ‘rvest’ successfully unpacked and SHA256 sums checked
* ‘rvest’ was already a binary package and will not be rebuilt
* SHA256 sums
* creating tarball
packaged installation of ‘rvest’ as ‘rvest_1.0.5_R_x86_64-pc-linux-gnu.tar.gz’
* DONE (rvest)
* installing *source* package ‘siggenes’ ...
** this is package ‘siggenes’ version ‘1.86.0’
** using staged installation
** R
** inst
** byte-compile and prepare package for lazy loading
** help
*** installing help indices
** building package indices
** installing vignettes
** testing if installed package can be loaded from temporary location
** testing if installed package can be loaded from final location
** testing if installed package keeps a record of temporary installation path
* SHA256 sums
* creating tarball
packaged installation of ‘siggenes’ as ‘siggenes_1.86.0_R_x86_64-pc-linux-gnu.tar.gz’
* DONE (siggenes)
* installing *source* package ‘illuminaio’ ...
** this is package ‘illuminaio’ version ‘0.54.0’
** using staged installation
** libs
using C compiler: ‘gcc (Ubuntu 13.3.0-6ubuntu2~24.04.1) 13.3.0’
gcc -std=gnu2x -I"/usr/local/lib/R/include" -DNDEBUG   -I/usr/local/include    -fpic  -g -O2 -fstack-protector-strong -Wformat -Werror=format-security -Wdate-time -D_FORTIFY_SOURCE=2 -g  -c 000.init.c -o 000.init.o
gcc -std=gnu2x -I"/usr/local/lib/R/include" -DNDEBUG   -I/usr/local/include    -fpic  -g -O2 -fstack-protector-strong -Wformat -Werror=format-security -Wdate-time -D_FORTIFY_SOURCE=2 -g  -c des.c -o des.o
gcc -std=gnu2x -I"/usr/local/lib/R/include" -DNDEBUG   -I/usr/local/include    -fpic  -g -O2 -fstack-protector-strong -Wformat -Werror=format-security -Wdate-time -D_FORTIFY_SOURCE=2 -g  -c local_des.c -o local_des.o
gcc -std=gnu2x -shared -L/usr/local/lib/R/lib -L/usr/local/lib -o illuminaio.so 000.init.o des.o local_des.o -L/usr/local/lib/R/lib -lR
installing to /tmp/library/00LOCK-illuminaio/00new/illuminaio/libs
** R
** inst
** byte-compile and prepare package for lazy loading
** help
*** installing help indices
** building package indices
** installing vignettes
** testing if installed package can be loaded from temporary location
** checking absolute paths in shared objects and dynamic libraries
** testing if installed package can be loaded from final location
** testing if installed package keeps a record of temporary installation path
* SHA256 sums
* creating tarball
packaged installation of ‘illuminaio’ as ‘illuminaio_0.54.0_R_x86_64-pc-linux-gnu.tar.gz’
* DONE (illuminaio)
* installing *source* package ‘DelayedMatrixStats’ ...
** this is package ‘DelayedMatrixStats’ version ‘1.34.0’
** using staged installation
** R
** inst
** byte-compile and prepare package for lazy loading
** help
*** installing help indices
** building package indices
** installing vignettes
** testing if installed package can be loaded from temporary location
** testing if installed package can be loaded from final location
** testing if installed package keeps a record of temporary installation path
* SHA256 sums
* creating tarball
packaged installation of ‘DelayedMatrixStats’ as ‘DelayedMatrixStats_1.34.0_R_x86_64-pc-linux-gnu.tar.gz’
* DONE (DelayedMatrixStats)
* installing *source* package ‘genefilter’ ...
** this is package ‘genefilter’ version ‘1.94.0’
** using staged installation
** libs
using C compiler: ‘gcc (Ubuntu 13.3.0-6ubuntu2~24.04.1) 13.3.0’
using Fortran compiler: ‘GNU Fortran (Ubuntu 13.3.0-6ubuntu2~24.04.1) 13.3.0’
using C++ compiler: ‘g++ (Ubuntu 13.3.0-6ubuntu2~24.04.1) 13.3.0’
g++ -std=gnu++20 -I"/usr/local/lib/R/include" -DNDEBUG   -I/usr/local/include    -fpic  -g -O2 -fstack-protector-strong -Wformat -Werror=format-security -Wdate-time -D_FORTIFY_SOURCE=2 -g   -c half_range_mode.cpp -o half_range_mode.o
half_range_mode.cpp: In function ‘double half_range_mode(double*, double*, double, int)’:
half_range_mode.cpp:100:60: warning: format ‘%i’ expects argument of type ‘int’, but argument 5 has type ‘std::vector<int>::size_type’ {aka ‘long unsigned int’} [-Wformat=]
  100 |     if (diag) Rprintf( "N = %i, N'' = %i, w = %.4f, |J| = %i\n", N, N_double_prime, w, J.size() );
      |                                                           ~^                           ~~~~~~~~
      |                                                            |                                 |
      |                                                            int                               std::vector<int>::size_type {aka long unsigned int}
      |                                                           %li
gcc -std=gnu2x -I"/usr/local/lib/R/include" -DNDEBUG   -I/usr/local/include    -fpic  -g -O2 -fstack-protector-strong -Wformat -Werror=format-security -Wdate-time -D_FORTIFY_SOURCE=2 -g  -c init.c -o init.o
gcc -std=gnu2x -I"/usr/local/lib/R/include" -DNDEBUG   -I/usr/local/include    -fpic  -g -O2 -fstack-protector-strong -Wformat -Werror=format-security -Wdate-time -D_FORTIFY_SOURCE=2 -g  -c nd.c -o nd.o
gcc -std=gnu2x -I"/usr/local/lib/R/include" -DNDEBUG   -I/usr/local/include    -fpic  -g -O2 -fstack-protector-strong -Wformat -Werror=format-security -Wdate-time -D_FORTIFY_SOURCE=2 -g  -c pAUC.c -o pAUC.o
gcc -std=gnu2x -I"/usr/local/lib/R/include" -DNDEBUG   -I/usr/local/include    -fpic  -g -O2 -fstack-protector-strong -Wformat -Werror=format-security -Wdate-time -D_FORTIFY_SOURCE=2 -g  -c rowPAUCs.c -o rowPAUCs.o
gcc -std=gnu2x -I"/usr/local/lib/R/include" -DNDEBUG   -I/usr/local/include    -fpic  -g -O2 -fstack-protector-strong -Wformat -Werror=format-security -Wdate-time -D_FORTIFY_SOURCE=2 -g  -c rowttests.c -o rowttests.o
gfortran  -fpic  -g -O2  -c ttest.f -o ttest.o
g++ -std=gnu++20 -shared -L/usr/local/lib/R/lib -L/usr/local/lib -o genefilter.so half_range_mode.o init.o nd.o pAUC.o rowPAUCs.o rowttests.o ttest.o -lgfortran -lm -lquadmath -L/usr/local/lib/R/lib -lR
installing to /tmp/library/00LOCK-genefilter/00new/genefilter/libs
** R
** data
*** moving datasets to lazyload DB
** inst
** byte-compile and prepare package for lazy loading
** help
*** installing help indices
** building package indices
** installing vignettes
** testing if installed package can be loaded from temporary location
** checking absolute paths in shared objects and dynamic libraries
** testing if installed package can be loaded from final location
** testing if installed package keeps a record of temporary installation path
* SHA256 sums
* creating tarball
packaged installation of ‘genefilter’ as ‘genefilter_1.94.0_R_x86_64-pc-linux-gnu.tar.gz’
* DONE (genefilter)
* installing *binary* package ‘GGally’ ...
* package ‘GGally’ successfully unpacked and SHA256 sums checked
* ‘GGally’ was already a binary package and will not be rebuilt
* SHA256 sums
* creating tarball
packaged installation of ‘GGally’ as ‘GGally_2.4.0_R_x86_64-pc-linux-gnu.tar.gz’
* DONE (GGally)
* installing *binary* package ‘echarts4r’ ...
* package ‘echarts4r’ successfully unpacked and SHA256 sums checked
* ‘echarts4r’ was already a binary package and will not be rebuilt
* SHA256 sums
* creating tarball
packaged installation of ‘echarts4r’ as ‘echarts4r_0.5.0_R_x86_64-pc-linux-gnu.tar.gz’
* DONE (echarts4r)
* installing *binary* package ‘kableExtra’ ...
* package ‘kableExtra’ successfully unpacked and SHA256 sums checked
* ‘kableExtra’ was already a binary package and will not be rebuilt
* SHA256 sums
* creating tarball
packaged installation of ‘kableExtra’ as ‘kableExtra_1.4.1_R_x86_64-pc-linux-gnu.tar.gz’
* DONE (kableExtra)
* installing *binary* package ‘HGNChelper’ ...
* package ‘HGNChelper’ successfully unpacked and SHA256 sums checked
* ‘HGNChelper’ was already a binary package and will not be rebuilt
* SHA256 sums
* creating tarball
packaged installation of ‘HGNChelper’ as ‘HGNChelper_0.8.15_R_x86_64-pc-linux-gnu.tar.gz’
* DONE (HGNChelper)
ERROR: dependencies ‘Rsamtools’, ‘BiocParallel’ are not available for package ‘GenomicAlignments’
Perhaps try a variation of:
install.packages(c('Rsamtools', 'BiocParallel'))
* removing ‘/tmp/library/GenomicAlignments’
* installing *source* package ‘Rhdf5lib’ ...
** this is package ‘Rhdf5lib’ version ‘2.0.0’
** using staged installation
-- The C compiler identification is GNU 13.3.0
-- Detecting C compiler ABI info
-- Detecting C compiler ABI info - done
-- Check for working C compiler: /usr/bin/gcc - skipped
-- Detecting C compile features
-- Detecting C compile features - done
-- Performing Test HAVE_DECL___BUILTIN_CLZLL
-- Performing Test HAVE_DECL___BUILTIN_CLZLL - Success
-- Looking for snprintf
-- Looking for snprintf - found
-- Configuring done (0.5s)
-- Generating done (0.0s)
-- Build files have been written to: /tmp/RtmpJN03Xy/R.INSTALL9c6421d4ff3/Rhdf5lib/_build_libaec
[ 11%] Building C object src/CMakeFiles/aec-static-objects.dir/encode.c.o
[ 22%] Building C object src/CMakeFiles/aec-static-objects.dir/encode_accessors.c.o
[ 33%] Building C object src/CMakeFiles/aec-static-objects.dir/decode.c.o
[ 44%] Building C object src/CMakeFiles/aec-static-objects.dir/vector.c.o
[ 44%] Built target aec-static-objects
[ 55%] Linking C static library libaec.a
[ 55%] Built target aec-static
[ 66%] Building C object src/CMakeFiles/sz-static-objects.dir/sz_compat.c.o
[ 66%] Built target sz-static-objects
[ 77%] Linking C static library libsz.a
[ 77%] Built target sz-static
[ 88%] Building C object src/CMakeFiles/graec.dir/graec.c.o
[100%] Linking C executable graec
[100%] Built target graec
-- Install configuration: "Release"
-- Installing: /tmp/RtmpJN03Xy/R.INSTALL9c6421d4ff3/Rhdf5lib/inst/lib/cmake/libaec/libaec-config.cmake
-- Installing: /tmp/RtmpJN03Xy/R.INSTALL9c6421d4ff3/Rhdf5lib/inst/lib/cmake/libaec/libaec-config-version.cmake
-- Installing: /tmp/RtmpJN03Xy/R.INSTALL9c6421d4ff3/Rhdf5lib/inst/include/libaec.h
-- Installing: /tmp/RtmpJN03Xy/R.INSTALL9c6421d4ff3/Rhdf5lib/inst/include/szlib.h
-- Installing: /tmp/RtmpJN03Xy/R.INSTALL9c6421d4ff3/Rhdf5lib/inst/lib/libaec.a
-- Installing: /tmp/RtmpJN03Xy/R.INSTALL9c6421d4ff3/Rhdf5lib/inst/lib/libsz.a
-- Installing: /tmp/RtmpJN03Xy/R.INSTALL9c6421d4ff3/Rhdf5lib/inst/lib/cmake/libaec/libaec-targets.cmake
-- Installing: /tmp/RtmpJN03Xy/R.INSTALL9c6421d4ff3/Rhdf5lib/inst/lib/cmake/libaec/libaec-targets-release.cmake
-- The C compiler identification is GNU 13.3.0
-- Detecting C compiler ABI info
-- Detecting C compiler ABI info - done
-- Check for working C compiler: /usr/bin/gcc - skipped
-- Detecting C compile features
-- Detecting C compile features - done
-- Final: share
-- Looking for include file sys/file.h
-- Looking for include file sys/file.h - found
-- Looking for include files sys/file.h, sys/ioctl.h
-- Looking for include files sys/file.h, sys/ioctl.h - found
-- Looking for 3 include files sys/file.h, ..., sys/resource.h
-- Looking for 3 include files sys/file.h, ..., sys/resource.h - found
-- Looking for 4 include files sys/file.h, ..., sys/socket.h
-- Looking for 4 include files sys/file.h, ..., sys/socket.h - found
-- Looking for 5 include files sys/file.h, ..., sys/stat.h
-- Looking for 5 include files sys/file.h, ..., sys/stat.h - found
-- Looking for 6 include files sys/file.h, ..., sys/time.h
-- Looking for 6 include files sys/file.h, ..., sys/time.h - found
-- Looking for 7 include files sys/file.h, ..., sys/types.h
-- Looking for 7 include files sys/file.h, ..., sys/types.h - found
-- Looking for 8 include files sys/file.h, ..., features.h
-- Looking for 8 include files sys/file.h, ..., features.h - found
-- Looking for 9 include files sys/file.h, ..., dirent.h
-- Looking for 9 include files sys/file.h, ..., dirent.h - found
-- Looking for 10 include files sys/file.h, ..., unistd.h
-- Looking for 10 include files sys/file.h, ..., unistd.h - found
-- Looking for 11 include files sys/file.h, ..., pwd.h
-- Looking for 11 include files sys/file.h, ..., pwd.h - found
-- Looking for 12 include files sys/file.h, ..., pthread.h
-- Looking for 12 include files sys/file.h, ..., pthread.h - found
-- Looking for 13 include files sys/file.h, ..., dlfcn.h
-- Looking for 13 include files sys/file.h, ..., dlfcn.h - found
-- Looking for 14 include files sys/file.h, ..., netinet/in.h
-- Looking for 14 include files sys/file.h, ..., netinet/in.h - found
-- Looking for 15 include files sys/file.h, ..., netdb.h
-- Looking for 15 include files sys/file.h, ..., netdb.h - found
-- Looking for 16 include files sys/file.h, ..., arpa/inet.h
-- Looking for 16 include files sys/file.h, ..., arpa/inet.h - found
-- Looking for include file quadmath.h
-- Looking for include file quadmath.h - found
-- Looking for ceil in m;
-- Looking for ceil in m; - found
-- Looking for dlopen in dl;m
-- Looking for dlopen in dl;m - found
-- Looking for WSAStartup in ws2_32;m;dl
-- Looking for WSAStartup in ws2_32;m;dl - not found
-- Looking for gethostbyname in wsock32;m;dl
-- Looking for gethostbyname in wsock32;m;dl - not found
-- Looking for gethostname in ucb;m;dl
-- Looking for gethostname in ucb;m;dl - not found
-- Looking for sys/types.h
-- Looking for sys/types.h - found
-- Looking for stdint.h
-- Looking for stdint.h - found
-- Looking for stddef.h
-- Looking for stddef.h - found
-- Check size of char
-- Check size of char - done
-- Check size of short
-- Check size of short - done
-- Check size of int
-- Check size of int - done
-- Check size of unsigned
-- Check size of unsigned - done
-- Check size of long
-- Check size of long - done
-- Check size of long long
-- Check size of long long - done
-- Check size of float
-- Check size of float - done
-- Check size of double
-- Check size of double - done
-- Check size of long double
-- Check size of long double - done
-- Check size of int8_t
-- Check size of int8_t - done
-- Check size of uint8_t
-- Check size of uint8_t - done
-- Check size of int_least8_t
-- Check size of int_least8_t - done
-- Check size of uint_least8_t
-- Check size of uint_least8_t - done
-- Check size of int_fast8_t
-- Check size of int_fast8_t - done
-- Check size of uint_fast8_t
-- Check size of uint_fast8_t - done
-- Check size of int16_t
-- Check size of int16_t - done
-- Check size of uint16_t
-- Check size of uint16_t - done
-- Check size of int_least16_t
-- Check size of int_least16_t - done
-- Check size of uint_least16_t
-- Check size of uint_least16_t - done
-- Check size of int_fast16_t
-- Check size of int_fast16_t - done
-- Check size of uint_fast16_t
-- Check size of uint_fast16_t - done
-- Check size of int32_t
-- Check size of int32_t - done
-- Check size of uint32_t
-- Check size of uint32_t - done
-- Check size of int_least32_t
-- Check size of int_least32_t - done
-- Check size of uint_least32_t
-- Check size of uint_least32_t - done
-- Check size of int_fast32_t
-- Check size of int_fast32_t - done
-- Check size of uint_fast32_t
-- Check size of uint_fast32_t - done
-- Check size of int64_t
-- Check size of int64_t - done
-- Check size of uint64_t
-- Check size of uint64_t - done
-- Check size of int_least64_t
-- Check size of int_least64_t - done
-- Check size of uint_least64_t
-- Check size of uint_least64_t - done
-- Check size of int_fast64_t
-- Check size of int_fast64_t - done
-- Check size of uint_fast64_t
-- Check size of uint_fast64_t - done
-- Check size of size_t
-- Check size of size_t - done
-- Check size of ssize_t
-- Check size of ssize_t - done
-- Check size of ptrdiff_t
-- Check size of ptrdiff_t - done
-- Check size of off_t
-- Check size of off_t - done
-- Check size of time_t
-- Check size of time_t - done
-- Check size of _Bool
-- Check size of _Bool - done
-- Looking for CLOCK_MONOTONIC
-- Looking for CLOCK_MONOTONIC - not found
-- Performing Test H5_HAVE_TM_GMTOFF
-- Performing Test H5_HAVE_TM_GMTOFF - Success
-- Performing Test H5_HAVE___TM_GMTOFF
-- Performing Test H5_HAVE___TM_GMTOFF - Failed
-- Performing Test H5_HAVE_STRUCT_TIMEZONE
-- Performing Test H5_HAVE_STRUCT_TIMEZONE - Failed
-- Looking for gettimeofday
-- Looking for gettimeofday - found
-- Performing Test H5_HAVE_STAT_ST_BLOCKS
-- Performing Test H5_HAVE_STAT_ST_BLOCKS - Success
-- Looking for ioctl
-- Looking for ioctl - found
-- Performing Test H5_HAVE_STRUCT_VIDEOCONFIG
-- Performing Test H5_HAVE_STRUCT_VIDEOCONFIG - Failed
-- Performing Test H5_HAVE_STRUCT_TEXT_INFO
-- Performing Test H5_HAVE_STRUCT_TEXT_INFO - Failed
-- Looking for _getvideoconfig
-- Looking for _getvideoconfig - not found
-- Looking for gettextinfo
-- Looking for gettextinfo - not found
-- Looking for _scrsize
-- Looking for _scrsize - not found
-- Looking for GetConsoleScreenBufferInfo
-- Looking for GetConsoleScreenBufferInfo - not found
-- Looking for TIOCGWINSZ
-- Looking for TIOCGWINSZ - found
-- Looking for TIOCGETD
-- Looking for TIOCGETD - found
-- Looking for alarm
-- Looking for alarm - found
-- Looking for fcntl
-- Looking for fcntl - found
-- Looking for flock
-- Looking for flock - found
-- Looking for fork
-- Looking for fork - found
-- Looking for gethostname
-- Looking for gethostname - found
-- Looking for getrusage
-- Looking for getrusage - found
-- Looking for pread
-- Looking for pread - found
-- Looking for pwrite
-- Looking for pwrite - found
-- Looking for rand_r
-- Looking for rand_r - found
-- Looking for random
-- Looking for random - found
-- Looking for strcasestr
-- Looking for strcasestr - found
-- Looking for strdup
-- Looking for strdup - found
-- Looking for symlink
-- Looking for symlink - found
-- Looking for tmpfile
-- Looking for tmpfile - found
-- Looking for asprintf
-- Looking for asprintf - found
-- Looking for vasprintf
-- Looking for vasprintf - found
-- Looking for waitpid
-- Looking for waitpid - found
-- Looking for sigsetjmp
-- Looking for sigsetjmp - found
-- Looking for clock_gettime
-- Looking for clock_gettime - found
-- Looking for clock_gettime in rt
-- Looking for clock_gettime in rt - found
-- Looking for clock_gettime in posix4
-- Looking for clock_gettime in posix4 - not found
-- Check size of CLOCK_MONOTONIC_COARSE
-- Check size of CLOCK_MONOTONIC_COARSE - done
-- Found CURL: /usr/lib/x86_64-linux-gnu/libcurl.so (found version "8.5.0")  
-- Found OpenSSL: /usr/lib/x86_64-linux-gnu/libcrypto.so (found version "3.0.13")  
-- Checking if _Float16 support is available
-- Check size of _Float16
-- Check size of _Float16 - done
-- Looking for FLT16_EPSILON
-- Looking for FLT16_EPSILON - found
-- Looking for FLT16_MIN
-- Looking for FLT16_MIN - found
-- Looking for FLT16_MAX
-- Looking for FLT16_MAX - found
-- Looking for FLT16_MIN_10_EXP
-- Looking for FLT16_MIN_10_EXP - found
-- Looking for FLT16_MAX_10_EXP
-- Looking for FLT16_MAX_10_EXP - found
-- Looking for FLT16_MANT_DIG
-- Looking for FLT16_MANT_DIG - found
-- Looking for fabsf16
-- Looking for fabsf16 - not found
-- Found Perl: /usr/bin/perl (found version "5.38.2") 
-- ... disable color and URL extended diagnostic messages
-- ....All Warnings are enabled
-- Found ZLIB: /usr/lib/x86_64-linux-gnu/libz.so (found version "1.3")  
-- The CXX compiler identification is GNU 13.3.0
-- Detecting CXX compiler ABI info
-- Detecting CXX compiler ABI info - done
-- Check for working CXX compiler: /usr/bin/g++ - skipped
-- Detecting CXX compile features
-- Detecting CXX compile features - done
-- ... disable color and URL extended diagnostic messages
-- ....All Warnings are enabled
-- Configuring done (16.3s)
-- Generating done (0.1s)
CMake Warning:
  Manually-specified variables were not used by the project:

    HDF5_BUILD_EXAMPLES


-- Build files have been written to: /tmp/RtmpJN03Xy/R.INSTALL9c6421d4ff3/Rhdf5lib/_build_hdf5
[  0%] Building C object src/CMakeFiles/hdf5-static.dir/H5.c.o
[  0%] Building C object src/CMakeFiles/hdf5-static.dir/H5build_settings.c.o
[  0%] Building C object src/CMakeFiles/hdf5-static.dir/H5checksum.c.o
[  1%] Building C object src/CMakeFiles/hdf5-static.dir/H5dbg.c.o
[  1%] Building C object src/CMakeFiles/hdf5-static.dir/H5mpi.c.o
[  1%] Building C object src/CMakeFiles/hdf5-static.dir/H5system.c.o
[  1%] Building C object src/CMakeFiles/hdf5-static.dir/H5timer.c.o
[  2%] Building C object src/CMakeFiles/hdf5-static.dir/H5trace.c.o
[  2%] Building C object src/CMakeFiles/hdf5-static.dir/H5A.c.o
[  2%] Building C object src/CMakeFiles/hdf5-static.dir/H5Abtree2.c.o
[  2%] Building C object src/CMakeFiles/hdf5-static.dir/H5Adense.c.o
[  3%] Building C object src/CMakeFiles/hdf5-static.dir/H5Adeprec.c.o
[  3%] Building C object src/CMakeFiles/hdf5-static.dir/H5Aint.c.o
[  3%] Building C object src/CMakeFiles/hdf5-static.dir/H5Atest.c.o
[  3%] Building C object src/CMakeFiles/hdf5-static.dir/H5AC.c.o
[  4%] Building C object src/CMakeFiles/hdf5-static.dir/H5ACdbg.c.o
[  4%] Building C object src/CMakeFiles/hdf5-static.dir/H5ACmpio.c.o
[  4%] Building C object src/CMakeFiles/hdf5-static.dir/H5ACproxy_entry.c.o
[  4%] Building C object src/CMakeFiles/hdf5-static.dir/H5B.c.o
[  5%] Building C object src/CMakeFiles/hdf5-static.dir/H5Bcache.c.o
[  5%] Building C object src/CMakeFiles/hdf5-static.dir/H5Bdbg.c.o
[  5%] Building C object src/CMakeFiles/hdf5-static.dir/H5B2.c.o
[  5%] Building C object src/CMakeFiles/hdf5-static.dir/H5B2cache.c.o
[  6%] Building C object src/CMakeFiles/hdf5-static.dir/H5B2dbg.c.o
[  6%] Building C object src/CMakeFiles/hdf5-static.dir/H5B2hdr.c.o
[  6%] Building C object src/CMakeFiles/hdf5-static.dir/H5B2int.c.o
[  6%] Building C object src/CMakeFiles/hdf5-static.dir/H5B2internal.c.o
[  7%] Building C object src/CMakeFiles/hdf5-static.dir/H5B2leaf.c.o
[  7%] Building C object src/CMakeFiles/hdf5-static.dir/H5B2stat.c.o
[  7%] Building C object src/CMakeFiles/hdf5-static.dir/H5B2test.c.o
[  7%] Building C object src/CMakeFiles/hdf5-static.dir/H5C.c.o
[  8%] Building C object src/CMakeFiles/hdf5-static.dir/H5Cdbg.c.o
[  8%] Building C object src/CMakeFiles/hdf5-static.dir/H5Centry.c.o
[  8%] Building C object src/CMakeFiles/hdf5-static.dir/H5Cepoch.c.o
[  8%] Building C object src/CMakeFiles/hdf5-static.dir/H5Cimage.c.o
[  9%] Building C object src/CMakeFiles/hdf5-static.dir/H5Cint.c.o
[  9%] Building C object src/CMakeFiles/hdf5-static.dir/H5Clog.c.o
[  9%] Building C object src/CMakeFiles/hdf5-static.dir/H5Clog_json.c.o
[  9%] Building C object src/CMakeFiles/hdf5-static.dir/H5Clog_trace.c.o
[ 10%] Building C object src/CMakeFiles/hdf5-static.dir/H5Cmpio.c.o
[ 10%] Building C object src/CMakeFiles/hdf5-static.dir/H5Cprefetched.c.o
[ 10%] Building C object src/CMakeFiles/hdf5-static.dir/H5Cquery.c.o
[ 10%] Building C object src/CMakeFiles/hdf5-static.dir/H5Ctag.c.o
[ 11%] Building C object src/CMakeFiles/hdf5-static.dir/H5Ctest.c.o
[ 11%] Building C object src/CMakeFiles/hdf5-static.dir/H5CX.c.o
[ 11%] Building C object src/CMakeFiles/hdf5-static.dir/H5D.c.o
[ 11%] Building C object src/CMakeFiles/hdf5-static.dir/H5Dbtree.c.o
[ 12%] Building C object src/CMakeFiles/hdf5-static.dir/H5Dbtree2.c.o
[ 12%] Building C object src/CMakeFiles/hdf5-static.dir/H5Dchunk.c.o
[ 12%] Building C object src/CMakeFiles/hdf5-static.dir/H5Dcompact.c.o
[ 12%] Building C object src/CMakeFiles/hdf5-static.dir/H5Dcontig.c.o
[ 13%] Building C object src/CMakeFiles/hdf5-static.dir/H5Ddbg.c.o
[ 13%] Building C object src/CMakeFiles/hdf5-static.dir/H5Ddeprec.c.o
[ 13%] Building C object src/CMakeFiles/hdf5-static.dir/H5Dearray.c.o
[ 13%] Building C object src/CMakeFiles/hdf5-static.dir/H5Defl.c.o
[ 14%] Building C object src/CMakeFiles/hdf5-static.dir/H5Dfarray.c.o
[ 14%] Building C object src/CMakeFiles/hdf5-static.dir/H5Dfill.c.o
[ 14%] Building C object src/CMakeFiles/hdf5-static.dir/H5Dint.c.o
[ 14%] Building C object src/CMakeFiles/hdf5-static.dir/H5Dio.c.o
[ 15%] Building C object src/CMakeFiles/hdf5-static.dir/H5Dlayout.c.o
[ 15%] Building C object src/CMakeFiles/hdf5-static.dir/H5Dmpio.c.o
[ 15%] Building C object src/CMakeFiles/hdf5-static.dir/H5Dnone.c.o
[ 15%] Building C object src/CMakeFiles/hdf5-static.dir/H5Doh.c.o
[ 16%] Building C object src/CMakeFiles/hdf5-static.dir/H5Dscatgath.c.o
[ 16%] Building C object src/CMakeFiles/hdf5-static.dir/H5Dselect.c.o
[ 16%] Building C object src/CMakeFiles/hdf5-static.dir/H5Dsingle.c.o
[ 17%] Building C object src/CMakeFiles/hdf5-static.dir/H5Dtest.c.o
[ 17%] Building C object src/CMakeFiles/hdf5-static.dir/H5Dvirtual.c.o
[ 17%] Building C object src/CMakeFiles/hdf5-static.dir/H5E.c.o
[ 17%] Building C object src/CMakeFiles/hdf5-static.dir/H5Edeprec.c.o
[ 18%] Building C object src/CMakeFiles/hdf5-static.dir/H5Eint.c.o
[ 18%] Building C object src/CMakeFiles/hdf5-static.dir/H5EA.c.o
[ 18%] Building C object src/CMakeFiles/hdf5-static.dir/H5EAcache.c.o
[ 18%] Building C object src/CMakeFiles/hdf5-static.dir/H5EAdbg.c.o
[ 19%] Building C object src/CMakeFiles/hdf5-static.dir/H5EAdblkpage.c.o
[ 19%] Building C object src/CMakeFiles/hdf5-static.dir/H5EAdblock.c.o
[ 19%] Building C object src/CMakeFiles/hdf5-static.dir/H5EAhdr.c.o
[ 19%] Building C object src/CMakeFiles/hdf5-static.dir/H5EAiblock.c.o
[ 20%] Building C object src/CMakeFiles/hdf5-static.dir/H5EAint.c.o
[ 20%] Building C object src/CMakeFiles/hdf5-static.dir/H5EAsblock.c.o
[ 20%] Building C object src/CMakeFiles/hdf5-static.dir/H5EAstat.c.o
[ 20%] Building C object src/CMakeFiles/hdf5-static.dir/H5EAtest.c.o
[ 21%] Building C object src/CMakeFiles/hdf5-static.dir/H5ES.c.o
[ 21%] Building C object src/CMakeFiles/hdf5-static.dir/H5ESevent.c.o
[ 21%] Building C object src/CMakeFiles/hdf5-static.dir/H5ESint.c.o
[ 21%] Building C object src/CMakeFiles/hdf5-static.dir/H5ESlist.c.o
[ 22%] Building C object src/CMakeFiles/hdf5-static.dir/H5F.c.o
[ 22%] Building C object src/CMakeFiles/hdf5-static.dir/H5Faccum.c.o
[ 22%] Building C object src/CMakeFiles/hdf5-static.dir/H5Fcwfs.c.o
[ 22%] Building C object src/CMakeFiles/hdf5-static.dir/H5Fdbg.c.o
[ 23%] Building C object src/CMakeFiles/hdf5-static.dir/H5Fdeprec.c.o
[ 23%] Building C object src/CMakeFiles/hdf5-static.dir/H5Fefc.c.o
[ 23%] Building C object src/CMakeFiles/hdf5-static.dir/H5Ffake.c.o
[ 23%] Building C object src/CMakeFiles/hdf5-static.dir/H5Fint.c.o
[ 24%] Building C object src/CMakeFiles/hdf5-static.dir/H5Fio.c.o
[ 24%] Building C object src/CMakeFiles/hdf5-static.dir/H5Fmount.c.o
[ 24%] Building C object src/CMakeFiles/hdf5-static.dir/H5Fmpi.c.o
[ 24%] Building C object src/CMakeFiles/hdf5-static.dir/H5Fquery.c.o
[ 25%] Building C object src/CMakeFiles/hdf5-static.dir/H5Fsfile.c.o
[ 25%] Building C object src/CMakeFiles/hdf5-static.dir/H5Fspace.c.o
[ 25%] Building C object src/CMakeFiles/hdf5-static.dir/H5Fsuper.c.o
[ 25%] Building C object src/CMakeFiles/hdf5-static.dir/H5Fsuper_cache.c.o
[ 26%] Building C object src/CMakeFiles/hdf5-static.dir/H5Ftest.c.o
[ 26%] Building C object src/CMakeFiles/hdf5-static.dir/H5FA.c.o
[ 26%] Building C object src/CMakeFiles/hdf5-static.dir/H5FAcache.c.o
[ 26%] Building C object src/CMakeFiles/hdf5-static.dir/H5FAdbg.c.o
[ 27%] Building C object src/CMakeFiles/hdf5-static.dir/H5FAdblkpage.c.o
[ 27%] Building C object src/CMakeFiles/hdf5-static.dir/H5FAdblock.c.o
[ 27%] Building C object src/CMakeFiles/hdf5-static.dir/H5FAhdr.c.o
[ 27%] Building C object src/CMakeFiles/hdf5-static.dir/H5FAint.c.o
[ 28%] Building C object src/CMakeFiles/hdf5-static.dir/H5FAstat.c.o
[ 28%] Building C object src/CMakeFiles/hdf5-static.dir/H5FAtest.c.o
[ 28%] Building C object src/CMakeFiles/hdf5-static.dir/H5FD.c.o
[ 28%] Building C object src/CMakeFiles/hdf5-static.dir/H5FDcore.c.o
[ 29%] Building C object src/CMakeFiles/hdf5-static.dir/H5FDdirect.c.o
[ 29%] Building C object src/CMakeFiles/hdf5-static.dir/H5FDfamily.c.o
[ 29%] Building C object src/CMakeFiles/hdf5-static.dir/H5FDhdfs.c.o
[ 29%] Building C object src/CMakeFiles/hdf5-static.dir/H5FDint.c.o
[ 30%] Building C object src/CMakeFiles/hdf5-static.dir/H5FDlog.c.o
[ 30%] Building C object src/CMakeFiles/hdf5-static.dir/H5FDmirror.c.o
[ 30%] Building C object src/CMakeFiles/hdf5-static.dir/H5FDmpi.c.o
[ 30%] Building C object src/CMakeFiles/hdf5-static.dir/H5FDmpio.c.o
[ 31%] Building C object src/CMakeFiles/hdf5-static.dir/H5FDmulti.c.o
[ 31%] Building C object src/CMakeFiles/hdf5-static.dir/H5FDonion.c.o
[ 31%] Building C object src/CMakeFiles/hdf5-static.dir/H5FDonion_header.c.o
[ 31%] Building C object src/CMakeFiles/hdf5-static.dir/H5FDonion_history.c.o
[ 32%] Building C object src/CMakeFiles/hdf5-static.dir/H5FDonion_index.c.o
[ 32%] Building C object src/CMakeFiles/hdf5-static.dir/H5FDperform.c.o
[ 32%] Building C object src/CMakeFiles/hdf5-static.dir/H5FDros3.c.o
[ 32%] Building C object src/CMakeFiles/hdf5-static.dir/H5FDs3comms.c.o
/tmp/RtmpJN03Xy/R.INSTALL9c6421d4ff3/Rhdf5lib/vendor/hdf5/src/H5FDs3comms.c: In function ‘H5FD__s3comms_load_aws_creds_from_file’:
/tmp/RtmpJN03Xy/R.INSTALL9c6421d4ff3/Rhdf5lib/vendor/hdf5/src/H5FDs3comms.c:1825:17: warning: ‘__builtin_strncpy’ specified bound depends on the length of the source argument [-Wstringop-truncation]
 1825 |                 strncpy(setting_pointers[setting_i], (const char *)line_buffer, strlen(line_buffer));
      |                 ^
/tmp/RtmpJN03Xy/R.INSTALL9c6421d4ff3/Rhdf5lib/vendor/hdf5/src/H5FDs3comms.c:1825:17: note: length computed here
 1825 |                 strncpy(setting_pointers[setting_i], (const char *)line_buffer, strlen(line_buffer));
      |                 ^~~~~~~~~~~~~~~~~~~~~~~~~~~~~~~~~~~~~~~~~~~~~~~~~~~~~~~~~~~~~~~~~~~~~~~~~~~~~~~~~~~~
In file included from /usr/include/string.h:548,
                 from /tmp/RtmpJN03Xy/R.INSTALL9c6421d4ff3/Rhdf5lib/vendor/hdf5/src/H5private.h:34,
                 from /tmp/RtmpJN03Xy/R.INSTALL9c6421d4ff3/Rhdf5lib/vendor/hdf5/src/H5FDs3comms.c:38:
In function ‘strncpy’,
    inlined from ‘H5FD_s3comms_parse_url’ at /tmp/RtmpJN03Xy/R.INSTALL9c6421d4ff3/Rhdf5lib/vendor/hdf5/src/H5FDs3comms.c:2008:5:
/usr/include/x86_64-linux-gnu/bits/string_fortified.h:95:10: warning: ‘__builtin_strncpy’ destination unchanged after copying no bytes [-Wstringop-truncation]
   95 |   return __builtin___strncpy_chk (__dest, __src, __len,
      |          ^~~~~~~~~~~~~~~~~~~~~~~~~~~~~~~~~~~~~~~~~~~~~~
   96 |                                   __glibc_objsize (__dest));
      |                                   ~~~~~~~~~~~~~~~~~~~~~~~~~
[ 33%] Building C object src/CMakeFiles/hdf5-static.dir/H5FDsec2.c.o
[ 33%] Building C object src/CMakeFiles/hdf5-static.dir/H5FDspace.c.o
[ 33%] Building C object src/CMakeFiles/hdf5-static.dir/H5FDsplitter.c.o
[ 34%] Building C object src/CMakeFiles/hdf5-static.dir/H5FDstdio.c.o
[ 34%] Building C object src/CMakeFiles/hdf5-static.dir/H5FDtest.c.o
[ 34%] Building C object src/CMakeFiles/hdf5-static.dir/H5FDwindows.c.o
[ 34%] Building C object src/CMakeFiles/hdf5-static.dir/H5FL.c.o
[ 35%] Building C object src/CMakeFiles/hdf5-static.dir/H5FO.c.o
[ 35%] Building C object src/CMakeFiles/hdf5-static.dir/H5FS.c.o
[ 35%] Building C object src/CMakeFiles/hdf5-static.dir/H5FScache.c.o
[ 35%] Building C object src/CMakeFiles/hdf5-static.dir/H5FSdbg.c.o
[ 36%] Building C object src/CMakeFiles/hdf5-static.dir/H5FSint.c.o
[ 36%] Building C object src/CMakeFiles/hdf5-static.dir/H5FSsection.c.o
[ 36%] Building C object src/CMakeFiles/hdf5-static.dir/H5FSstat.c.o
[ 36%] Building C object src/CMakeFiles/hdf5-static.dir/H5FStest.c.o
[ 37%] Building C object src/CMakeFiles/hdf5-static.dir/H5G.c.o
[ 37%] Building C object src/CMakeFiles/hdf5-static.dir/H5Gbtree2.c.o
[ 37%] Building C object src/CMakeFiles/hdf5-static.dir/H5Gcache.c.o
[ 37%] Building C object src/CMakeFiles/hdf5-static.dir/H5Gcompact.c.o
[ 38%] Building C object src/CMakeFiles/hdf5-static.dir/H5Gdense.c.o
[ 38%] Building C object src/CMakeFiles/hdf5-static.dir/H5Gdeprec.c.o
[ 38%] Building C object src/CMakeFiles/hdf5-static.dir/H5Gent.c.o
[ 38%] Building C object src/CMakeFiles/hdf5-static.dir/H5Gint.c.o
[ 39%] Building C object src/CMakeFiles/hdf5-static.dir/H5Glink.c.o
[ 39%] Building C object src/CMakeFiles/hdf5-static.dir/H5Gloc.c.o
[ 39%] Building C object src/CMakeFiles/hdf5-static.dir/H5Gname.c.o
[ 39%] Building C object src/CMakeFiles/hdf5-static.dir/H5Gnode.c.o
[ 40%] Building C object src/CMakeFiles/hdf5-static.dir/H5Gobj.c.o
[ 40%] Building C object src/CMakeFiles/hdf5-static.dir/H5Goh.c.o
[ 40%] Building C object src/CMakeFiles/hdf5-static.dir/H5Groot.c.o
[ 40%] Building C object src/CMakeFiles/hdf5-static.dir/H5Gstab.c.o
[ 41%] Building C object src/CMakeFiles/hdf5-static.dir/H5Gtest.c.o
[ 41%] Building C object src/CMakeFiles/hdf5-static.dir/H5Gtraverse.c.o
[ 41%] Building C object src/CMakeFiles/hdf5-static.dir/H5HF.c.o
[ 41%] Building C object src/CMakeFiles/hdf5-static.dir/H5HFbtree2.c.o
[ 42%] Building C object src/CMakeFiles/hdf5-static.dir/H5HFcache.c.o
[ 42%] Building C object src/CMakeFiles/hdf5-static.dir/H5HFdbg.c.o
[ 42%] Building C object src/CMakeFiles/hdf5-static.dir/H5HFdblock.c.o
[ 42%] Building C object src/CMakeFiles/hdf5-static.dir/H5HFdtable.c.o
[ 43%] Building C object src/CMakeFiles/hdf5-static.dir/H5HFhdr.c.o
[ 43%] Building C object src/CMakeFiles/hdf5-static.dir/H5HFhuge.c.o
[ 43%] Building C object src/CMakeFiles/hdf5-static.dir/H5HFiblock.c.o
[ 43%] Building C object src/CMakeFiles/hdf5-static.dir/H5HFiter.c.o
[ 44%] Building C object src/CMakeFiles/hdf5-static.dir/H5HFman.c.o
[ 44%] Building C object src/CMakeFiles/hdf5-static.dir/H5HFsection.c.o
[ 44%] Building C object src/CMakeFiles/hdf5-static.dir/H5HFspace.c.o
[ 44%] Building C object src/CMakeFiles/hdf5-static.dir/H5HFstat.c.o
[ 45%] Building C object src/CMakeFiles/hdf5-static.dir/H5HFtest.c.o
[ 45%] Building C object src/CMakeFiles/hdf5-static.dir/H5HFtiny.c.o
[ 45%] Building C object src/CMakeFiles/hdf5-static.dir/H5HG.c.o
[ 45%] Building C object src/CMakeFiles/hdf5-static.dir/H5HGcache.c.o
[ 46%] Building C object src/CMakeFiles/hdf5-static.dir/H5HGdbg.c.o
[ 46%] Building C object src/CMakeFiles/hdf5-static.dir/H5HGquery.c.o
[ 46%] Building C object src/CMakeFiles/hdf5-static.dir/H5HL.c.o
[ 46%] Building C object src/CMakeFiles/hdf5-static.dir/H5HLcache.c.o
[ 47%] Building C object src/CMakeFiles/hdf5-static.dir/H5HLdbg.c.o
[ 47%] Building C object src/CMakeFiles/hdf5-static.dir/H5HLdblk.c.o
[ 47%] Building C object src/CMakeFiles/hdf5-static.dir/H5HLint.c.o
[ 47%] Building C object src/CMakeFiles/hdf5-static.dir/H5HLprfx.c.o
[ 48%] Building C object src/CMakeFiles/hdf5-static.dir/H5I.c.o
[ 48%] Building C object src/CMakeFiles/hdf5-static.dir/H5Idbg.c.o
[ 48%] Building C object src/CMakeFiles/hdf5-static.dir/H5Iint.c.o
[ 48%] Building C object src/CMakeFiles/hdf5-static.dir/H5Itest.c.o
[ 49%] Building C object src/CMakeFiles/hdf5-static.dir/H5L.c.o
[ 49%] Building C object src/CMakeFiles/hdf5-static.dir/H5Ldeprec.c.o
[ 49%] Building C object src/CMakeFiles/hdf5-static.dir/H5Lexternal.c.o
[ 50%] Building C object src/CMakeFiles/hdf5-static.dir/H5Lint.c.o
[ 50%] Building C object src/CMakeFiles/hdf5-static.dir/H5M.c.o
[ 50%] Building C object src/CMakeFiles/hdf5-static.dir/H5MF.c.o
[ 50%] Building C object src/CMakeFiles/hdf5-static.dir/H5MFaggr.c.o
[ 51%] Building C object src/CMakeFiles/hdf5-static.dir/H5MFdbg.c.o
[ 51%] Building C object src/CMakeFiles/hdf5-static.dir/H5MFsection.c.o
[ 51%] Building C object src/CMakeFiles/hdf5-static.dir/H5MM.c.o
[ 51%] Building C object src/CMakeFiles/hdf5-static.dir/H5O.c.o
[ 52%] Building C object src/CMakeFiles/hdf5-static.dir/H5Oainfo.c.o
[ 52%] Building C object src/CMakeFiles/hdf5-static.dir/H5Oalloc.c.o
[ 52%] Building C object src/CMakeFiles/hdf5-static.dir/H5Oattr.c.o
[ 52%] Building C object src/CMakeFiles/hdf5-static.dir/H5Oattribute.c.o
[ 53%] Building C object src/CMakeFiles/hdf5-static.dir/H5Obogus.c.o
[ 53%] Building C object src/CMakeFiles/hdf5-static.dir/H5Obtreek.c.o
[ 53%] Building C object src/CMakeFiles/hdf5-static.dir/H5Ocache.c.o
[ 53%] Building C object src/CMakeFiles/hdf5-static.dir/H5Ocache_image.c.o
[ 54%] Building C object src/CMakeFiles/hdf5-static.dir/H5Ochunk.c.o
[ 54%] Building C object src/CMakeFiles/hdf5-static.dir/H5Ocont.c.o
[ 54%] Building C object src/CMakeFiles/hdf5-static.dir/H5Ocopy.c.o
[ 54%] Building C object src/CMakeFiles/hdf5-static.dir/H5Ocopy_ref.c.o
[ 55%] Building C object src/CMakeFiles/hdf5-static.dir/H5Odbg.c.o
[ 55%] Building C object src/CMakeFiles/hdf5-static.dir/H5Odeprec.c.o
[ 55%] Building C object src/CMakeFiles/hdf5-static.dir/H5Odrvinfo.c.o
[ 55%] Building C object src/CMakeFiles/hdf5-static.dir/H5Odtype.c.o
[ 56%] Building C object src/CMakeFiles/hdf5-static.dir/H5Oefl.c.o
[ 56%] Building C object src/CMakeFiles/hdf5-static.dir/H5Ofill.c.o
[ 56%] Building C object src/CMakeFiles/hdf5-static.dir/H5Oflush.c.o
[ 56%] Building C object src/CMakeFiles/hdf5-static.dir/H5Ofsinfo.c.o
[ 57%] Building C object src/CMakeFiles/hdf5-static.dir/H5Oginfo.c.o
[ 57%] Building C object src/CMakeFiles/hdf5-static.dir/H5Oint.c.o
[ 57%] Building C object src/CMakeFiles/hdf5-static.dir/H5Olayout.c.o
[ 57%] Building C object src/CMakeFiles/hdf5-static.dir/H5Olinfo.c.o
[ 58%] Building C object src/CMakeFiles/hdf5-static.dir/H5Olink.c.o
[ 58%] Building C object src/CMakeFiles/hdf5-static.dir/H5Omessage.c.o
[ 58%] Building C object src/CMakeFiles/hdf5-static.dir/H5Omtime.c.o
[ 58%] Building C object src/CMakeFiles/hdf5-static.dir/H5Oname.c.o
[ 59%] Building C object src/CMakeFiles/hdf5-static.dir/H5Onull.c.o
[ 59%] Building C object src/CMakeFiles/hdf5-static.dir/H5Opline.c.o
[ 59%] Building C object src/CMakeFiles/hdf5-static.dir/H5Orefcount.c.o
[ 59%] Building C object src/CMakeFiles/hdf5-static.dir/H5Osdspace.c.o
[ 60%] Building C object src/CMakeFiles/hdf5-static.dir/H5Oshared.c.o
[ 60%] Building C object src/CMakeFiles/hdf5-static.dir/H5Oshmesg.c.o
[ 60%] Building C object src/CMakeFiles/hdf5-static.dir/H5Ostab.c.o
[ 60%] Building C object src/CMakeFiles/hdf5-static.dir/H5Otest.c.o
[ 61%] Building C object src/CMakeFiles/hdf5-static.dir/H5Ounknown.c.o
[ 61%] Building C object src/CMakeFiles/hdf5-static.dir/H5P.c.o
[ 61%] Building C object src/CMakeFiles/hdf5-static.dir/H5Pacpl.c.o
[ 61%] Building C object src/CMakeFiles/hdf5-static.dir/H5Pdapl.c.o
[ 62%] Building C object src/CMakeFiles/hdf5-static.dir/H5Pdcpl.c.o
[ 62%] Building C object src/CMakeFiles/hdf5-static.dir/H5Pdeprec.c.o
[ 62%] Building C object src/CMakeFiles/hdf5-static.dir/H5Pdxpl.c.o
[ 62%] Building C object src/CMakeFiles/hdf5-static.dir/H5Pencdec.c.o
[ 63%] Building C object src/CMakeFiles/hdf5-static.dir/H5Pfapl.c.o
[ 63%] Building C object src/CMakeFiles/hdf5-static.dir/H5Pfcpl.c.o
[ 63%] Building C object src/CMakeFiles/hdf5-static.dir/H5Pfmpl.c.o
[ 63%] Building C object src/CMakeFiles/hdf5-static.dir/H5Pgcpl.c.o
[ 64%] Building C object src/CMakeFiles/hdf5-static.dir/H5Pint.c.o
[ 64%] Building C object src/CMakeFiles/hdf5-static.dir/H5Plapl.c.o
[ 64%] Building C object src/CMakeFiles/hdf5-static.dir/H5Plcpl.c.o
[ 64%] Building C object src/CMakeFiles/hdf5-static.dir/H5Pmapl.c.o
[ 65%] Building C object src/CMakeFiles/hdf5-static.dir/H5Pmcpl.c.o
[ 65%] Building C object src/CMakeFiles/hdf5-static.dir/H5Pocpl.c.o
[ 65%] Building C object src/CMakeFiles/hdf5-static.dir/H5Pocpypl.c.o
[ 65%] Building C object src/CMakeFiles/hdf5-static.dir/H5Pstrcpl.c.o
[ 66%] Building C object src/CMakeFiles/hdf5-static.dir/H5Ptest.c.o
[ 66%] Building C object src/CMakeFiles/hdf5-static.dir/H5PB.c.o
[ 66%] Building C object src/CMakeFiles/hdf5-static.dir/H5PL.c.o
[ 67%] Building C object src/CMakeFiles/hdf5-static.dir/H5PLint.c.o
[ 67%] Building C object src/CMakeFiles/hdf5-static.dir/H5PLpath.c.o
[ 67%] Building C object src/CMakeFiles/hdf5-static.dir/H5PLplugin_cache.c.o
[ 67%] Building C object src/CMakeFiles/hdf5-static.dir/H5R.c.o
[ 68%] Building C object src/CMakeFiles/hdf5-static.dir/H5Rdeprec.c.o
[ 68%] Building C object src/CMakeFiles/hdf5-static.dir/H5Rint.c.o
[ 68%] Building C object src/CMakeFiles/hdf5-static.dir/H5UC.c.o
[ 68%] Building C object src/CMakeFiles/hdf5-static.dir/H5RS.c.o
[ 69%] Building C object src/CMakeFiles/hdf5-static.dir/H5S.c.o
[ 69%] Building C object src/CMakeFiles/hdf5-static.dir/H5Sall.c.o
[ 69%] Building C object src/CMakeFiles/hdf5-static.dir/H5Sdbg.c.o
[ 69%] Building C object src/CMakeFiles/hdf5-static.dir/H5Sdeprec.c.o
[ 70%] Building C object src/CMakeFiles/hdf5-static.dir/H5Shyper.c.o
[ 70%] Building C object src/CMakeFiles/hdf5-static.dir/H5Smpio.c.o
[ 70%] Building C object src/CMakeFiles/hdf5-static.dir/H5Snone.c.o
[ 70%] Building C object src/CMakeFiles/hdf5-static.dir/H5Spoint.c.o
[ 71%] Building C object src/CMakeFiles/hdf5-static.dir/H5Sselect.c.o
[ 71%] Building C object src/CMakeFiles/hdf5-static.dir/H5Stest.c.o
[ 71%] Building C object src/CMakeFiles/hdf5-static.dir/H5SL.c.o
[ 71%] Building C object src/CMakeFiles/hdf5-static.dir/H5SM.c.o
[ 72%] Building C object src/CMakeFiles/hdf5-static.dir/H5SMbtree2.c.o
[ 72%] Building C object src/CMakeFiles/hdf5-static.dir/H5SMcache.c.o
[ 72%] Building C object src/CMakeFiles/hdf5-static.dir/H5SMmessage.c.o
[ 72%] Building C object src/CMakeFiles/hdf5-static.dir/H5SMtest.c.o
[ 73%] Building C object src/CMakeFiles/hdf5-static.dir/H5T.c.o
[ 73%] Building C object src/CMakeFiles/hdf5-static.dir/H5Tarray.c.o
[ 73%] Building C object src/CMakeFiles/hdf5-static.dir/H5Tbit.c.o
[ 73%] Building C object src/CMakeFiles/hdf5-static.dir/H5Tcommit.c.o
[ 74%] Building C object src/CMakeFiles/hdf5-static.dir/H5Tcompound.c.o
[ 74%] Building C object src/CMakeFiles/hdf5-static.dir/H5Tconv.c.o
[ 74%] Building C object src/CMakeFiles/hdf5-static.dir/H5Tconv_integer.c.o
[ 74%] Building C object src/CMakeFiles/hdf5-static.dir/H5Tconv_float.c.o
[ 75%] Building C object src/CMakeFiles/hdf5-static.dir/H5Tconv_string.c.o
[ 75%] Building C object src/CMakeFiles/hdf5-static.dir/H5Tconv_bitfield.c.o
[ 75%] Building C object src/CMakeFiles/hdf5-static.dir/H5Tconv_compound.c.o
[ 75%] Building C object src/CMakeFiles/hdf5-static.dir/H5Tconv_reference.c.o
[ 76%] Building C object src/CMakeFiles/hdf5-static.dir/H5Tconv_enum.c.o
[ 76%] Building C object src/CMakeFiles/hdf5-static.dir/H5Tconv_vlen.c.o
[ 76%] Building C object src/CMakeFiles/hdf5-static.dir/H5Tconv_array.c.o
[ 76%] Building C object src/CMakeFiles/hdf5-static.dir/H5Tcset.c.o
[ 77%] Building C object src/CMakeFiles/hdf5-static.dir/H5Tdbg.c.o
[ 77%] Building C object src/CMakeFiles/hdf5-static.dir/H5Tdeprec.c.o
[ 77%] Building C object src/CMakeFiles/hdf5-static.dir/H5Tenum.c.o
[ 77%] Building C object src/CMakeFiles/hdf5-static.dir/H5Tfields.c.o
[ 78%] Building C object src/CMakeFiles/hdf5-static.dir/H5Tfixed.c.o
[ 78%] Building C object src/CMakeFiles/hdf5-static.dir/H5Tfloat.c.o
[ 78%] Building C object src/CMakeFiles/hdf5-static.dir/H5Tinit_float.c.o
[ 78%] Building C object src/CMakeFiles/hdf5-static.dir/H5Tnative.c.o
[ 79%] Building C object src/CMakeFiles/hdf5-static.dir/H5Toffset.c.o
[ 79%] Building C object src/CMakeFiles/hdf5-static.dir/H5Toh.c.o
[ 79%] Building C object src/CMakeFiles/hdf5-static.dir/H5Topaque.c.o
[ 79%] Building C object src/CMakeFiles/hdf5-static.dir/H5Torder.c.o
[ 80%] Building C object src/CMakeFiles/hdf5-static.dir/H5Tpad.c.o
[ 80%] Building C object src/CMakeFiles/hdf5-static.dir/H5Tprecis.c.o
[ 80%] Building C object src/CMakeFiles/hdf5-static.dir/H5Tref.c.o
[ 80%] Building C object src/CMakeFiles/hdf5-static.dir/H5Tstrpad.c.o
[ 81%] Building C object src/CMakeFiles/hdf5-static.dir/H5Tvisit.c.o
[ 81%] Building C object src/CMakeFiles/hdf5-static.dir/H5Tvlen.c.o
[ 81%] Building C object src/CMakeFiles/hdf5-static.dir/H5TS.c.o
[ 81%] Building C object src/CMakeFiles/hdf5-static.dir/H5VL.c.o
[ 82%] Building C object src/CMakeFiles/hdf5-static.dir/H5VLcallback.c.o
[ 82%] Building C object src/CMakeFiles/hdf5-static.dir/H5VLdyn_ops.c.o
[ 82%] Building C object src/CMakeFiles/hdf5-static.dir/H5VLint.c.o
[ 82%] Building C object src/CMakeFiles/hdf5-static.dir/H5VLnative.c.o
[ 83%] Building C object src/CMakeFiles/hdf5-static.dir/H5VLnative_attr.c.o
[ 83%] Building C object src/CMakeFiles/hdf5-static.dir/H5VLnative_blob.c.o
[ 83%] Building C object src/CMakeFiles/hdf5-static.dir/H5VLnative_dataset.c.o
[ 84%] Building C object src/CMakeFiles/hdf5-static.dir/H5VLnative_datatype.c.o
[ 84%] Building C object src/CMakeFiles/hdf5-static.dir/H5VLnative_file.c.o
[ 84%] Building C object src/CMakeFiles/hdf5-static.dir/H5VLnative_group.c.o
[ 84%] Building C object src/CMakeFiles/hdf5-static.dir/H5VLnative_link.c.o
[ 85%] Building C object src/CMakeFiles/hdf5-static.dir/H5VLnative_introspect.c.o
[ 85%] Building C object src/CMakeFiles/hdf5-static.dir/H5VLnative_object.c.o
[ 85%] Building C object src/CMakeFiles/hdf5-static.dir/H5VLnative_token.c.o
[ 85%] Building C object src/CMakeFiles/hdf5-static.dir/H5VLpassthru.c.o
[ 86%] Building C object src/CMakeFiles/hdf5-static.dir/H5VLtest.c.o
[ 86%] Building C object src/CMakeFiles/hdf5-static.dir/H5VM.c.o
[ 86%] Building C object src/CMakeFiles/hdf5-static.dir/H5WB.c.o
[ 86%] Building C object src/CMakeFiles/hdf5-static.dir/H5Z.c.o
[ 87%] Building C object src/CMakeFiles/hdf5-static.dir/H5Zdeflate.c.o
[ 87%] Building C object src/CMakeFiles/hdf5-static.dir/H5Zfletcher32.c.o
[ 87%] Building C object src/CMakeFiles/hdf5-static.dir/H5Znbit.c.o
[ 87%] Building C object src/CMakeFiles/hdf5-static.dir/H5Zscaleoffset.c.o
[ 88%] Building C object src/CMakeFiles/hdf5-static.dir/H5Zshuffle.c.o
[ 88%] Building C object src/CMakeFiles/hdf5-static.dir/H5Zszip.c.o
[ 88%] Building C object src/CMakeFiles/hdf5-static.dir/H5Ztrans.c.o
[ 88%] Linking C static library ../bin/libhdf5.a
[ 88%] Built target hdf5-static
[ 89%] Building C object hl/src/CMakeFiles/hdf5_hl-static.dir/H5DO.c.o
[ 89%] Building C object hl/src/CMakeFiles/hdf5_hl-static.dir/H5DS.c.o
[ 89%] Building C object hl/src/CMakeFiles/hdf5_hl-static.dir/H5IM.c.o
[ 89%] Building C object hl/src/CMakeFiles/hdf5_hl-static.dir/H5LT.c.o
[ 90%] Building C object hl/src/CMakeFiles/hdf5_hl-static.dir/H5LTanalyze.c.o
[ 90%] Building C object hl/src/CMakeFiles/hdf5_hl-static.dir/H5LTparse.c.o
[ 90%] Building C object hl/src/CMakeFiles/hdf5_hl-static.dir/H5PT.c.o
[ 90%] Building C object hl/src/CMakeFiles/hdf5_hl-static.dir/H5TB.c.o
[ 91%] Building C object hl/src/CMakeFiles/hdf5_hl-static.dir/H5LD.c.o
[ 91%] Linking C static library ../../bin/libhdf5_hl.a
[ 91%] Built target hdf5_hl-static
[ 92%] Building CXX object c++/src/CMakeFiles/hdf5_cpp-static.dir/H5AbstractDs.cpp.o
[ 92%] Building CXX object c++/src/CMakeFiles/hdf5_cpp-static.dir/H5ArrayType.cpp.o
[ 92%] Building CXX object c++/src/CMakeFiles/hdf5_cpp-static.dir/H5AtomType.cpp.o
[ 92%] Building CXX object c++/src/CMakeFiles/hdf5_cpp-static.dir/H5Attribute.cpp.o
[ 93%] Building CXX object c++/src/CMakeFiles/hdf5_cpp-static.dir/H5CommonFG.cpp.o
[ 93%] Building CXX object c++/src/CMakeFiles/hdf5_cpp-static.dir/H5CompType.cpp.o
[ 93%] Building CXX object c++/src/CMakeFiles/hdf5_cpp-static.dir/H5DataSet.cpp.o
[ 93%] Building CXX object c++/src/CMakeFiles/hdf5_cpp-static.dir/H5DataSpace.cpp.o
[ 94%] Building CXX object c++/src/CMakeFiles/hdf5_cpp-static.dir/H5DataType.cpp.o
[ 94%] Building CXX object c++/src/CMakeFiles/hdf5_cpp-static.dir/H5DaccProp.cpp.o
[ 94%] Building CXX object c++/src/CMakeFiles/hdf5_cpp-static.dir/H5DcreatProp.cpp.o
[ 94%] Building CXX object c++/src/CMakeFiles/hdf5_cpp-static.dir/H5DxferProp.cpp.o
[ 95%] Building CXX object c++/src/CMakeFiles/hdf5_cpp-static.dir/H5EnumType.cpp.o
[ 95%] Building CXX object c++/src/CMakeFiles/hdf5_cpp-static.dir/H5Exception.cpp.o
[ 95%] Building CXX object c++/src/CMakeFiles/hdf5_cpp-static.dir/H5FaccProp.cpp.o
[ 95%] Building CXX object c++/src/CMakeFiles/hdf5_cpp-static.dir/H5FcreatProp.cpp.o
[ 96%] Building CXX object c++/src/CMakeFiles/hdf5_cpp-static.dir/H5File.cpp.o
[ 96%] Building CXX object c++/src/CMakeFiles/hdf5_cpp-static.dir/H5FloatType.cpp.o
[ 96%] Building CXX object c++/src/CMakeFiles/hdf5_cpp-static.dir/H5Group.cpp.o
[ 96%] Building CXX object c++/src/CMakeFiles/hdf5_cpp-static.dir/H5IdComponent.cpp.o
[ 97%] Building CXX object c++/src/CMakeFiles/hdf5_cpp-static.dir/H5IntType.cpp.o
[ 97%] Building CXX object c++/src/CMakeFiles/hdf5_cpp-static.dir/H5LaccProp.cpp.o
[ 97%] Building CXX object c++/src/CMakeFiles/hdf5_cpp-static.dir/H5LcreatProp.cpp.o
[ 97%] Building CXX object c++/src/CMakeFiles/hdf5_cpp-static.dir/H5Library.cpp.o
[ 98%] Building CXX object c++/src/CMakeFiles/hdf5_cpp-static.dir/H5Location.cpp.o
/tmp/RtmpJN03Xy/R.INSTALL9c6421d4ff3/Rhdf5lib/vendor/hdf5/c++/src/H5Location.cpp: In member function ‘std::string H5::H5Location::getObjnameByIdx(hsize_t) const’:
/tmp/RtmpJN03Xy/R.INSTALL9c6421d4ff3/Rhdf5lib/vendor/hdf5/c++/src/H5Location.cpp:2001:46: warning: argument 1 range [9223372036854775809, 18446744073709551615] exceeds maximum object size 9223372036854775807 [-Walloc-size-larger-than=]
 2001 |     char *name_C = new char[actual_name_len]();
      |                                              ^
In file included from /usr/include/c++/13/bits/exception_ptr.h:38,
                 from /usr/include/c++/13/exception:164,
                 from /usr/include/c++/13/ios:41,
                 from /usr/include/c++/13/ostream:40,
                 from /usr/include/c++/13/iostream:41,
                 from /tmp/RtmpJN03Xy/R.INSTALL9c6421d4ff3/Rhdf5lib/vendor/hdf5/c++/src/H5Location.cpp:13:
/usr/include/c++/13/new:128:26: note: in a call to allocation function ‘void* operator new [](std::size_t)’ declared here
  128 | _GLIBCXX_NODISCARD void* operator new[](std::size_t) _GLIBCXX_THROW (std::bad_alloc)
      |                          ^~~~~~~~
[ 98%] Building CXX object c++/src/CMakeFiles/hdf5_cpp-static.dir/H5Object.cpp.o
[ 98%] Building CXX object c++/src/CMakeFiles/hdf5_cpp-static.dir/H5OcreatProp.cpp.o
[ 98%] Building CXX object c++/src/CMakeFiles/hdf5_cpp-static.dir/H5PredType.cpp.o
[ 99%] Building CXX object c++/src/CMakeFiles/hdf5_cpp-static.dir/H5PropList.cpp.o
[ 99%] Building CXX object c++/src/CMakeFiles/hdf5_cpp-static.dir/H5StrType.cpp.o
[ 99%] Building CXX object c++/src/CMakeFiles/hdf5_cpp-static.dir/H5VarLenType.cpp.o
[ 99%] Linking CXX static library ../../bin/libhdf5_cpp.a
[ 99%] Built target hdf5_cpp-static
[ 99%] Building CXX object hl/c++/src/CMakeFiles/hdf5_hl_cpp-static.dir/H5PacketTable.cpp.o
[100%] Linking CXX static library ../../../bin/libhdf5_hl_cpp.a
[100%] Built target hdf5_hl_cpp-static
-- Install configuration: "Release"
-- Installing: /tmp/RtmpJN03Xy/R.INSTALL9c6421d4ff3/Rhdf5lib/inst/include/hdf5.h
-- Installing: /tmp/RtmpJN03Xy/R.INSTALL9c6421d4ff3/Rhdf5lib/inst/include/H5api_adpt.h
-- Installing: /tmp/RtmpJN03Xy/R.INSTALL9c6421d4ff3/Rhdf5lib/inst/include/H5encode.h
-- Installing: /tmp/RtmpJN03Xy/R.INSTALL9c6421d4ff3/Rhdf5lib/inst/include/H5public.h
-- Installing: /tmp/RtmpJN03Xy/R.INSTALL9c6421d4ff3/Rhdf5lib/inst/include/H5Apublic.h
-- Installing: /tmp/RtmpJN03Xy/R.INSTALL9c6421d4ff3/Rhdf5lib/inst/include/H5ACpublic.h
-- Installing: /tmp/RtmpJN03Xy/R.INSTALL9c6421d4ff3/Rhdf5lib/inst/include/H5Cpublic.h
-- Installing: /tmp/RtmpJN03Xy/R.INSTALL9c6421d4ff3/Rhdf5lib/inst/include/H5Dpublic.h
-- Installing: /tmp/RtmpJN03Xy/R.INSTALL9c6421d4ff3/Rhdf5lib/inst/include/H5Epubgen.h
-- Installing: /tmp/RtmpJN03Xy/R.INSTALL9c6421d4ff3/Rhdf5lib/inst/include/H5Epublic.h
-- Installing: /tmp/RtmpJN03Xy/R.INSTALL9c6421d4ff3/Rhdf5lib/inst/include/H5ESdevelop.h
-- Installing: /tmp/RtmpJN03Xy/R.INSTALL9c6421d4ff3/Rhdf5lib/inst/include/H5ESpublic.h
-- Installing: /tmp/RtmpJN03Xy/R.INSTALL9c6421d4ff3/Rhdf5lib/inst/include/H5Fpublic.h
-- Installing: /tmp/RtmpJN03Xy/R.INSTALL9c6421d4ff3/Rhdf5lib/inst/include/H5FDcore.h
-- Installing: /tmp/RtmpJN03Xy/R.INSTALL9c6421d4ff3/Rhdf5lib/inst/include/H5FDdevelop.h
-- Installing: /tmp/RtmpJN03Xy/R.INSTALL9c6421d4ff3/Rhdf5lib/inst/include/H5FDdirect.h
-- Installing: /tmp/RtmpJN03Xy/R.INSTALL9c6421d4ff3/Rhdf5lib/inst/include/H5FDfamily.h
-- Installing: /tmp/RtmpJN03Xy/R.INSTALL9c6421d4ff3/Rhdf5lib/inst/include/H5FDhdfs.h
-- Installing: /tmp/RtmpJN03Xy/R.INSTALL9c6421d4ff3/Rhdf5lib/inst/include/H5FDlog.h
-- Installing: /tmp/RtmpJN03Xy/R.INSTALL9c6421d4ff3/Rhdf5lib/inst/include/H5FDmirror.h
-- Installing: /tmp/RtmpJN03Xy/R.INSTALL9c6421d4ff3/Rhdf5lib/inst/include/H5FDmpi.h
-- Installing: /tmp/RtmpJN03Xy/R.INSTALL9c6421d4ff3/Rhdf5lib/inst/include/H5FDmpio.h
-- Installing: /tmp/RtmpJN03Xy/R.INSTALL9c6421d4ff3/Rhdf5lib/inst/include/H5FDmulti.h
-- Installing: /tmp/RtmpJN03Xy/R.INSTALL9c6421d4ff3/Rhdf5lib/inst/include/H5FDonion.h
-- Installing: /tmp/RtmpJN03Xy/R.INSTALL9c6421d4ff3/Rhdf5lib/inst/include/H5FDpublic.h
-- Installing: /tmp/RtmpJN03Xy/R.INSTALL9c6421d4ff3/Rhdf5lib/inst/include/H5FDros3.h
-- Installing: /tmp/RtmpJN03Xy/R.INSTALL9c6421d4ff3/Rhdf5lib/inst/include/H5FDs3comms.h
-- Installing: /tmp/RtmpJN03Xy/R.INSTALL9c6421d4ff3/Rhdf5lib/inst/include/H5FDsec2.h
-- Installing: /tmp/RtmpJN03Xy/R.INSTALL9c6421d4ff3/Rhdf5lib/inst/include/H5FDsplitter.h
-- Installing: /tmp/RtmpJN03Xy/R.INSTALL9c6421d4ff3/Rhdf5lib/inst/include/H5FDstdio.h
-- Installing: /tmp/RtmpJN03Xy/R.INSTALL9c6421d4ff3/Rhdf5lib/inst/include/H5FDwindows.h
-- Installing: /tmp/RtmpJN03Xy/R.INSTALL9c6421d4ff3/Rhdf5lib/inst/include/H5FDsubfiling.h
-- Installing: /tmp/RtmpJN03Xy/R.INSTALL9c6421d4ff3/Rhdf5lib/inst/include/H5FDioc.h
-- Installing: /tmp/RtmpJN03Xy/R.INSTALL9c6421d4ff3/Rhdf5lib/inst/include/H5Gpublic.h
-- Installing: /tmp/RtmpJN03Xy/R.INSTALL9c6421d4ff3/Rhdf5lib/inst/include/H5Idevelop.h
-- Installing: /tmp/RtmpJN03Xy/R.INSTALL9c6421d4ff3/Rhdf5lib/inst/include/H5Ipublic.h
-- Installing: /tmp/RtmpJN03Xy/R.INSTALL9c6421d4ff3/Rhdf5lib/inst/include/H5Ldevelop.h
-- Installing: /tmp/RtmpJN03Xy/R.INSTALL9c6421d4ff3/Rhdf5lib/inst/include/H5Lpublic.h
-- Installing: /tmp/RtmpJN03Xy/R.INSTALL9c6421d4ff3/Rhdf5lib/inst/include/H5Mpublic.h
-- Installing: /tmp/RtmpJN03Xy/R.INSTALL9c6421d4ff3/Rhdf5lib/inst/include/H5MMpublic.h
-- Installing: /tmp/RtmpJN03Xy/R.INSTALL9c6421d4ff3/Rhdf5lib/inst/include/H5Opublic.h
-- Installing: /tmp/RtmpJN03Xy/R.INSTALL9c6421d4ff3/Rhdf5lib/inst/include/H5Ppublic.h
-- Installing: /tmp/RtmpJN03Xy/R.INSTALL9c6421d4ff3/Rhdf5lib/inst/include/H5PLextern.h
-- Installing: /tmp/RtmpJN03Xy/R.INSTALL9c6421d4ff3/Rhdf5lib/inst/include/H5PLpublic.h
-- Installing: /tmp/RtmpJN03Xy/R.INSTALL9c6421d4ff3/Rhdf5lib/inst/include/H5Rpublic.h
-- Installing: /tmp/RtmpJN03Xy/R.INSTALL9c6421d4ff3/Rhdf5lib/inst/include/H5Spublic.h
-- Installing: /tmp/RtmpJN03Xy/R.INSTALL9c6421d4ff3/Rhdf5lib/inst/include/H5Tdevelop.h
-- Installing: /tmp/RtmpJN03Xy/R.INSTALL9c6421d4ff3/Rhdf5lib/inst/include/H5Tpublic.h
-- Installing: /tmp/RtmpJN03Xy/R.INSTALL9c6421d4ff3/Rhdf5lib/inst/include/H5TSdevelop.h
-- Installing: /tmp/RtmpJN03Xy/R.INSTALL9c6421d4ff3/Rhdf5lib/inst/include/H5VLconnector.h
-- Installing: /tmp/RtmpJN03Xy/R.INSTALL9c6421d4ff3/Rhdf5lib/inst/include/H5VLconnector_passthru.h
-- Installing: /tmp/RtmpJN03Xy/R.INSTALL9c6421d4ff3/Rhdf5lib/inst/include/H5VLnative.h
-- Installing: /tmp/RtmpJN03Xy/R.INSTALL9c6421d4ff3/Rhdf5lib/inst/include/H5VLpassthru.h
-- Installing: /tmp/RtmpJN03Xy/R.INSTALL9c6421d4ff3/Rhdf5lib/inst/include/H5VLpublic.h
-- Installing: /tmp/RtmpJN03Xy/R.INSTALL9c6421d4ff3/Rhdf5lib/inst/include/H5Zdevelop.h
-- Installing: /tmp/RtmpJN03Xy/R.INSTALL9c6421d4ff3/Rhdf5lib/inst/include/H5Zpublic.h
-- Up-to-date: /tmp/RtmpJN03Xy/R.INSTALL9c6421d4ff3/Rhdf5lib/inst/include/H5Epubgen.h
-- Installing: /tmp/RtmpJN03Xy/R.INSTALL9c6421d4ff3/Rhdf5lib/inst/include/H5version.h
-- Installing: /tmp/RtmpJN03Xy/R.INSTALL9c6421d4ff3/Rhdf5lib/inst/include/H5overflow.h
-- Installing: /tmp/RtmpJN03Xy/R.INSTALL9c6421d4ff3/Rhdf5lib/inst/include/H5pubconf.h
-- Installing: /tmp/RtmpJN03Xy/R.INSTALL9c6421d4ff3/Rhdf5lib/inst/lib/libhdf5.a
-- Installing: /tmp/RtmpJN03Xy/R.INSTALL9c6421d4ff3/Rhdf5lib/inst/lib/pkgconfig/hdf5.pc
-- Installing: /tmp/RtmpJN03Xy/R.INSTALL9c6421d4ff3/Rhdf5lib/inst/bin/h5cc
-- Installing: /tmp/RtmpJN03Xy/R.INSTALL9c6421d4ff3/Rhdf5lib/inst/include/H5DOpublic.h
-- Installing: /tmp/RtmpJN03Xy/R.INSTALL9c6421d4ff3/Rhdf5lib/inst/include/H5DSpublic.h
-- Installing: /tmp/RtmpJN03Xy/R.INSTALL9c6421d4ff3/Rhdf5lib/inst/include/H5IMpublic.h
-- Installing: /tmp/RtmpJN03Xy/R.INSTALL9c6421d4ff3/Rhdf5lib/inst/include/H5LTpublic.h
-- Installing: /tmp/RtmpJN03Xy/R.INSTALL9c6421d4ff3/Rhdf5lib/inst/include/H5PTpublic.h
-- Installing: /tmp/RtmpJN03Xy/R.INSTALL9c6421d4ff3/Rhdf5lib/inst/include/H5TBpublic.h
-- Installing: /tmp/RtmpJN03Xy/R.INSTALL9c6421d4ff3/Rhdf5lib/inst/include/H5LDpublic.h
-- Installing: /tmp/RtmpJN03Xy/R.INSTALL9c6421d4ff3/Rhdf5lib/inst/include/hdf5_hl.h
-- Installing: /tmp/RtmpJN03Xy/R.INSTALL9c6421d4ff3/Rhdf5lib/inst/lib/libhdf5_hl.a
-- Installing: /tmp/RtmpJN03Xy/R.INSTALL9c6421d4ff3/Rhdf5lib/inst/lib/pkgconfig/hdf5_hl.pc
-- Installing: /tmp/RtmpJN03Xy/R.INSTALL9c6421d4ff3/Rhdf5lib/inst/bin/h5hlcc
-- Installing: /tmp/RtmpJN03Xy/R.INSTALL9c6421d4ff3/Rhdf5lib/inst/include/H5AbstractDs.h
-- Installing: /tmp/RtmpJN03Xy/R.INSTALL9c6421d4ff3/Rhdf5lib/inst/include/H5Alltypes.h
-- Installing: /tmp/RtmpJN03Xy/R.INSTALL9c6421d4ff3/Rhdf5lib/inst/include/H5ArrayType.h
-- Installing: /tmp/RtmpJN03Xy/R.INSTALL9c6421d4ff3/Rhdf5lib/inst/include/H5AtomType.h
-- Installing: /tmp/RtmpJN03Xy/R.INSTALL9c6421d4ff3/Rhdf5lib/inst/include/H5Attribute.h
-- Installing: /tmp/RtmpJN03Xy/R.INSTALL9c6421d4ff3/Rhdf5lib/inst/include/H5Classes.h
-- Installing: /tmp/RtmpJN03Xy/R.INSTALL9c6421d4ff3/Rhdf5lib/inst/include/H5CommonFG.h
-- Installing: /tmp/RtmpJN03Xy/R.INSTALL9c6421d4ff3/Rhdf5lib/inst/include/H5CompType.h
-- Installing: /tmp/RtmpJN03Xy/R.INSTALL9c6421d4ff3/Rhdf5lib/inst/include/H5Cpp.h
-- Installing: /tmp/RtmpJN03Xy/R.INSTALL9c6421d4ff3/Rhdf5lib/inst/include/H5CppDoc.h
-- Installing: /tmp/RtmpJN03Xy/R.INSTALL9c6421d4ff3/Rhdf5lib/inst/include/H5DataSet.h
-- Installing: /tmp/RtmpJN03Xy/R.INSTALL9c6421d4ff3/Rhdf5lib/inst/include/H5DataSpace.h
-- Installing: /tmp/RtmpJN03Xy/R.INSTALL9c6421d4ff3/Rhdf5lib/inst/include/H5DataType.h
-- Installing: /tmp/RtmpJN03Xy/R.INSTALL9c6421d4ff3/Rhdf5lib/inst/include/H5DaccProp.h
-- Installing: /tmp/RtmpJN03Xy/R.INSTALL9c6421d4ff3/Rhdf5lib/inst/include/H5DcreatProp.h
-- Installing: /tmp/RtmpJN03Xy/R.INSTALL9c6421d4ff3/Rhdf5lib/inst/include/H5DxferProp.h
-- Installing: /tmp/RtmpJN03Xy/R.INSTALL9c6421d4ff3/Rhdf5lib/inst/include/H5EnumType.h
-- Installing: /tmp/RtmpJN03Xy/R.INSTALL9c6421d4ff3/Rhdf5lib/inst/include/H5Exception.h
-- Installing: /tmp/RtmpJN03Xy/R.INSTALL9c6421d4ff3/Rhdf5lib/inst/include/H5FaccProp.h
-- Installing: /tmp/RtmpJN03Xy/R.INSTALL9c6421d4ff3/Rhdf5lib/inst/include/H5FcreatProp.h
-- Installing: /tmp/RtmpJN03Xy/R.INSTALL9c6421d4ff3/Rhdf5lib/inst/include/H5File.h
-- Installing: /tmp/RtmpJN03Xy/R.INSTALL9c6421d4ff3/Rhdf5lib/inst/include/H5FloatType.h
-- Installing: /tmp/RtmpJN03Xy/R.INSTALL9c6421d4ff3/Rhdf5lib/inst/include/H5Group.h
-- Installing: /tmp/RtmpJN03Xy/R.INSTALL9c6421d4ff3/Rhdf5lib/inst/include/H5IdComponent.h
-- Installing: /tmp/RtmpJN03Xy/R.INSTALL9c6421d4ff3/Rhdf5lib/inst/include/H5Include.h
-- Installing: /tmp/RtmpJN03Xy/R.INSTALL9c6421d4ff3/Rhdf5lib/inst/include/H5IntType.h
-- Installing: /tmp/RtmpJN03Xy/R.INSTALL9c6421d4ff3/Rhdf5lib/inst/include/H5LaccProp.h
-- Installing: /tmp/RtmpJN03Xy/R.INSTALL9c6421d4ff3/Rhdf5lib/inst/include/H5LcreatProp.h
-- Installing: /tmp/RtmpJN03Xy/R.INSTALL9c6421d4ff3/Rhdf5lib/inst/include/H5Library.h
-- Installing: /tmp/RtmpJN03Xy/R.INSTALL9c6421d4ff3/Rhdf5lib/inst/include/H5Location.h
-- Installing: /tmp/RtmpJN03Xy/R.INSTALL9c6421d4ff3/Rhdf5lib/inst/include/H5Object.h
-- Installing: /tmp/RtmpJN03Xy/R.INSTALL9c6421d4ff3/Rhdf5lib/inst/include/H5OcreatProp.h
-- Installing: /tmp/RtmpJN03Xy/R.INSTALL9c6421d4ff3/Rhdf5lib/inst/include/H5PredType.h
-- Installing: /tmp/RtmpJN03Xy/R.INSTALL9c6421d4ff3/Rhdf5lib/inst/include/H5PropList.h
-- Installing: /tmp/RtmpJN03Xy/R.INSTALL9c6421d4ff3/Rhdf5lib/inst/include/H5StrType.h
-- Installing: /tmp/RtmpJN03Xy/R.INSTALL9c6421d4ff3/Rhdf5lib/inst/include/H5VarLenType.h
-- Installing: /tmp/RtmpJN03Xy/R.INSTALL9c6421d4ff3/Rhdf5lib/inst/lib/libhdf5_cpp.a
-- Installing: /tmp/RtmpJN03Xy/R.INSTALL9c6421d4ff3/Rhdf5lib/inst/lib/pkgconfig/hdf5_cpp.pc
-- Installing: /tmp/RtmpJN03Xy/R.INSTALL9c6421d4ff3/Rhdf5lib/inst/bin/h5c++
-- Installing: /tmp/RtmpJN03Xy/R.INSTALL9c6421d4ff3/Rhdf5lib/inst/include/H5PacketTable.h
-- Installing: /tmp/RtmpJN03Xy/R.INSTALL9c6421d4ff3/Rhdf5lib/inst/lib/libhdf5_hl_cpp.a
-- Installing: /tmp/RtmpJN03Xy/R.INSTALL9c6421d4ff3/Rhdf5lib/inst/lib/pkgconfig/hdf5_hl_cpp.pc
-- Installing: /tmp/RtmpJN03Xy/R.INSTALL9c6421d4ff3/Rhdf5lib/inst/bin/h5hlc++
-- Installing: /tmp/RtmpJN03Xy/R.INSTALL9c6421d4ff3/Rhdf5lib/inst/cmake/hdf5-targets.cmake
-- Installing: /tmp/RtmpJN03Xy/R.INSTALL9c6421d4ff3/Rhdf5lib/inst/cmake/hdf5-targets-release.cmake
-- Installing: /tmp/RtmpJN03Xy/R.INSTALL9c6421d4ff3/Rhdf5lib/inst/cmake/hdf5-config.cmake
-- Installing: /tmp/RtmpJN03Xy/R.INSTALL9c6421d4ff3/Rhdf5lib/inst/cmake/hdf5-config-version.cmake
-- Installing: /tmp/RtmpJN03Xy/R.INSTALL9c6421d4ff3/Rhdf5lib/inst/lib/libhdf5.settings
-- Up-to-date: /tmp/RtmpJN03Xy/R.INSTALL9c6421d4ff3/Rhdf5lib/inst/share/COPYING
** R
** inst
** byte-compile and prepare package for lazy loading
** help
*** installing help indices
*** copying figures
** building package indices
** installing vignettes
** testing if installed package can be loaded from temporary location
** testing if installed package can be loaded from final location
** testing if installed package keeps a record of temporary installation path
* SHA256 sums
* creating tarball
packaged installation of ‘Rhdf5lib’ as ‘Rhdf5lib_2.0.0_R_x86_64-pc-linux-gnu.tar.gz’
* DONE (Rhdf5lib)
* installing *source* package ‘GEOquery’ ...
** this is package ‘GEOquery’ version ‘2.80.0’
** using staged installation
** R
** inst
** byte-compile and prepare package for lazy loading
** help
*** installing help indices
** building package indices
** installing vignettes
** testing if installed package can be loaded from temporary location
** testing if installed package can be loaded from final location
** testing if installed package keeps a record of temporary installation path
* SHA256 sums
* creating tarball
packaged installation of ‘GEOquery’ as ‘GEOquery_2.80.0_R_x86_64-pc-linux-gnu.tar.gz’
* DONE (GEOquery)
* installing *source* package ‘mitch’ ...
** this is package ‘mitch’ version ‘1.24.0’
** using staged installation
** R
** data
** inst
** byte-compile and prepare package for lazy loading
** help
*** installing help indices
** building package indices
** installing vignettes
** testing if installed package can be loaded from temporary location
** testing if installed package can be loaded from final location
** testing if installed package keeps a record of temporary installation path
* SHA256 sums
* creating tarball
packaged installation of ‘mitch’ as ‘mitch_1.24.0_R_x86_64-pc-linux-gnu.tar.gz’
* DONE (mitch)
ERROR: dependencies ‘Rsamtools’, ‘GenomicAlignments’ are not available for package ‘rtracklayer’
Perhaps try a variation of:
install.packages(c('Rsamtools', 'GenomicAlignments'))
* removing ‘/tmp/library/rtracklayer’
* installing *source* package ‘rhdf5filters’ ...
** this is package ‘rhdf5filters’ version ‘1.24.0’
** using staged installation
checking for gcc... gcc -std=gnu2x
checking whether the C compiler works... yes
checking for C compiler default output file name... a.out
checking for suffix of executables... 
checking whether we are cross compiling... no
checking for suffix of object files... o
checking whether the compiler supports GNU C... yes
checking whether gcc -std=gnu2x accepts -g... yes
checking for gcc -std=gnu2x option to enable C11 features... none needed
configure: is NOT Bioc build machine
configure: configuring the Zstd filter...
checking for stdio.h... yes
checking for stdlib.h... yes
checking for string.h... yes
checking for inttypes.h... yes
checking for stdint.h... yes
checking for strings.h... yes
checking for sys/stat.h... yes
checking for sys/types.h... yes
checking for unistd.h... yes
checking for zstd.h... yes
checking for ZSTD_decompress in -lzstd... yes
configure: Using system Zstd library
configure: configuring the BLOSC filter...
checking for blosc.h... yes
checking for blosc_compress in -lblosc... yes
configure: Using system BLOSC library
configure: configuring the VBZ filter
checking whether C compiler accepts -mavx... yes
checking for x86 avx instruction support... yes
configure: creating ./config.status
config.status: creating src/zstd/Makefile
config.status: creating src/blosc/lib/blosc-1.20.1/Makefile
config.status: creating src/blosc/Makefile
config.status: creating src/vbz/Makefile
config.status: creating src/vbz/vbz/Makefile
config.status: creating src/vbz/third_party/streamvbyte/Makefile
config.status: creating src/Makevars
** libs
using C compiler: ‘gcc (Ubuntu 13.3.0-6ubuntu2~24.04.1) 13.3.0’
make -C zstd
make[1]: Entering directory '/tmp/RtmpQInmGZ/R.INSTALL1f164595cefe/rhdf5filters/src/zstd'
gcc -std=gnu2x -g -O2 -fstack-protector-strong -Wformat -Werror=format-security -Wdate-time -D_FORTIFY_SOURCE=2 -g -fpic -shared H5Zzstd.c -I/usr/local/include -I"/tmp/library/Rhdf5lib/include" \
 -lzstd -L/usr/local/lib -o libH5Zzstd.so
make[1]: Leaving directory '/tmp/RtmpQInmGZ/R.INSTALL1f164595cefe/rhdf5filters/src/zstd'
make -C blosc
make[1]: Entering directory '/tmp/RtmpQInmGZ/R.INSTALL1f164595cefe/rhdf5filters/src/blosc'
g++ -std=gnu++20 -g -O2 -fstack-protector-strong -Wformat -Werror=format-security -Wdate-time -D_FORTIFY_SOURCE=2 -g -fpic -shared -I/usr/local/include -I"/tmp/library/Rhdf5lib/include" H5Zblosc.cpp \
-L/usr/local/lib  -lblosc -lzstd -lz -o libH5Zblosc.so 
make[1]: Leaving directory '/tmp/RtmpQInmGZ/R.INSTALL1f164595cefe/rhdf5filters/src/blosc'
make -C bzip2
make[1]: Entering directory '/tmp/RtmpQInmGZ/R.INSTALL1f164595cefe/rhdf5filters/src/bzip2'
gcc -std=gnu2x -g -O2 -fstack-protector-strong -Wformat -Werror=format-security -Wdate-time -D_FORTIFY_SOURCE=2 -g -fpic -shared H5Zbzip2.c -I/usr/local/include -I"/tmp/library/Rhdf5lib/include" \
-lbz2 -L/usr/local/lib -o libH5Zbz2.so
make[1]: Leaving directory '/tmp/RtmpQInmGZ/R.INSTALL1f164595cefe/rhdf5filters/src/bzip2'
make -C lzf
make[1]: Entering directory '/tmp/RtmpQInmGZ/R.INSTALL1f164595cefe/rhdf5filters/src/lzf'
make -C lzf
make[2]: Entering directory '/tmp/RtmpQInmGZ/R.INSTALL1f164595cefe/rhdf5filters/src/lzf/lzf'
gcc -std=gnu2x -g -O2 -fstack-protector-strong -Wformat -Werror=format-security -Wdate-time -D_FORTIFY_SOURCE=2 -g -fpic -I/usr/local/include -I"/tmp/library/Rhdf5lib/include" -c lzf_c.c
gcc -std=gnu2x -g -O2 -fstack-protector-strong -Wformat -Werror=format-security -Wdate-time -D_FORTIFY_SOURCE=2 -g -fpic -I/usr/local/include -I"/tmp/library/Rhdf5lib/include" -c lzf_d.c
rm -f liblzf.a
ar cq liblzf.a lzf_c.o lzf_d.o
ranlib liblzf.a
make[2]: Leaving directory '/tmp/RtmpQInmGZ/R.INSTALL1f164595cefe/rhdf5filters/src/lzf/lzf'
gcc -std=gnu2x -g -O2 -fstack-protector-strong -Wformat -Werror=format-security -Wdate-time -D_FORTIFY_SOURCE=2 -g -fpic -shared H5Zlzf.c -I/usr/local/include -I"/tmp/library/Rhdf5lib/include" \
-I./lzf/ ./lzf/liblzf.a -L/usr/local/lib -o libH5Zlzf.so
make[1]: Leaving directory '/tmp/RtmpQInmGZ/R.INSTALL1f164595cefe/rhdf5filters/src/lzf'
make -C vbz
make[1]: Entering directory '/tmp/RtmpQInmGZ/R.INSTALL1f164595cefe/rhdf5filters/src/vbz'
make -C third_party/streamvbyte
make[2]: Entering directory '/tmp/RtmpQInmGZ/R.INSTALL1f164595cefe/rhdf5filters/src/vbz/third_party/streamvbyte'
gcc -std=gnu99 -g -O2 -fstack-protector-strong -Wformat -Werror=format-security -Wdate-time -D_FORTIFY_SOURCE=2 -g -fpic -Iinclude -I/usr/local/include -I"/tmp/library/Rhdf5lib/include" -mavx  -c ./src/streamvbyte_decode.c
gcc -std=gnu99 -g -O2 -fstack-protector-strong -Wformat -Werror=format-security -Wdate-time -D_FORTIFY_SOURCE=2 -g -fpic -Iinclude -I/usr/local/include -I"/tmp/library/Rhdf5lib/include" -mavx  -c ./src/streamvbyte_encode.c
gcc -std=gnu99 -g -O2 -fstack-protector-strong -Wformat -Werror=format-security -Wdate-time -D_FORTIFY_SOURCE=2 -g -fpic -Iinclude -I/usr/local/include -I"/tmp/library/Rhdf5lib/include" -mavx  -c ./src/streamvbytedelta_decode.c
gcc -std=gnu99 -g -O2 -fstack-protector-strong -Wformat -Werror=format-security -Wdate-time -D_FORTIFY_SOURCE=2 -g -fpic -Iinclude -I/usr/local/include -I"/tmp/library/Rhdf5lib/include" -mavx  -c ./src/streamvbytedelta_encode.c
gcc -std=gnu99 -g -O2 -fstack-protector-strong -Wformat -Werror=format-security -Wdate-time -D_FORTIFY_SOURCE=2 -g -fpic -Iinclude -I/usr/local/include -I"/tmp/library/Rhdf5lib/include" -mavx  -c ./src/streamvbyte_0124_encode.c
gcc -std=gnu99 -g -O2 -fstack-protector-strong -Wformat -Werror=format-security -Wdate-time -D_FORTIFY_SOURCE=2 -g -fpic -Iinclude -I/usr/local/include -I"/tmp/library/Rhdf5lib/include" -mavx  -c ./src/streamvbyte_0124_decode.c
gcc -std=gnu99 -g -O2 -fstack-protector-strong -Wformat -Werror=format-security -Wdate-time -D_FORTIFY_SOURCE=2 -g -fpic -Iinclude -I/usr/local/include -I"/tmp/library/Rhdf5lib/include" -mavx  -c ./src/streamvbyte_zigzag.c
rm -f libstreamvbyte.a
ar cq libstreamvbyte.a streamvbyte_decode.o streamvbyte_encode.o streamvbytedelta_decode.o streamvbytedelta_encode.o streamvbyte_0124_encode.o streamvbyte_0124_decode.o streamvbyte_zigzag.o
ranlib libstreamvbyte.a 
make[2]: Leaving directory '/tmp/RtmpQInmGZ/R.INSTALL1f164595cefe/rhdf5filters/src/vbz/third_party/streamvbyte'
make -C vbz
make[2]: Entering directory '/tmp/RtmpQInmGZ/R.INSTALL1f164595cefe/rhdf5filters/src/vbz/vbz'
g++ -std=gnu++20 -g -O2 -fstack-protector-strong -Wformat -Werror=format-security -Wdate-time -D_FORTIFY_SOURCE=2 -g -fpic -I/usr/local/include -I"/tmp/library/Rhdf5lib/include" -I../third_party/streamvbyte/include/ -I../third_party/ -I../../zstd/ -mssse3 -c vbz.cpp -o vbz.o
g++ -std=gnu++20 -g -O2 -fstack-protector-strong -Wformat -Werror=format-security -Wdate-time -D_FORTIFY_SOURCE=2 -g -fpic -I/usr/local/include -I"/tmp/library/Rhdf5lib/include" -I../third_party/streamvbyte/include/ -I../third_party/ -I../../zstd/ -mssse3 -c v0/vbz_streamvbyte.cpp -o v0/vbz_streamvbyte.o
g++ -std=gnu++20 -g -O2 -fstack-protector-strong -Wformat -Werror=format-security -Wdate-time -D_FORTIFY_SOURCE=2 -g -fpic -I/usr/local/include -I"/tmp/library/Rhdf5lib/include" -I../third_party/streamvbyte/include/ -I../third_party/ -I../../zstd/ -mssse3 -c v1/vbz_streamvbyte.cpp -o v1/vbz_streamvbyte.o
make[2]: Leaving directory '/tmp/RtmpQInmGZ/R.INSTALL1f164595cefe/rhdf5filters/src/vbz/vbz'
rm -f libvbz.a
ar cq libvbz.a vbz/vbz.o vbz/v0/vbz_streamvbyte.o vbz/v1/vbz_streamvbyte.o
ranlib libvbz.a
g++ -std=gnu++20 -g -O2 -fstack-protector-strong -Wformat -Werror=format-security -Wdate-time -D_FORTIFY_SOURCE=2 -g -fpic -I/usr/local/include -I"/tmp/library/Rhdf5lib/include" -shared vbz_plugin.cpp \
libvbz.a -L/usr/local/lib -lzstd third_party/streamvbyte/libstreamvbyte.a -o libH5Zvbz.so
make[1]: Leaving directory '/tmp/RtmpQInmGZ/R.INSTALL1f164595cefe/rhdf5filters/src/vbz'
mkdir -p "/tmp/library/00LOCK-rhdf5filters/00new/rhdf5filters/lib/"
cp bzip2/libH5Zbz2.so blosc/libH5Zblosc.so lzf/libH5Zlzf.so zstd/libH5Zzstd.so vbz/libH5Zvbz.so "/tmp/library/00LOCK-rhdf5filters/00new/rhdf5filters/lib/"
gcc -std=gnu2x -I"/usr/local/lib/R/include" -DNDEBUG -I/usr/local/include -I"/tmp/library/Rhdf5lib/include" -I'/tmp/library/Rhdf5lib/include' -I/usr/local/include   -g -O2 -fstack-protector-strong -Wformat -Werror=format-security -Wdate-time -D_FORTIFY_SOURCE=2 -g -fpic  -g -O2 -fstack-protector-strong -Wformat -Werror=format-security -Wdate-time -D_FORTIFY_SOURCE=2 -g  -c rhdf5filters.c -o rhdf5filters.o
gcc -std=gnu2x -shared -L/usr/local/lib/R/lib -L/usr/local/lib -o rhdf5filters.so rhdf5filters.o -L/usr/local/lib/R/lib -lR
installing to /tmp/library/00LOCK-rhdf5filters/00new/rhdf5filters/libs
** R
** inst
** byte-compile and prepare package for lazy loading
** help
*** installing help indices
*** copying figures
** building package indices
** installing vignettes
** testing if installed package can be loaded from temporary location
** checking absolute paths in shared objects and dynamic libraries
** testing if installed package can be loaded from final location
** testing if installed package keeps a record of temporary installation path
* SHA256 sums
* creating tarball
packaged installation of ‘rhdf5filters’ as ‘rhdf5filters_1.24.0_R_x86_64-pc-linux-gnu.tar.gz’
* DONE (rhdf5filters)
ERROR: dependency ‘rtracklayer’ is not available for package ‘GenomicFeatures’
Perhaps try a variation of:
install.packages('rtracklayer')
* removing ‘/tmp/library/GenomicFeatures’
* installing *source* package ‘rhdf5’ ...
** this is package ‘rhdf5’ version ‘2.56.0’
** using staged installation
configure: creating ./config.status
config.status: creating src/external_filters.h
** libs
using C compiler: ‘gcc (Ubuntu 13.3.0-6ubuntu2~24.04.1) 13.3.0’
using C++ compiler: ‘g++ (Ubuntu 13.3.0-6ubuntu2~24.04.1) 13.3.0’
gcc -std=gnu2x -I"/usr/local/lib/R/include" -DNDEBUG  -I'/tmp/library/Rhdf5lib/include' -I/usr/local/include    -fpic  -g -O2 -fstack-protector-strong -Wformat -Werror=format-security -Wdate-time -D_FORTIFY_SOURCE=2 -g  -c H5.c -o H5.o
gcc -std=gnu2x -I"/usr/local/lib/R/include" -DNDEBUG  -I'/tmp/library/Rhdf5lib/include' -I/usr/local/include    -fpic  -g -O2 -fstack-protector-strong -Wformat -Werror=format-security -Wdate-time -D_FORTIFY_SOURCE=2 -g  -c H5A.c -o H5A.o
gcc -std=gnu2x -I"/usr/local/lib/R/include" -DNDEBUG  -I'/tmp/library/Rhdf5lib/include' -I/usr/local/include    -fpic  -g -O2 -fstack-protector-strong -Wformat -Werror=format-security -Wdate-time -D_FORTIFY_SOURCE=2 -g  -c H5D.c -o H5D.o
gcc -std=gnu2x -I"/usr/local/lib/R/include" -DNDEBUG  -I'/tmp/library/Rhdf5lib/include' -I/usr/local/include    -fpic  -g -O2 -fstack-protector-strong -Wformat -Werror=format-security -Wdate-time -D_FORTIFY_SOURCE=2 -g  -c H5E.c -o H5E.o
gcc -std=gnu2x -I"/usr/local/lib/R/include" -DNDEBUG  -I'/tmp/library/Rhdf5lib/include' -I/usr/local/include    -fpic  -g -O2 -fstack-protector-strong -Wformat -Werror=format-security -Wdate-time -D_FORTIFY_SOURCE=2 -g  -c H5F.c -o H5F.o
gcc -std=gnu2x -I"/usr/local/lib/R/include" -DNDEBUG  -I'/tmp/library/Rhdf5lib/include' -I/usr/local/include    -fpic  -g -O2 -fstack-protector-strong -Wformat -Werror=format-security -Wdate-time -D_FORTIFY_SOURCE=2 -g  -c H5G.c -o H5G.o
gcc -std=gnu2x -I"/usr/local/lib/R/include" -DNDEBUG  -I'/tmp/library/Rhdf5lib/include' -I/usr/local/include    -fpic  -g -O2 -fstack-protector-strong -Wformat -Werror=format-security -Wdate-time -D_FORTIFY_SOURCE=2 -g  -c H5I.c -o H5I.o
gcc -std=gnu2x -I"/usr/local/lib/R/include" -DNDEBUG  -I'/tmp/library/Rhdf5lib/include' -I/usr/local/include    -fpic  -g -O2 -fstack-protector-strong -Wformat -Werror=format-security -Wdate-time -D_FORTIFY_SOURCE=2 -g  -c H5L.c -o H5L.o
gcc -std=gnu2x -I"/usr/local/lib/R/include" -DNDEBUG  -I'/tmp/library/Rhdf5lib/include' -I/usr/local/include    -fpic  -g -O2 -fstack-protector-strong -Wformat -Werror=format-security -Wdate-time -D_FORTIFY_SOURCE=2 -g  -c H5O.c -o H5O.o
gcc -std=gnu2x -I"/usr/local/lib/R/include" -DNDEBUG  -I'/tmp/library/Rhdf5lib/include' -I/usr/local/include    -fpic  -g -O2 -fstack-protector-strong -Wformat -Werror=format-security -Wdate-time -D_FORTIFY_SOURCE=2 -g  -c H5P.c -o H5P.o
gcc -std=gnu2x -I"/usr/local/lib/R/include" -DNDEBUG  -I'/tmp/library/Rhdf5lib/include' -I/usr/local/include    -fpic  -g -O2 -fstack-protector-strong -Wformat -Werror=format-security -Wdate-time -D_FORTIFY_SOURCE=2 -g  -c H5PL.c -o H5PL.o
gcc -std=gnu2x -I"/usr/local/lib/R/include" -DNDEBUG  -I'/tmp/library/Rhdf5lib/include' -I/usr/local/include    -fpic  -g -O2 -fstack-protector-strong -Wformat -Werror=format-security -Wdate-time -D_FORTIFY_SOURCE=2 -g  -c H5R.c -o H5R.o
gcc -std=gnu2x -I"/usr/local/lib/R/include" -DNDEBUG  -I'/tmp/library/Rhdf5lib/include' -I/usr/local/include    -fpic  -g -O2 -fstack-protector-strong -Wformat -Werror=format-security -Wdate-time -D_FORTIFY_SOURCE=2 -g  -c H5S.c -o H5S.o
gcc -std=gnu2x -I"/usr/local/lib/R/include" -DNDEBUG  -I'/tmp/library/Rhdf5lib/include' -I/usr/local/include    -fpic  -g -O2 -fstack-protector-strong -Wformat -Werror=format-security -Wdate-time -D_FORTIFY_SOURCE=2 -g  -c H5S_extras.c -o H5S_extras.o
gcc -std=gnu2x -I"/usr/local/lib/R/include" -DNDEBUG  -I'/tmp/library/Rhdf5lib/include' -I/usr/local/include    -fpic  -g -O2 -fstack-protector-strong -Wformat -Werror=format-security -Wdate-time -D_FORTIFY_SOURCE=2 -g  -c H5T.c -o H5T.o
gcc -std=gnu2x -I"/usr/local/lib/R/include" -DNDEBUG  -I'/tmp/library/Rhdf5lib/include' -I/usr/local/include    -fpic  -g -O2 -fstack-protector-strong -Wformat -Werror=format-security -Wdate-time -D_FORTIFY_SOURCE=2 -g  -c H5T_extras.c -o H5T_extras.o
gcc -std=gnu2x -I"/usr/local/lib/R/include" -DNDEBUG  -I'/tmp/library/Rhdf5lib/include' -I/usr/local/include    -fpic  -g -O2 -fstack-protector-strong -Wformat -Werror=format-security -Wdate-time -D_FORTIFY_SOURCE=2 -g  -c H5Z.c -o H5Z.o
gcc -std=gnu2x -I"/usr/local/lib/R/include" -DNDEBUG  -I'/tmp/library/Rhdf5lib/include' -I/usr/local/include    -fpic  -g -O2 -fstack-protector-strong -Wformat -Werror=format-security -Wdate-time -D_FORTIFY_SOURCE=2 -g  -c H5constants.c -o H5constants.o
g++ -std=gnu++20 -I"/usr/local/lib/R/include" -DNDEBUG  -I'/tmp/library/Rhdf5lib/include' -I/usr/local/include    -fpic  -g -O2 -fstack-protector-strong -Wformat -Werror=format-security -Wdate-time -D_FORTIFY_SOURCE=2 -g   -c HandleList.cpp -o HandleList.o
gcc -std=gnu2x -I"/usr/local/lib/R/include" -DNDEBUG  -I'/tmp/library/Rhdf5lib/include' -I/usr/local/include    -fpic  -g -O2 -fstack-protector-strong -Wformat -Werror=format-security -Wdate-time -D_FORTIFY_SOURCE=2 -g  -c HandleListWrap.c -o HandleListWrap.o
gcc -std=gnu2x -I"/usr/local/lib/R/include" -DNDEBUG  -I'/tmp/library/Rhdf5lib/include' -I/usr/local/include    -fpic  -g -O2 -fstack-protector-strong -Wformat -Werror=format-security -Wdate-time -D_FORTIFY_SOURCE=2 -g  -c bit64conversion.c -o bit64conversion.o
gcc -std=gnu2x -I"/usr/local/lib/R/include" -DNDEBUG  -I'/tmp/library/Rhdf5lib/include' -I/usr/local/include    -fpic  -g -O2 -fstack-protector-strong -Wformat -Werror=format-security -Wdate-time -D_FORTIFY_SOURCE=2 -g  -c external_filters.c -o external_filters.o
gcc -std=gnu2x -I"/usr/local/lib/R/include" -DNDEBUG  -I'/tmp/library/Rhdf5lib/include' -I/usr/local/include    -fpic  -g -O2 -fstack-protector-strong -Wformat -Werror=format-security -Wdate-time -D_FORTIFY_SOURCE=2 -g  -c h5dump.c -o h5dump.o
gcc -std=gnu2x -I"/usr/local/lib/R/include" -DNDEBUG  -I'/tmp/library/Rhdf5lib/include' -I/usr/local/include    -fpic  -g -O2 -fstack-protector-strong -Wformat -Werror=format-security -Wdate-time -D_FORTIFY_SOURCE=2 -g  -c h5ls.c -o h5ls.o
gcc -std=gnu2x -I"/usr/local/lib/R/include" -DNDEBUG  -I'/tmp/library/Rhdf5lib/include' -I/usr/local/include    -fpic  -g -O2 -fstack-protector-strong -Wformat -Werror=format-security -Wdate-time -D_FORTIFY_SOURCE=2 -g  -c h5testLock.c -o h5testLock.o
gcc -std=gnu2x -I"/usr/local/lib/R/include" -DNDEBUG  -I'/tmp/library/Rhdf5lib/include' -I/usr/local/include    -fpic  -g -O2 -fstack-protector-strong -Wformat -Werror=format-security -Wdate-time -D_FORTIFY_SOURCE=2 -g  -c h5writeDataFrame.c -o h5writeDataFrame.o
gcc -std=gnu2x -I"/usr/local/lib/R/include" -DNDEBUG  -I'/tmp/library/Rhdf5lib/include' -I/usr/local/include    -fpic  -g -O2 -fstack-protector-strong -Wformat -Werror=format-security -Wdate-time -D_FORTIFY_SOURCE=2 -g  -c printdatatype.c -o printdatatype.o
gcc -std=gnu2x -I"/usr/local/lib/R/include" -DNDEBUG  -I'/tmp/library/Rhdf5lib/include' -I/usr/local/include    -fpic  -g -O2 -fstack-protector-strong -Wformat -Werror=format-security -Wdate-time -D_FORTIFY_SOURCE=2 -g  -c utils.c -o utils.o
utils.c: In function ‘concatdim’:
utils.c:11:34: warning: format ‘%llu’ expects argument of type ‘long long unsigned int’, but argument 5 has type ‘hsize_t’ {aka ‘long unsigned int’} [-Wformat=]
   11 |     snprintf(s1, 1000, "%.977s%llu%.3s", tmp, next_dim, index ? " x " : "");
      |                               ~~~^            ~~~~~~~~
      |                                  |            |
      |                                  |            hsize_t {aka long unsigned int}
      |                                  long long unsigned int
      |                               %lu
utils.c: In function ‘concatdim_native’:
utils.c:20:38: warning: format ‘%llu’ expects argument of type ‘long long unsigned int’, but argument 6 has type ‘hsize_t’ {aka ‘long unsigned int’} [-Wformat=]
   20 |     snprintf(s1, 1000, "%.977s%.3s%llu", tmp, index ? " x " : "", next_dim);
      |                                   ~~~^                            ~~~~~~~~
      |                                      |                            |
      |                                      long long unsigned int       hsize_t {aka long unsigned int}
      |                                   %lu
gcc -std=gnu2x -I"/usr/local/lib/R/include" -DNDEBUG  -I'/tmp/library/Rhdf5lib/include' -I/usr/local/include    -fpic  -g -O2 -fstack-protector-strong -Wformat -Werror=format-security -Wdate-time -D_FORTIFY_SOURCE=2 -g  -c wrap.c -o wrap.o
g++ -std=gnu++20 -shared -L/usr/local/lib/R/lib -L/usr/local/lib -o rhdf5.so H5.o H5A.o H5D.o H5E.o H5F.o H5G.o H5I.o H5L.o H5O.o H5P.o H5PL.o H5R.o H5S.o H5S_extras.o H5T.o H5T_extras.o H5Z.o H5constants.o HandleList.o HandleListWrap.o bit64conversion.o external_filters.o h5dump.o h5ls.o h5testLock.o h5writeDataFrame.o printdatatype.o utils.o wrap.o /tmp/library/Rhdf5lib/lib/libhdf5.a -L/tmp/library/Rhdf5lib/lib -lsz -lm -ldl -lcurl -lssl -lcrypto -L/usr/local/lib/R/lib -lR
installing to /tmp/library/00LOCK-rhdf5/00new/rhdf5/libs
** R
** inst
** byte-compile and prepare package for lazy loading
** help
*** installing help indices
*** copying figures
** building package indices
** installing vignettes
** testing if installed package can be loaded from temporary location
** checking absolute paths in shared objects and dynamic libraries
** testing if installed package can be loaded from final location
** testing if installed package keeps a record of temporary installation path
* SHA256 sums
* creating tarball
packaged installation of ‘rhdf5’ as ‘rhdf5_2.56.0_R_x86_64-pc-linux-gnu.tar.gz’
* DONE (rhdf5)
* installing *source* package ‘h5mread’ ...
** this is package ‘h5mread’ version ‘1.4.0’
** using staged installation
** libs
using C compiler: ‘gcc (Ubuntu 13.3.0-6ubuntu2~24.04.1) 13.3.0’
gcc -std=gnu2x -I"/usr/local/lib/R/include" -DNDEBUG  -I'/tmp/library/Rhdf5lib/include' -I'/mnt/library/S4Vectors/include' -I/usr/local/include    -fpic  -g -O2 -fstack-protector-strong -Wformat -Werror=format-security -Wdate-time -D_FORTIFY_SOURCE=2 -g  -c S4Vectors_stubs.c -o S4Vectors_stubs.o
gcc -std=gnu2x -I"/usr/local/lib/R/include" -DNDEBUG  -I'/tmp/library/Rhdf5lib/include' -I'/mnt/library/S4Vectors/include' -I/usr/local/include    -fpic  -g -O2 -fstack-protector-strong -Wformat -Werror=format-security -Wdate-time -D_FORTIFY_SOURCE=2 -g  -c H5File.c -o H5File.o
gcc -std=gnu2x -I"/usr/local/lib/R/include" -DNDEBUG  -I'/tmp/library/Rhdf5lib/include' -I'/mnt/library/S4Vectors/include' -I/usr/local/include    -fpic  -g -O2 -fstack-protector-strong -Wformat -Werror=format-security -Wdate-time -D_FORTIFY_SOURCE=2 -g  -c global_errmsg_buf.c -o global_errmsg_buf.o
gcc -std=gnu2x -I"/usr/local/lib/R/include" -DNDEBUG  -I'/tmp/library/Rhdf5lib/include' -I'/mnt/library/S4Vectors/include' -I/usr/local/include    -fpic  -g -O2 -fstack-protector-strong -Wformat -Werror=format-security -Wdate-time -D_FORTIFY_SOURCE=2 -g  -c H5DSetDescriptor.c -o H5DSetDescriptor.o
gcc -std=gnu2x -I"/usr/local/lib/R/include" -DNDEBUG  -I'/tmp/library/Rhdf5lib/include' -I'/mnt/library/S4Vectors/include' -I/usr/local/include    -fpic  -g -O2 -fstack-protector-strong -Wformat -Werror=format-security -Wdate-time -D_FORTIFY_SOURCE=2 -g  -c h5dimscales.c -o h5dimscales.o
gcc -std=gnu2x -I"/usr/local/lib/R/include" -DNDEBUG  -I'/tmp/library/Rhdf5lib/include' -I'/mnt/library/S4Vectors/include' -I/usr/local/include    -fpic  -g -O2 -fstack-protector-strong -Wformat -Werror=format-security -Wdate-time -D_FORTIFY_SOURCE=2 -g  -c uaselection.c -o uaselection.o
gcc -std=gnu2x -I"/usr/local/lib/R/include" -DNDEBUG  -I'/tmp/library/Rhdf5lib/include' -I'/mnt/library/S4Vectors/include' -I/usr/local/include    -fpic  -g -O2 -fstack-protector-strong -Wformat -Werror=format-security -Wdate-time -D_FORTIFY_SOURCE=2 -g  -c h5mread_helpers.c -o h5mread_helpers.o
gcc -std=gnu2x -I"/usr/local/lib/R/include" -DNDEBUG  -I'/tmp/library/Rhdf5lib/include' -I'/mnt/library/S4Vectors/include' -I/usr/local/include    -fpic  -g -O2 -fstack-protector-strong -Wformat -Werror=format-security -Wdate-time -D_FORTIFY_SOURCE=2 -g  -c h5mread_startscounts.c -o h5mread_startscounts.o
gcc -std=gnu2x -I"/usr/local/lib/R/include" -DNDEBUG  -I'/tmp/library/Rhdf5lib/include' -I'/mnt/library/S4Vectors/include' -I/usr/local/include    -fpic  -g -O2 -fstack-protector-strong -Wformat -Werror=format-security -Wdate-time -D_FORTIFY_SOURCE=2 -g  -c TouchedChunks.c -o TouchedChunks.o
gcc -std=gnu2x -I"/usr/local/lib/R/include" -DNDEBUG  -I'/tmp/library/Rhdf5lib/include' -I'/mnt/library/S4Vectors/include' -I/usr/local/include    -fpic  -g -O2 -fstack-protector-strong -Wformat -Werror=format-security -Wdate-time -D_FORTIFY_SOURCE=2 -g  -c h5mread_index.c -o h5mread_index.o
gcc -std=gnu2x -I"/usr/local/lib/R/include" -DNDEBUG  -I'/tmp/library/Rhdf5lib/include' -I'/mnt/library/S4Vectors/include' -I/usr/local/include    -fpic  -g -O2 -fstack-protector-strong -Wformat -Werror=format-security -Wdate-time -D_FORTIFY_SOURCE=2 -g  -c h5mread_sparse.c -o h5mread_sparse.o
gcc -std=gnu2x -I"/usr/local/lib/R/include" -DNDEBUG  -I'/tmp/library/Rhdf5lib/include' -I'/mnt/library/S4Vectors/include' -I/usr/local/include    -fpic  -g -O2 -fstack-protector-strong -Wformat -Werror=format-security -Wdate-time -D_FORTIFY_SOURCE=2 -g  -c h5mread.c -o h5mread.o
gcc -std=gnu2x -I"/usr/local/lib/R/include" -DNDEBUG  -I'/tmp/library/Rhdf5lib/include' -I'/mnt/library/S4Vectors/include' -I/usr/local/include    -fpic  -g -O2 -fstack-protector-strong -Wformat -Werror=format-security -Wdate-time -D_FORTIFY_SOURCE=2 -g  -c h5summarize.c -o h5summarize.o
gcc -std=gnu2x -I"/usr/local/lib/R/include" -DNDEBUG  -I'/tmp/library/Rhdf5lib/include' -I'/mnt/library/S4Vectors/include' -I/usr/local/include    -fpic  -g -O2 -fstack-protector-strong -Wformat -Werror=format-security -Wdate-time -D_FORTIFY_SOURCE=2 -g  -c R_init_h5mread.c -o R_init_h5mread.o
gcc -std=gnu2x -shared -L/usr/local/lib/R/lib -L/usr/local/lib -o h5mread.so S4Vectors_stubs.o H5File.o global_errmsg_buf.o H5DSetDescriptor.o h5dimscales.o uaselection.o h5mread_helpers.o h5mread_startscounts.o TouchedChunks.o h5mread_index.o h5mread_sparse.o h5mread.o h5summarize.o R_init_h5mread.o /tmp/library/Rhdf5lib/lib/libhdf5_hl.a /tmp/library/Rhdf5lib/lib/libhdf5.a -L/tmp/library/Rhdf5lib/lib -lsz -lm -ldl -lcurl -lssl -lcrypto -L/usr/local/lib/R/lib -lR
installing to /tmp/library/00LOCK-h5mread/00new/h5mread/libs
** R
** inst
** byte-compile and prepare package for lazy loading
** help
*** installing help indices
** building package indices
** installing vignettes
** testing if installed package can be loaded from temporary location
** checking absolute paths in shared objects and dynamic libraries
** testing if installed package can be loaded from final location
** testing if installed package keeps a record of temporary installation path
* SHA256 sums
* creating tarball
packaged installation of ‘h5mread’ as ‘h5mread_1.4.0_R_x86_64-pc-linux-gnu.tar.gz’
* DONE (h5mread)
ERROR: dependency ‘GenomicFeatures’ is not available for package ‘bumphunter’
Perhaps try a variation of:
install.packages('GenomicFeatures')
* removing ‘/tmp/library/bumphunter’
* installing *source* package ‘HDF5Array’ ...
** this is package ‘HDF5Array’ version ‘1.40.0’
** using staged installation
** R
** inst
** byte-compile and prepare package for lazy loading
** help
*** installing help indices
** building package indices
** installing vignettes
** testing if installed package can be loaded from temporary location
** testing if installed package can be loaded from final location
** testing if installed package keeps a record of temporary installation path
* SHA256 sums
* creating tarball
packaged installation of ‘HDF5Array’ as ‘HDF5Array_1.40.0_R_x86_64-pc-linux-gnu.tar.gz’
* DONE (HDF5Array)
ERROR: dependency ‘bumphunter’ is not available for package ‘minfi’
Perhaps try a variation of:
install.packages('bumphunter')
* removing ‘/tmp/library/minfi’
ERROR: dependency ‘minfi’ is not available for package ‘IlluminaHumanMethylation450kanno.ilmn12.hg19’
Perhaps try a variation of:
install.packages('minfi')
* removing ‘/tmp/library/IlluminaHumanMethylation450kanno.ilmn12.hg19’
ERROR: dependency ‘minfi’ is not available for package ‘IlluminaHumanMethylationEPICanno.ilm10b4.hg19’
Perhaps try a variation of:
install.packages('minfi')
* removing ‘/tmp/library/IlluminaHumanMethylationEPICanno.ilm10b4.hg19’

The downloaded source packages are in
	‘/tmp/RtmprOgw0H/downloaded_packages’
Old packages: 'httr2', 'pak', 'pkgdown', 'urlchecker', 'xfun', 'zip', 'MASS',
  'nlme', 'survival'
Warning messages:
1: In install.packages(...) :
  installation of package ‘BiocParallel’ had non-zero exit status
2: In install.packages(...) :
  installation of package ‘Rsamtools’ had non-zero exit status
3: In install.packages(...) :
  installation of package ‘GenomicAlignments’ had non-zero exit status
4: In install.packages(...) :
  installation of package ‘rtracklayer’ had non-zero exit status
5: In install.packages(...) :
  installation of package ‘GenomicFeatures’ had non-zero exit status
6: In install.packages(...) :
  installation of package ‘bumphunter’ had non-zero exit status
7: In install.packages(...) :
  installation of package ‘minfi’ had non-zero exit status
8: In install.packages(...) :
  installation of package ‘IlluminaHumanMethylation450kanno.ilmn12.hg19’ had non-zero exit status
9: In install.packages(...) :
  installation of package ‘IlluminaHumanMethylationEPICanno.ilm10b4.hg19’ had non-zero exit status

real	10m21.368s
user	7m33.473s
sys	1m34.413s
