+ Rscript -e 'Sys.setenv(BIOCONDUCTOR_USE_CONTAINER_REPOSITORY=FALSE);
  p <- .libPaths();
  p <- c('\''/tmp/library'\'', '\''/mnt/library'\'', p);
  .libPaths(p);
  if(BiocManager::install('\''ANCOMBC'\'', INSTALL_opts = '\''--build'\'', update = TRUE, quiet = FALSE, dependencies=TRUE, force = TRUE, keep_outputs = TRUE) %in% rownames(installed.packages())) q(status = 0) else q(status = 1)'
'getOption("repos")' replaces Bioconductor standard repositories, see
'help("repositories", package = "BiocManager")' for details.
Replacement repositories:
    CRAN: https://p3m.dev/cran/__linux__/noble/latest
Bioconductor version 3.24 (BiocManager 1.30.27), R 4.6.1 (2026-06-24)
Installing package(s) 'ANCOMBC'
also installing the dependencies ‘bit’, ‘formatR’, ‘sitmo’, ‘proxy’, ‘rematch’, ‘bit64’, ‘lambda.r’, ‘futile.options’, ‘ScaledMatrix’, ‘irlba’, ‘rsvd’, ‘beeswarm’, ‘vipor’, ‘FNN’, ‘RcppAnnoy’, ‘RSpectra’, ‘dqrng’, ‘RcppProgress’, ‘DEoptimR’, ‘rootSolve’, ‘e1071’, ‘lmom’, ‘cellranger’, ‘progress’, ‘vroom’, ‘tzdb’, ‘isoband’, ‘S7’, ‘checkmate’, ‘zoo’, ‘BiocBaseUtils’, ‘futile.logger’, ‘snow’, ‘BH’, ‘XVector’, ‘BiocNeighbors’, ‘assorthead’, ‘DBI’, ‘SparseArray’, ‘sparseMatrixStats’, ‘matrixStats’, ‘scuttle’, ‘beachmat’, ‘BiocSingular’, ‘ggbeeswarm’, ‘viridis’, ‘RColorBrewer’, ‘RcppML’, ‘uwot’, ‘pheatmap’, ‘ggrepel’, ‘permute’, ‘lazyeval’, ‘abind’, ‘tidytree’, ‘yulab.utils’, ‘tensorA’, ‘robustbase’, ‘bayesm’, ‘farver’, ‘labeling’, ‘pixmap’, ‘sp’, ‘RcppArmadillo’, ‘backports’, ‘blob’, ‘gargle’, ‘uuid’, ‘ids’, ‘rematch2’, ‘timechange’, ‘selectr’, ‘mvtnorm’, ‘expm’, ‘Exact’, ‘gld’, ‘data.table’, ‘readxl’, ‘readr’, ‘haven’, ‘httr’, ‘ggplot2’, ‘gtable’, ‘gridExtra’, ‘htmlTable’, ‘viridisLite’, ‘colorspace’, ‘Formula’, ‘rbibutils’, ‘iterators’, ‘rngtools’, ‘gsl’, ‘minqa’, ‘reformulas’, ‘RcppEigen’, ‘numDeriv’, ‘TH.data’, ‘sandwich’, ‘MultiAssayExperiment’, ‘ape’, ‘BiocGenerics’, ‘BiocParallel’, ‘Biostrings’, ‘bluster’, ‘DECIPHER’, ‘decontam’, ‘DelayedArray’, ‘DelayedMatrixStats’, ‘DirichletMultinomial’, ‘IRanges’, ‘MatrixGenerics’, ‘ecodive’, ‘scater’, ‘stringr’, ‘vegan’, ‘crosstalk’, ‘GenomicRanges’, ‘Biobase’, ‘Seqinfo’, ‘S4Arrays’, ‘treeio’, ‘generics’, ‘tidyselect’, ‘compositions’, ‘reshape2’, ‘Rtsne’, ‘scales’, ‘ade4’, ‘biomformat’, ‘igraph’, ‘multtest’, ‘plyr’, ‘broom’, ‘conflicted’, ‘dbplyr’, ‘dtplyr’, ‘forcats’, ‘googledrive’, ‘googlesheets4’, ‘hms’, ‘lubridate’, ‘modelr’, ‘reprex’, ‘rvest’, ‘DescTools’, ‘Hmisc’, ‘Rdpack’, ‘doParallel’, ‘doRNG’, ‘energy’, ‘foreach’, ‘gtools’, ‘lme4’, ‘lmerTest’, ‘multcomp’, ‘nloptr’, ‘quadprog’, ‘mia’, ‘DT’, ‘S4Vectors’, ‘SingleCellExperiment’, ‘SummarizedExperiment’, ‘TreeSummarizedExperiment’, ‘dplyr’, ‘microbiome’, ‘phyloseq’, ‘tidyr’, ‘tidyverse’

trying URL 'https://p3m.dev/cran/__linux__/noble/latest/src/contrib/bit_4.6.0.tar.gz'
trying URL 'https://p3m.dev/cran/__linux__/noble/latest/src/contrib/formatR_1.14.tar.gz'
trying URL 'https://p3m.dev/cran/__linux__/noble/latest/src/contrib/sitmo_2.0.2.tar.gz'
trying URL 'https://p3m.dev/cran/__linux__/noble/latest/src/contrib/proxy_0.4-29.tar.gz'
trying URL 'https://p3m.dev/cran/__linux__/noble/latest/src/contrib/rematch_2.0.0.tar.gz'
trying URL 'https://p3m.dev/cran/__linux__/noble/latest/src/contrib/bit64_4.8.2.tar.gz'
trying URL 'https://p3m.dev/cran/__linux__/noble/latest/src/contrib/lambda.r_1.2.4.tar.gz'
trying URL 'https://p3m.dev/cran/__linux__/noble/latest/src/contrib/futile.options_1.0.1.tar.gz'
trying URL 'https://bioconductor.org/packages/3.24/bioc/src/contrib/ScaledMatrix_1.21.0.tar.gz'
trying URL 'https://p3m.dev/cran/__linux__/noble/latest/src/contrib/irlba_2.3.7.tar.gz'
trying URL 'https://p3m.dev/cran/__linux__/noble/latest/src/contrib/rsvd_1.0.5.tar.gz'
trying URL 'https://p3m.dev/cran/__linux__/noble/latest/src/contrib/beeswarm_0.4.0.tar.gz'
trying URL 'https://p3m.dev/cran/__linux__/noble/latest/src/contrib/vipor_0.4.7.tar.gz'
trying URL 'https://p3m.dev/cran/__linux__/noble/latest/src/contrib/FNN_1.1.4.1.tar.gz'
trying URL 'https://p3m.dev/cran/__linux__/noble/latest/src/contrib/RcppAnnoy_0.0.23.tar.gz'
trying URL 'https://p3m.dev/cran/__linux__/noble/latest/src/contrib/RSpectra_0.16-2.tar.gz'
trying URL 'https://p3m.dev/cran/__linux__/noble/latest/src/contrib/dqrng_0.4.1.tar.gz'
trying URL 'https://p3m.dev/cran/__linux__/noble/latest/src/contrib/RcppProgress_0.4.2.tar.gz'
trying URL 'https://p3m.dev/cran/__linux__/noble/latest/src/contrib/DEoptimR_1.2-0.tar.gz'
trying URL 'https://p3m.dev/cran/__linux__/noble/latest/src/contrib/rootSolve_1.8.2.4.tar.gz'
trying URL 'https://p3m.dev/cran/__linux__/noble/latest/src/contrib/e1071_1.7-17.tar.gz'
trying URL 'https://p3m.dev/cran/__linux__/noble/latest/src/contrib/lmom_3.3.tar.gz'
trying URL 'https://p3m.dev/cran/__linux__/noble/latest/src/contrib/cellranger_1.1.0.tar.gz'
trying URL 'https://p3m.dev/cran/__linux__/noble/latest/src/contrib/progress_1.2.3.tar.gz'
trying URL 'https://p3m.dev/cran/__linux__/noble/latest/src/contrib/vroom_1.7.1.tar.gz'
trying URL 'https://p3m.dev/cran/__linux__/noble/latest/src/contrib/tzdb_0.5.0.tar.gz'
trying URL 'https://p3m.dev/cran/__linux__/noble/latest/src/contrib/isoband_0.3.0.tar.gz'
trying URL 'https://p3m.dev/cran/__linux__/noble/latest/src/contrib/S7_0.2.2.tar.gz'
trying URL 'https://p3m.dev/cran/__linux__/noble/latest/src/contrib/checkmate_2.3.4.tar.gz'
trying URL 'https://p3m.dev/cran/__linux__/noble/latest/src/contrib/zoo_1.8-15.tar.gz'
trying URL 'https://bioconductor.org/packages/3.24/bioc/src/contrib/BiocBaseUtils_1.15.1.tar.gz'
trying URL 'https://p3m.dev/cran/__linux__/noble/latest/src/contrib/futile.logger_1.4.9.tar.gz'
trying URL 'https://p3m.dev/cran/__linux__/noble/latest/src/contrib/snow_0.4-4.tar.gz'
trying URL 'https://p3m.dev/cran/__linux__/noble/latest/src/contrib/BH_1.90.0-1.tar.gz'
trying URL 'https://bioconductor.org/packages/3.24/bioc/src/contrib/XVector_0.53.0.tar.gz'
trying URL 'https://bioconductor.org/packages/3.24/bioc/src/contrib/BiocNeighbors_2.7.2.tar.gz'
trying URL 'https://bioconductor.org/packages/3.24/bioc/src/contrib/assorthead_1.7.7.tar.gz'
trying URL 'https://p3m.dev/cran/__linux__/noble/latest/src/contrib/DBI_1.3.0.tar.gz'
trying URL 'https://bioconductor.org/packages/3.24/bioc/src/contrib/SparseArray_1.13.2.tar.gz'
trying URL 'https://bioconductor.org/packages/3.24/bioc/src/contrib/sparseMatrixStats_1.25.0.tar.gz'
trying URL 'https://p3m.dev/cran/__linux__/noble/latest/src/contrib/matrixStats_1.5.0.tar.gz'
trying URL 'https://bioconductor.org/packages/3.24/bioc/src/contrib/scuttle_1.23.1.tar.gz'
trying URL 'https://bioconductor.org/packages/3.24/bioc/src/contrib/beachmat_2.29.0.tar.gz'
trying URL 'https://bioconductor.org/packages/3.24/bioc/src/contrib/BiocSingular_1.29.0.tar.gz'
trying URL 'https://p3m.dev/cran/__linux__/noble/latest/src/contrib/ggbeeswarm_0.7.3.tar.gz'
trying URL 'https://p3m.dev/cran/__linux__/noble/latest/src/contrib/viridis_0.6.5.tar.gz'
trying URL 'https://p3m.dev/cran/__linux__/noble/latest/src/contrib/RColorBrewer_1.1-3.tar.gz'
trying URL 'https://p3m.dev/cran/__linux__/noble/latest/src/contrib/RcppML_0.3.7.1.tar.gz'
trying URL 'https://p3m.dev/cran/__linux__/noble/latest/src/contrib/uwot_0.2.4.tar.gz'
trying URL 'https://p3m.dev/cran/__linux__/noble/latest/src/contrib/pheatmap_1.0.13.tar.gz'
trying URL 'https://p3m.dev/cran/__linux__/noble/latest/src/contrib/ggrepel_0.9.8.tar.gz'
trying URL 'https://p3m.dev/cran/__linux__/noble/latest/src/contrib/permute_0.9-10.tar.gz'
trying URL 'https://p3m.dev/cran/__linux__/noble/latest/src/contrib/lazyeval_0.2.3.tar.gz'
trying URL 'https://p3m.dev/cran/__linux__/noble/latest/src/contrib/abind_1.4-8.tar.gz'
trying URL 'https://p3m.dev/cran/__linux__/noble/latest/src/contrib/tidytree_0.4.8.tar.gz'
trying URL 'https://p3m.dev/cran/__linux__/noble/latest/src/contrib/yulab.utils_0.2.4.tar.gz'
trying URL 'https://p3m.dev/cran/__linux__/noble/latest/src/contrib/tensorA_0.36.2.1.tar.gz'
trying URL 'https://p3m.dev/cran/__linux__/noble/latest/src/contrib/robustbase_0.99-7.tar.gz'
trying URL 'https://p3m.dev/cran/__linux__/noble/latest/src/contrib/bayesm_3.1-7.tar.gz'
trying URL 'https://p3m.dev/cran/__linux__/noble/latest/src/contrib/farver_2.1.2.tar.gz'
trying URL 'https://p3m.dev/cran/__linux__/noble/latest/src/contrib/labeling_0.4.3.tar.gz'
trying URL 'https://p3m.dev/cran/__linux__/noble/latest/src/contrib/pixmap_0.4-14.tar.gz'
trying URL 'https://p3m.dev/cran/__linux__/noble/latest/src/contrib/sp_2.2-1.tar.gz'
trying URL 'https://p3m.dev/cran/__linux__/noble/latest/src/contrib/RcppArmadillo_15.4.0-1.tar.gz'
trying URL 'https://p3m.dev/cran/__linux__/noble/latest/src/contrib/backports_1.5.1.tar.gz'
trying URL 'https://p3m.dev/cran/__linux__/noble/latest/src/contrib/blob_1.3.0.tar.gz'
trying URL 'https://p3m.dev/cran/__linux__/noble/latest/src/contrib/gargle_1.6.1.tar.gz'
trying URL 'https://p3m.dev/cran/__linux__/noble/latest/src/contrib/uuid_1.2-2.tar.gz'
trying URL 'https://p3m.dev/cran/__linux__/noble/latest/src/contrib/ids_1.0.1.tar.gz'
trying URL 'https://p3m.dev/cran/__linux__/noble/latest/src/contrib/rematch2_2.1.2.tar.gz'
trying URL 'https://p3m.dev/cran/__linux__/noble/latest/src/contrib/timechange_0.4.0.tar.gz'
trying URL 'https://p3m.dev/cran/__linux__/noble/latest/src/contrib/selectr_0.6-0.tar.gz'
trying URL 'https://p3m.dev/cran/__linux__/noble/latest/src/contrib/mvtnorm_1.4-2.tar.gz'
trying URL 'https://p3m.dev/cran/__linux__/noble/latest/src/contrib/expm_1.0-0.tar.gz'
trying URL 'https://p3m.dev/cran/__linux__/noble/latest/src/contrib/Exact_3.3.tar.gz'
trying URL 'https://p3m.dev/cran/__linux__/noble/latest/src/contrib/gld_2.6.8.tar.gz'
trying URL 'https://p3m.dev/cran/__linux__/noble/latest/src/contrib/data.table_1.18.4.tar.gz'
trying URL 'https://p3m.dev/cran/__linux__/noble/latest/src/contrib/readxl_1.5.0.tar.gz'
trying URL 'https://p3m.dev/cran/__linux__/noble/latest/src/contrib/readr_2.2.0.tar.gz'
trying URL 'https://p3m.dev/cran/__linux__/noble/latest/src/contrib/haven_2.5.5.tar.gz'
trying URL 'https://p3m.dev/cran/__linux__/noble/latest/src/contrib/httr_1.4.8.tar.gz'
trying URL 'https://p3m.dev/cran/__linux__/noble/latest/src/contrib/ggplot2_4.0.3.tar.gz'
trying URL 'https://p3m.dev/cran/__linux__/noble/latest/src/contrib/gtable_0.3.6.tar.gz'
trying URL 'https://p3m.dev/cran/__linux__/noble/latest/src/contrib/gridExtra_2.3.1.tar.gz'
trying URL 'https://p3m.dev/cran/__linux__/noble/latest/src/contrib/htmlTable_2.5.0.tar.gz'
trying URL 'https://p3m.dev/cran/__linux__/noble/latest/src/contrib/viridisLite_0.4.3.tar.gz'
trying URL 'https://p3m.dev/cran/__linux__/noble/latest/src/contrib/colorspace_2.1-3.tar.gz'
trying URL 'https://p3m.dev/cran/__linux__/noble/latest/src/contrib/Formula_1.2-5.tar.gz'
trying URL 'https://p3m.dev/cran/__linux__/noble/latest/src/contrib/rbibutils_2.4.1.tar.gz'
trying URL 'https://p3m.dev/cran/__linux__/noble/latest/src/contrib/iterators_1.0.14.tar.gz'
trying URL 'https://p3m.dev/cran/__linux__/noble/latest/src/contrib/rngtools_1.5.2.tar.gz'
trying URL 'https://p3m.dev/cran/__linux__/noble/latest/src/contrib/gsl_2.1-9.tar.gz'
trying URL 'https://p3m.dev/cran/__linux__/noble/latest/src/contrib/minqa_1.2.8.tar.gz'
trying URL 'https://p3m.dev/cran/__linux__/noble/latest/src/contrib/reformulas_0.4.4.tar.gz'
trying URL 'https://p3m.dev/cran/__linux__/noble/latest/src/contrib/RcppEigen_0.3.4.0.2.tar.gz'
trying URL 'https://p3m.dev/cran/__linux__/noble/latest/src/contrib/numDeriv_2016.8-1.1.tar.gz'
trying URL 'https://p3m.dev/cran/__linux__/noble/latest/src/contrib/TH.data_1.1-5.tar.gz'
trying URL 'https://p3m.dev/cran/__linux__/noble/latest/src/contrib/sandwich_3.1-2.tar.gz'
trying URL 'https://bioconductor.org/packages/3.24/bioc/src/contrib/MultiAssayExperiment_1.39.0.tar.gz'
trying URL 'https://p3m.dev/cran/__linux__/noble/latest/src/contrib/ape_5.8-1.tar.gz'
trying URL 'https://bioconductor.org/packages/3.24/bioc/src/contrib/BiocGenerics_0.59.10.tar.gz'
trying URL 'https://bioconductor.org/packages/3.24/bioc/src/contrib/BiocParallel_1.47.0.tar.gz'
trying URL 'https://bioconductor.org/packages/3.24/bioc/src/contrib/Biostrings_2.81.5.tar.gz'
trying URL 'https://bioconductor.org/packages/3.24/bioc/src/contrib/bluster_1.23.0.tar.gz'
trying URL 'https://bioconductor.org/packages/3.24/bioc/src/contrib/DECIPHER_3.9.0.tar.gz'
trying URL 'https://bioconductor.org/packages/3.24/bioc/src/contrib/decontam_1.33.0.tar.gz'
trying URL 'https://bioconductor.org/packages/3.24/bioc/src/contrib/DelayedArray_0.39.3.tar.gz'
trying URL 'https://bioconductor.org/packages/3.24/bioc/src/contrib/DelayedMatrixStats_1.35.0.tar.gz'
trying URL 'https://bioconductor.org/packages/3.24/bioc/src/contrib/DirichletMultinomial_1.55.0.tar.gz'
trying URL 'https://bioconductor.org/packages/3.24/bioc/src/contrib/IRanges_2.47.2.tar.gz'
trying URL 'https://bioconductor.org/packages/3.24/bioc/src/contrib/MatrixGenerics_1.25.0.tar.gz'
trying URL 'https://p3m.dev/cran/__linux__/noble/latest/src/contrib/ecodive_2.2.6.tar.gz'
trying URL 'https://bioconductor.org/packages/3.24/bioc/src/contrib/scater_1.41.2.tar.gz'
trying URL 'https://p3m.dev/cran/__linux__/noble/latest/src/contrib/stringr_1.6.0.tar.gz'
trying URL 'https://p3m.dev/cran/__linux__/noble/latest/src/contrib/vegan_2.7-5.tar.gz'
trying URL 'https://p3m.dev/cran/__linux__/noble/latest/src/contrib/crosstalk_1.2.2.tar.gz'
trying URL 'https://bioconductor.org/packages/3.24/bioc/src/contrib/GenomicRanges_1.65.1.tar.gz'
trying URL 'https://bioconductor.org/packages/3.24/bioc/src/contrib/Biobase_2.73.1.tar.gz'
trying URL 'https://bioconductor.org/packages/3.24/bioc/src/contrib/Seqinfo_1.3.0.tar.gz'
trying URL 'https://bioconductor.org/packages/3.24/bioc/src/contrib/S4Arrays_1.13.0.tar.gz'
trying URL 'https://bioconductor.org/packages/3.24/bioc/src/contrib/treeio_1.37.0.tar.gz'
trying URL 'https://p3m.dev/cran/__linux__/noble/latest/src/contrib/generics_0.1.4.tar.gz'
trying URL 'https://p3m.dev/cran/__linux__/noble/latest/src/contrib/tidyselect_1.2.1.tar.gz'
trying URL 'https://p3m.dev/cran/__linux__/noble/latest/src/contrib/compositions_2.0-9.tar.gz'
trying URL 'https://p3m.dev/cran/__linux__/noble/latest/src/contrib/reshape2_1.4.5.tar.gz'
trying URL 'https://p3m.dev/cran/__linux__/noble/latest/src/contrib/Rtsne_0.17.tar.gz'
trying URL 'https://p3m.dev/cran/__linux__/noble/latest/src/contrib/scales_1.4.0.tar.gz'
trying URL 'https://p3m.dev/cran/__linux__/noble/latest/src/contrib/ade4_1.7-24.tar.gz'
trying URL 'https://bioconductor.org/packages/3.24/bioc/src/contrib/biomformat_1.41.0.tar.gz'
trying URL 'https://p3m.dev/cran/__linux__/noble/latest/src/contrib/igraph_2.3.3.tar.gz'
trying URL 'https://bioconductor.org/packages/3.24/bioc/src/contrib/multtest_2.69.0.tar.gz'
trying URL 'https://p3m.dev/cran/__linux__/noble/latest/src/contrib/plyr_1.8.9.tar.gz'
trying URL 'https://p3m.dev/cran/__linux__/noble/latest/src/contrib/broom_1.0.13.tar.gz'
trying URL 'https://p3m.dev/cran/__linux__/noble/latest/src/contrib/conflicted_1.2.0.tar.gz'
trying URL 'https://p3m.dev/cran/__linux__/noble/latest/src/contrib/dbplyr_2.6.0.tar.gz'
trying URL 'https://p3m.dev/cran/__linux__/noble/latest/src/contrib/dtplyr_1.3.3.tar.gz'
trying URL 'https://p3m.dev/cran/__linux__/noble/latest/src/contrib/forcats_1.0.1.tar.gz'
trying URL 'https://p3m.dev/cran/__linux__/noble/latest/src/contrib/googledrive_2.1.2.tar.gz'
trying URL 'https://p3m.dev/cran/__linux__/noble/latest/src/contrib/googlesheets4_1.1.2.tar.gz'
trying URL 'https://p3m.dev/cran/__linux__/noble/latest/src/contrib/hms_1.1.4.tar.gz'
trying URL 'https://p3m.dev/cran/__linux__/noble/latest/src/contrib/lubridate_1.9.5.tar.gz'
trying URL 'https://p3m.dev/cran/__linux__/noble/latest/src/contrib/modelr_0.1.11.tar.gz'
trying URL 'https://p3m.dev/cran/__linux__/noble/latest/src/contrib/reprex_2.1.1.tar.gz'
trying URL 'https://p3m.dev/cran/__linux__/noble/latest/src/contrib/rvest_1.0.5.tar.gz'
trying URL 'https://p3m.dev/cran/__linux__/noble/latest/src/contrib/DescTools_0.99.60.tar.gz'
trying URL 'https://p3m.dev/cran/__linux__/noble/latest/src/contrib/Hmisc_5.2-6.tar.gz'
trying URL 'https://p3m.dev/cran/__linux__/noble/latest/src/contrib/Rdpack_2.6.6.tar.gz'
trying URL 'https://p3m.dev/cran/__linux__/noble/latest/src/contrib/doParallel_1.0.17.tar.gz'
trying URL 'https://p3m.dev/cran/__linux__/noble/latest/src/contrib/doRNG_1.8.6.3.tar.gz'
trying URL 'https://p3m.dev/cran/__linux__/noble/latest/src/contrib/energy_1.7-12.tar.gz'
trying URL 'https://p3m.dev/cran/__linux__/noble/latest/src/contrib/foreach_1.5.2.tar.gz'
trying URL 'https://p3m.dev/cran/__linux__/noble/latest/src/contrib/gtools_3.9.5.tar.gz'
trying URL 'https://p3m.dev/cran/__linux__/noble/latest/src/contrib/lme4_2.0-6.tar.gz'
trying URL 'https://p3m.dev/cran/__linux__/noble/latest/src/contrib/lmerTest_3.2-1.tar.gz'
trying URL 'https://p3m.dev/cran/__linux__/noble/latest/src/contrib/multcomp_1.4-31.tar.gz'
trying URL 'https://p3m.dev/cran/__linux__/noble/latest/src/contrib/nloptr_2.2.1.tar.gz'
trying URL 'https://p3m.dev/cran/__linux__/noble/latest/src/contrib/quadprog_1.5-8.tar.gz'
trying URL 'https://bioconductor.org/packages/3.24/bioc/src/contrib/mia_1.21.3.tar.gz'
trying URL 'https://p3m.dev/cran/__linux__/noble/latest/src/contrib/DT_0.34.0.tar.gz'
trying URL 'https://bioconductor.org/packages/3.24/bioc/src/contrib/S4Vectors_0.51.5.tar.gz'
trying URL 'https://bioconductor.org/packages/3.24/bioc/src/contrib/SingleCellExperiment_1.35.2.tar.gz'
trying URL 'https://bioconductor.org/packages/3.24/bioc/src/contrib/SummarizedExperiment_1.43.0.tar.gz'
trying URL 'https://bioconductor.org/packages/3.24/bioc/src/contrib/TreeSummarizedExperiment_2.21.0.tar.gz'
trying URL 'https://p3m.dev/cran/__linux__/noble/latest/src/contrib/dplyr_1.2.1.tar.gz'
trying URL 'https://bioconductor.org/packages/3.24/bioc/src/contrib/microbiome_1.35.0.tar.gz'
trying URL 'https://bioconductor.org/packages/3.24/bioc/src/contrib/phyloseq_1.57.0.tar.gz'
trying URL 'https://p3m.dev/cran/__linux__/noble/latest/src/contrib/tidyr_1.3.2.tar.gz'
trying URL 'https://p3m.dev/cran/__linux__/noble/latest/src/contrib/tidyverse_2.0.0.tar.gz'
trying URL 'https://bioconductor.org/packages/3.24/bioc/src/contrib/ANCOMBC_2.15.0.tar.gz'
* installing *binary* package ‘bit’ ...
* package ‘bit’ successfully unpacked and SHA256 sums checked
* ‘bit’ was already a binary package and will not be rebuilt
* SHA256 sums
* creating tarball
packaged installation of ‘bit’ as ‘bit_4.6.0_R_x86_64-pc-linux-gnu.tar.gz’
* DONE (bit)
* installing *binary* package ‘formatR’ ...
* package ‘formatR’ successfully unpacked and SHA256 sums checked
* ‘formatR’ was already a binary package and will not be rebuilt
* SHA256 sums
* creating tarball
packaged installation of ‘formatR’ as ‘formatR_1.14_R_x86_64-pc-linux-gnu.tar.gz’
* DONE (formatR)
* installing *binary* package ‘sitmo’ ...
* package ‘sitmo’ successfully unpacked and SHA256 sums checked
* ‘sitmo’ was already a binary package and will not be rebuilt
* SHA256 sums
* creating tarball
packaged installation of ‘sitmo’ as ‘sitmo_2.0.2_R_x86_64-pc-linux-gnu.tar.gz’
* DONE (sitmo)
* installing *binary* package ‘proxy’ ...
* package ‘proxy’ successfully unpacked and SHA256 sums checked
* ‘proxy’ was already a binary package and will not be rebuilt
* SHA256 sums
* creating tarball
packaged installation of ‘proxy’ as ‘proxy_0.4-29_R_x86_64-pc-linux-gnu.tar.gz’
* DONE (proxy)
* installing *binary* package ‘rematch’ ...
* package ‘rematch’ successfully unpacked and SHA256 sums checked
* ‘rematch’ was already a binary package and will not be rebuilt
* SHA256 sums
* creating tarball
packaged installation of ‘rematch’ as ‘rematch_2.0.0_R_x86_64-pc-linux-gnu.tar.gz’
* DONE (rematch)
* installing *binary* package ‘futile.options’ ...
* package ‘futile.options’ successfully unpacked and SHA256 sums checked
* ‘futile.options’ was already a binary package and will not be rebuilt
* SHA256 sums
* creating tarball
packaged installation of ‘futile.options’ as ‘futile.options_1.0.1_R_x86_64-pc-linux-gnu.tar.gz’
* DONE (futile.options)
* installing *binary* package ‘irlba’ ...
* package ‘irlba’ successfully unpacked and SHA256 sums checked
* ‘irlba’ was already a binary package and will not be rebuilt
* SHA256 sums
* creating tarball
packaged installation of ‘irlba’ as ‘irlba_2.3.7_R_x86_64-pc-linux-gnu.tar.gz’
* DONE (irlba)
* installing *binary* package ‘rsvd’ ...
* package ‘rsvd’ successfully unpacked and SHA256 sums checked
* ‘rsvd’ was already a binary package and will not be rebuilt
* SHA256 sums
* creating tarball
packaged installation of ‘rsvd’ as ‘rsvd_1.0.5_R_x86_64-pc-linux-gnu.tar.gz’
* DONE (rsvd)
* installing *binary* package ‘beeswarm’ ...
* package ‘beeswarm’ successfully unpacked and SHA256 sums checked
* ‘beeswarm’ was already a binary package and will not be rebuilt
* SHA256 sums
* creating tarball
packaged installation of ‘beeswarm’ as ‘beeswarm_0.4.0_R_x86_64-pc-linux-gnu.tar.gz’
* DONE (beeswarm)
* installing *binary* package ‘vipor’ ...
* package ‘vipor’ successfully unpacked and SHA256 sums checked
* ‘vipor’ was already a binary package and will not be rebuilt
* SHA256 sums
* creating tarball
packaged installation of ‘vipor’ as ‘vipor_0.4.7_R_x86_64-pc-linux-gnu.tar.gz’
* DONE (vipor)
* installing *binary* package ‘FNN’ ...
* package ‘FNN’ successfully unpacked and SHA256 sums checked
* ‘FNN’ was already a binary package and will not be rebuilt
* SHA256 sums
* creating tarball
packaged installation of ‘FNN’ as ‘FNN_1.1.4.1_R_x86_64-pc-linux-gnu.tar.gz’
* DONE (FNN)
* installing *binary* package ‘RcppAnnoy’ ...
* package ‘RcppAnnoy’ successfully unpacked and SHA256 sums checked
* ‘RcppAnnoy’ was already a binary package and will not be rebuilt
* SHA256 sums
* creating tarball
packaged installation of ‘RcppAnnoy’ as ‘RcppAnnoy_0.0.23_R_x86_64-pc-linux-gnu.tar.gz’
* DONE (RcppAnnoy)
* installing *binary* package ‘RcppProgress’ ...
* package ‘RcppProgress’ successfully unpacked and SHA256 sums checked
* ‘RcppProgress’ was already a binary package and will not be rebuilt
* SHA256 sums
* creating tarball
packaged installation of ‘RcppProgress’ as ‘RcppProgress_0.4.2_R_x86_64-pc-linux-gnu.tar.gz’
* DONE (RcppProgress)
* installing *binary* package ‘DEoptimR’ ...
* package ‘DEoptimR’ successfully unpacked and SHA256 sums checked
* ‘DEoptimR’ was already a binary package and will not be rebuilt
* SHA256 sums
* creating tarball
packaged installation of ‘DEoptimR’ as ‘DEoptimR_1.2-0_R_x86_64-pc-linux-gnu.tar.gz’
* DONE (DEoptimR)
* installing *binary* package ‘rootSolve’ ...
* package ‘rootSolve’ successfully unpacked and SHA256 sums checked
* ‘rootSolve’ was already a binary package and will not be rebuilt
* SHA256 sums
* creating tarball
packaged installation of ‘rootSolve’ as ‘rootSolve_1.8.2.4_R_x86_64-pc-linux-gnu.tar.gz’
* DONE (rootSolve)
* installing *binary* package ‘lmom’ ...
* package ‘lmom’ successfully unpacked and SHA256 sums checked
* ‘lmom’ was already a binary package and will not be rebuilt
* SHA256 sums
* creating tarball
packaged installation of ‘lmom’ as ‘lmom_3.3_R_x86_64-pc-linux-gnu.tar.gz’
* DONE (lmom)
* installing *binary* package ‘tzdb’ ...
* package ‘tzdb’ successfully unpacked and SHA256 sums checked
* ‘tzdb’ was already a binary package and will not be rebuilt
* SHA256 sums
* creating tarball
packaged installation of ‘tzdb’ as ‘tzdb_0.5.0_R_x86_64-pc-linux-gnu.tar.gz’
* DONE (tzdb)
* installing *binary* package ‘isoband’ ...
* package ‘isoband’ successfully unpacked and SHA256 sums checked
* ‘isoband’ was already a binary package and will not be rebuilt
* SHA256 sums
* creating tarball
packaged installation of ‘isoband’ as ‘isoband_0.3.0_R_x86_64-pc-linux-gnu.tar.gz’
* DONE (isoband)
* installing *binary* package ‘S7’ ...
* package ‘S7’ successfully unpacked and SHA256 sums checked
* ‘S7’ was already a binary package and will not be rebuilt
* SHA256 sums
* creating tarball
packaged installation of ‘S7’ as ‘S7_0.2.2_R_x86_64-pc-linux-gnu.tar.gz’
* DONE (S7)
* installing *binary* package ‘zoo’ ...
* package ‘zoo’ successfully unpacked and SHA256 sums checked
* ‘zoo’ was already a binary package and will not be rebuilt
* SHA256 sums
* creating tarball
packaged installation of ‘zoo’ as ‘zoo_1.8-15_R_x86_64-pc-linux-gnu.tar.gz’
* DONE (zoo)
* installing *source* package ‘BiocBaseUtils’ ...
** this is package ‘BiocBaseUtils’ version ‘1.15.1’
** package ‘BiocBaseUtils’ successfully unpacked and MD5 sums checked
** using staged installation
** R
** inst
** byte-compile and prepare package for lazy loading
** help
*** installing help indices
** building package indices
** installing vignettes
** testing if installed package can be loaded from temporary location
** testing if installed package can be loaded from final location
** testing if installed package keeps a record of temporary installation path
* SHA256 sums
* creating tarball
packaged installation of ‘BiocBaseUtils’ as ‘BiocBaseUtils_1.15.1_R_x86_64-pc-linux-gnu.tar.gz’
* DONE (BiocBaseUtils)
* installing *binary* package ‘snow’ ...
* package ‘snow’ successfully unpacked and SHA256 sums checked
* ‘snow’ was already a binary package and will not be rebuilt
* SHA256 sums
* creating tarball
packaged installation of ‘snow’ as ‘snow_0.4-4_R_x86_64-pc-linux-gnu.tar.gz’
* DONE (snow)
* installing *binary* package ‘BH’ ...
* package ‘BH’ successfully unpacked and SHA256 sums checked
* ‘BH’ was already a binary package and will not be rebuilt
* SHA256 sums
* creating tarball
packaged installation of ‘BH’ as ‘BH_1.90.0-1_R_x86_64-pc-linux-gnu.tar.gz’
* DONE (BH)
* installing *source* package ‘assorthead’ ...
** this is package ‘assorthead’ version ‘1.7.7’
** package ‘assorthead’ successfully unpacked and MD5 sums checked
** using staged installation
** R
** inst
** byte-compile and prepare package for lazy loading
** help
*** installing help indices
** building package indices
** installing vignettes
** testing if installed package can be loaded from temporary location
** testing if installed package can be loaded from final location
** testing if installed package keeps a record of temporary installation path
* SHA256 sums
* creating tarball
packaged installation of ‘assorthead’ as ‘assorthead_1.7.7_R_x86_64-pc-linux-gnu.tar.gz’
* DONE (assorthead)
* installing *binary* package ‘DBI’ ...
* package ‘DBI’ successfully unpacked and SHA256 sums checked
* ‘DBI’ was already a binary package and will not be rebuilt
* SHA256 sums
* creating tarball
packaged installation of ‘DBI’ as ‘DBI_1.3.0_R_x86_64-pc-linux-gnu.tar.gz’
* DONE (DBI)
* installing *binary* package ‘matrixStats’ ...
* package ‘matrixStats’ successfully unpacked and SHA256 sums checked
* ‘matrixStats’ was already a binary package and will not be rebuilt
* SHA256 sums
* creating tarball
packaged installation of ‘matrixStats’ as ‘matrixStats_1.5.0_R_x86_64-pc-linux-gnu.tar.gz’
* DONE (matrixStats)
* installing *binary* package ‘RColorBrewer’ ...
* package ‘RColorBrewer’ successfully unpacked and SHA256 sums checked
* ‘RColorBrewer’ was already a binary package and will not be rebuilt
* SHA256 sums
* creating tarball
packaged installation of ‘RColorBrewer’ as ‘RColorBrewer_1.1-3_R_x86_64-pc-linux-gnu.tar.gz’
* DONE (RColorBrewer)
* installing *binary* package ‘permute’ ...
* package ‘permute’ successfully unpacked and SHA256 sums checked
* ‘permute’ was already a binary package and will not be rebuilt
* SHA256 sums
* creating tarball
packaged installation of ‘permute’ as ‘permute_0.9-10_R_x86_64-pc-linux-gnu.tar.gz’
* DONE (permute)
* installing *binary* package ‘lazyeval’ ...
* package ‘lazyeval’ successfully unpacked and SHA256 sums checked
* ‘lazyeval’ was already a binary package and will not be rebuilt
* SHA256 sums
* creating tarball
packaged installation of ‘lazyeval’ as ‘lazyeval_0.2.3_R_x86_64-pc-linux-gnu.tar.gz’
* DONE (lazyeval)
* installing *binary* package ‘abind’ ...
* package ‘abind’ successfully unpacked and SHA256 sums checked
* ‘abind’ was already a binary package and will not be rebuilt
* SHA256 sums
* creating tarball
packaged installation of ‘abind’ as ‘abind_1.4-8_R_x86_64-pc-linux-gnu.tar.gz’
* DONE (abind)
* installing *binary* package ‘yulab.utils’ ...
* package ‘yulab.utils’ successfully unpacked and SHA256 sums checked
* ‘yulab.utils’ was already a binary package and will not be rebuilt
* SHA256 sums
* creating tarball
packaged installation of ‘yulab.utils’ as ‘yulab.utils_0.2.4_R_x86_64-pc-linux-gnu.tar.gz’
* DONE (yulab.utils)
* installing *binary* package ‘tensorA’ ...
* package ‘tensorA’ successfully unpacked and SHA256 sums checked
* ‘tensorA’ was already a binary package and will not be rebuilt
* SHA256 sums
* creating tarball
packaged installation of ‘tensorA’ as ‘tensorA_0.36.2.1_R_x86_64-pc-linux-gnu.tar.gz’
* DONE (tensorA)
* installing *binary* package ‘farver’ ...
* package ‘farver’ successfully unpacked and SHA256 sums checked
* ‘farver’ was already a binary package and will not be rebuilt
* SHA256 sums
* creating tarball
packaged installation of ‘farver’ as ‘farver_2.1.2_R_x86_64-pc-linux-gnu.tar.gz’
* DONE (farver)
* installing *binary* package ‘labeling’ ...
* package ‘labeling’ successfully unpacked and SHA256 sums checked
* ‘labeling’ was already a binary package and will not be rebuilt
* SHA256 sums
* creating tarball
packaged installation of ‘labeling’ as ‘labeling_0.4.3_R_x86_64-pc-linux-gnu.tar.gz’
* DONE (labeling)
* installing *binary* package ‘pixmap’ ...
* package ‘pixmap’ successfully unpacked and SHA256 sums checked
* ‘pixmap’ was already a binary package and will not be rebuilt
* SHA256 sums
* creating tarball
packaged installation of ‘pixmap’ as ‘pixmap_0.4-14_R_x86_64-pc-linux-gnu.tar.gz’
* DONE (pixmap)
* installing *binary* package ‘sp’ ...
* package ‘sp’ successfully unpacked and SHA256 sums checked
* ‘sp’ was already a binary package and will not be rebuilt
* SHA256 sums
* creating tarball
packaged installation of ‘sp’ as ‘sp_2.2-1_R_x86_64-pc-linux-gnu.tar.gz’
* DONE (sp)
* installing *binary* package ‘RcppArmadillo’ ...
* package ‘RcppArmadillo’ successfully unpacked and SHA256 sums checked
* ‘RcppArmadillo’ was already a binary package and will not be rebuilt
* SHA256 sums
* creating tarball
packaged installation of ‘RcppArmadillo’ as ‘RcppArmadillo_15.4.0-1_R_x86_64-pc-linux-gnu.tar.gz’
* DONE (RcppArmadillo)
* installing *binary* package ‘backports’ ...
* package ‘backports’ successfully unpacked and SHA256 sums checked
* ‘backports’ was already a binary package and will not be rebuilt
* SHA256 sums
* creating tarball
packaged installation of ‘backports’ as ‘backports_1.5.1_R_x86_64-pc-linux-gnu.tar.gz’
* DONE (backports)
* installing *binary* package ‘blob’ ...
* package ‘blob’ successfully unpacked and SHA256 sums checked
* ‘blob’ was already a binary package and will not be rebuilt
* SHA256 sums
* creating tarball
packaged installation of ‘blob’ as ‘blob_1.3.0_R_x86_64-pc-linux-gnu.tar.gz’
* DONE (blob)
* installing *binary* package ‘uuid’ ...
* package ‘uuid’ successfully unpacked and SHA256 sums checked
* ‘uuid’ was already a binary package and will not be rebuilt
* SHA256 sums
* creating tarball
packaged installation of ‘uuid’ as ‘uuid_1.2-2_R_x86_64-pc-linux-gnu.tar.gz’
* DONE (uuid)
* installing *binary* package ‘rematch2’ ...
* package ‘rematch2’ successfully unpacked and SHA256 sums checked
* ‘rematch2’ was already a binary package and will not be rebuilt
* SHA256 sums
* creating tarball
packaged installation of ‘rematch2’ as ‘rematch2_2.1.2_R_x86_64-pc-linux-gnu.tar.gz’
* DONE (rematch2)
* installing *binary* package ‘timechange’ ...
* package ‘timechange’ successfully unpacked and SHA256 sums checked
* ‘timechange’ was already a binary package and will not be rebuilt
* SHA256 sums
* creating tarball
packaged installation of ‘timechange’ as ‘timechange_0.4.0_R_x86_64-pc-linux-gnu.tar.gz’
* DONE (timechange)
* installing *binary* package ‘selectr’ ...
* package ‘selectr’ successfully unpacked and SHA256 sums checked
* ‘selectr’ was already a binary package and will not be rebuilt
* SHA256 sums
* creating tarball
packaged installation of ‘selectr’ as ‘selectr_0.6-0_R_x86_64-pc-linux-gnu.tar.gz’
* DONE (selectr)
* installing *binary* package ‘mvtnorm’ ...
* package ‘mvtnorm’ successfully unpacked and SHA256 sums checked
* ‘mvtnorm’ was already a binary package and will not be rebuilt
* SHA256 sums
* creating tarball
packaged installation of ‘mvtnorm’ as ‘mvtnorm_1.4-2_R_x86_64-pc-linux-gnu.tar.gz’
* DONE (mvtnorm)
* installing *binary* package ‘expm’ ...
* package ‘expm’ successfully unpacked and SHA256 sums checked
* ‘expm’ was already a binary package and will not be rebuilt
* SHA256 sums
* creating tarball
packaged installation of ‘expm’ as ‘expm_1.0-0_R_x86_64-pc-linux-gnu.tar.gz’
* DONE (expm)
* installing *binary* package ‘data.table’ ...
* package ‘data.table’ successfully unpacked and SHA256 sums checked
* ‘data.table’ was already a binary package and will not be rebuilt
* SHA256 sums
* creating tarball
packaged installation of ‘data.table’ as ‘data.table_1.18.4_R_x86_64-pc-linux-gnu.tar.gz’
* DONE (data.table)
* installing *binary* package ‘httr’ ...
* package ‘httr’ successfully unpacked and SHA256 sums checked
* ‘httr’ was already a binary package and will not be rebuilt
* SHA256 sums
* creating tarball
packaged installation of ‘httr’ as ‘httr_1.4.8_R_x86_64-pc-linux-gnu.tar.gz’
* DONE (httr)
* installing *binary* package ‘gtable’ ...
* package ‘gtable’ successfully unpacked and SHA256 sums checked
* ‘gtable’ was already a binary package and will not be rebuilt
* SHA256 sums
* creating tarball
packaged installation of ‘gtable’ as ‘gtable_0.3.6_R_x86_64-pc-linux-gnu.tar.gz’
* DONE (gtable)
* installing *binary* package ‘viridisLite’ ...
* package ‘viridisLite’ successfully unpacked and SHA256 sums checked
* ‘viridisLite’ was already a binary package and will not be rebuilt
* SHA256 sums
* creating tarball
packaged installation of ‘viridisLite’ as ‘viridisLite_0.4.3_R_x86_64-pc-linux-gnu.tar.gz’
* DONE (viridisLite)
* installing *binary* package ‘colorspace’ ...
* package ‘colorspace’ successfully unpacked and SHA256 sums checked
* ‘colorspace’ was already a binary package and will not be rebuilt
* SHA256 sums
* creating tarball
packaged installation of ‘colorspace’ as ‘colorspace_2.1-3_R_x86_64-pc-linux-gnu.tar.gz’
* DONE (colorspace)
* installing *binary* package ‘Formula’ ...
* package ‘Formula’ successfully unpacked and SHA256 sums checked
* ‘Formula’ was already a binary package and will not be rebuilt
* SHA256 sums
* creating tarball
packaged installation of ‘Formula’ as ‘Formula_1.2-5_R_x86_64-pc-linux-gnu.tar.gz’
* DONE (Formula)
* installing *binary* package ‘rbibutils’ ...
* package ‘rbibutils’ successfully unpacked and SHA256 sums checked
* ‘rbibutils’ was already a binary package and will not be rebuilt
* SHA256 sums
* creating tarball
packaged installation of ‘rbibutils’ as ‘rbibutils_2.4.1_R_x86_64-pc-linux-gnu.tar.gz’
* DONE (rbibutils)
* installing *binary* package ‘iterators’ ...
* package ‘iterators’ successfully unpacked and SHA256 sums checked
* ‘iterators’ was already a binary package and will not be rebuilt
* SHA256 sums
* creating tarball
packaged installation of ‘iterators’ as ‘iterators_1.0.14_R_x86_64-pc-linux-gnu.tar.gz’
* DONE (iterators)
* installing *binary* package ‘rngtools’ ...
* package ‘rngtools’ successfully unpacked and SHA256 sums checked
* ‘rngtools’ was already a binary package and will not be rebuilt
* SHA256 sums
* creating tarball
packaged installation of ‘rngtools’ as ‘rngtools_1.5.2_R_x86_64-pc-linux-gnu.tar.gz’
* DONE (rngtools)
* installing *binary* package ‘gsl’ ...
* package ‘gsl’ successfully unpacked and SHA256 sums checked
* ‘gsl’ was already a binary package and will not be rebuilt
* SHA256 sums
* creating tarball
packaged installation of ‘gsl’ as ‘gsl_2.1-9_R_x86_64-pc-linux-gnu.tar.gz’
* DONE (gsl)
* installing *binary* package ‘minqa’ ...
* package ‘minqa’ successfully unpacked and SHA256 sums checked
* ‘minqa’ was already a binary package and will not be rebuilt
* SHA256 sums
* creating tarball
packaged installation of ‘minqa’ as ‘minqa_1.2.8_R_x86_64-pc-linux-gnu.tar.gz’
* DONE (minqa)
* installing *binary* package ‘RcppEigen’ ...
* package ‘RcppEigen’ successfully unpacked and SHA256 sums checked
* ‘RcppEigen’ was already a binary package and will not be rebuilt
* SHA256 sums
* creating tarball
packaged installation of ‘RcppEigen’ as ‘RcppEigen_0.3.4.0.2_R_x86_64-pc-linux-gnu.tar.gz’
* DONE (RcppEigen)
* installing *binary* package ‘numDeriv’ ...
* package ‘numDeriv’ successfully unpacked and SHA256 sums checked
* ‘numDeriv’ was already a binary package and will not be rebuilt
* SHA256 sums
* creating tarball
packaged installation of ‘numDeriv’ as ‘numDeriv_2016.8-1.1_R_x86_64-pc-linux-gnu.tar.gz’
* DONE (numDeriv)
* installing *binary* package ‘TH.data’ ...
* package ‘TH.data’ successfully unpacked and SHA256 sums checked
* ‘TH.data’ was already a binary package and will not be rebuilt
* SHA256 sums
* creating tarball
packaged installation of ‘TH.data’ as ‘TH.data_1.1-5_R_x86_64-pc-linux-gnu.tar.gz’
* DONE (TH.data)
* installing *binary* package ‘ape’ ...
* package ‘ape’ successfully unpacked and SHA256 sums checked
* ‘ape’ was already a binary package and will not be rebuilt
* SHA256 sums
* creating tarball
packaged installation of ‘ape’ as ‘ape_5.8-1_R_x86_64-pc-linux-gnu.tar.gz’
* DONE (ape)
* installing *binary* package ‘ecodive’ ...
* package ‘ecodive’ successfully unpacked and SHA256 sums checked
* ‘ecodive’ was already a binary package and will not be rebuilt
* SHA256 sums
* creating tarball
packaged installation of ‘ecodive’ as ‘ecodive_2.2.6_R_x86_64-pc-linux-gnu.tar.gz’
* DONE (ecodive)
* installing *binary* package ‘stringr’ ...
* package ‘stringr’ successfully unpacked and SHA256 sums checked
* ‘stringr’ was already a binary package and will not be rebuilt
* SHA256 sums
* creating tarball
packaged installation of ‘stringr’ as ‘stringr_1.6.0_R_x86_64-pc-linux-gnu.tar.gz’
* DONE (stringr)
* installing *binary* package ‘generics’ ...
* package ‘generics’ successfully unpacked and SHA256 sums checked
* ‘generics’ was already a binary package and will not be rebuilt
* SHA256 sums
* creating tarball
packaged installation of ‘generics’ as ‘generics_0.1.4_R_x86_64-pc-linux-gnu.tar.gz’
* DONE (generics)
* installing *binary* package ‘tidyselect’ ...
* package ‘tidyselect’ successfully unpacked and SHA256 sums checked
* ‘tidyselect’ was already a binary package and will not be rebuilt
* SHA256 sums
* creating tarball
packaged installation of ‘tidyselect’ as ‘tidyselect_1.2.1_R_x86_64-pc-linux-gnu.tar.gz’
* DONE (tidyselect)
* installing *binary* package ‘Rtsne’ ...
* package ‘Rtsne’ successfully unpacked and SHA256 sums checked
* ‘Rtsne’ was already a binary package and will not be rebuilt
* SHA256 sums
* creating tarball
packaged installation of ‘Rtsne’ as ‘Rtsne_0.17_R_x86_64-pc-linux-gnu.tar.gz’
* DONE (Rtsne)
* installing *source* package ‘biomformat’ ...
** this is package ‘biomformat’ version ‘1.41.0’
** package ‘biomformat’ successfully unpacked and MD5 sums checked
** using staged installation
** R
** inst
** byte-compile and prepare package for lazy loading
Creating a generic function for ‘nrow’ from package ‘base’ in package ‘biomformat’
Creating a generic function for ‘ncol’ from package ‘base’ in package ‘biomformat’
Creating a generic function for ‘rownames’ from package ‘base’ in package ‘biomformat’
Creating a generic function for ‘colnames’ from package ‘base’ in package ‘biomformat’
** help
*** installing help indices
** building package indices
** installing vignettes
** testing if installed package can be loaded from temporary location
** testing if installed package can be loaded from final location
** testing if installed package keeps a record of temporary installation path
* SHA256 sums
* creating tarball
packaged installation of ‘biomformat’ as ‘biomformat_1.41.0_R_x86_64-pc-linux-gnu.tar.gz’
* DONE (biomformat)
* installing *binary* package ‘igraph’ ...
* package ‘igraph’ successfully unpacked and SHA256 sums checked
* ‘igraph’ was already a binary package and will not be rebuilt
* SHA256 sums
* creating tarball
packaged installation of ‘igraph’ as ‘igraph_2.3.3_R_x86_64-pc-linux-gnu.tar.gz’
* DONE (igraph)
* installing *binary* package ‘plyr’ ...
* package ‘plyr’ successfully unpacked and SHA256 sums checked
* ‘plyr’ was already a binary package and will not be rebuilt
* SHA256 sums
* creating tarball
packaged installation of ‘plyr’ as ‘plyr_1.8.9_R_x86_64-pc-linux-gnu.tar.gz’
* DONE (plyr)
* installing *binary* package ‘conflicted’ ...
* package ‘conflicted’ successfully unpacked and SHA256 sums checked
* ‘conflicted’ was already a binary package and will not be rebuilt
* SHA256 sums
* creating tarball
packaged installation of ‘conflicted’ as ‘conflicted_1.2.0_R_x86_64-pc-linux-gnu.tar.gz’
* DONE (conflicted)
* installing *binary* package ‘forcats’ ...
* package ‘forcats’ successfully unpacked and SHA256 sums checked
* ‘forcats’ was already a binary package and will not be rebuilt
* SHA256 sums
* creating tarball
packaged installation of ‘forcats’ as ‘forcats_1.0.1_R_x86_64-pc-linux-gnu.tar.gz’
* DONE (forcats)
* installing *binary* package ‘hms’ ...
* package ‘hms’ successfully unpacked and SHA256 sums checked
* ‘hms’ was already a binary package and will not be rebuilt
* SHA256 sums
* creating tarball
packaged installation of ‘hms’ as ‘hms_1.1.4_R_x86_64-pc-linux-gnu.tar.gz’
* DONE (hms)
* installing *binary* package ‘reprex’ ...
* package ‘reprex’ successfully unpacked and SHA256 sums checked
* ‘reprex’ was already a binary package and will not be rebuilt
* SHA256 sums
* creating tarball
packaged installation of ‘reprex’ as ‘reprex_2.1.1_R_x86_64-pc-linux-gnu.tar.gz’
* DONE (reprex)
* installing *binary* package ‘gtools’ ...
* package ‘gtools’ successfully unpacked and SHA256 sums checked
* ‘gtools’ was already a binary package and will not be rebuilt
* SHA256 sums
* creating tarball
packaged installation of ‘gtools’ as ‘gtools_3.9.5_R_x86_64-pc-linux-gnu.tar.gz’
* DONE (gtools)
* installing *binary* package ‘nloptr’ ...
* package ‘nloptr’ successfully unpacked and SHA256 sums checked
* ‘nloptr’ was already a binary package and will not be rebuilt
* SHA256 sums
* creating tarball
packaged installation of ‘nloptr’ as ‘nloptr_2.2.1_R_x86_64-pc-linux-gnu.tar.gz’
* DONE (nloptr)
* installing *binary* package ‘quadprog’ ...
* package ‘quadprog’ successfully unpacked and SHA256 sums checked
* ‘quadprog’ was already a binary package and will not be rebuilt
* SHA256 sums
* creating tarball
packaged installation of ‘quadprog’ as ‘quadprog_1.5-8_R_x86_64-pc-linux-gnu.tar.gz’
* DONE (quadprog)
* installing *binary* package ‘bit64’ ...
* package ‘bit64’ successfully unpacked and SHA256 sums checked
* ‘bit64’ was already a binary package and will not be rebuilt
* SHA256 sums
* creating tarball
packaged installation of ‘bit64’ as ‘bit64_4.8.2_R_x86_64-pc-linux-gnu.tar.gz’
* DONE (bit64)
* installing *binary* package ‘lambda.r’ ...
* package ‘lambda.r’ successfully unpacked and SHA256 sums checked
* ‘lambda.r’ was already a binary package and will not be rebuilt
* SHA256 sums
* creating tarball
packaged installation of ‘lambda.r’ as ‘lambda.r_1.2.4_R_x86_64-pc-linux-gnu.tar.gz’
* DONE (lambda.r)
* installing *binary* package ‘RSpectra’ ...
* package ‘RSpectra’ successfully unpacked and SHA256 sums checked
* ‘RSpectra’ was already a binary package and will not be rebuilt
* SHA256 sums
* creating tarball
packaged installation of ‘RSpectra’ as ‘RSpectra_0.16-2_R_x86_64-pc-linux-gnu.tar.gz’
* DONE (RSpectra)
* installing *binary* package ‘dqrng’ ...
* package ‘dqrng’ successfully unpacked and SHA256 sums checked
* ‘dqrng’ was already a binary package and will not be rebuilt
* SHA256 sums
* creating tarball
packaged installation of ‘dqrng’ as ‘dqrng_0.4.1_R_x86_64-pc-linux-gnu.tar.gz’
* DONE (dqrng)
* installing *binary* package ‘e1071’ ...
* package ‘e1071’ successfully unpacked and SHA256 sums checked
* ‘e1071’ was already a binary package and will not be rebuilt
* SHA256 sums
* creating tarball
packaged installation of ‘e1071’ as ‘e1071_1.7-17_R_x86_64-pc-linux-gnu.tar.gz’
* DONE (e1071)
* installing *binary* package ‘cellranger’ ...
* package ‘cellranger’ successfully unpacked and SHA256 sums checked
* ‘cellranger’ was already a binary package and will not be rebuilt
* SHA256 sums
* creating tarball
packaged installation of ‘cellranger’ as ‘cellranger_1.1.0_R_x86_64-pc-linux-gnu.tar.gz’
* DONE (cellranger)
* installing *binary* package ‘progress’ ...
* package ‘progress’ successfully unpacked and SHA256 sums checked
* ‘progress’ was already a binary package and will not be rebuilt
* SHA256 sums
* creating tarball
packaged installation of ‘progress’ as ‘progress_1.2.3_R_x86_64-pc-linux-gnu.tar.gz’
* DONE (progress)
* installing *binary* package ‘checkmate’ ...
* package ‘checkmate’ successfully unpacked and SHA256 sums checked
* ‘checkmate’ was already a binary package and will not be rebuilt
* SHA256 sums
* creating tarball
packaged installation of ‘checkmate’ as ‘checkmate_2.3.4_R_x86_64-pc-linux-gnu.tar.gz’
* DONE (checkmate)
* installing *binary* package ‘RcppML’ ...
* package ‘RcppML’ successfully unpacked and SHA256 sums checked
* ‘RcppML’ was already a binary package and will not be rebuilt
* SHA256 sums
* creating tarball
packaged installation of ‘RcppML’ as ‘RcppML_0.3.7.1_R_x86_64-pc-linux-gnu.tar.gz’
* DONE (RcppML)
* installing *binary* package ‘robustbase’ ...
* package ‘robustbase’ successfully unpacked and SHA256 sums checked
* ‘robustbase’ was already a binary package and will not be rebuilt
* SHA256 sums
* creating tarball
packaged installation of ‘robustbase’ as ‘robustbase_0.99-7_R_x86_64-pc-linux-gnu.tar.gz’
* DONE (robustbase)
* installing *binary* package ‘bayesm’ ...
* package ‘bayesm’ successfully unpacked and SHA256 sums checked
* ‘bayesm’ was already a binary package and will not be rebuilt
* SHA256 sums
* creating tarball
packaged installation of ‘bayesm’ as ‘bayesm_3.1-7_R_x86_64-pc-linux-gnu.tar.gz’
* DONE (bayesm)
* installing *binary* package ‘gargle’ ...
* package ‘gargle’ successfully unpacked and SHA256 sums checked
* ‘gargle’ was already a binary package and will not be rebuilt
* SHA256 sums
* creating tarball
packaged installation of ‘gargle’ as ‘gargle_1.6.1_R_x86_64-pc-linux-gnu.tar.gz’
* DONE (gargle)
* installing *binary* package ‘ids’ ...
* package ‘ids’ successfully unpacked and SHA256 sums checked
* ‘ids’ was already a binary package and will not be rebuilt
* SHA256 sums
* creating tarball
packaged installation of ‘ids’ as ‘ids_1.0.1_R_x86_64-pc-linux-gnu.tar.gz’
* DONE (ids)
* installing *binary* package ‘Exact’ ...
* package ‘Exact’ successfully unpacked and SHA256 sums checked
* ‘Exact’ was already a binary package and will not be rebuilt
* SHA256 sums
* creating tarball
packaged installation of ‘Exact’ as ‘Exact_3.3_R_x86_64-pc-linux-gnu.tar.gz’
* DONE (Exact)
* installing *binary* package ‘gridExtra’ ...
* package ‘gridExtra’ successfully unpacked and SHA256 sums checked
* ‘gridExtra’ was already a binary package and will not be rebuilt
* SHA256 sums
* creating tarball
packaged installation of ‘gridExtra’ as ‘gridExtra_2.3.1_R_x86_64-pc-linux-gnu.tar.gz’
* DONE (gridExtra)
* installing *binary* package ‘sandwich’ ...
* package ‘sandwich’ successfully unpacked and SHA256 sums checked
* ‘sandwich’ was already a binary package and will not be rebuilt
* SHA256 sums
* creating tarball
packaged installation of ‘sandwich’ as ‘sandwich_3.1-2_R_x86_64-pc-linux-gnu.tar.gz’
* DONE (sandwich)
* installing *source* package ‘BiocGenerics’ ...
** this is package ‘BiocGenerics’ version ‘0.59.10’
** package ‘BiocGenerics’ successfully unpacked and MD5 sums checked
** using staged installation
** R
** inst
** byte-compile and prepare package for lazy loading
Creating a new generic function for ‘aperm’ in package ‘BiocGenerics’
Creating a new generic function for ‘append’ in package ‘BiocGenerics’
Creating a new generic function for ‘as.data.frame’ in package ‘BiocGenerics’
Creating a new generic function for ‘cbind’ in package ‘BiocGenerics’
Creating a new generic function for ‘rbind’ in package ‘BiocGenerics’
Creating a new generic function for ‘do.call’ in package ‘BiocGenerics’
Creating a new generic function for ‘duplicated’ in package ‘BiocGenerics’
Creating a new generic function for ‘anyDuplicated’ in package ‘BiocGenerics’
Creating a new generic function for ‘eval’ in package ‘BiocGenerics’
Creating a new generic function for ‘pmax’ in package ‘BiocGenerics’
Creating a new generic function for ‘pmin’ in package ‘BiocGenerics’
Creating a new generic function for ‘pmax.int’ in package ‘BiocGenerics’
Creating a new generic function for ‘pmin.int’ in package ‘BiocGenerics’
Creating a new generic function for ‘Reduce’ in package ‘BiocGenerics’
Creating a new generic function for ‘Filter’ in package ‘BiocGenerics’
Creating a new generic function for ‘Find’ in package ‘BiocGenerics’
Creating a new generic function for ‘Map’ in package ‘BiocGenerics’
Creating a new generic function for ‘Position’ in package ‘BiocGenerics’
Creating a new generic function for ‘get’ in package ‘BiocGenerics’
Creating a new generic function for ‘mget’ in package ‘BiocGenerics’
Creating a new generic function for ‘grep’ in package ‘BiocGenerics’
Creating a new generic function for ‘grepl’ in package ‘BiocGenerics’
Creating a new generic function for ‘is.unsorted’ in package ‘BiocGenerics’
Creating a new generic function for ‘lapply’ in package ‘BiocGenerics’
Creating a new generic function for ‘sapply’ in package ‘BiocGenerics’
Creating a new generic function for ‘mapply’ in package ‘BiocGenerics’
Creating a new generic function for ‘match’ in package ‘BiocGenerics’
Creating a new generic function for ‘order’ in package ‘BiocGenerics’
Creating a new generic function for ‘paste’ in package ‘BiocGenerics’
Creating a new generic function for ‘rank’ in package ‘BiocGenerics’
Creating a new generic function for ‘rownames’ in package ‘BiocGenerics’
Creating a new generic function for ‘colnames’ in package ‘BiocGenerics’
Creating a new generic function for ‘saveRDS’ in package ‘BiocGenerics’
Creating a new generic function for ‘scale’ in package ‘BiocGenerics’
Creating a new generic function for ‘sequence’ in package ‘BiocGenerics’
Creating a new generic function for ‘table’ in package ‘BiocGenerics’
Creating a new generic function for ‘tapply’ in package ‘BiocGenerics’
Creating a new generic function for ‘transform’ in package ‘BiocGenerics’
Creating a new generic function for ‘unique’ in package ‘BiocGenerics’
Creating a new generic function for ‘unsplit’ in package ‘BiocGenerics’
Creating a new generic function for ‘which.min’ in package ‘BiocGenerics’
Creating a new generic function for ‘which.max’ in package ‘BiocGenerics’
Creating a new generic function for ‘data’ in package ‘BiocGenerics’
Creating a new generic function for ‘IQR’ in package ‘BiocGenerics’
Creating a new generic function for ‘mad’ in package ‘BiocGenerics’
Creating a new generic function for ‘var’ in package ‘BiocGenerics’
Creating a new generic function for ‘sd’ in package ‘BiocGenerics’
Creating a new generic function for ‘xtabs’ in package ‘BiocGenerics’
Creating a new generic function for ‘basename’ in package ‘BiocGenerics’
Creating a new generic function for ‘dirname’ in package ‘BiocGenerics’
** help
*** installing help indices
** building package indices
** testing if installed package can be loaded from temporary location
** testing if installed package can be loaded from final location
** testing if installed package keeps a record of temporary installation path
* SHA256 sums
* creating tarball
packaged installation of ‘BiocGenerics’ as ‘BiocGenerics_0.59.10_R_x86_64-pc-linux-gnu.tar.gz’
* DONE (BiocGenerics)
* installing *source* package ‘MatrixGenerics’ ...
** this is package ‘MatrixGenerics’ version ‘1.25.0’
** package ‘MatrixGenerics’ successfully unpacked and MD5 sums checked
** using staged installation
** R
** inst
** byte-compile and prepare package for lazy loading
Creating a new generic function for ‘rowAlls’ in package ‘MatrixGenerics’
Creating a new generic function for ‘colAlls’ in package ‘MatrixGenerics’
Creating a new generic function for ‘rowAnyNAs’ in package ‘MatrixGenerics’
Creating a new generic function for ‘colAnyNAs’ in package ‘MatrixGenerics’
Creating a new generic function for ‘rowAnys’ in package ‘MatrixGenerics’
Creating a new generic function for ‘colAnys’ in package ‘MatrixGenerics’
Creating a new generic function for ‘rowAvgsPerColSet’ in package ‘MatrixGenerics’
Creating a new generic function for ‘colAvgsPerRowSet’ in package ‘MatrixGenerics’
Creating a new generic function for ‘rowCollapse’ in package ‘MatrixGenerics’
Creating a new generic function for ‘colCollapse’ in package ‘MatrixGenerics’
Creating a new generic function for ‘rowCounts’ in package ‘MatrixGenerics’
Creating a new generic function for ‘colCounts’ in package ‘MatrixGenerics’
Creating a new generic function for ‘rowCummaxs’ in package ‘MatrixGenerics’
Creating a new generic function for ‘colCummaxs’ in package ‘MatrixGenerics’
Creating a new generic function for ‘rowCummins’ in package ‘MatrixGenerics’
Creating a new generic function for ‘colCummins’ in package ‘MatrixGenerics’
Creating a new generic function for ‘rowCumprods’ in package ‘MatrixGenerics’
Creating a new generic function for ‘colCumprods’ in package ‘MatrixGenerics’
Creating a new generic function for ‘rowCumsums’ in package ‘MatrixGenerics’
Creating a new generic function for ‘colCumsums’ in package ‘MatrixGenerics’
Creating a new generic function for ‘rowDiffs’ in package ‘MatrixGenerics’
Creating a new generic function for ‘colDiffs’ in package ‘MatrixGenerics’
Creating a new generic function for ‘rowIQRDiffs’ in package ‘MatrixGenerics’
Creating a new generic function for ‘colIQRDiffs’ in package ‘MatrixGenerics’
Creating a new generic function for ‘rowIQRs’ in package ‘MatrixGenerics’
Creating a new generic function for ‘colIQRs’ in package ‘MatrixGenerics’
Creating a new generic function for ‘rowLogSumExps’ in package ‘MatrixGenerics’
Creating a new generic function for ‘colLogSumExps’ in package ‘MatrixGenerics’
Creating a new generic function for ‘rowMadDiffs’ in package ‘MatrixGenerics’
Creating a new generic function for ‘colMadDiffs’ in package ‘MatrixGenerics’
Creating a new generic function for ‘rowMads’ in package ‘MatrixGenerics’
Creating a new generic function for ‘colMads’ in package ‘MatrixGenerics’
Creating a new generic function for ‘rowMaxs’ in package ‘MatrixGenerics’
Creating a new generic function for ‘colMaxs’ in package ‘MatrixGenerics’
Creating a new generic function for ‘rowMeans2’ in package ‘MatrixGenerics’
Creating a new generic function for ‘colMeans2’ in package ‘MatrixGenerics’
Creating a new generic function for ‘rowMedians’ in package ‘MatrixGenerics’
Creating a new generic function for ‘colMedians’ in package ‘MatrixGenerics’
Creating a new generic function for ‘rowMins’ in package ‘MatrixGenerics’
Creating a new generic function for ‘colMins’ in package ‘MatrixGenerics’
Creating a new generic function for ‘rowOrderStats’ in package ‘MatrixGenerics’
Creating a new generic function for ‘colOrderStats’ in package ‘MatrixGenerics’
Creating a new generic function for ‘rowProds’ in package ‘MatrixGenerics’
Creating a new generic function for ‘colProds’ in package ‘MatrixGenerics’
Creating a new generic function for ‘rowQuantiles’ in package ‘MatrixGenerics’
Creating a new generic function for ‘colQuantiles’ in package ‘MatrixGenerics’
Creating a new generic function for ‘rowRanges’ in package ‘MatrixGenerics’
Creating a new generic function for ‘colRanges’ in package ‘MatrixGenerics’
Creating a new generic function for ‘rowRanks’ in package ‘MatrixGenerics’
Creating a new generic function for ‘colRanks’ in package ‘MatrixGenerics’
Creating a new generic function for ‘rowSdDiffs’ in package ‘MatrixGenerics’
Creating a new generic function for ‘colSdDiffs’ in package ‘MatrixGenerics’
Creating a new generic function for ‘rowSds’ in package ‘MatrixGenerics’
Creating a new generic function for ‘colSds’ in package ‘MatrixGenerics’
Creating a new generic function for ‘rowSums2’ in package ‘MatrixGenerics’
Creating a new generic function for ‘colSums2’ in package ‘MatrixGenerics’
Creating a new generic function for ‘rowTabulates’ in package ‘MatrixGenerics’
Creating a new generic function for ‘colTabulates’ in package ‘MatrixGenerics’
Creating a new generic function for ‘rowVarDiffs’ in package ‘MatrixGenerics’
Creating a new generic function for ‘colVarDiffs’ in package ‘MatrixGenerics’
Creating a new generic function for ‘rowVars’ in package ‘MatrixGenerics’
Creating a new generic function for ‘colVars’ in package ‘MatrixGenerics’
Creating a new generic function for ‘rowWeightedMads’ in package ‘MatrixGenerics’
Creating a new generic function for ‘colWeightedMads’ in package ‘MatrixGenerics’
Creating a new generic function for ‘rowWeightedMeans’ in package ‘MatrixGenerics’
Creating a new generic function for ‘colWeightedMeans’ in package ‘MatrixGenerics’
Creating a new generic function for ‘rowWeightedMedians’ in package ‘MatrixGenerics’
Creating a new generic function for ‘colWeightedMedians’ in package ‘MatrixGenerics’
Creating a new generic function for ‘rowWeightedSds’ in package ‘MatrixGenerics’
Creating a new generic function for ‘colWeightedSds’ in package ‘MatrixGenerics’
Creating a new generic function for ‘rowWeightedVars’ in package ‘MatrixGenerics’
Creating a new generic function for ‘colWeightedVars’ in package ‘MatrixGenerics’
** help
*** installing help indices
** building package indices
** testing if installed package can be loaded from temporary location
** testing if installed package can be loaded from final location
** testing if installed package keeps a record of temporary installation path
* SHA256 sums
* creating tarball
packaged installation of ‘MatrixGenerics’ as ‘MatrixGenerics_1.25.0_R_x86_64-pc-linux-gnu.tar.gz’
* DONE (MatrixGenerics)
* installing *binary* package ‘vegan’ ...
* package ‘vegan’ successfully unpacked and SHA256 sums checked
* ‘vegan’ was already a binary package and will not be rebuilt
* SHA256 sums
* creating tarball
packaged installation of ‘vegan’ as ‘vegan_2.7-5_R_x86_64-pc-linux-gnu.tar.gz’
* DONE (vegan)
* installing *binary* package ‘crosstalk’ ...
* package ‘crosstalk’ successfully unpacked and SHA256 sums checked
* ‘crosstalk’ was already a binary package and will not be rebuilt
* SHA256 sums
* creating tarball
packaged installation of ‘crosstalk’ as ‘crosstalk_1.2.2_R_x86_64-pc-linux-gnu.tar.gz’
* DONE (crosstalk)
* installing *binary* package ‘reshape2’ ...
* package ‘reshape2’ successfully unpacked and SHA256 sums checked
* ‘reshape2’ was already a binary package and will not be rebuilt
* SHA256 sums
* creating tarball
packaged installation of ‘reshape2’ as ‘reshape2_1.4.5_R_x86_64-pc-linux-gnu.tar.gz’
* DONE (reshape2)
* installing *binary* package ‘scales’ ...
* package ‘scales’ successfully unpacked and SHA256 sums checked
* ‘scales’ was already a binary package and will not be rebuilt
* SHA256 sums
* creating tarball
packaged installation of ‘scales’ as ‘scales_1.4.0_R_x86_64-pc-linux-gnu.tar.gz’
* DONE (scales)
* installing *binary* package ‘ade4’ ...
* package ‘ade4’ successfully unpacked and SHA256 sums checked
* ‘ade4’ was already a binary package and will not be rebuilt
* SHA256 sums
* creating tarball
packaged installation of ‘ade4’ as ‘ade4_1.7-24_R_x86_64-pc-linux-gnu.tar.gz’
* DONE (ade4)
* installing *binary* package ‘lubridate’ ...
* package ‘lubridate’ successfully unpacked and SHA256 sums checked
* ‘lubridate’ was already a binary package and will not be rebuilt
* SHA256 sums
* creating tarball
packaged installation of ‘lubridate’ as ‘lubridate_1.9.5_R_x86_64-pc-linux-gnu.tar.gz’
* DONE (lubridate)
* installing *binary* package ‘rvest’ ...
* package ‘rvest’ successfully unpacked and SHA256 sums checked
* ‘rvest’ was already a binary package and will not be rebuilt
* SHA256 sums
* creating tarball
packaged installation of ‘rvest’ as ‘rvest_1.0.5_R_x86_64-pc-linux-gnu.tar.gz’
* DONE (rvest)
* installing *binary* package ‘Rdpack’ ...
* package ‘Rdpack’ successfully unpacked and SHA256 sums checked
* ‘Rdpack’ was already a binary package and will not be rebuilt
* SHA256 sums
* creating tarball
packaged installation of ‘Rdpack’ as ‘Rdpack_2.6.6_R_x86_64-pc-linux-gnu.tar.gz’
* DONE (Rdpack)
* installing *binary* package ‘energy’ ...
* package ‘energy’ successfully unpacked and SHA256 sums checked
* ‘energy’ was already a binary package and will not be rebuilt
* SHA256 sums
* creating tarball
packaged installation of ‘energy’ as ‘energy_1.7-12_R_x86_64-pc-linux-gnu.tar.gz’
* DONE (energy)
* installing *binary* package ‘foreach’ ...
* package ‘foreach’ successfully unpacked and SHA256 sums checked
* ‘foreach’ was already a binary package and will not be rebuilt
* SHA256 sums
* creating tarball
packaged installation of ‘foreach’ as ‘foreach_1.5.2_R_x86_64-pc-linux-gnu.tar.gz’
* DONE (foreach)
* installing *binary* package ‘dplyr’ ...
* package ‘dplyr’ successfully unpacked and SHA256 sums checked
* ‘dplyr’ was already a binary package and will not be rebuilt
* SHA256 sums
* creating tarball
packaged installation of ‘dplyr’ as ‘dplyr_1.2.1_R_x86_64-pc-linux-gnu.tar.gz’
* DONE (dplyr)
* installing *binary* package ‘vroom’ ...
* package ‘vroom’ successfully unpacked and SHA256 sums checked
* ‘vroom’ was already a binary package and will not be rebuilt
* SHA256 sums
* creating tarball
packaged installation of ‘vroom’ as ‘vroom_1.7.1_R_x86_64-pc-linux-gnu.tar.gz’
* DONE (vroom)
* installing *binary* package ‘futile.logger’ ...
* package ‘futile.logger’ successfully unpacked and SHA256 sums checked
* ‘futile.logger’ was already a binary package and will not be rebuilt
* SHA256 sums
* creating tarball
packaged installation of ‘futile.logger’ as ‘futile.logger_1.4.9_R_x86_64-pc-linux-gnu.tar.gz’
* DONE (futile.logger)
Warning: SystemRequirements specified C++11: support has been removed
* installing *source* package ‘sparseMatrixStats’ ...
** this is package ‘sparseMatrixStats’ version ‘1.25.0’
** package ‘sparseMatrixStats’ successfully unpacked and MD5 sums checked
** using staged installation
** libs
specified C++11
using C++ compiler: ‘g++ (Ubuntu 13.3.0-6ubuntu2~24.04.1) 13.3.0’
g++ -std=gnu++20 -I"/usr/local/lib/R/include" -DNDEBUG  -I'/usr/local/lib/R/site-library/Rcpp/include' -I/usr/local/include    -fpic  -g -O2 -fstack-protector-strong -Wformat -Werror=format-security -Wdate-time -D_FORTIFY_SOURCE=2 -g   -c RcppExports.cpp -o RcppExports.o
g++ -std=gnu++20 -I"/usr/local/lib/R/include" -DNDEBUG  -I'/usr/local/lib/R/site-library/Rcpp/include' -I/usr/local/include    -fpic  -g -O2 -fstack-protector-strong -Wformat -Werror=format-security -Wdate-time -D_FORTIFY_SOURCE=2 -g   -c SparseMatrixView.cpp -o SparseMatrixView.o
g++ -std=gnu++20 -I"/usr/local/lib/R/include" -DNDEBUG  -I'/usr/local/lib/R/site-library/Rcpp/include' -I/usr/local/include    -fpic  -g -O2 -fstack-protector-strong -Wformat -Werror=format-security -Wdate-time -D_FORTIFY_SOURCE=2 -g   -c methods.cpp -o methods.o
g++ -std=gnu++20 -I"/usr/local/lib/R/include" -DNDEBUG  -I'/usr/local/lib/R/site-library/Rcpp/include' -I/usr/local/include    -fpic  -g -O2 -fstack-protector-strong -Wformat -Werror=format-security -Wdate-time -D_FORTIFY_SOURCE=2 -g   -c row_methods.cpp -o row_methods.o
g++ -std=gnu++20 -shared -L/usr/local/lib/R/lib -L/usr/local/lib -o sparseMatrixStats.so RcppExports.o SparseMatrixView.o methods.o row_methods.o -L/usr/local/lib/R/lib -lR
installing to /tmp/library/00LOCK-sparseMatrixStats/00new/sparseMatrixStats/libs
** R
** inst
** byte-compile and prepare package for lazy loading
** help
*** installing help indices
*** copying figures
** building package indices
** installing vignettes
** testing if installed package can be loaded from temporary location
** checking absolute paths in shared objects and dynamic libraries
** testing if installed package can be loaded from final location
** testing if installed package keeps a record of temporary installation path
* SHA256 sums
* creating tarball
packaged installation of ‘sparseMatrixStats’ as ‘sparseMatrixStats_1.25.0_R_x86_64-pc-linux-gnu.tar.gz’
* DONE (sparseMatrixStats)
* installing *binary* package ‘uwot’ ...
* package ‘uwot’ successfully unpacked and SHA256 sums checked
* ‘uwot’ was already a binary package and will not be rebuilt
* SHA256 sums
* creating tarball
packaged installation of ‘uwot’ as ‘uwot_0.2.4_R_x86_64-pc-linux-gnu.tar.gz’
* DONE (uwot)
* installing *binary* package ‘pheatmap’ ...
* package ‘pheatmap’ successfully unpacked and SHA256 sums checked
* ‘pheatmap’ was already a binary package and will not be rebuilt
* SHA256 sums
* creating tarball
packaged installation of ‘pheatmap’ as ‘pheatmap_1.0.13_R_x86_64-pc-linux-gnu.tar.gz’
* DONE (pheatmap)
* installing *binary* package ‘gld’ ...
* package ‘gld’ successfully unpacked and SHA256 sums checked
* ‘gld’ was already a binary package and will not be rebuilt
* SHA256 sums
* creating tarball
packaged installation of ‘gld’ as ‘gld_2.6.8_R_x86_64-pc-linux-gnu.tar.gz’
* DONE (gld)
* installing *binary* package ‘readxl’ ...
* package ‘readxl’ successfully unpacked and SHA256 sums checked
* ‘readxl’ was already a binary package and will not be rebuilt
* SHA256 sums
* creating tarball
packaged installation of ‘readxl’ as ‘readxl_1.5.0_R_x86_64-pc-linux-gnu.tar.gz’
* DONE (readxl)
* installing *binary* package ‘ggplot2’ ...
* package ‘ggplot2’ successfully unpacked and SHA256 sums checked
* ‘ggplot2’ was already a binary package and will not be rebuilt
* SHA256 sums
* creating tarball
packaged installation of ‘ggplot2’ as ‘ggplot2_4.0.3_R_x86_64-pc-linux-gnu.tar.gz’
* DONE (ggplot2)
* installing *binary* package ‘htmlTable’ ...
* package ‘htmlTable’ successfully unpacked and SHA256 sums checked
* ‘htmlTable’ was already a binary package and will not be rebuilt
* SHA256 sums
* creating tarball
packaged installation of ‘htmlTable’ as ‘htmlTable_2.5.0_R_x86_64-pc-linux-gnu.tar.gz’
* DONE (htmlTable)
* installing *binary* package ‘reformulas’ ...
* package ‘reformulas’ successfully unpacked and SHA256 sums checked
* ‘reformulas’ was already a binary package and will not be rebuilt
* SHA256 sums
* creating tarball
packaged installation of ‘reformulas’ as ‘reformulas_0.4.4_R_x86_64-pc-linux-gnu.tar.gz’
* DONE (reformulas)
* installing *source* package ‘Biobase’ ...
** this is package ‘Biobase’ version ‘2.73.1’
** package ‘Biobase’ successfully unpacked and MD5 sums checked
** using staged installation
** libs
using C compiler: ‘gcc (Ubuntu 13.3.0-6ubuntu2~24.04.1) 13.3.0’
gcc -std=gnu2x -I"/usr/local/lib/R/include" -DNDEBUG   -I/usr/local/include    -fpic  -g -O2 -fstack-protector-strong -Wformat -Werror=format-security -Wdate-time -D_FORTIFY_SOURCE=2 -g  -c Rinit.c -o Rinit.o
gcc -std=gnu2x -I"/usr/local/lib/R/include" -DNDEBUG   -I/usr/local/include    -fpic  -g -O2 -fstack-protector-strong -Wformat -Werror=format-security -Wdate-time -D_FORTIFY_SOURCE=2 -g  -c envir.c -o envir.o
gcc -std=gnu2x -I"/usr/local/lib/R/include" -DNDEBUG   -I/usr/local/include    -fpic  -g -O2 -fstack-protector-strong -Wformat -Werror=format-security -Wdate-time -D_FORTIFY_SOURCE=2 -g  -c matchpt.c -o matchpt.o
gcc -std=gnu2x -I"/usr/local/lib/R/include" -DNDEBUG   -I/usr/local/include    -fpic  -g -O2 -fstack-protector-strong -Wformat -Werror=format-security -Wdate-time -D_FORTIFY_SOURCE=2 -g  -c rowMedians.c -o rowMedians.o
gcc -std=gnu2x -I"/usr/local/lib/R/include" -DNDEBUG   -I/usr/local/include    -fpic  -g -O2 -fstack-protector-strong -Wformat -Werror=format-security -Wdate-time -D_FORTIFY_SOURCE=2 -g  -c sublist_extract.c -o sublist_extract.o
gcc -std=gnu2x -shared -L/usr/local/lib/R/lib -L/usr/local/lib -o Biobase.so Rinit.o envir.o matchpt.o rowMedians.o sublist_extract.o -L/usr/local/lib/R/lib -lR
installing to /tmp/library/00LOCK-Biobase/00new/Biobase/libs
** R
** data
** inst
** byte-compile and prepare package for lazy loading
** help
*** installing help indices
** building package indices
** installing vignettes
** testing if installed package can be loaded from temporary location
** checking absolute paths in shared objects and dynamic libraries
** testing if installed package can be loaded from final location
** testing if installed package keeps a record of temporary installation path
* SHA256 sums
* creating tarball
packaged installation of ‘Biobase’ as ‘Biobase_2.73.1_R_x86_64-pc-linux-gnu.tar.gz’
* DONE (Biobase)
* installing *binary* package ‘compositions’ ...
* package ‘compositions’ successfully unpacked and SHA256 sums checked
* ‘compositions’ was already a binary package and will not be rebuilt
* SHA256 sums
* creating tarball
packaged installation of ‘compositions’ as ‘compositions_2.0-9_R_x86_64-pc-linux-gnu.tar.gz’
* DONE (compositions)
* installing *binary* package ‘dtplyr’ ...
* package ‘dtplyr’ successfully unpacked and SHA256 sums checked
* ‘dtplyr’ was already a binary package and will not be rebuilt
* SHA256 sums
* creating tarball
packaged installation of ‘dtplyr’ as ‘dtplyr_1.3.3_R_x86_64-pc-linux-gnu.tar.gz’
* DONE (dtplyr)
* installing *binary* package ‘googledrive’ ...
* package ‘googledrive’ successfully unpacked and SHA256 sums checked
* ‘googledrive’ was already a binary package and will not be rebuilt
* SHA256 sums
* creating tarball
packaged installation of ‘googledrive’ as ‘googledrive_2.1.2_R_x86_64-pc-linux-gnu.tar.gz’
* DONE (googledrive)
* installing *binary* package ‘doParallel’ ...
* package ‘doParallel’ successfully unpacked and SHA256 sums checked
* ‘doParallel’ was already a binary package and will not be rebuilt
* SHA256 sums
* creating tarball
packaged installation of ‘doParallel’ as ‘doParallel_1.0.17_R_x86_64-pc-linux-gnu.tar.gz’
* DONE (doParallel)
* installing *binary* package ‘doRNG’ ...
* package ‘doRNG’ successfully unpacked and SHA256 sums checked
* ‘doRNG’ was already a binary package and will not be rebuilt
* SHA256 sums
* creating tarball
packaged installation of ‘doRNG’ as ‘doRNG_1.8.6.3_R_x86_64-pc-linux-gnu.tar.gz’
* DONE (doRNG)
* installing *binary* package ‘multcomp’ ...
* package ‘multcomp’ successfully unpacked and SHA256 sums checked
* ‘multcomp’ was already a binary package and will not be rebuilt
* SHA256 sums
* creating tarball
packaged installation of ‘multcomp’ as ‘multcomp_1.4-31_R_x86_64-pc-linux-gnu.tar.gz’
* DONE (multcomp)
* installing *binary* package ‘DT’ ...
* package ‘DT’ successfully unpacked and SHA256 sums checked
* ‘DT’ was already a binary package and will not be rebuilt
* SHA256 sums
* creating tarball
packaged installation of ‘DT’ as ‘DT_0.34.0_R_x86_64-pc-linux-gnu.tar.gz’
* DONE (DT)
* installing *source* package ‘S4Vectors’ ...
** this is package ‘S4Vectors’ version ‘0.51.5’
** package ‘S4Vectors’ successfully unpacked and MD5 sums checked
** using staged installation
** libs
using C compiler: ‘gcc (Ubuntu 13.3.0-6ubuntu2~24.04.1) 13.3.0’
gcc -std=gnu2x -I"/usr/local/lib/R/include" -DNDEBUG   -I/usr/local/include    -fpic  -g -O2 -fstack-protector-strong -Wformat -Werror=format-security -Wdate-time -D_FORTIFY_SOURCE=2 -g  -c AEbufs.c -o AEbufs.o
gcc -std=gnu2x -I"/usr/local/lib/R/include" -DNDEBUG   -I/usr/local/include    -fpic  -g -O2 -fstack-protector-strong -Wformat -Werror=format-security -Wdate-time -D_FORTIFY_SOURCE=2 -g  -c DFrame_class.c -o DFrame_class.o
gcc -std=gnu2x -I"/usr/local/lib/R/include" -DNDEBUG   -I/usr/local/include    -fpic  -g -O2 -fstack-protector-strong -Wformat -Werror=format-security -Wdate-time -D_FORTIFY_SOURCE=2 -g  -c Hits_class.c -o Hits_class.o
In file included from /usr/include/string.h:548,
                 from /usr/local/lib/R/include/R_ext/RS.h:34,
                 from /usr/local/lib/R/include/Rdefines.h:38,
                 from ../inst/include/S4Vectors_defines.h:18,
                 from S4Vectors.h:1,
                 from Hits_class.c:4:
In function ‘memcpy’,
    inlined from ‘tsort_hits’ at Hits_class.c:113:3:
/usr/include/x86_64-linux-gnu/bits/string_fortified.h:29:10: warning: ‘__builtin_memcpy’ specified bound between 18446744065119617024 and 18446744073709551612 exceeds maximum object size 9223372036854775807 [-Wstringop-overflow=]
   29 |   return __builtin___memcpy_chk (__dest, __src, __len,
      |          ^~~~~~~~~~~~~~~~~~~~~~~~~~~~~~~~~~~~~~~~~~~~~
   30 |                                  __glibc_objsize0 (__dest));
      |                                  ~~~~~~~~~~~~~~~~~~~~~~~~~~
gcc -std=gnu2x -I"/usr/local/lib/R/include" -DNDEBUG   -I/usr/local/include    -fpic  -g -O2 -fstack-protector-strong -Wformat -Werror=format-security -Wdate-time -D_FORTIFY_SOURCE=2 -g  -c LLint_class.c -o LLint_class.o
gcc -std=gnu2x -I"/usr/local/lib/R/include" -DNDEBUG   -I/usr/local/include    -fpic  -g -O2 -fstack-protector-strong -Wformat -Werror=format-security -Wdate-time -D_FORTIFY_SOURCE=2 -g  -c List_class.c -o List_class.o
gcc -std=gnu2x -I"/usr/local/lib/R/include" -DNDEBUG   -I/usr/local/include    -fpic  -g -O2 -fstack-protector-strong -Wformat -Werror=format-security -Wdate-time -D_FORTIFY_SOURCE=2 -g  -c R_init_S4Vectors.c -o R_init_S4Vectors.o
gcc -std=gnu2x -I"/usr/local/lib/R/include" -DNDEBUG   -I/usr/local/include    -fpic  -g -O2 -fstack-protector-strong -Wformat -Werror=format-security -Wdate-time -D_FORTIFY_SOURCE=2 -g  -c Rle_class.c -o Rle_class.o
gcc -std=gnu2x -I"/usr/local/lib/R/include" -DNDEBUG   -I/usr/local/include    -fpic  -g -O2 -fstack-protector-strong -Wformat -Werror=format-security -Wdate-time -D_FORTIFY_SOURCE=2 -g  -c Rle_utils.c -o Rle_utils.o
gcc -std=gnu2x -I"/usr/local/lib/R/include" -DNDEBUG   -I/usr/local/include    -fpic  -g -O2 -fstack-protector-strong -Wformat -Werror=format-security -Wdate-time -D_FORTIFY_SOURCE=2 -g  -c SEXP_utils.c -o SEXP_utils.o
gcc -std=gnu2x -I"/usr/local/lib/R/include" -DNDEBUG   -I/usr/local/include    -fpic  -g -O2 -fstack-protector-strong -Wformat -Werror=format-security -Wdate-time -D_FORTIFY_SOURCE=2 -g  -c SimpleList_class.c -o SimpleList_class.o
gcc -std=gnu2x -I"/usr/local/lib/R/include" -DNDEBUG   -I/usr/local/include    -fpic  -g -O2 -fstack-protector-strong -Wformat -Werror=format-security -Wdate-time -D_FORTIFY_SOURCE=2 -g  -c character_utils.c -o character_utils.o
gcc -std=gnu2x -I"/usr/local/lib/R/include" -DNDEBUG   -I/usr/local/include    -fpic  -g -O2 -fstack-protector-strong -Wformat -Werror=format-security -Wdate-time -D_FORTIFY_SOURCE=2 -g  -c hash_utils.c -o hash_utils.o
gcc -std=gnu2x -I"/usr/local/lib/R/include" -DNDEBUG   -I/usr/local/include    -fpic  -g -O2 -fstack-protector-strong -Wformat -Werror=format-security -Wdate-time -D_FORTIFY_SOURCE=2 -g  -c integer_utils.c -o integer_utils.o
gcc -std=gnu2x -I"/usr/local/lib/R/include" -DNDEBUG   -I/usr/local/include    -fpic  -g -O2 -fstack-protector-strong -Wformat -Werror=format-security -Wdate-time -D_FORTIFY_SOURCE=2 -g  -c logical_utils.c -o logical_utils.o
gcc -std=gnu2x -I"/usr/local/lib/R/include" -DNDEBUG   -I/usr/local/include    -fpic  -g -O2 -fstack-protector-strong -Wformat -Werror=format-security -Wdate-time -D_FORTIFY_SOURCE=2 -g  -c map_ranges_to_runs.c -o map_ranges_to_runs.o
gcc -std=gnu2x -I"/usr/local/lib/R/include" -DNDEBUG   -I/usr/local/include    -fpic  -g -O2 -fstack-protector-strong -Wformat -Werror=format-security -Wdate-time -D_FORTIFY_SOURCE=2 -g  -c raw_utils.c -o raw_utils.o
gcc -std=gnu2x -I"/usr/local/lib/R/include" -DNDEBUG   -I/usr/local/include    -fpic  -g -O2 -fstack-protector-strong -Wformat -Werror=format-security -Wdate-time -D_FORTIFY_SOURCE=2 -g  -c safe_arithm.c -o safe_arithm.o
gcc -std=gnu2x -I"/usr/local/lib/R/include" -DNDEBUG   -I/usr/local/include    -fpic  -g -O2 -fstack-protector-strong -Wformat -Werror=format-security -Wdate-time -D_FORTIFY_SOURCE=2 -g  -c sort_utils.c -o sort_utils.o
gcc -std=gnu2x -I"/usr/local/lib/R/include" -DNDEBUG   -I/usr/local/include    -fpic  -g -O2 -fstack-protector-strong -Wformat -Werror=format-security -Wdate-time -D_FORTIFY_SOURCE=2 -g  -c subsetting_utils.c -o subsetting_utils.o
gcc -std=gnu2x -I"/usr/local/lib/R/include" -DNDEBUG   -I/usr/local/include    -fpic  -g -O2 -fstack-protector-strong -Wformat -Werror=format-security -Wdate-time -D_FORTIFY_SOURCE=2 -g  -c vector_utils.c -o vector_utils.o
gcc -std=gnu2x -shared -L/usr/local/lib/R/lib -L/usr/local/lib -o S4Vectors.so AEbufs.o DFrame_class.o Hits_class.o LLint_class.o List_class.o R_init_S4Vectors.o Rle_class.o Rle_utils.o SEXP_utils.o SimpleList_class.o character_utils.o hash_utils.o integer_utils.o logical_utils.o map_ranges_to_runs.o raw_utils.o safe_arithm.o sort_utils.o subsetting_utils.o vector_utils.o -L/usr/local/lib/R/lib -lR
installing to /tmp/library/00LOCK-S4Vectors/00new/S4Vectors/libs
** R
** inst
** byte-compile and prepare package for lazy loading
in method for ‘normalizeSingleBracketReplacementValue’ with signature ‘"List"’: no definition for class “List”
Creating a new generic function for ‘unname’ in package ‘S4Vectors’
Creating a new generic function for ‘expand.grid’ in package ‘S4Vectors’
Creating a new generic function for ‘findMatches’ in package ‘S4Vectors’
in method for ‘coerce’ with signature ‘"Hits","DFrame"’: no definition for class “DFrame”
Creating a generic function for ‘as.factor’ from package ‘base’ in package ‘S4Vectors’
Creating a generic function for ‘tabulate’ from package ‘base’ in package ‘S4Vectors’
Creating a generic function for ‘cov’ from package ‘stats’ in package ‘S4Vectors’
Creating a generic function for ‘cor’ from package ‘stats’ in package ‘S4Vectors’
Creating a generic function for ‘smoothEnds’ from package ‘stats’ in package ‘S4Vectors’
Creating a generic function for ‘runmed’ from package ‘stats’ in package ‘S4Vectors’
Creating a generic function for ‘nchar’ from package ‘base’ in package ‘S4Vectors’
Creating a generic function for ‘substr’ from package ‘base’ in package ‘S4Vectors’
Creating a generic function for ‘substring’ from package ‘base’ in package ‘S4Vectors’
Creating a generic function for ‘chartr’ from package ‘base’ in package ‘S4Vectors’
Creating a generic function for ‘tolower’ from package ‘base’ in package ‘S4Vectors’
Creating a generic function for ‘toupper’ from package ‘base’ in package ‘S4Vectors’
Creating a generic function for ‘sub’ from package ‘base’ in package ‘S4Vectors’
Creating a generic function for ‘gsub’ from package ‘base’ in package ‘S4Vectors’
Creating a generic function for ‘nlevels’ from package ‘base’ in package ‘S4Vectors’
in method for ‘coerce’ with signature ‘"data.table","DFrame"’: no definition for class “data.table”
Creating a generic function for ‘complete.cases’ from package ‘stats’ in package ‘S4Vectors’
** help
*** installing help indices
** building package indices
** installing vignettes
** testing if installed package can be loaded from temporary location
** checking absolute paths in shared objects and dynamic libraries
** testing if installed package can be loaded from final location
** testing if installed package keeps a record of temporary installation path
* SHA256 sums
* creating tarball
packaged installation of ‘S4Vectors’ as ‘S4Vectors_0.51.5_R_x86_64-pc-linux-gnu.tar.gz’
* DONE (S4Vectors)
* installing *binary* package ‘tidyr’ ...
* package ‘tidyr’ successfully unpacked and SHA256 sums checked
* ‘tidyr’ was already a binary package and will not be rebuilt
* SHA256 sums
* creating tarball
packaged installation of ‘tidyr’ as ‘tidyr_1.3.2_R_x86_64-pc-linux-gnu.tar.gz’
* DONE (tidyr)
* installing *binary* package ‘ggbeeswarm’ ...
* package ‘ggbeeswarm’ successfully unpacked and SHA256 sums checked
* ‘ggbeeswarm’ was already a binary package and will not be rebuilt
* SHA256 sums
* creating tarball
packaged installation of ‘ggbeeswarm’ as ‘ggbeeswarm_0.7.3_R_x86_64-pc-linux-gnu.tar.gz’
* DONE (ggbeeswarm)
* installing *binary* package ‘viridis’ ...
* package ‘viridis’ successfully unpacked and SHA256 sums checked
* ‘viridis’ was already a binary package and will not be rebuilt
* SHA256 sums
* creating tarball
packaged installation of ‘viridis’ as ‘viridis_0.6.5_R_x86_64-pc-linux-gnu.tar.gz’
* DONE (viridis)
* installing *binary* package ‘ggrepel’ ...
* package ‘ggrepel’ successfully unpacked and SHA256 sums checked
* ‘ggrepel’ was already a binary package and will not be rebuilt
* SHA256 sums
* creating tarball
packaged installation of ‘ggrepel’ as ‘ggrepel_0.9.8_R_x86_64-pc-linux-gnu.tar.gz’
* DONE (ggrepel)
* installing *binary* package ‘tidytree’ ...
* package ‘tidytree’ successfully unpacked and SHA256 sums checked
* ‘tidytree’ was already a binary package and will not be rebuilt
* SHA256 sums
* creating tarball
packaged installation of ‘tidytree’ as ‘tidytree_0.4.8_R_x86_64-pc-linux-gnu.tar.gz’
* DONE (tidytree)
* installing *binary* package ‘readr’ ...
* package ‘readr’ successfully unpacked and SHA256 sums checked
* ‘readr’ was already a binary package and will not be rebuilt
* SHA256 sums
* creating tarball
packaged installation of ‘readr’ as ‘readr_2.2.0_R_x86_64-pc-linux-gnu.tar.gz’
* DONE (readr)
Warning: SystemRequirements specified C++11: support has been removed
* installing *source* package ‘BiocParallel’ ...
** this is package ‘BiocParallel’ version ‘1.47.0’
** package ‘BiocParallel’ successfully unpacked and MD5 sums checked
** using staged installation
checking whether the C++ compiler works... yes
checking for C++ compiler default output file name... a.out
checking for suffix of executables... 
checking whether we are cross compiling... no
checking for suffix of object files... o
checking whether the compiler supports GNU C++... yes
checking whether g++ -std=gnu++20 accepts -g... yes
checking for g++ -std=gnu++20 option to enable C++11 features... none needed
checking for library containing shm_open... none required
checking for stdio.h... yes
checking for stdlib.h... yes
checking for string.h... yes
checking for inttypes.h... yes
checking for stdint.h... yes
checking for strings.h... yes
checking for sys/stat.h... yes
checking for sys/types.h... yes
checking for unistd.h... yes
checking for sys/mman.h... yes
configure: creating ./config.status
config.status: creating src/Makevars
** libs
specified C++11
using C++ compiler: ‘g++ (Ubuntu 13.3.0-6ubuntu2~24.04.1) 13.3.0’
g++ -std=gnu++20 -I"/usr/local/lib/R/include" -DNDEBUG -I"./" -I'/tmp/library/BH/include' -I'/usr/local/lib/R/site-library/cpp11/include' -I/usr/local/include    -fpic  -g -O2 -fstack-protector-strong -Wformat -Werror=format-security -Wdate-time -D_FORTIFY_SOURCE=2 -g   -c cpp11.cpp -o cpp11.o
g++ -std=gnu++20 -I"/usr/local/lib/R/include" -DNDEBUG -I"./" -I'/tmp/library/BH/include' -I'/usr/local/lib/R/site-library/cpp11/include' -I/usr/local/include    -fpic  -g -O2 -fstack-protector-strong -Wformat -Werror=format-security -Wdate-time -D_FORTIFY_SOURCE=2 -g   -c ipcmutex.cpp -o ipcmutex.o
g++ -std=gnu++20 -shared -L/usr/local/lib/R/lib -L/usr/local/lib -o BiocParallel.so cpp11.o ipcmutex.o -L/usr/local/lib/R/lib -lR
installing to /tmp/library/00LOCK-BiocParallel/00new/BiocParallel/libs
** R
** inst
** byte-compile and prepare package for lazy loading
** help
*** installing help indices
** building package indices
** installing vignettes
** testing if installed package can be loaded from temporary location
** checking absolute paths in shared objects and dynamic libraries
** testing if installed package can be loaded from final location
** testing if installed package keeps a record of temporary installation path
* SHA256 sums
* creating tarball
packaged installation of ‘BiocParallel’ as ‘BiocParallel_1.47.0_R_x86_64-pc-linux-gnu.tar.gz’
* DONE (BiocParallel)
* installing *source* package ‘decontam’ ...
** this is package ‘decontam’ version ‘1.33.0’
** package ‘decontam’ successfully unpacked and MD5 sums checked
** using staged installation
** R
** inst
** byte-compile and prepare package for lazy loading
** help
*** installing help indices
** building package indices
** installing vignettes
** testing if installed package can be loaded from temporary location
** testing if installed package can be loaded from final location
** testing if installed package keeps a record of temporary installation path
* SHA256 sums
* creating tarball
packaged installation of ‘decontam’ as ‘decontam_1.33.0_R_x86_64-pc-linux-gnu.tar.gz’
* DONE (decontam)
* installing *source* package ‘IRanges’ ...
** this is package ‘IRanges’ version ‘2.47.2’
** package ‘IRanges’ successfully unpacked and MD5 sums checked
** using staged installation
** libs
using C compiler: ‘gcc (Ubuntu 13.3.0-6ubuntu2~24.04.1) 13.3.0’
gcc -std=gnu2x -I"/usr/local/lib/R/include" -DNDEBUG  -I'/tmp/library/S4Vectors/include' -I/usr/local/include   -fopenmp -fpic  -g -O2 -fstack-protector-strong -Wformat -Werror=format-security -Wdate-time -D_FORTIFY_SOURCE=2 -g  -c CompressedAtomicList_utils.c -o CompressedAtomicList_utils.o
gcc -std=gnu2x -I"/usr/local/lib/R/include" -DNDEBUG  -I'/tmp/library/S4Vectors/include' -I/usr/local/include   -fopenmp -fpic  -g -O2 -fstack-protector-strong -Wformat -Werror=format-security -Wdate-time -D_FORTIFY_SOURCE=2 -g  -c CompressedIRangesList_class.c -o CompressedIRangesList_class.o
gcc -std=gnu2x -I"/usr/local/lib/R/include" -DNDEBUG  -I'/tmp/library/S4Vectors/include' -I/usr/local/include   -fopenmp -fpic  -g -O2 -fstack-protector-strong -Wformat -Werror=format-security -Wdate-time -D_FORTIFY_SOURCE=2 -g  -c CompressedList_class.c -o CompressedList_class.o
gcc -std=gnu2x -I"/usr/local/lib/R/include" -DNDEBUG  -I'/tmp/library/S4Vectors/include' -I/usr/local/include   -fopenmp -fpic  -g -O2 -fstack-protector-strong -Wformat -Werror=format-security -Wdate-time -D_FORTIFY_SOURCE=2 -g  -c Grouping_class.c -o Grouping_class.o
gcc -std=gnu2x -I"/usr/local/lib/R/include" -DNDEBUG  -I'/tmp/library/S4Vectors/include' -I/usr/local/include   -fopenmp -fpic  -g -O2 -fstack-protector-strong -Wformat -Werror=format-security -Wdate-time -D_FORTIFY_SOURCE=2 -g  -c IPosRanges_comparison.c -o IPosRanges_comparison.o
gcc -std=gnu2x -I"/usr/local/lib/R/include" -DNDEBUG  -I'/tmp/library/S4Vectors/include' -I/usr/local/include   -fopenmp -fpic  -g -O2 -fstack-protector-strong -Wformat -Werror=format-security -Wdate-time -D_FORTIFY_SOURCE=2 -g  -c IRanges_class.c -o IRanges_class.o
gcc -std=gnu2x -I"/usr/local/lib/R/include" -DNDEBUG  -I'/tmp/library/S4Vectors/include' -I/usr/local/include   -fopenmp -fpic  -g -O2 -fstack-protector-strong -Wformat -Werror=format-security -Wdate-time -D_FORTIFY_SOURCE=2 -g  -c IRanges_constructor.c -o IRanges_constructor.o
gcc -std=gnu2x -I"/usr/local/lib/R/include" -DNDEBUG  -I'/tmp/library/S4Vectors/include' -I/usr/local/include   -fopenmp -fpic  -g -O2 -fstack-protector-strong -Wformat -Werror=format-security -Wdate-time -D_FORTIFY_SOURCE=2 -g  -c NCList.c -o NCList.o
gcc -std=gnu2x -I"/usr/local/lib/R/include" -DNDEBUG  -I'/tmp/library/S4Vectors/include' -I/usr/local/include   -fopenmp -fpic  -g -O2 -fstack-protector-strong -Wformat -Werror=format-security -Wdate-time -D_FORTIFY_SOURCE=2 -g  -c R_init_IRanges.c -o R_init_IRanges.o
gcc -std=gnu2x -I"/usr/local/lib/R/include" -DNDEBUG  -I'/tmp/library/S4Vectors/include' -I/usr/local/include   -fopenmp -fpic  -g -O2 -fstack-protector-strong -Wformat -Werror=format-security -Wdate-time -D_FORTIFY_SOURCE=2 -g  -c Ranges_class.c -o Ranges_class.o
gcc -std=gnu2x -I"/usr/local/lib/R/include" -DNDEBUG  -I'/tmp/library/S4Vectors/include' -I/usr/local/include   -fopenmp -fpic  -g -O2 -fstack-protector-strong -Wformat -Werror=format-security -Wdate-time -D_FORTIFY_SOURCE=2 -g  -c RleViews_summarization.c -o RleViews_summarization.o
gcc -std=gnu2x -I"/usr/local/lib/R/include" -DNDEBUG  -I'/tmp/library/S4Vectors/include' -I/usr/local/include   -fopenmp -fpic  -g -O2 -fstack-protector-strong -Wformat -Werror=format-security -Wdate-time -D_FORTIFY_SOURCE=2 -g  -c S4Vectors_stubs.c -o S4Vectors_stubs.o
gcc -std=gnu2x -I"/usr/local/lib/R/include" -DNDEBUG  -I'/tmp/library/S4Vectors/include' -I/usr/local/include   -fopenmp -fpic  -g -O2 -fstack-protector-strong -Wformat -Werror=format-security -Wdate-time -D_FORTIFY_SOURCE=2 -g  -c SimpleIRangesList_class.c -o SimpleIRangesList_class.o
gcc -std=gnu2x -I"/usr/local/lib/R/include" -DNDEBUG  -I'/tmp/library/S4Vectors/include' -I/usr/local/include   -fopenmp -fpic  -g -O2 -fstack-protector-strong -Wformat -Werror=format-security -Wdate-time -D_FORTIFY_SOURCE=2 -g  -c coverage_methods.c -o coverage_methods.o
gcc -std=gnu2x -I"/usr/local/lib/R/include" -DNDEBUG  -I'/tmp/library/S4Vectors/include' -I/usr/local/include   -fopenmp -fpic  -g -O2 -fstack-protector-strong -Wformat -Werror=format-security -Wdate-time -D_FORTIFY_SOURCE=2 -g  -c extractListFragments.c -o extractListFragments.o
gcc -std=gnu2x -I"/usr/local/lib/R/include" -DNDEBUG  -I'/tmp/library/S4Vectors/include' -I/usr/local/include   -fopenmp -fpic  -g -O2 -fstack-protector-strong -Wformat -Werror=format-security -Wdate-time -D_FORTIFY_SOURCE=2 -g  -c inter_range_methods.c -o inter_range_methods.o
gcc -std=gnu2x -I"/usr/local/lib/R/include" -DNDEBUG  -I'/tmp/library/S4Vectors/include' -I/usr/local/include   -fopenmp -fpic  -g -O2 -fstack-protector-strong -Wformat -Werror=format-security -Wdate-time -D_FORTIFY_SOURCE=2 -g  -c thread_control.c -o thread_control.o
gcc -std=gnu2x -shared -L/usr/local/lib/R/lib -L/usr/local/lib -o IRanges.so CompressedAtomicList_utils.o CompressedIRangesList_class.o CompressedList_class.o Grouping_class.o IPosRanges_comparison.o IRanges_class.o IRanges_constructor.o NCList.o R_init_IRanges.o Ranges_class.o RleViews_summarization.o S4Vectors_stubs.o SimpleIRangesList_class.o coverage_methods.o extractListFragments.o inter_range_methods.o thread_control.o -fopenmp -L/usr/local/lib/R/lib -lR
installing to /tmp/library/00LOCK-IRanges/00new/IRanges/libs
** R
** inst
** byte-compile and prepare package for lazy loading
Creating a generic function for ‘drop’ from package ‘base’ in package ‘IRanges’
Creating a generic function for ‘runmed’ from package ‘stats’ in package ‘IRanges’
Creating a generic function for ‘chartr’ from package ‘base’ in package ‘IRanges’
Creating a generic function for ‘toupper’ from package ‘base’ in package ‘IRanges’
Creating a generic function for ‘tolower’ from package ‘base’ in package ‘IRanges’
Creating a generic function for ‘sub’ from package ‘base’ in package ‘IRanges’
Creating a generic function for ‘gsub’ from package ‘base’ in package ‘IRanges’
Creating a generic function for ‘startsWith’ from package ‘base’ in package ‘IRanges’
Creating a generic function for ‘endsWith’ from package ‘base’ in package ‘IRanges’
Creating a generic function for ‘smoothEnds’ from package ‘stats’ in package ‘IRanges’
** help
*** installing help indices
** building package indices
** installing vignettes
** testing if installed package can be loaded from temporary location
** checking absolute paths in shared objects and dynamic libraries
** testing if installed package can be loaded from final location
** testing if installed package keeps a record of temporary installation path
* SHA256 sums
* creating tarball
packaged installation of ‘IRanges’ as ‘IRanges_2.47.2_R_x86_64-pc-linux-gnu.tar.gz’
* DONE (IRanges)
* installing *source* package ‘multtest’ ...
** this is package ‘multtest’ version ‘2.69.0’
** package ‘multtest’ successfully unpacked and MD5 sums checked
** using staged installation
** libs
using C compiler: ‘gcc (Ubuntu 13.3.0-6ubuntu2~24.04.1) 13.3.0’
gcc -std=gnu2x -I"/usr/local/lib/R/include" -DNDEBUG   -I/usr/local/include   -DUSEDOUBLE -fpic  -g -O2 -fstack-protector-strong -Wformat -Werror=format-security -Wdate-time -D_FORTIFY_SOURCE=2 -g  -c Rpack.c -o Rpack.o
gcc -std=gnu2x -I"/usr/local/lib/R/include" -DNDEBUG   -I/usr/local/include   -DUSEDOUBLE -fpic  -g -O2 -fstack-protector-strong -Wformat -Werror=format-security -Wdate-time -D_FORTIFY_SOURCE=2 -g  -c VScount.c -o VScount.o
gcc -std=gnu2x -I"/usr/local/lib/R/include" -DNDEBUG   -I/usr/local/include   -DUSEDOUBLE -fpic  -g -O2 -fstack-protector-strong -Wformat -Werror=format-security -Wdate-time -D_FORTIFY_SOURCE=2 -g  -c block_sampling_fixed.c -o block_sampling_fixed.o
gcc -std=gnu2x -I"/usr/local/lib/R/include" -DNDEBUG   -I/usr/local/include   -DUSEDOUBLE -fpic  -g -O2 -fstack-protector-strong -Wformat -Werror=format-security -Wdate-time -D_FORTIFY_SOURCE=2 -g  -c bootloop.c -o bootloop.o
gcc -std=gnu2x -I"/usr/local/lib/R/include" -DNDEBUG   -I/usr/local/include   -DUSEDOUBLE -fpic  -g -O2 -fstack-protector-strong -Wformat -Werror=format-security -Wdate-time -D_FORTIFY_SOURCE=2 -g  -c mt.c -o mt.o
gcc -std=gnu2x -I"/usr/local/lib/R/include" -DNDEBUG   -I/usr/local/include   -DUSEDOUBLE -fpic  -g -O2 -fstack-protector-strong -Wformat -Werror=format-security -Wdate-time -D_FORTIFY_SOURCE=2 -g  -c pairt_sampling.c -o pairt_sampling.o
gcc -std=gnu2x -I"/usr/local/lib/R/include" -DNDEBUG   -I/usr/local/include   -DUSEDOUBLE -fpic  -g -O2 -fstack-protector-strong -Wformat -Werror=format-security -Wdate-time -D_FORTIFY_SOURCE=2 -g  -c pairt_sampling_fixed.c -o pairt_sampling_fixed.o
gcc -std=gnu2x -I"/usr/local/lib/R/include" -DNDEBUG   -I/usr/local/include   -DUSEDOUBLE -fpic  -g -O2 -fstack-protector-strong -Wformat -Werror=format-security -Wdate-time -D_FORTIFY_SOURCE=2 -g  -c random.c -o random.o
gcc -std=gnu2x -I"/usr/local/lib/R/include" -DNDEBUG   -I/usr/local/include   -DUSEDOUBLE -fpic  -g -O2 -fstack-protector-strong -Wformat -Werror=format-security -Wdate-time -D_FORTIFY_SOURCE=2 -g  -c sampling.c -o sampling.o
gcc -std=gnu2x -I"/usr/local/lib/R/include" -DNDEBUG   -I/usr/local/include   -DUSEDOUBLE -fpic  -g -O2 -fstack-protector-strong -Wformat -Werror=format-security -Wdate-time -D_FORTIFY_SOURCE=2 -g  -c sampling_fixed.c -o sampling_fixed.o
gcc -std=gnu2x -I"/usr/local/lib/R/include" -DNDEBUG   -I/usr/local/include   -DUSEDOUBLE -fpic  -g -O2 -fstack-protector-strong -Wformat -Werror=format-security -Wdate-time -D_FORTIFY_SOURCE=2 -g  -c stat_func.c -o stat_func.o
gcc -std=gnu2x -I"/usr/local/lib/R/include" -DNDEBUG   -I/usr/local/include   -DUSEDOUBLE -fpic  -g -O2 -fstack-protector-strong -Wformat -Werror=format-security -Wdate-time -D_FORTIFY_SOURCE=2 -g  -c stat_order.c -o stat_order.o
gcc -std=gnu2x -shared -L/usr/local/lib/R/lib -L/usr/local/lib -o multtest.so Rpack.o VScount.o block_sampling_fixed.o bootloop.o mt.o pairt_sampling.o pairt_sampling_fixed.o random.o sampling.o sampling_fixed.o stat_func.o stat_order.o -lm -L/usr/local/lib/R/lib -lR
installing to /tmp/library/00LOCK-multtest/00new/multtest/libs
** R
** data
** inst
** byte-compile and prepare package for lazy loading
** help
*** installing help indices
** building package indices
** installing vignettes
** testing if installed package can be loaded from temporary location
** checking absolute paths in shared objects and dynamic libraries
** testing if installed package can be loaded from final location
** testing if installed package keeps a record of temporary installation path
* SHA256 sums
* creating tarball
packaged installation of ‘multtest’ as ‘multtest_2.69.0_R_x86_64-pc-linux-gnu.tar.gz’
* DONE (multtest)
* installing *binary* package ‘broom’ ...
* package ‘broom’ successfully unpacked and SHA256 sums checked
* ‘broom’ was already a binary package and will not be rebuilt
* SHA256 sums
* creating tarball
packaged installation of ‘broom’ as ‘broom_1.0.13_R_x86_64-pc-linux-gnu.tar.gz’
* DONE (broom)
* installing *binary* package ‘dbplyr’ ...
* package ‘dbplyr’ successfully unpacked and SHA256 sums checked
* ‘dbplyr’ was already a binary package and will not be rebuilt
* SHA256 sums
* creating tarball
packaged installation of ‘dbplyr’ as ‘dbplyr_2.6.0_R_x86_64-pc-linux-gnu.tar.gz’
* DONE (dbplyr)
* installing *binary* package ‘googlesheets4’ ...
* package ‘googlesheets4’ successfully unpacked and SHA256 sums checked
* ‘googlesheets4’ was already a binary package and will not be rebuilt
* SHA256 sums
* creating tarball
packaged installation of ‘googlesheets4’ as ‘googlesheets4_1.1.2_R_x86_64-pc-linux-gnu.tar.gz’
* DONE (googlesheets4)
* installing *binary* package ‘Hmisc’ ...
* package ‘Hmisc’ successfully unpacked and SHA256 sums checked
* ‘Hmisc’ was already a binary package and will not be rebuilt
* SHA256 sums
* creating tarball
packaged installation of ‘Hmisc’ as ‘Hmisc_5.2-6_R_x86_64-pc-linux-gnu.tar.gz’
* DONE (Hmisc)
* installing *binary* package ‘lme4’ ...
* package ‘lme4’ successfully unpacked and SHA256 sums checked
* ‘lme4’ was already a binary package and will not be rebuilt
* SHA256 sums
* creating tarball
packaged installation of ‘lme4’ as ‘lme4_2.0-6_R_x86_64-pc-linux-gnu.tar.gz’
* DONE (lme4)
* installing *source* package ‘XVector’ ...
** this is package ‘XVector’ version ‘0.53.0’
** package ‘XVector’ successfully unpacked and MD5 sums checked
** using staged installation
** libs
using C compiler: ‘gcc (Ubuntu 13.3.0-6ubuntu2~24.04.1) 13.3.0’
gcc -std=gnu2x -I"/usr/local/lib/R/include" -DNDEBUG  -I'/tmp/library/S4Vectors/include' -I'/tmp/library/IRanges/include' -I/usr/local/include    -fpic  -g -O2 -fstack-protector-strong -Wformat -Werror=format-security -Wdate-time -D_FORTIFY_SOURCE=2 -g  -c IRanges_stubs.c -o IRanges_stubs.o
gcc -std=gnu2x -I"/usr/local/lib/R/include" -DNDEBUG  -I'/tmp/library/S4Vectors/include' -I'/tmp/library/IRanges/include' -I/usr/local/include    -fpic  -g -O2 -fstack-protector-strong -Wformat -Werror=format-security -Wdate-time -D_FORTIFY_SOURCE=2 -g  -c Ocopy_byteblocks.c -o Ocopy_byteblocks.o
gcc -std=gnu2x -I"/usr/local/lib/R/include" -DNDEBUG  -I'/tmp/library/S4Vectors/include' -I'/tmp/library/IRanges/include' -I/usr/local/include    -fpic  -g -O2 -fstack-protector-strong -Wformat -Werror=format-security -Wdate-time -D_FORTIFY_SOURCE=2 -g  -c RDS_random_access.c -o RDS_random_access.o
gcc -std=gnu2x -I"/usr/local/lib/R/include" -DNDEBUG  -I'/tmp/library/S4Vectors/include' -I'/tmp/library/IRanges/include' -I/usr/local/include    -fpic  -g -O2 -fstack-protector-strong -Wformat -Werror=format-security -Wdate-time -D_FORTIFY_SOURCE=2 -g  -c R_init_XVector.c -o R_init_XVector.o
gcc -std=gnu2x -I"/usr/local/lib/R/include" -DNDEBUG  -I'/tmp/library/S4Vectors/include' -I'/tmp/library/IRanges/include' -I/usr/local/include    -fpic  -g -O2 -fstack-protector-strong -Wformat -Werror=format-security -Wdate-time -D_FORTIFY_SOURCE=2 -g  -c S4Vectors_stubs.c -o S4Vectors_stubs.o
gcc -std=gnu2x -I"/usr/local/lib/R/include" -DNDEBUG  -I'/tmp/library/S4Vectors/include' -I'/tmp/library/IRanges/include' -I/usr/local/include    -fpic  -g -O2 -fstack-protector-strong -Wformat -Werror=format-security -Wdate-time -D_FORTIFY_SOURCE=2 -g  -c SharedDouble_class.c -o SharedDouble_class.o
gcc -std=gnu2x -I"/usr/local/lib/R/include" -DNDEBUG  -I'/tmp/library/S4Vectors/include' -I'/tmp/library/IRanges/include' -I/usr/local/include    -fpic  -g -O2 -fstack-protector-strong -Wformat -Werror=format-security -Wdate-time -D_FORTIFY_SOURCE=2 -g  -c SharedInteger_class.c -o SharedInteger_class.o
gcc -std=gnu2x -I"/usr/local/lib/R/include" -DNDEBUG  -I'/tmp/library/S4Vectors/include' -I'/tmp/library/IRanges/include' -I/usr/local/include    -fpic  -g -O2 -fstack-protector-strong -Wformat -Werror=format-security -Wdate-time -D_FORTIFY_SOURCE=2 -g  -c SharedRaw_class.c -o SharedRaw_class.o
gcc -std=gnu2x -I"/usr/local/lib/R/include" -DNDEBUG  -I'/tmp/library/S4Vectors/include' -I'/tmp/library/IRanges/include' -I/usr/local/include    -fpic  -g -O2 -fstack-protector-strong -Wformat -Werror=format-security -Wdate-time -D_FORTIFY_SOURCE=2 -g  -c SharedVector_class.c -o SharedVector_class.o
gcc -std=gnu2x -I"/usr/local/lib/R/include" -DNDEBUG  -I'/tmp/library/S4Vectors/include' -I'/tmp/library/IRanges/include' -I/usr/local/include    -fpic  -g -O2 -fstack-protector-strong -Wformat -Werror=format-security -Wdate-time -D_FORTIFY_SOURCE=2 -g  -c XDouble_class.c -o XDouble_class.o
gcc -std=gnu2x -I"/usr/local/lib/R/include" -DNDEBUG  -I'/tmp/library/S4Vectors/include' -I'/tmp/library/IRanges/include' -I/usr/local/include    -fpic  -g -O2 -fstack-protector-strong -Wformat -Werror=format-security -Wdate-time -D_FORTIFY_SOURCE=2 -g  -c XInteger_class.c -o XInteger_class.o
gcc -std=gnu2x -I"/usr/local/lib/R/include" -DNDEBUG  -I'/tmp/library/S4Vectors/include' -I'/tmp/library/IRanges/include' -I/usr/local/include    -fpic  -g -O2 -fstack-protector-strong -Wformat -Werror=format-security -Wdate-time -D_FORTIFY_SOURCE=2 -g  -c XRawList_comparison.c -o XRawList_comparison.o
gcc -std=gnu2x -I"/usr/local/lib/R/include" -DNDEBUG  -I'/tmp/library/S4Vectors/include' -I'/tmp/library/IRanges/include' -I/usr/local/include    -fpic  -g -O2 -fstack-protector-strong -Wformat -Werror=format-security -Wdate-time -D_FORTIFY_SOURCE=2 -g  -c XRaw_class.c -o XRaw_class.o
gcc -std=gnu2x -I"/usr/local/lib/R/include" -DNDEBUG  -I'/tmp/library/S4Vectors/include' -I'/tmp/library/IRanges/include' -I/usr/local/include    -fpic  -g -O2 -fstack-protector-strong -Wformat -Werror=format-security -Wdate-time -D_FORTIFY_SOURCE=2 -g  -c XVectorList_class.c -o XVectorList_class.o
gcc -std=gnu2x -I"/usr/local/lib/R/include" -DNDEBUG  -I'/tmp/library/S4Vectors/include' -I'/tmp/library/IRanges/include' -I/usr/local/include    -fpic  -g -O2 -fstack-protector-strong -Wformat -Werror=format-security -Wdate-time -D_FORTIFY_SOURCE=2 -g  -c XVector_class.c -o XVector_class.o
gcc -std=gnu2x -I"/usr/local/lib/R/include" -DNDEBUG  -I'/tmp/library/S4Vectors/include' -I'/tmp/library/IRanges/include' -I/usr/local/include    -fpic  -g -O2 -fstack-protector-strong -Wformat -Werror=format-security -Wdate-time -D_FORTIFY_SOURCE=2 -g  -c io_utils.c -o io_utils.o
gcc -std=gnu2x -I"/usr/local/lib/R/include" -DNDEBUG  -I'/tmp/library/S4Vectors/include' -I'/tmp/library/IRanges/include' -I/usr/local/include    -fpic  -g -O2 -fstack-protector-strong -Wformat -Werror=format-security -Wdate-time -D_FORTIFY_SOURCE=2 -g  -c slice_methods.c -o slice_methods.o
gcc -std=gnu2x -I"/usr/local/lib/R/include" -DNDEBUG  -I'/tmp/library/S4Vectors/include' -I'/tmp/library/IRanges/include' -I/usr/local/include    -fpic  -g -O2 -fstack-protector-strong -Wformat -Werror=format-security -Wdate-time -D_FORTIFY_SOURCE=2 -g  -c vector_copy.c -o vector_copy.o
gcc -std=gnu2x -I"/usr/local/lib/R/include" -DNDEBUG  -I'/tmp/library/S4Vectors/include' -I'/tmp/library/IRanges/include' -I/usr/local/include    -fpic  -g -O2 -fstack-protector-strong -Wformat -Werror=format-security -Wdate-time -D_FORTIFY_SOURCE=2 -g  -c view_summarization_methods.c -o view_summarization_methods.o
gcc -std=gnu2x -shared -L/usr/local/lib/R/lib -L/usr/local/lib -o XVector.so IRanges_stubs.o Ocopy_byteblocks.o RDS_random_access.o R_init_XVector.o S4Vectors_stubs.o SharedDouble_class.o SharedInteger_class.o SharedRaw_class.o SharedVector_class.o XDouble_class.o XInteger_class.o XRawList_comparison.o XRaw_class.o XVectorList_class.o XVector_class.o io_utils.o slice_methods.o vector_copy.o view_summarization_methods.o -lz -L/usr/local/lib/R/lib -lR
installing to /tmp/library/00LOCK-XVector/00new/XVector/libs
** R
** inst
** byte-compile and prepare package for lazy loading
** help
*** installing help indices
** building package indices
** testing if installed package can be loaded from temporary location
** checking absolute paths in shared objects and dynamic libraries
** testing if installed package can be loaded from final location
** testing if installed package keeps a record of temporary installation path
* SHA256 sums
* creating tarball
packaged installation of ‘XVector’ as ‘XVector_0.53.0_R_x86_64-pc-linux-gnu.tar.gz’
* DONE (XVector)
* installing *binary* package ‘haven’ ...
* package ‘haven’ successfully unpacked and SHA256 sums checked
* ‘haven’ was already a binary package and will not be rebuilt
* SHA256 sums
* creating tarball
packaged installation of ‘haven’ as ‘haven_2.5.5_R_x86_64-pc-linux-gnu.tar.gz’
* DONE (haven)
* installing *source* package ‘DirichletMultinomial’ ...
** this is package ‘DirichletMultinomial’ version ‘1.55.0’
** package ‘DirichletMultinomial’ successfully unpacked and MD5 sums checked
** using staged installation
** libs
using C compiler: ‘gcc (Ubuntu 13.3.0-6ubuntu2~24.04.1) 13.3.0’
gcc -std=gnu2x -I"/usr/local/lib/R/include" -DNDEBUG   -I/usr/local/include   `gsl-config --cflags` -DR_DIRICHLETMULTINOMIAL -fpic  -g -O2 -fstack-protector-strong -Wformat -Werror=format-security -Wdate-time -D_FORTIFY_SOURCE=2 -g  -c R_init_DirichletMultinomial.c -o R_init_DirichletMultinomial.o
gcc -std=gnu2x -I"/usr/local/lib/R/include" -DNDEBUG   -I/usr/local/include   `gsl-config --cflags` -DR_DIRICHLETMULTINOMIAL -fpic  -g -O2 -fstack-protector-strong -Wformat -Werror=format-security -Wdate-time -D_FORTIFY_SOURCE=2 -g  -c dirichlet_fit.c -o dirichlet_fit.o
gcc -std=gnu2x -I"/usr/local/lib/R/include" -DNDEBUG   -I/usr/local/include   `gsl-config --cflags` -DR_DIRICHLETMULTINOMIAL -fpic  -g -O2 -fstack-protector-strong -Wformat -Werror=format-security -Wdate-time -D_FORTIFY_SOURCE=2 -g  -c dirichlet_fit_main.c -o dirichlet_fit_main.o
gcc -std=gnu2x -shared -L/usr/local/lib/R/lib -L/usr/local/lib -o DirichletMultinomial.so R_init_DirichletMultinomial.o dirichlet_fit.o dirichlet_fit_main.o -L/usr/lib/x86_64-linux-gnu -lgsl -lgslcblas -lm -L/usr/local/lib/R/lib -lR
installing to /tmp/library/00LOCK-DirichletMultinomial/00new/DirichletMultinomial/libs
** R
** data
** inst
** byte-compile and prepare package for lazy loading
** help
*** installing help indices
** building package indices
** installing vignettes
** testing if installed package can be loaded from temporary location
** checking absolute paths in shared objects and dynamic libraries
** testing if installed package can be loaded from final location
** testing if installed package keeps a record of temporary installation path
* SHA256 sums
* creating tarball
packaged installation of ‘DirichletMultinomial’ as ‘DirichletMultinomial_1.55.0_R_x86_64-pc-linux-gnu.tar.gz’
* DONE (DirichletMultinomial)
* installing *source* package ‘Seqinfo’ ...
** this is package ‘Seqinfo’ version ‘1.3.0’
** package ‘Seqinfo’ successfully unpacked and MD5 sums checked
** using staged installation
** R
** inst
** byte-compile and prepare package for lazy loading
** help
*** installing help indices
** building package indices
** installing vignettes
** testing if installed package can be loaded from temporary location
** testing if installed package can be loaded from final location
** testing if installed package keeps a record of temporary installation path
* SHA256 sums
* creating tarball
packaged installation of ‘Seqinfo’ as ‘Seqinfo_1.3.0_R_x86_64-pc-linux-gnu.tar.gz’
* DONE (Seqinfo)
* installing *source* package ‘S4Arrays’ ...
** this is package ‘S4Arrays’ version ‘1.13.0’
** package ‘S4Arrays’ successfully unpacked and MD5 sums checked
** using staged installation
** libs
using C compiler: ‘gcc (Ubuntu 13.3.0-6ubuntu2~24.04.1) 13.3.0’
gcc -std=gnu2x -I"/usr/local/lib/R/include" -DNDEBUG  -I'/tmp/library/S4Vectors/include' -I/usr/local/include    -fpic  -g -O2 -fstack-protector-strong -Wformat -Werror=format-security -Wdate-time -D_FORTIFY_SOURCE=2 -g  -c R_init_S4Arrays.c -o R_init_S4Arrays.o
gcc -std=gnu2x -I"/usr/local/lib/R/include" -DNDEBUG  -I'/tmp/library/S4Vectors/include' -I/usr/local/include    -fpic  -g -O2 -fstack-protector-strong -Wformat -Werror=format-security -Wdate-time -D_FORTIFY_SOURCE=2 -g  -c S4Vectors_stubs.c -o S4Vectors_stubs.o
gcc -std=gnu2x -I"/usr/local/lib/R/include" -DNDEBUG  -I'/tmp/library/S4Vectors/include' -I/usr/local/include    -fpic  -g -O2 -fstack-protector-strong -Wformat -Werror=format-security -Wdate-time -D_FORTIFY_SOURCE=2 -g  -c abind.c -o abind.o
gcc -std=gnu2x -I"/usr/local/lib/R/include" -DNDEBUG  -I'/tmp/library/S4Vectors/include' -I/usr/local/include    -fpic  -g -O2 -fstack-protector-strong -Wformat -Werror=format-security -Wdate-time -D_FORTIFY_SOURCE=2 -g  -c array_selection.c -o array_selection.o
gcc -std=gnu2x -I"/usr/local/lib/R/include" -DNDEBUG  -I'/tmp/library/S4Vectors/include' -I/usr/local/include    -fpic  -g -O2 -fstack-protector-strong -Wformat -Werror=format-security -Wdate-time -D_FORTIFY_SOURCE=2 -g  -c dim_tuning_utils.c -o dim_tuning_utils.o
gcc -std=gnu2x -I"/usr/local/lib/R/include" -DNDEBUG  -I'/tmp/library/S4Vectors/include' -I/usr/local/include    -fpic  -g -O2 -fstack-protector-strong -Wformat -Werror=format-security -Wdate-time -D_FORTIFY_SOURCE=2 -g  -c rowsum.c -o rowsum.o
gcc -std=gnu2x -shared -L/usr/local/lib/R/lib -L/usr/local/lib -o S4Arrays.so R_init_S4Arrays.o S4Vectors_stubs.o abind.o array_selection.o dim_tuning_utils.o rowsum.o -L/usr/local/lib/R/lib -lR
installing to /tmp/library/00LOCK-S4Arrays/00new/S4Arrays/libs
** R
** inst
** byte-compile and prepare package for lazy loading
Creating a new generic function for ‘rowsum’ in package ‘S4Arrays’
Creating a new generic function for ‘abind’ in package ‘S4Arrays’
** help
*** installing help indices
** building package indices
** installing vignettes
** testing if installed package can be loaded from temporary location
** checking absolute paths in shared objects and dynamic libraries
** testing if installed package can be loaded from final location
** testing if installed package keeps a record of temporary installation path
* SHA256 sums
* creating tarball
packaged installation of ‘S4Arrays’ as ‘S4Arrays_1.13.0_R_x86_64-pc-linux-gnu.tar.gz’
* DONE (S4Arrays)
* installing *source* package ‘treeio’ ...
** this is package ‘treeio’ version ‘1.37.0’
** package ‘treeio’ successfully unpacked and MD5 sums checked
** using staged installation
** R
** inst
** byte-compile and prepare package for lazy loading
** help
*** installing help indices
*** copying figures
** building package indices
** installing vignettes
** testing if installed package can be loaded from temporary location
** testing if installed package can be loaded from final location
** testing if installed package keeps a record of temporary installation path
* SHA256 sums
* creating tarball
packaged installation of ‘treeio’ as ‘treeio_1.37.0_R_x86_64-pc-linux-gnu.tar.gz’
* DONE (treeio)
* installing *binary* package ‘modelr’ ...
* package ‘modelr’ successfully unpacked and SHA256 sums checked
* ‘modelr’ was already a binary package and will not be rebuilt
* SHA256 sums
* creating tarball
packaged installation of ‘modelr’ as ‘modelr_0.1.11_R_x86_64-pc-linux-gnu.tar.gz’
* DONE (modelr)
* installing *binary* package ‘lmerTest’ ...
* package ‘lmerTest’ successfully unpacked and SHA256 sums checked
* ‘lmerTest’ was already a binary package and will not be rebuilt
* SHA256 sums
* creating tarball
packaged installation of ‘lmerTest’ as ‘lmerTest_3.2-1_R_x86_64-pc-linux-gnu.tar.gz’
* DONE (lmerTest)
* installing *source* package ‘SparseArray’ ...
** this is package ‘SparseArray’ version ‘1.13.2’
** package ‘SparseArray’ successfully unpacked and MD5 sums checked
** using staged installation
** libs
using C compiler: ‘gcc (Ubuntu 13.3.0-6ubuntu2~24.04.1) 13.3.0’
gcc -std=gnu2x -I"/usr/local/lib/R/include" -DNDEBUG  -I'/tmp/library/S4Vectors/include' -I'/tmp/library/IRanges/include' -I'/tmp/library/XVector/include' -I/usr/local/include   -fopenmp -fpic  -g -O2 -fstack-protector-strong -Wformat -Werror=format-security -Wdate-time -D_FORTIFY_SOURCE=2 -g  -c ExtendableJaggedArray.c -o ExtendableJaggedArray.o
gcc -std=gnu2x -I"/usr/local/lib/R/include" -DNDEBUG  -I'/tmp/library/S4Vectors/include' -I'/tmp/library/IRanges/include' -I'/tmp/library/XVector/include' -I/usr/local/include   -fopenmp -fpic  -g -O2 -fstack-protector-strong -Wformat -Werror=format-security -Wdate-time -D_FORTIFY_SOURCE=2 -g  -c IRanges_stubs.c -o IRanges_stubs.o
gcc -std=gnu2x -I"/usr/local/lib/R/include" -DNDEBUG  -I'/tmp/library/S4Vectors/include' -I'/tmp/library/IRanges/include' -I'/tmp/library/XVector/include' -I/usr/local/include   -fopenmp -fpic  -g -O2 -fstack-protector-strong -Wformat -Werror=format-security -Wdate-time -D_FORTIFY_SOURCE=2 -g  -c OPBufTree.c -o OPBufTree.o
gcc -std=gnu2x -I"/usr/local/lib/R/include" -DNDEBUG  -I'/tmp/library/S4Vectors/include' -I'/tmp/library/IRanges/include' -I'/tmp/library/XVector/include' -I/usr/local/include   -fopenmp -fpic  -g -O2 -fstack-protector-strong -Wformat -Werror=format-security -Wdate-time -D_FORTIFY_SOURCE=2 -g  -c R_init_SparseArray.c -o R_init_SparseArray.o
gcc -std=gnu2x -I"/usr/local/lib/R/include" -DNDEBUG  -I'/tmp/library/S4Vectors/include' -I'/tmp/library/IRanges/include' -I'/tmp/library/XVector/include' -I/usr/local/include   -fopenmp -fpic  -g -O2 -fstack-protector-strong -Wformat -Werror=format-security -Wdate-time -D_FORTIFY_SOURCE=2 -g  -c Rvector_summarization.c -o Rvector_summarization.o
gcc -std=gnu2x -I"/usr/local/lib/R/include" -DNDEBUG  -I'/tmp/library/S4Vectors/include' -I'/tmp/library/IRanges/include' -I'/tmp/library/XVector/include' -I/usr/local/include   -fopenmp -fpic  -g -O2 -fstack-protector-strong -Wformat -Werror=format-security -Wdate-time -D_FORTIFY_SOURCE=2 -g  -c Rvector_utils.c -o Rvector_utils.o
gcc -std=gnu2x -I"/usr/local/lib/R/include" -DNDEBUG  -I'/tmp/library/S4Vectors/include' -I'/tmp/library/IRanges/include' -I'/tmp/library/XVector/include' -I/usr/local/include   -fopenmp -fpic  -g -O2 -fstack-protector-strong -Wformat -Werror=format-security -Wdate-time -D_FORTIFY_SOURCE=2 -g  -c S4Vectors_stubs.c -o S4Vectors_stubs.o
gcc -std=gnu2x -I"/usr/local/lib/R/include" -DNDEBUG  -I'/tmp/library/S4Vectors/include' -I'/tmp/library/IRanges/include' -I'/tmp/library/XVector/include' -I/usr/local/include   -fopenmp -fpic  -g -O2 -fstack-protector-strong -Wformat -Werror=format-security -Wdate-time -D_FORTIFY_SOURCE=2 -g  -c SBT_utils.c -o SBT_utils.o
gcc -std=gnu2x -I"/usr/local/lib/R/include" -DNDEBUG  -I'/tmp/library/S4Vectors/include' -I'/tmp/library/IRanges/include' -I'/tmp/library/XVector/include' -I/usr/local/include   -fopenmp -fpic  -g -O2 -fstack-protector-strong -Wformat -Werror=format-security -Wdate-time -D_FORTIFY_SOURCE=2 -g  -c SVT_SparseArray_class.c -o SVT_SparseArray_class.o
gcc -std=gnu2x -I"/usr/local/lib/R/include" -DNDEBUG  -I'/tmp/library/S4Vectors/include' -I'/tmp/library/IRanges/include' -I'/tmp/library/XVector/include' -I/usr/local/include   -fopenmp -fpic  -g -O2 -fstack-protector-strong -Wformat -Werror=format-security -Wdate-time -D_FORTIFY_SOURCE=2 -g  -c SparseArray_Arith_methods.c -o SparseArray_Arith_methods.o
gcc -std=gnu2x -I"/usr/local/lib/R/include" -DNDEBUG  -I'/tmp/library/S4Vectors/include' -I'/tmp/library/IRanges/include' -I'/tmp/library/XVector/include' -I/usr/local/include   -fopenmp -fpic  -g -O2 -fstack-protector-strong -Wformat -Werror=format-security -Wdate-time -D_FORTIFY_SOURCE=2 -g  -c SparseArray_Compare_methods.c -o SparseArray_Compare_methods.o
gcc -std=gnu2x -I"/usr/local/lib/R/include" -DNDEBUG  -I'/tmp/library/S4Vectors/include' -I'/tmp/library/IRanges/include' -I'/tmp/library/XVector/include' -I/usr/local/include   -fopenmp -fpic  -g -O2 -fstack-protector-strong -Wformat -Werror=format-security -Wdate-time -D_FORTIFY_SOURCE=2 -g  -c SparseArray_Complex_methods.c -o SparseArray_Complex_methods.o
gcc -std=gnu2x -I"/usr/local/lib/R/include" -DNDEBUG  -I'/tmp/library/S4Vectors/include' -I'/tmp/library/IRanges/include' -I'/tmp/library/XVector/include' -I/usr/local/include   -fopenmp -fpic  -g -O2 -fstack-protector-strong -Wformat -Werror=format-security -Wdate-time -D_FORTIFY_SOURCE=2 -g  -c SparseArray_Logic_methods.c -o SparseArray_Logic_methods.o
gcc -std=gnu2x -I"/usr/local/lib/R/include" -DNDEBUG  -I'/tmp/library/S4Vectors/include' -I'/tmp/library/IRanges/include' -I'/tmp/library/XVector/include' -I/usr/local/include   -fopenmp -fpic  -g -O2 -fstack-protector-strong -Wformat -Werror=format-security -Wdate-time -D_FORTIFY_SOURCE=2 -g  -c SparseArray_Math_methods.c -o SparseArray_Math_methods.o
gcc -std=gnu2x -I"/usr/local/lib/R/include" -DNDEBUG  -I'/tmp/library/S4Vectors/include' -I'/tmp/library/IRanges/include' -I'/tmp/library/XVector/include' -I/usr/local/include   -fopenmp -fpic  -g -O2 -fstack-protector-strong -Wformat -Werror=format-security -Wdate-time -D_FORTIFY_SOURCE=2 -g  -c SparseArray_abind.c -o SparseArray_abind.o
gcc -std=gnu2x -I"/usr/local/lib/R/include" -DNDEBUG  -I'/tmp/library/S4Vectors/include' -I'/tmp/library/IRanges/include' -I'/tmp/library/XVector/include' -I/usr/local/include   -fopenmp -fpic  -g -O2 -fstack-protector-strong -Wformat -Werror=format-security -Wdate-time -D_FORTIFY_SOURCE=2 -g  -c SparseArray_aperm.c -o SparseArray_aperm.o
gcc -std=gnu2x -I"/usr/local/lib/R/include" -DNDEBUG  -I'/tmp/library/S4Vectors/include' -I'/tmp/library/IRanges/include' -I'/tmp/library/XVector/include' -I/usr/local/include   -fopenmp -fpic  -g -O2 -fstack-protector-strong -Wformat -Werror=format-security -Wdate-time -D_FORTIFY_SOURCE=2 -g  -c SparseArray_dim_tuning.c -o SparseArray_dim_tuning.o
gcc -std=gnu2x -I"/usr/local/lib/R/include" -DNDEBUG  -I'/tmp/library/S4Vectors/include' -I'/tmp/library/IRanges/include' -I'/tmp/library/XVector/include' -I/usr/local/include   -fopenmp -fpic  -g -O2 -fstack-protector-strong -Wformat -Werror=format-security -Wdate-time -D_FORTIFY_SOURCE=2 -g  -c SparseArray_matrixStats.c -o SparseArray_matrixStats.o
gcc -std=gnu2x -I"/usr/local/lib/R/include" -DNDEBUG  -I'/tmp/library/S4Vectors/include' -I'/tmp/library/IRanges/include' -I'/tmp/library/XVector/include' -I/usr/local/include   -fopenmp -fpic  -g -O2 -fstack-protector-strong -Wformat -Werror=format-security -Wdate-time -D_FORTIFY_SOURCE=2 -g  -c SparseArray_misc_methods.c -o SparseArray_misc_methods.o
gcc -std=gnu2x -I"/usr/local/lib/R/include" -DNDEBUG  -I'/tmp/library/S4Vectors/include' -I'/tmp/library/IRanges/include' -I'/tmp/library/XVector/include' -I/usr/local/include   -fopenmp -fpic  -g -O2 -fstack-protector-strong -Wformat -Werror=format-security -Wdate-time -D_FORTIFY_SOURCE=2 -g  -c SparseArray_subassignment.c -o SparseArray_subassignment.o
gcc -std=gnu2x -I"/usr/local/lib/R/include" -DNDEBUG  -I'/tmp/library/S4Vectors/include' -I'/tmp/library/IRanges/include' -I'/tmp/library/XVector/include' -I/usr/local/include   -fopenmp -fpic  -g -O2 -fstack-protector-strong -Wformat -Werror=format-security -Wdate-time -D_FORTIFY_SOURCE=2 -g  -c SparseArray_subsetting.c -o SparseArray_subsetting.o
SparseArray_subsetting.c: In function ‘REC_subset_SVT_as_SVT’:
SparseArray_subsetting.c:843:26: warning: comparison between pointer and integer
  843 |                 if (offs != i2 || ans_elt != subSVT)
      |                          ^~
gcc -std=gnu2x -I"/usr/local/lib/R/include" -DNDEBUG  -I'/tmp/library/S4Vectors/include' -I'/tmp/library/IRanges/include' -I'/tmp/library/XVector/include' -I/usr/local/include   -fopenmp -fpic  -g -O2 -fstack-protector-strong -Wformat -Werror=format-security -Wdate-time -D_FORTIFY_SOURCE=2 -g  -c SparseArray_summarization.c -o SparseArray_summarization.o
gcc -std=gnu2x -I"/usr/local/lib/R/include" -DNDEBUG  -I'/tmp/library/S4Vectors/include' -I'/tmp/library/IRanges/include' -I'/tmp/library/XVector/include' -I/usr/local/include   -fopenmp -fpic  -g -O2 -fstack-protector-strong -Wformat -Werror=format-security -Wdate-time -D_FORTIFY_SOURCE=2 -g  -c SparseMatrix_mult.c -o SparseMatrix_mult.o
gcc -std=gnu2x -I"/usr/local/lib/R/include" -DNDEBUG  -I'/tmp/library/S4Vectors/include' -I'/tmp/library/IRanges/include' -I'/tmp/library/XVector/include' -I/usr/local/include   -fopenmp -fpic  -g -O2 -fstack-protector-strong -Wformat -Werror=format-security -Wdate-time -D_FORTIFY_SOURCE=2 -g  -c SparseVec.c -o SparseVec.o
gcc -std=gnu2x -I"/usr/local/lib/R/include" -DNDEBUG  -I'/tmp/library/S4Vectors/include' -I'/tmp/library/IRanges/include' -I'/tmp/library/XVector/include' -I/usr/local/include   -fopenmp -fpic  -g -O2 -fstack-protector-strong -Wformat -Werror=format-security -Wdate-time -D_FORTIFY_SOURCE=2 -g  -c SparseVec_Arith.c -o SparseVec_Arith.o
gcc -std=gnu2x -I"/usr/local/lib/R/include" -DNDEBUG  -I'/tmp/library/S4Vectors/include' -I'/tmp/library/IRanges/include' -I'/tmp/library/XVector/include' -I/usr/local/include   -fopenmp -fpic  -g -O2 -fstack-protector-strong -Wformat -Werror=format-security -Wdate-time -D_FORTIFY_SOURCE=2 -g  -c SparseVec_Compare.c -o SparseVec_Compare.o
gcc -std=gnu2x -I"/usr/local/lib/R/include" -DNDEBUG  -I'/tmp/library/S4Vectors/include' -I'/tmp/library/IRanges/include' -I'/tmp/library/XVector/include' -I/usr/local/include   -fopenmp -fpic  -g -O2 -fstack-protector-strong -Wformat -Werror=format-security -Wdate-time -D_FORTIFY_SOURCE=2 -g  -c SparseVec_Logic.c -o SparseVec_Logic.o
gcc -std=gnu2x -I"/usr/local/lib/R/include" -DNDEBUG  -I'/tmp/library/S4Vectors/include' -I'/tmp/library/IRanges/include' -I'/tmp/library/XVector/include' -I/usr/local/include   -fopenmp -fpic  -g -O2 -fstack-protector-strong -Wformat -Werror=format-security -Wdate-time -D_FORTIFY_SOURCE=2 -g  -c SparseVec_Math.c -o SparseVec_Math.o
gcc -std=gnu2x -I"/usr/local/lib/R/include" -DNDEBUG  -I'/tmp/library/S4Vectors/include' -I'/tmp/library/IRanges/include' -I'/tmp/library/XVector/include' -I/usr/local/include   -fopenmp -fpic  -g -O2 -fstack-protector-strong -Wformat -Werror=format-security -Wdate-time -D_FORTIFY_SOURCE=2 -g  -c SparseVec_dotprod.c -o SparseVec_dotprod.o
gcc -std=gnu2x -I"/usr/local/lib/R/include" -DNDEBUG  -I'/tmp/library/S4Vectors/include' -I'/tmp/library/IRanges/include' -I'/tmp/library/XVector/include' -I/usr/local/include   -fopenmp -fpic  -g -O2 -fstack-protector-strong -Wformat -Werror=format-security -Wdate-time -D_FORTIFY_SOURCE=2 -g  -c SparseVec_subassignment.c -o SparseVec_subassignment.o
gcc -std=gnu2x -I"/usr/local/lib/R/include" -DNDEBUG  -I'/tmp/library/S4Vectors/include' -I'/tmp/library/IRanges/include' -I'/tmp/library/XVector/include' -I/usr/local/include   -fopenmp -fpic  -g -O2 -fstack-protector-strong -Wformat -Werror=format-security -Wdate-time -D_FORTIFY_SOURCE=2 -g  -c SparseVec_subsetting.c -o SparseVec_subsetting.o
gcc -std=gnu2x -I"/usr/local/lib/R/include" -DNDEBUG  -I'/tmp/library/S4Vectors/include' -I'/tmp/library/IRanges/include' -I'/tmp/library/XVector/include' -I/usr/local/include   -fopenmp -fpic  -g -O2 -fstack-protector-strong -Wformat -Werror=format-security -Wdate-time -D_FORTIFY_SOURCE=2 -g  -c XVector_stubs.c -o XVector_stubs.o
gcc -std=gnu2x -I"/usr/local/lib/R/include" -DNDEBUG  -I'/tmp/library/S4Vectors/include' -I'/tmp/library/IRanges/include' -I'/tmp/library/XVector/include' -I/usr/local/include   -fopenmp -fpic  -g -O2 -fstack-protector-strong -Wformat -Werror=format-security -Wdate-time -D_FORTIFY_SOURCE=2 -g  -c argcheck_utils.c -o argcheck_utils.o
gcc -std=gnu2x -I"/usr/local/lib/R/include" -DNDEBUG  -I'/tmp/library/S4Vectors/include' -I'/tmp/library/IRanges/include' -I'/tmp/library/XVector/include' -I/usr/local/include   -fopenmp -fpic  -g -O2 -fstack-protector-strong -Wformat -Werror=format-security -Wdate-time -D_FORTIFY_SOURCE=2 -g  -c coerceVector2.c -o coerceVector2.o
gcc -std=gnu2x -I"/usr/local/lib/R/include" -DNDEBUG  -I'/tmp/library/S4Vectors/include' -I'/tmp/library/IRanges/include' -I'/tmp/library/XVector/include' -I/usr/local/include   -fopenmp -fpic  -g -O2 -fstack-protector-strong -Wformat -Werror=format-security -Wdate-time -D_FORTIFY_SOURCE=2 -g  -c leaf_utils.c -o leaf_utils.o
gcc -std=gnu2x -I"/usr/local/lib/R/include" -DNDEBUG  -I'/tmp/library/S4Vectors/include' -I'/tmp/library/IRanges/include' -I'/tmp/library/XVector/include' -I/usr/local/include   -fopenmp -fpic  -g -O2 -fstack-protector-strong -Wformat -Werror=format-security -Wdate-time -D_FORTIFY_SOURCE=2 -g  -c misc_utils.c -o misc_utils.o
gcc -std=gnu2x -I"/usr/local/lib/R/include" -DNDEBUG  -I'/tmp/library/S4Vectors/include' -I'/tmp/library/IRanges/include' -I'/tmp/library/XVector/include' -I/usr/local/include   -fopenmp -fpic  -g -O2 -fstack-protector-strong -Wformat -Werror=format-security -Wdate-time -D_FORTIFY_SOURCE=2 -g  -c randomSparseArray.c -o randomSparseArray.o
gcc -std=gnu2x -I"/usr/local/lib/R/include" -DNDEBUG  -I'/tmp/library/S4Vectors/include' -I'/tmp/library/IRanges/include' -I'/tmp/library/XVector/include' -I/usr/local/include   -fopenmp -fpic  -g -O2 -fstack-protector-strong -Wformat -Werror=format-security -Wdate-time -D_FORTIFY_SOURCE=2 -g  -c readSparseCSV.c -o readSparseCSV.o
gcc -std=gnu2x -I"/usr/local/lib/R/include" -DNDEBUG  -I'/tmp/library/S4Vectors/include' -I'/tmp/library/IRanges/include' -I'/tmp/library/XVector/include' -I/usr/local/include   -fopenmp -fpic  -g -O2 -fstack-protector-strong -Wformat -Werror=format-security -Wdate-time -D_FORTIFY_SOURCE=2 -g  -c rowsum_methods.c -o rowsum_methods.o
gcc -std=gnu2x -I"/usr/local/lib/R/include" -DNDEBUG  -I'/tmp/library/S4Vectors/include' -I'/tmp/library/IRanges/include' -I'/tmp/library/XVector/include' -I/usr/local/include   -fopenmp -fpic  -g -O2 -fstack-protector-strong -Wformat -Werror=format-security -Wdate-time -D_FORTIFY_SOURCE=2 -g  -c sparseMatrix_utils.c -o sparseMatrix_utils.o
gcc -std=gnu2x -I"/usr/local/lib/R/include" -DNDEBUG  -I'/tmp/library/S4Vectors/include' -I'/tmp/library/IRanges/include' -I'/tmp/library/XVector/include' -I/usr/local/include   -fopenmp -fpic  -g -O2 -fstack-protector-strong -Wformat -Werror=format-security -Wdate-time -D_FORTIFY_SOURCE=2 -g  -c test.c -o test.o
gcc -std=gnu2x -I"/usr/local/lib/R/include" -DNDEBUG  -I'/tmp/library/S4Vectors/include' -I'/tmp/library/IRanges/include' -I'/tmp/library/XVector/include' -I/usr/local/include   -fopenmp -fpic  -g -O2 -fstack-protector-strong -Wformat -Werror=format-security -Wdate-time -D_FORTIFY_SOURCE=2 -g  -c thread_control.c -o thread_control.o
gcc -std=gnu2x -shared -L/usr/local/lib/R/lib -L/usr/local/lib -o SparseArray.so ExtendableJaggedArray.o IRanges_stubs.o OPBufTree.o R_init_SparseArray.o Rvector_summarization.o Rvector_utils.o S4Vectors_stubs.o SBT_utils.o SVT_SparseArray_class.o SparseArray_Arith_methods.o SparseArray_Compare_methods.o SparseArray_Complex_methods.o SparseArray_Logic_methods.o SparseArray_Math_methods.o SparseArray_abind.o SparseArray_aperm.o SparseArray_dim_tuning.o SparseArray_matrixStats.o SparseArray_misc_methods.o SparseArray_subassignment.o SparseArray_subsetting.o SparseArray_summarization.o SparseMatrix_mult.o SparseVec.o SparseVec_Arith.o SparseVec_Compare.o SparseVec_Logic.o SparseVec_Math.o SparseVec_dotprod.o SparseVec_subassignment.o SparseVec_subsetting.o XVector_stubs.o argcheck_utils.o coerceVector2.o leaf_utils.o misc_utils.o randomSparseArray.o readSparseCSV.o rowsum_methods.o sparseMatrix_utils.o test.o thread_control.o -fopenmp -L/usr/local/lib/R/lib -lR
installing to /tmp/library/00LOCK-SparseArray/00new/SparseArray/libs
** R
** inst
** byte-compile and prepare package for lazy loading
** help
*** installing help indices
** building package indices
** installing vignettes
** testing if installed package can be loaded from temporary location
** checking absolute paths in shared objects and dynamic libraries
** testing if installed package can be loaded from final location
** testing if installed package keeps a record of temporary installation path
* SHA256 sums
* creating tarball
packaged installation of ‘SparseArray’ as ‘SparseArray_1.13.2_R_x86_64-pc-linux-gnu.tar.gz’
* DONE (SparseArray)
* installing *source* package ‘Biostrings’ ...
** this is package ‘Biostrings’ version ‘2.81.5’
** package ‘Biostrings’ successfully unpacked and MD5 sums checked
** using staged installation
** libs
using C compiler: ‘gcc (Ubuntu 13.3.0-6ubuntu2~24.04.1) 13.3.0’
gcc -std=gnu2x -I"/usr/local/lib/R/include" -DNDEBUG  -I'/tmp/library/S4Vectors/include' -I'/tmp/library/IRanges/include' -I'/tmp/library/XVector/include' -I/usr/local/include    -fpic  -g -O2 -fstack-protector-strong -Wformat -Werror=format-security -Wdate-time -D_FORTIFY_SOURCE=2 -g  -c BAB_class.c -o BAB_class.o
gcc -std=gnu2x -I"/usr/local/lib/R/include" -DNDEBUG  -I'/tmp/library/S4Vectors/include' -I'/tmp/library/IRanges/include' -I'/tmp/library/XVector/include' -I/usr/local/include    -fpic  -g -O2 -fstack-protector-strong -Wformat -Werror=format-security -Wdate-time -D_FORTIFY_SOURCE=2 -g  -c BitMatrix.c -o BitMatrix.o
gcc -std=gnu2x -I"/usr/local/lib/R/include" -DNDEBUG  -I'/tmp/library/S4Vectors/include' -I'/tmp/library/IRanges/include' -I'/tmp/library/XVector/include' -I/usr/local/include    -fpic  -g -O2 -fstack-protector-strong -Wformat -Werror=format-security -Wdate-time -D_FORTIFY_SOURCE=2 -g  -c IRanges_stubs.c -o IRanges_stubs.o
gcc -std=gnu2x -I"/usr/local/lib/R/include" -DNDEBUG  -I'/tmp/library/S4Vectors/include' -I'/tmp/library/IRanges/include' -I'/tmp/library/XVector/include' -I/usr/local/include    -fpic  -g -O2 -fstack-protector-strong -Wformat -Werror=format-security -Wdate-time -D_FORTIFY_SOURCE=2 -g  -c MIndex_class.c -o MIndex_class.o
gcc -std=gnu2x -I"/usr/local/lib/R/include" -DNDEBUG  -I'/tmp/library/S4Vectors/include' -I'/tmp/library/IRanges/include' -I'/tmp/library/XVector/include' -I/usr/local/include    -fpic  -g -O2 -fstack-protector-strong -Wformat -Werror=format-security -Wdate-time -D_FORTIFY_SOURCE=2 -g  -c PreprocessedTB_class.c -o PreprocessedTB_class.o
gcc -std=gnu2x -I"/usr/local/lib/R/include" -DNDEBUG  -I'/tmp/library/S4Vectors/include' -I'/tmp/library/IRanges/include' -I'/tmp/library/XVector/include' -I/usr/local/include    -fpic  -g -O2 -fstack-protector-strong -Wformat -Werror=format-security -Wdate-time -D_FORTIFY_SOURCE=2 -g  -c R_init_Biostrings.c -o R_init_Biostrings.o
gcc -std=gnu2x -I"/usr/local/lib/R/include" -DNDEBUG  -I'/tmp/library/S4Vectors/include' -I'/tmp/library/IRanges/include' -I'/tmp/library/XVector/include' -I/usr/local/include    -fpic  -g -O2 -fstack-protector-strong -Wformat -Werror=format-security -Wdate-time -D_FORTIFY_SOURCE=2 -g  -c RoSeqs_utils.c -o RoSeqs_utils.o
gcc -std=gnu2x -I"/usr/local/lib/R/include" -DNDEBUG  -I'/tmp/library/S4Vectors/include' -I'/tmp/library/IRanges/include' -I'/tmp/library/XVector/include' -I/usr/local/include    -fpic  -g -O2 -fstack-protector-strong -Wformat -Werror=format-security -Wdate-time -D_FORTIFY_SOURCE=2 -g  -c S4Vectors_stubs.c -o S4Vectors_stubs.o
gcc -std=gnu2x -I"/usr/local/lib/R/include" -DNDEBUG  -I'/tmp/library/S4Vectors/include' -I'/tmp/library/IRanges/include' -I'/tmp/library/XVector/include' -I/usr/local/include    -fpic  -g -O2 -fstack-protector-strong -Wformat -Werror=format-security -Wdate-time -D_FORTIFY_SOURCE=2 -g  -c XStringSetList_class.c -o XStringSetList_class.o
gcc -std=gnu2x -I"/usr/local/lib/R/include" -DNDEBUG  -I'/tmp/library/S4Vectors/include' -I'/tmp/library/IRanges/include' -I'/tmp/library/XVector/include' -I/usr/local/include    -fpic  -g -O2 -fstack-protector-strong -Wformat -Werror=format-security -Wdate-time -D_FORTIFY_SOURCE=2 -g  -c XStringSet_class.c -o XStringSet_class.o
gcc -std=gnu2x -I"/usr/local/lib/R/include" -DNDEBUG  -I'/tmp/library/S4Vectors/include' -I'/tmp/library/IRanges/include' -I'/tmp/library/XVector/include' -I/usr/local/include    -fpic  -g -O2 -fstack-protector-strong -Wformat -Werror=format-security -Wdate-time -D_FORTIFY_SOURCE=2 -g  -c XString_class.c -o XString_class.o
gcc -std=gnu2x -I"/usr/local/lib/R/include" -DNDEBUG  -I'/tmp/library/S4Vectors/include' -I'/tmp/library/IRanges/include' -I'/tmp/library/XVector/include' -I/usr/local/include    -fpic  -g -O2 -fstack-protector-strong -Wformat -Werror=format-security -Wdate-time -D_FORTIFY_SOURCE=2 -g  -c XVector_stubs.c -o XVector_stubs.o
gcc -std=gnu2x -I"/usr/local/lib/R/include" -DNDEBUG  -I'/tmp/library/S4Vectors/include' -I'/tmp/library/IRanges/include' -I'/tmp/library/XVector/include' -I/usr/local/include    -fpic  -g -O2 -fstack-protector-strong -Wformat -Werror=format-security -Wdate-time -D_FORTIFY_SOURCE=2 -g  -c find_palindromes.c -o find_palindromes.o
gcc -std=gnu2x -I"/usr/local/lib/R/include" -DNDEBUG  -I'/tmp/library/S4Vectors/include' -I'/tmp/library/IRanges/include' -I'/tmp/library/XVector/include' -I/usr/local/include    -fpic  -g -O2 -fstack-protector-strong -Wformat -Werror=format-security -Wdate-time -D_FORTIFY_SOURCE=2 -g  -c gtestsim.c -o gtestsim.o
gcc -std=gnu2x -I"/usr/local/lib/R/include" -DNDEBUG  -I'/tmp/library/S4Vectors/include' -I'/tmp/library/IRanges/include' -I'/tmp/library/XVector/include' -I/usr/local/include    -fpic  -g -O2 -fstack-protector-strong -Wformat -Werror=format-security -Wdate-time -D_FORTIFY_SOURCE=2 -g  -c inject_code.c -o inject_code.o
gcc -std=gnu2x -I"/usr/local/lib/R/include" -DNDEBUG  -I'/tmp/library/S4Vectors/include' -I'/tmp/library/IRanges/include' -I'/tmp/library/XVector/include' -I/usr/local/include    -fpic  -g -O2 -fstack-protector-strong -Wformat -Werror=format-security -Wdate-time -D_FORTIFY_SOURCE=2 -g  -c lcsuffix.c -o lcsuffix.o
gcc -std=gnu2x -I"/usr/local/lib/R/include" -DNDEBUG  -I'/tmp/library/S4Vectors/include' -I'/tmp/library/IRanges/include' -I'/tmp/library/XVector/include' -I/usr/local/include    -fpic  -g -O2 -fstack-protector-strong -Wformat -Werror=format-security -Wdate-time -D_FORTIFY_SOURCE=2 -g  -c letter_frequency.c -o letter_frequency.o
gcc -std=gnu2x -I"/usr/local/lib/R/include" -DNDEBUG  -I'/tmp/library/S4Vectors/include' -I'/tmp/library/IRanges/include' -I'/tmp/library/XVector/include' -I/usr/local/include    -fpic  -g -O2 -fstack-protector-strong -Wformat -Werror=format-security -Wdate-time -D_FORTIFY_SOURCE=2 -g  -c lowlevel_matching.c -o lowlevel_matching.o
gcc -std=gnu2x -I"/usr/local/lib/R/include" -DNDEBUG  -I'/tmp/library/S4Vectors/include' -I'/tmp/library/IRanges/include' -I'/tmp/library/XVector/include' -I/usr/local/include    -fpic  -g -O2 -fstack-protector-strong -Wformat -Werror=format-security -Wdate-time -D_FORTIFY_SOURCE=2 -g  -c match_PWM.c -o match_PWM.o
gcc -std=gnu2x -I"/usr/local/lib/R/include" -DNDEBUG  -I'/tmp/library/S4Vectors/include' -I'/tmp/library/IRanges/include' -I'/tmp/library/XVector/include' -I/usr/local/include    -fpic  -g -O2 -fstack-protector-strong -Wformat -Werror=format-security -Wdate-time -D_FORTIFY_SOURCE=2 -g  -c match_pattern.c -o match_pattern.o
gcc -std=gnu2x -I"/usr/local/lib/R/include" -DNDEBUG  -I'/tmp/library/S4Vectors/include' -I'/tmp/library/IRanges/include' -I'/tmp/library/XVector/include' -I/usr/local/include    -fpic  -g -O2 -fstack-protector-strong -Wformat -Werror=format-security -Wdate-time -D_FORTIFY_SOURCE=2 -g  -c match_pattern_boyermoore.c -o match_pattern_boyermoore.o
gcc -std=gnu2x -I"/usr/local/lib/R/include" -DNDEBUG  -I'/tmp/library/S4Vectors/include' -I'/tmp/library/IRanges/include' -I'/tmp/library/XVector/include' -I/usr/local/include    -fpic  -g -O2 -fstack-protector-strong -Wformat -Werror=format-security -Wdate-time -D_FORTIFY_SOURCE=2 -g  -c match_pattern_indels.c -o match_pattern_indels.o
gcc -std=gnu2x -I"/usr/local/lib/R/include" -DNDEBUG  -I'/tmp/library/S4Vectors/include' -I'/tmp/library/IRanges/include' -I'/tmp/library/XVector/include' -I/usr/local/include    -fpic  -g -O2 -fstack-protector-strong -Wformat -Werror=format-security -Wdate-time -D_FORTIFY_SOURCE=2 -g  -c match_pattern_shiftor.c -o match_pattern_shiftor.o
gcc -std=gnu2x -I"/usr/local/lib/R/include" -DNDEBUG  -I'/tmp/library/S4Vectors/include' -I'/tmp/library/IRanges/include' -I'/tmp/library/XVector/include' -I/usr/local/include    -fpic  -g -O2 -fstack-protector-strong -Wformat -Werror=format-security -Wdate-time -D_FORTIFY_SOURCE=2 -g  -c match_pdict.c -o match_pdict.o
gcc -std=gnu2x -I"/usr/local/lib/R/include" -DNDEBUG  -I'/tmp/library/S4Vectors/include' -I'/tmp/library/IRanges/include' -I'/tmp/library/XVector/include' -I/usr/local/include    -fpic  -g -O2 -fstack-protector-strong -Wformat -Werror=format-security -Wdate-time -D_FORTIFY_SOURCE=2 -g  -c match_pdict_ACtree2.c -o match_pdict_ACtree2.o
gcc -std=gnu2x -I"/usr/local/lib/R/include" -DNDEBUG  -I'/tmp/library/S4Vectors/include' -I'/tmp/library/IRanges/include' -I'/tmp/library/XVector/include' -I/usr/local/include    -fpic  -g -O2 -fstack-protector-strong -Wformat -Werror=format-security -Wdate-time -D_FORTIFY_SOURCE=2 -g  -c match_pdict_Twobit.c -o match_pdict_Twobit.o
gcc -std=gnu2x -I"/usr/local/lib/R/include" -DNDEBUG  -I'/tmp/library/S4Vectors/include' -I'/tmp/library/IRanges/include' -I'/tmp/library/XVector/include' -I/usr/local/include    -fpic  -g -O2 -fstack-protector-strong -Wformat -Werror=format-security -Wdate-time -D_FORTIFY_SOURCE=2 -g  -c match_pdict_utils.c -o match_pdict_utils.o
gcc -std=gnu2x -I"/usr/local/lib/R/include" -DNDEBUG  -I'/tmp/library/S4Vectors/include' -I'/tmp/library/IRanges/include' -I'/tmp/library/XVector/include' -I/usr/local/include    -fpic  -g -O2 -fstack-protector-strong -Wformat -Werror=format-security -Wdate-time -D_FORTIFY_SOURCE=2 -g  -c match_reporting.c -o match_reporting.o
gcc -std=gnu2x -I"/usr/local/lib/R/include" -DNDEBUG  -I'/tmp/library/S4Vectors/include' -I'/tmp/library/IRanges/include' -I'/tmp/library/XVector/include' -I/usr/local/include    -fpic  -g -O2 -fstack-protector-strong -Wformat -Werror=format-security -Wdate-time -D_FORTIFY_SOURCE=2 -g  -c read_fasta_files.c -o read_fasta_files.o
gcc -std=gnu2x -I"/usr/local/lib/R/include" -DNDEBUG  -I'/tmp/library/S4Vectors/include' -I'/tmp/library/IRanges/include' -I'/tmp/library/XVector/include' -I/usr/local/include    -fpic  -g -O2 -fstack-protector-strong -Wformat -Werror=format-security -Wdate-time -D_FORTIFY_SOURCE=2 -g  -c read_fastq_files.c -o read_fastq_files.o
gcc -std=gnu2x -I"/usr/local/lib/R/include" -DNDEBUG  -I'/tmp/library/S4Vectors/include' -I'/tmp/library/IRanges/include' -I'/tmp/library/XVector/include' -I/usr/local/include    -fpic  -g -O2 -fstack-protector-strong -Wformat -Werror=format-security -Wdate-time -D_FORTIFY_SOURCE=2 -g  -c replaceAt.c -o replaceAt.o
gcc -std=gnu2x -I"/usr/local/lib/R/include" -DNDEBUG  -I'/tmp/library/S4Vectors/include' -I'/tmp/library/IRanges/include' -I'/tmp/library/XVector/include' -I/usr/local/include    -fpic  -g -O2 -fstack-protector-strong -Wformat -Werror=format-security -Wdate-time -D_FORTIFY_SOURCE=2 -g  -c replace_letter_at.c -o replace_letter_at.o
gcc -std=gnu2x -I"/usr/local/lib/R/include" -DNDEBUG  -I'/tmp/library/S4Vectors/include' -I'/tmp/library/IRanges/include' -I'/tmp/library/XVector/include' -I/usr/local/include    -fpic  -g -O2 -fstack-protector-strong -Wformat -Werror=format-security -Wdate-time -D_FORTIFY_SOURCE=2 -g  -c strutils.c -o strutils.o
gcc -std=gnu2x -I"/usr/local/lib/R/include" -DNDEBUG  -I'/tmp/library/S4Vectors/include' -I'/tmp/library/IRanges/include' -I'/tmp/library/XVector/include' -I/usr/local/include    -fpic  -g -O2 -fstack-protector-strong -Wformat -Werror=format-security -Wdate-time -D_FORTIFY_SOURCE=2 -g  -c translate.c -o translate.o
gcc -std=gnu2x -I"/usr/local/lib/R/include" -DNDEBUG  -I'/tmp/library/S4Vectors/include' -I'/tmp/library/IRanges/include' -I'/tmp/library/XVector/include' -I/usr/local/include    -fpic  -g -O2 -fstack-protector-strong -Wformat -Werror=format-security -Wdate-time -D_FORTIFY_SOURCE=2 -g  -c unstrsplit_methods.c -o unstrsplit_methods.o
gcc -std=gnu2x -I"/usr/local/lib/R/include" -DNDEBUG  -I'/tmp/library/S4Vectors/include' -I'/tmp/library/IRanges/include' -I'/tmp/library/XVector/include' -I/usr/local/include    -fpic  -g -O2 -fstack-protector-strong -Wformat -Werror=format-security -Wdate-time -D_FORTIFY_SOURCE=2 -g  -c utils.c -o utils.o
gcc -std=gnu2x -I"/usr/local/lib/R/include" -DNDEBUG  -I'/tmp/library/S4Vectors/include' -I'/tmp/library/IRanges/include' -I'/tmp/library/XVector/include' -I/usr/local/include    -fpic  -g -O2 -fstack-protector-strong -Wformat -Werror=format-security -Wdate-time -D_FORTIFY_SOURCE=2 -g  -c xscat.c -o xscat.o
gcc -std=gnu2x -shared -L/usr/local/lib/R/lib -L/usr/local/lib -o Biostrings.so BAB_class.o BitMatrix.o IRanges_stubs.o MIndex_class.o PreprocessedTB_class.o R_init_Biostrings.o RoSeqs_utils.o S4Vectors_stubs.o XStringSetList_class.o XStringSet_class.o XString_class.o XVector_stubs.o find_palindromes.o gtestsim.o inject_code.o lcsuffix.o letter_frequency.o lowlevel_matching.o match_PWM.o match_pattern.o match_pattern_boyermoore.o match_pattern_indels.o match_pattern_shiftor.o match_pdict.o match_pdict_ACtree2.o match_pdict_Twobit.o match_pdict_utils.o match_reporting.o read_fasta_files.o read_fastq_files.o replaceAt.o replace_letter_at.o strutils.o translate.o unstrsplit_methods.o utils.o xscat.o -L/usr/local/lib/R/lib -lR
installing to /tmp/library/00LOCK-Biostrings/00new/Biostrings/libs
** R
** data
** inst
** byte-compile and prepare package for lazy loading
in method for ‘twoWayAlphabetFrequencyByQuality’ with signature ‘"QualityScaledXStringSet"’: no definition for class “QualityScaledXStringSet”
Creating a new generic function for ‘strsplit’ in package ‘Biostrings’
Creating a new generic function for ‘offset’ in package ‘Biostrings’
** help
*** installing help indices
** building package indices
** installing vignettes
** testing if installed package can be loaded from temporary location
** checking absolute paths in shared objects and dynamic libraries
** testing if installed package can be loaded from final location
** testing if installed package keeps a record of temporary installation path
* SHA256 sums
* creating tarball
packaged installation of ‘Biostrings’ as ‘Biostrings_2.81.5_R_x86_64-pc-linux-gnu.tar.gz’
* DONE (Biostrings)
* installing *source* package ‘GenomicRanges’ ...
** this is package ‘GenomicRanges’ version ‘1.65.1’
** package ‘GenomicRanges’ successfully unpacked and MD5 sums checked
** using staged installation
** R
** inst
** byte-compile and prepare package for lazy loading
** help
*** installing help indices
** building package indices
** installing vignettes
** testing if installed package can be loaded from temporary location
** testing if installed package can be loaded from final location
** testing if installed package keeps a record of temporary installation path
* SHA256 sums
* creating tarball
packaged installation of ‘GenomicRanges’ as ‘GenomicRanges_1.65.1_R_x86_64-pc-linux-gnu.tar.gz’
* DONE (GenomicRanges)
* installing *binary* package ‘DescTools’ ...
* package ‘DescTools’ successfully unpacked and SHA256 sums checked
* ‘DescTools’ was already a binary package and will not be rebuilt
* SHA256 sums
* creating tarball
packaged installation of ‘DescTools’ as ‘DescTools_0.99.60_R_x86_64-pc-linux-gnu.tar.gz’
* DONE (DescTools)
* installing *binary* package ‘tidyverse’ ...
* package ‘tidyverse’ successfully unpacked and SHA256 sums checked
* ‘tidyverse’ was already a binary package and will not be rebuilt
* SHA256 sums
* creating tarball
packaged installation of ‘tidyverse’ as ‘tidyverse_2.0.0_R_x86_64-pc-linux-gnu.tar.gz’
* DONE (tidyverse)
* installing *source* package ‘DECIPHER’ ...
** this is package ‘DECIPHER’ version ‘3.9.0’
** package ‘DECIPHER’ successfully unpacked and MD5 sums checked
** using staged installation
** libs
using C compiler: ‘gcc (Ubuntu 13.3.0-6ubuntu2~24.04.1) 13.3.0’
gcc -std=gnu2x -I"/usr/local/lib/R/include" -DNDEBUG  -I'/tmp/library/Biostrings/include' -I'/tmp/library/S4Vectors/include' -I'/tmp/library/IRanges/include' -I'/tmp/library/XVector/include' -I/usr/local/include   -fopenmp -fpic  -g -O2 -fstack-protector-strong -Wformat -Werror=format-security -Wdate-time -D_FORTIFY_SOURCE=2 -g  -c AlignProfiles.c -o AlignProfiles.o
gcc -std=gnu2x -I"/usr/local/lib/R/include" -DNDEBUG  -I'/tmp/library/Biostrings/include' -I'/tmp/library/S4Vectors/include' -I'/tmp/library/IRanges/include' -I'/tmp/library/XVector/include' -I/usr/local/include   -fopenmp -fpic  -g -O2 -fstack-protector-strong -Wformat -Werror=format-security -Wdate-time -D_FORTIFY_SOURCE=2 -g  -c AssignIndels.c -o AssignIndels.o
gcc -std=gnu2x -I"/usr/local/lib/R/include" -DNDEBUG  -I'/tmp/library/Biostrings/include' -I'/tmp/library/S4Vectors/include' -I'/tmp/library/IRanges/include' -I'/tmp/library/XVector/include' -I/usr/local/include   -fopenmp -fpic  -g -O2 -fstack-protector-strong -Wformat -Werror=format-security -Wdate-time -D_FORTIFY_SOURCE=2 -g  -c Biostrings_stubs.c -o Biostrings_stubs.o
gcc -std=gnu2x -I"/usr/local/lib/R/include" -DNDEBUG  -I'/tmp/library/Biostrings/include' -I'/tmp/library/S4Vectors/include' -I'/tmp/library/IRanges/include' -I'/tmp/library/XVector/include' -I/usr/local/include   -fopenmp -fpic  -g -O2 -fstack-protector-strong -Wformat -Werror=format-security -Wdate-time -D_FORTIFY_SOURCE=2 -g  -c CalculateDeltaG.c -o CalculateDeltaG.o
gcc -std=gnu2x -I"/usr/local/lib/R/include" -DNDEBUG  -I'/tmp/library/Biostrings/include' -I'/tmp/library/S4Vectors/include' -I'/tmp/library/IRanges/include' -I'/tmp/library/XVector/include' -I/usr/local/include   -fopenmp -fpic  -g -O2 -fstack-protector-strong -Wformat -Werror=format-security -Wdate-time -D_FORTIFY_SOURCE=2 -g  -c CalculateFISH.c -o CalculateFISH.o
gcc -std=gnu2x -I"/usr/local/lib/R/include" -DNDEBUG  -I'/tmp/library/Biostrings/include' -I'/tmp/library/S4Vectors/include' -I'/tmp/library/IRanges/include' -I'/tmp/library/XVector/include' -I/usr/local/include   -fopenmp -fpic  -g -O2 -fstack-protector-strong -Wformat -Werror=format-security -Wdate-time -D_FORTIFY_SOURCE=2 -g  -c ChainSegments.c -o ChainSegments.o
gcc -std=gnu2x -I"/usr/local/lib/R/include" -DNDEBUG  -I'/tmp/library/Biostrings/include' -I'/tmp/library/S4Vectors/include' -I'/tmp/library/IRanges/include' -I'/tmp/library/XVector/include' -I/usr/local/include   -fopenmp -fpic  -g -O2 -fstack-protector-strong -Wformat -Werror=format-security -Wdate-time -D_FORTIFY_SOURCE=2 -g  -c Cluster.c -o Cluster.o
gcc -std=gnu2x -I"/usr/local/lib/R/include" -DNDEBUG  -I'/tmp/library/Biostrings/include' -I'/tmp/library/S4Vectors/include' -I'/tmp/library/IRanges/include' -I'/tmp/library/XVector/include' -I/usr/local/include   -fopenmp -fpic  -g -O2 -fstack-protector-strong -Wformat -Werror=format-security -Wdate-time -D_FORTIFY_SOURCE=2 -g  -c ClusterME.c -o ClusterME.o
gcc -std=gnu2x -I"/usr/local/lib/R/include" -DNDEBUG  -I'/tmp/library/Biostrings/include' -I'/tmp/library/S4Vectors/include' -I'/tmp/library/IRanges/include' -I'/tmp/library/XVector/include' -I/usr/local/include   -fopenmp -fpic  -g -O2 -fstack-protector-strong -Wformat -Werror=format-security -Wdate-time -D_FORTIFY_SOURCE=2 -g  -c ClusterML.c -o ClusterML.o
gcc -std=gnu2x -I"/usr/local/lib/R/include" -DNDEBUG  -I'/tmp/library/Biostrings/include' -I'/tmp/library/S4Vectors/include' -I'/tmp/library/IRanges/include' -I'/tmp/library/XVector/include' -I/usr/local/include   -fopenmp -fpic  -g -O2 -fstack-protector-strong -Wformat -Werror=format-security -Wdate-time -D_FORTIFY_SOURCE=2 -g  -c ClusterMP.c -o ClusterMP.o
gcc -std=gnu2x -I"/usr/local/lib/R/include" -DNDEBUG  -I'/tmp/library/Biostrings/include' -I'/tmp/library/S4Vectors/include' -I'/tmp/library/IRanges/include' -I'/tmp/library/XVector/include' -I/usr/local/include   -fopenmp -fpic  -g -O2 -fstack-protector-strong -Wformat -Werror=format-security -Wdate-time -D_FORTIFY_SOURCE=2 -g  -c Compositions.c -o Compositions.o
gcc -std=gnu2x -I"/usr/local/lib/R/include" -DNDEBUG  -I'/tmp/library/Biostrings/include' -I'/tmp/library/S4Vectors/include' -I'/tmp/library/IRanges/include' -I'/tmp/library/XVector/include' -I/usr/local/include   -fopenmp -fpic  -g -O2 -fstack-protector-strong -Wformat -Werror=format-security -Wdate-time -D_FORTIFY_SOURCE=2 -g  -c Compression.c -o Compression.o
gcc -std=gnu2x -I"/usr/local/lib/R/include" -DNDEBUG  -I'/tmp/library/Biostrings/include' -I'/tmp/library/S4Vectors/include' -I'/tmp/library/IRanges/include' -I'/tmp/library/XVector/include' -I/usr/local/include   -fopenmp -fpic  -g -O2 -fstack-protector-strong -Wformat -Werror=format-security -Wdate-time -D_FORTIFY_SOURCE=2 -g  -c ConsensusSequence.c -o ConsensusSequence.o
gcc -std=gnu2x -I"/usr/local/lib/R/include" -DNDEBUG  -I'/tmp/library/Biostrings/include' -I'/tmp/library/S4Vectors/include' -I'/tmp/library/IRanges/include' -I'/tmp/library/XVector/include' -I/usr/local/include   -fopenmp -fpic  -g -O2 -fstack-protector-strong -Wformat -Werror=format-security -Wdate-time -D_FORTIFY_SOURCE=2 -g  -c DesignProbes.c -o DesignProbes.o
gcc -std=gnu2x -I"/usr/local/lib/R/include" -DNDEBUG  -I'/tmp/library/Biostrings/include' -I'/tmp/library/S4Vectors/include' -I'/tmp/library/IRanges/include' -I'/tmp/library/XVector/include' -I/usr/local/include   -fopenmp -fpic  -g -O2 -fstack-protector-strong -Wformat -Werror=format-security -Wdate-time -D_FORTIFY_SOURCE=2 -g  -c Diff.c -o Diff.o
gcc -std=gnu2x -I"/usr/local/lib/R/include" -DNDEBUG  -I'/tmp/library/Biostrings/include' -I'/tmp/library/S4Vectors/include' -I'/tmp/library/IRanges/include' -I'/tmp/library/XVector/include' -I/usr/local/include   -fopenmp -fpic  -g -O2 -fstack-protector-strong -Wformat -Werror=format-security -Wdate-time -D_FORTIFY_SOURCE=2 -g  -c DistanceMatrix.c -o DistanceMatrix.o
gcc -std=gnu2x -I"/usr/local/lib/R/include" -DNDEBUG  -I'/tmp/library/Biostrings/include' -I'/tmp/library/S4Vectors/include' -I'/tmp/library/IRanges/include' -I'/tmp/library/XVector/include' -I/usr/local/include   -fopenmp -fpic  -g -O2 -fstack-protector-strong -Wformat -Werror=format-security -Wdate-time -D_FORTIFY_SOURCE=2 -g  -c EnumerateSequence.c -o EnumerateSequence.o
gcc -std=gnu2x -I"/usr/local/lib/R/include" -DNDEBUG  -I'/tmp/library/Biostrings/include' -I'/tmp/library/S4Vectors/include' -I'/tmp/library/IRanges/include' -I'/tmp/library/XVector/include' -I/usr/local/include   -fopenmp -fpic  -g -O2 -fstack-protector-strong -Wformat -Werror=format-security -Wdate-time -D_FORTIFY_SOURCE=2 -g  -c ExpandAmbiguities.c -o ExpandAmbiguities.o
gcc -std=gnu2x -I"/usr/local/lib/R/include" -DNDEBUG  -I'/tmp/library/Biostrings/include' -I'/tmp/library/S4Vectors/include' -I'/tmp/library/IRanges/include' -I'/tmp/library/XVector/include' -I/usr/local/include   -fopenmp -fpic  -g -O2 -fstack-protector-strong -Wformat -Werror=format-security -Wdate-time -D_FORTIFY_SOURCE=2 -g  -c FindFrameshifts.c -o FindFrameshifts.o
gcc -std=gnu2x -I"/usr/local/lib/R/include" -DNDEBUG  -I'/tmp/library/Biostrings/include' -I'/tmp/library/S4Vectors/include' -I'/tmp/library/IRanges/include' -I'/tmp/library/XVector/include' -I/usr/local/include   -fopenmp -fpic  -g -O2 -fstack-protector-strong -Wformat -Werror=format-security -Wdate-time -D_FORTIFY_SOURCE=2 -g  -c GeneFinding.c -o GeneFinding.o
gcc -std=gnu2x -I"/usr/local/lib/R/include" -DNDEBUG  -I'/tmp/library/Biostrings/include' -I'/tmp/library/S4Vectors/include' -I'/tmp/library/IRanges/include' -I'/tmp/library/XVector/include' -I/usr/local/include   -fopenmp -fpic  -g -O2 -fstack-protector-strong -Wformat -Werror=format-security -Wdate-time -D_FORTIFY_SOURCE=2 -g  -c GetPools.c -o GetPools.o
gcc -std=gnu2x -I"/usr/local/lib/R/include" -DNDEBUG  -I'/tmp/library/Biostrings/include' -I'/tmp/library/S4Vectors/include' -I'/tmp/library/IRanges/include' -I'/tmp/library/XVector/include' -I/usr/local/include   -fopenmp -fpic  -g -O2 -fstack-protector-strong -Wformat -Werror=format-security -Wdate-time -D_FORTIFY_SOURCE=2 -g  -c Import.c -o Import.o
gcc -std=gnu2x -I"/usr/local/lib/R/include" -DNDEBUG  -I'/tmp/library/Biostrings/include' -I'/tmp/library/S4Vectors/include' -I'/tmp/library/IRanges/include' -I'/tmp/library/XVector/include' -I/usr/local/include   -fopenmp -fpic  -g -O2 -fstack-protector-strong -Wformat -Werror=format-security -Wdate-time -D_FORTIFY_SOURCE=2 -g  -c InformationContent.c -o InformationContent.o
gcc -std=gnu2x -I"/usr/local/lib/R/include" -DNDEBUG  -I'/tmp/library/Biostrings/include' -I'/tmp/library/S4Vectors/include' -I'/tmp/library/IRanges/include' -I'/tmp/library/XVector/include' -I/usr/local/include   -fopenmp -fpic  -g -O2 -fstack-protector-strong -Wformat -Werror=format-security -Wdate-time -D_FORTIFY_SOURCE=2 -g  -c IntDist.c -o IntDist.o
gcc -std=gnu2x -I"/usr/local/lib/R/include" -DNDEBUG  -I'/tmp/library/Biostrings/include' -I'/tmp/library/S4Vectors/include' -I'/tmp/library/IRanges/include' -I'/tmp/library/XVector/include' -I/usr/local/include   -fopenmp -fpic  -g -O2 -fstack-protector-strong -Wformat -Werror=format-security -Wdate-time -D_FORTIFY_SOURCE=2 -g  -c ManipulateXStringSet.c -o ManipulateXStringSet.o
gcc -std=gnu2x -I"/usr/local/lib/R/include" -DNDEBUG  -I'/tmp/library/Biostrings/include' -I'/tmp/library/S4Vectors/include' -I'/tmp/library/IRanges/include' -I'/tmp/library/XVector/include' -I/usr/local/include   -fopenmp -fpic  -g -O2 -fstack-protector-strong -Wformat -Werror=format-security -Wdate-time -D_FORTIFY_SOURCE=2 -g  -c MeltPolymer.c -o MeltPolymer.o
gcc -std=gnu2x -I"/usr/local/lib/R/include" -DNDEBUG  -I'/tmp/library/Biostrings/include' -I'/tmp/library/S4Vectors/include' -I'/tmp/library/IRanges/include' -I'/tmp/library/XVector/include' -I/usr/local/include   -fopenmp -fpic  -g -O2 -fstack-protector-strong -Wformat -Werror=format-security -Wdate-time -D_FORTIFY_SOURCE=2 -g  -c MovingAverage.c -o MovingAverage.o
gcc -std=gnu2x -I"/usr/local/lib/R/include" -DNDEBUG  -I'/tmp/library/Biostrings/include' -I'/tmp/library/S4Vectors/include' -I'/tmp/library/IRanges/include' -I'/tmp/library/XVector/include' -I/usr/local/include   -fopenmp -fpic  -g -O2 -fstack-protector-strong -Wformat -Werror=format-security -Wdate-time -D_FORTIFY_SOURCE=2 -g  -c NNLS.c -o NNLS.o
gcc -std=gnu2x -I"/usr/local/lib/R/include" -DNDEBUG  -I'/tmp/library/Biostrings/include' -I'/tmp/library/S4Vectors/include' -I'/tmp/library/IRanges/include' -I'/tmp/library/XVector/include' -I/usr/local/include   -fopenmp -fpic  -g -O2 -fstack-protector-strong -Wformat -Werror=format-security -Wdate-time -D_FORTIFY_SOURCE=2 -g  -c Order.c -o Order.o
gcc -std=gnu2x -I"/usr/local/lib/R/include" -DNDEBUG  -I'/tmp/library/Biostrings/include' -I'/tmp/library/S4Vectors/include' -I'/tmp/library/IRanges/include' -I'/tmp/library/XVector/include' -I/usr/local/include   -fopenmp -fpic  -g -O2 -fstack-protector-strong -Wformat -Werror=format-security -Wdate-time -D_FORTIFY_SOURCE=2 -g  -c PairwiseAlignment.c -o PairwiseAlignment.o
gcc -std=gnu2x -I"/usr/local/lib/R/include" -DNDEBUG  -I'/tmp/library/Biostrings/include' -I'/tmp/library/S4Vectors/include' -I'/tmp/library/IRanges/include' -I'/tmp/library/XVector/include' -I/usr/local/include   -fopenmp -fpic  -g -O2 -fstack-protector-strong -Wformat -Werror=format-security -Wdate-time -D_FORTIFY_SOURCE=2 -g  -c PopulationGenetics.c -o PopulationGenetics.o
gcc -std=gnu2x -I"/usr/local/lib/R/include" -DNDEBUG  -I'/tmp/library/Biostrings/include' -I'/tmp/library/S4Vectors/include' -I'/tmp/library/IRanges/include' -I'/tmp/library/XVector/include' -I/usr/local/include   -fopenmp -fpic  -g -O2 -fstack-protector-strong -Wformat -Werror=format-security -Wdate-time -D_FORTIFY_SOURCE=2 -g  -c PredictDBN.c -o PredictDBN.o
gcc -std=gnu2x -I"/usr/local/lib/R/include" -DNDEBUG  -I'/tmp/library/Biostrings/include' -I'/tmp/library/S4Vectors/include' -I'/tmp/library/IRanges/include' -I'/tmp/library/XVector/include' -I/usr/local/include   -fopenmp -fpic  -g -O2 -fstack-protector-strong -Wformat -Werror=format-security -Wdate-time -D_FORTIFY_SOURCE=2 -g  -c PredictHEC.c -o PredictHEC.o
gcc -std=gnu2x -I"/usr/local/lib/R/include" -DNDEBUG  -I'/tmp/library/Biostrings/include' -I'/tmp/library/S4Vectors/include' -I'/tmp/library/IRanges/include' -I'/tmp/library/XVector/include' -I/usr/local/include   -fopenmp -fpic  -g -O2 -fstack-protector-strong -Wformat -Werror=format-security -Wdate-time -D_FORTIFY_SOURCE=2 -g  -c R_init_decipher.c -o R_init_decipher.o
gcc -std=gnu2x -I"/usr/local/lib/R/include" -DNDEBUG  -I'/tmp/library/Biostrings/include' -I'/tmp/library/S4Vectors/include' -I'/tmp/library/IRanges/include' -I'/tmp/library/XVector/include' -I/usr/local/include   -fopenmp -fpic  -g -O2 -fstack-protector-strong -Wformat -Werror=format-security -Wdate-time -D_FORTIFY_SOURCE=2 -g  -c S4Vectors_stubs.c -o S4Vectors_stubs.o
gcc -std=gnu2x -I"/usr/local/lib/R/include" -DNDEBUG  -I'/tmp/library/Biostrings/include' -I'/tmp/library/S4Vectors/include' -I'/tmp/library/IRanges/include' -I'/tmp/library/XVector/include' -I/usr/local/include   -fopenmp -fpic  -g -O2 -fstack-protector-strong -Wformat -Werror=format-security -Wdate-time -D_FORTIFY_SOURCE=2 -g  -c Search.c -o Search.o
gcc -std=gnu2x -I"/usr/local/lib/R/include" -DNDEBUG  -I'/tmp/library/Biostrings/include' -I'/tmp/library/S4Vectors/include' -I'/tmp/library/IRanges/include' -I'/tmp/library/XVector/include' -I/usr/local/include   -fopenmp -fpic  -g -O2 -fstack-protector-strong -Wformat -Werror=format-security -Wdate-time -D_FORTIFY_SOURCE=2 -g  -c TerminalMismatch.c -o TerminalMismatch.o
gcc -std=gnu2x -I"/usr/local/lib/R/include" -DNDEBUG  -I'/tmp/library/Biostrings/include' -I'/tmp/library/S4Vectors/include' -I'/tmp/library/IRanges/include' -I'/tmp/library/XVector/include' -I/usr/local/include   -fopenmp -fpic  -g -O2 -fstack-protector-strong -Wformat -Werror=format-security -Wdate-time -D_FORTIFY_SOURCE=2 -g  -c Translate.c -o Translate.o
gcc -std=gnu2x -I"/usr/local/lib/R/include" -DNDEBUG  -I'/tmp/library/Biostrings/include' -I'/tmp/library/S4Vectors/include' -I'/tmp/library/IRanges/include' -I'/tmp/library/XVector/include' -I/usr/local/include   -fopenmp -fpic  -g -O2 -fstack-protector-strong -Wformat -Werror=format-security -Wdate-time -D_FORTIFY_SOURCE=2 -g  -c Utils.c -o Utils.o
gcc -std=gnu2x -I"/usr/local/lib/R/include" -DNDEBUG  -I'/tmp/library/Biostrings/include' -I'/tmp/library/S4Vectors/include' -I'/tmp/library/IRanges/include' -I'/tmp/library/XVector/include' -I/usr/local/include   -fopenmp -fpic  -g -O2 -fstack-protector-strong -Wformat -Werror=format-security -Wdate-time -D_FORTIFY_SOURCE=2 -g  -c VectorSums.c -o VectorSums.o
gcc -std=gnu2x -I"/usr/local/lib/R/include" -DNDEBUG  -I'/tmp/library/Biostrings/include' -I'/tmp/library/S4Vectors/include' -I'/tmp/library/IRanges/include' -I'/tmp/library/XVector/include' -I/usr/local/include   -fopenmp -fpic  -g -O2 -fstack-protector-strong -Wformat -Werror=format-security -Wdate-time -D_FORTIFY_SOURCE=2 -g  -c XVector_stubs.c -o XVector_stubs.o
gcc -std=gnu2x -shared -L/usr/local/lib/R/lib -L/usr/local/lib -o DECIPHER.so AlignProfiles.o AssignIndels.o Biostrings_stubs.o CalculateDeltaG.o CalculateFISH.o ChainSegments.o Cluster.o ClusterME.o ClusterML.o ClusterMP.o Compositions.o Compression.o ConsensusSequence.o DesignProbes.o Diff.o DistanceMatrix.o EnumerateSequence.o ExpandAmbiguities.o FindFrameshifts.o GeneFinding.o GetPools.o Import.o InformationContent.o IntDist.o ManipulateXStringSet.o MeltPolymer.o MovingAverage.o NNLS.o Order.o PairwiseAlignment.o PopulationGenetics.o PredictDBN.o PredictHEC.o R_init_decipher.o S4Vectors_stubs.o Search.o TerminalMismatch.o Translate.o Utils.o VectorSums.o XVector_stubs.o -fopenmp -L/usr/local/lib/R/lib -lR
installing to /tmp/library/00LOCK-DECIPHER/00new/DECIPHER/libs
** R
** data
** inst
** byte-compile and prepare package for lazy loading
** help
*** installing help indices
** building package indices
** installing vignettes
** testing if installed package can be loaded from temporary location
** checking absolute paths in shared objects and dynamic libraries
** testing if installed package can be loaded from final location
** testing if installed package keeps a record of temporary installation path
* SHA256 sums
* creating tarball
packaged installation of ‘DECIPHER’ as ‘DECIPHER_3.9.0_R_x86_64-pc-linux-gnu.tar.gz’
* DONE (DECIPHER)
* installing *source* package ‘DelayedArray’ ...
** this is package ‘DelayedArray’ version ‘0.39.3’
** package ‘DelayedArray’ successfully unpacked and MD5 sums checked
** using staged installation
** R
** inst
** byte-compile and prepare package for lazy loading
Creating a new generic function for ‘apply’ in package ‘DelayedArray’
Creating a new generic function for ‘sweep’ in package ‘DelayedArray’
Creating a generic function for ‘dnorm’ from package ‘stats’ in package ‘DelayedArray’
Creating a generic function for ‘pnorm’ from package ‘stats’ in package ‘DelayedArray’
Creating a generic function for ‘qnorm’ from package ‘stats’ in package ‘DelayedArray’
Creating a generic function for ‘dbinom’ from package ‘stats’ in package ‘DelayedArray’
Creating a generic function for ‘pbinom’ from package ‘stats’ in package ‘DelayedArray’
Creating a generic function for ‘qbinom’ from package ‘stats’ in package ‘DelayedArray’
Creating a generic function for ‘dpois’ from package ‘stats’ in package ‘DelayedArray’
Creating a generic function for ‘ppois’ from package ‘stats’ in package ‘DelayedArray’
Creating a generic function for ‘qpois’ from package ‘stats’ in package ‘DelayedArray’
Creating a generic function for ‘dlogis’ from package ‘stats’ in package ‘DelayedArray’
Creating a generic function for ‘plogis’ from package ‘stats’ in package ‘DelayedArray’
Creating a generic function for ‘qlogis’ from package ‘stats’ in package ‘DelayedArray’
** help
*** installing help indices
** building package indices
** installing vignettes
** testing if installed package can be loaded from temporary location
** testing if installed package can be loaded from final location
** testing if installed package keeps a record of temporary installation path
* SHA256 sums
* creating tarball
packaged installation of ‘DelayedArray’ as ‘DelayedArray_0.39.3_R_x86_64-pc-linux-gnu.tar.gz’
* DONE (DelayedArray)
* installing *source* package ‘phyloseq’ ...
** this is package ‘phyloseq’ version ‘1.57.0’
** package ‘phyloseq’ successfully unpacked and MD5 sums checked
** using staged installation
** R
** data
** inst
** byte-compile and prepare package for lazy loading
** help
*** installing help indices
** building package indices
** installing vignettes
** testing if installed package can be loaded from temporary location
** testing if installed package can be loaded from final location
** testing if installed package keeps a record of temporary installation path
* SHA256 sums
* creating tarball
packaged installation of ‘phyloseq’ as ‘phyloseq_1.57.0_R_x86_64-pc-linux-gnu.tar.gz’
* DONE (phyloseq)
* installing *source* package ‘ANCOMBC’ ...
** this is package ‘ANCOMBC’ version ‘2.15.0’
** package ‘ANCOMBC’ successfully unpacked and MD5 sums checked
** using staged installation
** R
** data
** inst
** byte-compile and prepare package for lazy loading
** help
*** installing help indices
** building package indices
** installing vignettes
** testing if installed package can be loaded from temporary location
** testing if installed package can be loaded from final location
** testing if installed package keeps a record of temporary installation path
* SHA256 sums
* creating tarball
packaged installation of ‘ANCOMBC’ as ‘ANCOMBC_2.15.0_R_x86_64-pc-linux-gnu.tar.gz’
* DONE (ANCOMBC)
* installing *source* package ‘ScaledMatrix’ ...
** this is package ‘ScaledMatrix’ version ‘1.21.0’
** package ‘ScaledMatrix’ successfully unpacked and MD5 sums checked
** using staged installation
** R
** inst
** byte-compile and prepare package for lazy loading
** help
*** installing help indices
** building package indices
** installing vignettes
** testing if installed package can be loaded from temporary location
** testing if installed package can be loaded from final location
** testing if installed package keeps a record of temporary installation path
* SHA256 sums
* creating tarball
packaged installation of ‘ScaledMatrix’ as ‘ScaledMatrix_1.21.0_R_x86_64-pc-linux-gnu.tar.gz’
* DONE (ScaledMatrix)
* installing *source* package ‘beachmat’ ...
** this is package ‘beachmat’ version ‘2.29.0’
** package ‘beachmat’ successfully unpacked and MD5 sums checked
** using staged installation
** libs
specified C++17
using C++ compiler: ‘g++ (Ubuntu 13.3.0-6ubuntu2~24.04.1) 13.3.0’
using C++17
g++ -std=gnu++17 -I"/usr/local/lib/R/include" -DNDEBUG -I../inst/include -I'/usr/local/lib/R/site-library/Rcpp/include' -I'/tmp/library/assorthead/include' -I/usr/local/include    -fpic  -g -O2 -fstack-protector-strong -Wformat -Werror=format-security -Wdate-time -D_FORTIFY_SOURCE=2 -g   -c RcppExports.cpp -o RcppExports.o
g++ -std=gnu++17 -I"/usr/local/lib/R/include" -DNDEBUG -I../inst/include -I'/usr/local/lib/R/site-library/Rcpp/include' -I'/tmp/library/assorthead/include' -I/usr/local/include    -fpic  -g -O2 -fstack-protector-strong -Wformat -Werror=format-security -Wdate-time -D_FORTIFY_SOURCE=2 -g   -c constant_matrix.cpp -o constant_matrix.o
g++ -std=gnu++17 -I"/usr/local/lib/R/include" -DNDEBUG -I../inst/include -I'/usr/local/lib/R/site-library/Rcpp/include' -I'/tmp/library/assorthead/include' -I/usr/local/include    -fpic  -g -O2 -fstack-protector-strong -Wformat -Werror=format-security -Wdate-time -D_FORTIFY_SOURCE=2 -g   -c delayed_isometric_binary.cpp -o delayed_isometric_binary.o
g++ -std=gnu++17 -I"/usr/local/lib/R/include" -DNDEBUG -I../inst/include -I'/usr/local/lib/R/site-library/Rcpp/include' -I'/tmp/library/assorthead/include' -I/usr/local/include    -fpic  -g -O2 -fstack-protector-strong -Wformat -Werror=format-security -Wdate-time -D_FORTIFY_SOURCE=2 -g   -c delayed_isometric_math.cpp -o delayed_isometric_math.o
g++ -std=gnu++17 -I"/usr/local/lib/R/include" -DNDEBUG -I../inst/include -I'/usr/local/lib/R/site-library/Rcpp/include' -I'/tmp/library/assorthead/include' -I/usr/local/include    -fpic  -g -O2 -fstack-protector-strong -Wformat -Werror=format-security -Wdate-time -D_FORTIFY_SOURCE=2 -g   -c delayed_isometric_unary.cpp -o delayed_isometric_unary.o
g++ -std=gnu++17 -I"/usr/local/lib/R/include" -DNDEBUG -I../inst/include -I'/usr/local/lib/R/site-library/Rcpp/include' -I'/tmp/library/assorthead/include' -I/usr/local/include    -fpic  -g -O2 -fstack-protector-strong -Wformat -Werror=format-security -Wdate-time -D_FORTIFY_SOURCE=2 -g   -c delayed_other.cpp -o delayed_other.o
g++ -std=gnu++17 -I"/usr/local/lib/R/include" -DNDEBUG -I../inst/include -I'/usr/local/lib/R/site-library/Rcpp/include' -I'/tmp/library/assorthead/include' -I/usr/local/include    -fpic  -g -O2 -fstack-protector-strong -Wformat -Werror=format-security -Wdate-time -D_FORTIFY_SOURCE=2 -g   -c dense_matrix.cpp -o dense_matrix.o
g++ -std=gnu++17 -I"/usr/local/lib/R/include" -DNDEBUG -I../inst/include -I'/usr/local/lib/R/site-library/Rcpp/include' -I'/tmp/library/assorthead/include' -I/usr/local/include    -fpic  -g -O2 -fstack-protector-strong -Wformat -Werror=format-security -Wdate-time -D_FORTIFY_SOURCE=2 -g   -c fragment_sparse_rows.cpp -o fragment_sparse_rows.o
g++ -std=gnu++17 -I"/usr/local/lib/R/include" -DNDEBUG -I../inst/include -I'/usr/local/lib/R/site-library/Rcpp/include' -I'/tmp/library/assorthead/include' -I/usr/local/include    -fpic  -g -O2 -fstack-protector-strong -Wformat -Werror=format-security -Wdate-time -D_FORTIFY_SOURCE=2 -g   -c get_executor.cpp -o get_executor.o
g++ -std=gnu++17 -I"/usr/local/lib/R/include" -DNDEBUG -I../inst/include -I'/usr/local/lib/R/site-library/Rcpp/include' -I'/tmp/library/assorthead/include' -I/usr/local/include    -fpic  -g -O2 -fstack-protector-strong -Wformat -Werror=format-security -Wdate-time -D_FORTIFY_SOURCE=2 -g   -c na_cast.cpp -o na_cast.o
g++ -std=gnu++17 -I"/usr/local/lib/R/include" -DNDEBUG -I../inst/include -I'/usr/local/lib/R/site-library/Rcpp/include' -I'/tmp/library/assorthead/include' -I/usr/local/include    -fpic  -g -O2 -fstack-protector-strong -Wformat -Werror=format-security -Wdate-time -D_FORTIFY_SOURCE=2 -g   -c sparse_matrix.cpp -o sparse_matrix.o
g++ -std=gnu++17 -I"/usr/local/lib/R/include" -DNDEBUG -I../inst/include -I'/usr/local/lib/R/site-library/Rcpp/include' -I'/tmp/library/assorthead/include' -I/usr/local/include    -fpic  -g -O2 -fstack-protector-strong -Wformat -Werror=format-security -Wdate-time -D_FORTIFY_SOURCE=2 -g   -c tatami_utils.cpp -o tatami_utils.o
g++ -std=gnu++17 -I"/usr/local/lib/R/include" -DNDEBUG -I../inst/include -I'/usr/local/lib/R/site-library/Rcpp/include' -I'/tmp/library/assorthead/include' -I/usr/local/include    -fpic  -g -O2 -fstack-protector-strong -Wformat -Werror=format-security -Wdate-time -D_FORTIFY_SOURCE=2 -g   -c unknown_matrix.cpp -o unknown_matrix.o
g++ -std=gnu++17 -shared -L/usr/local/lib/R/lib -L/usr/local/lib -o beachmat.so RcppExports.o constant_matrix.o delayed_isometric_binary.o delayed_isometric_math.o delayed_isometric_unary.o delayed_other.o dense_matrix.o fragment_sparse_rows.o get_executor.o na_cast.o sparse_matrix.o tatami_utils.o unknown_matrix.o -L/usr/local/lib/R/lib -lR
installing to /tmp/library/00LOCK-beachmat/00new/beachmat/libs
** R
** inst
** byte-compile and prepare package for lazy loading
** help
*** installing help indices
** building package indices
** installing vignettes
** testing if installed package can be loaded from temporary location
** checking absolute paths in shared objects and dynamic libraries
** testing if installed package can be loaded from final location
** testing if installed package keeps a record of temporary installation path
* SHA256 sums
* creating tarball
packaged installation of ‘beachmat’ as ‘beachmat_2.29.0_R_x86_64-pc-linux-gnu.tar.gz’
* DONE (beachmat)
* installing *source* package ‘DelayedMatrixStats’ ...
** this is package ‘DelayedMatrixStats’ version ‘1.35.0’
** package ‘DelayedMatrixStats’ successfully unpacked and MD5 sums checked
** using staged installation
** R
** inst
** byte-compile and prepare package for lazy loading
** help
*** installing help indices
** building package indices
** installing vignettes
** testing if installed package can be loaded from temporary location
** testing if installed package can be loaded from final location
** testing if installed package keeps a record of temporary installation path
* SHA256 sums
* creating tarball
packaged installation of ‘DelayedMatrixStats’ as ‘DelayedMatrixStats_1.35.0_R_x86_64-pc-linux-gnu.tar.gz’
* DONE (DelayedMatrixStats)
* installing *source* package ‘SummarizedExperiment’ ...
** this is package ‘SummarizedExperiment’ version ‘1.43.0’
** package ‘SummarizedExperiment’ successfully unpacked and MD5 sums checked
** using staged installation
** R
** inst
** byte-compile and prepare package for lazy loading
** help
*** installing help indices
** building package indices
** installing vignettes
** testing if installed package can be loaded from temporary location
** testing if installed package can be loaded from final location
** testing if installed package keeps a record of temporary installation path
* SHA256 sums
* creating tarball
packaged installation of ‘SummarizedExperiment’ as ‘SummarizedExperiment_1.43.0_R_x86_64-pc-linux-gnu.tar.gz’
* DONE (SummarizedExperiment)
* installing *source* package ‘microbiome’ ...
** this is package ‘microbiome’ version ‘1.35.0’
** package ‘microbiome’ successfully unpacked and MD5 sums checked
** using staged installation
** R
** data
** inst
** byte-compile and prepare package for lazy loading
** help
*** installing help indices
** building package indices
** installing vignettes
** testing if installed package can be loaded from temporary location
** testing if installed package can be loaded from final location
** testing if installed package keeps a record of temporary installation path
* SHA256 sums
* creating tarball
packaged installation of ‘microbiome’ as ‘microbiome_1.35.0_R_x86_64-pc-linux-gnu.tar.gz’
* DONE (microbiome)
* installing *source* package ‘BiocNeighbors’ ...
** this is package ‘BiocNeighbors’ version ‘2.7.2’
** package ‘BiocNeighbors’ successfully unpacked and MD5 sums checked
** using staged installation
** libs
specified C++17
using C++ compiler: ‘g++ (Ubuntu 13.3.0-6ubuntu2~24.04.1) 13.3.0’
using C++17
g++ -std=gnu++17 -I"/usr/local/lib/R/include" -DNDEBUG -I../inst/include -I'/usr/local/lib/R/site-library/Rcpp/include' -I'/tmp/library/assorthead/include' -I'/tmp/library/beachmat/include' -I/usr/local/include    -fpic  -g -O2 -fstack-protector-strong -Wformat -Werror=format-security -Wdate-time -D_FORTIFY_SOURCE=2 -g   -c RcppExports.cpp -o RcppExports.o
g++ -std=gnu++17 -I"/usr/local/lib/R/include" -DNDEBUG -I../inst/include -I'/usr/local/lib/R/site-library/Rcpp/include' -I'/tmp/library/assorthead/include' -I'/tmp/library/beachmat/include' -I/usr/local/include    -fpic  -g -O2 -fstack-protector-strong -Wformat -Werror=format-security -Wdate-time -D_FORTIFY_SOURCE=2 -g   -c annoy.cpp -o annoy.o
g++ -std=gnu++17 -I"/usr/local/lib/R/include" -DNDEBUG -I../inst/include -I'/usr/local/lib/R/site-library/Rcpp/include' -I'/tmp/library/assorthead/include' -I'/tmp/library/beachmat/include' -I/usr/local/include    -fpic  -g -O2 -fstack-protector-strong -Wformat -Werror=format-security -Wdate-time -D_FORTIFY_SOURCE=2 -g   -c exhaustive.cpp -o exhaustive.o
g++ -std=gnu++17 -I"/usr/local/lib/R/include" -DNDEBUG -I../inst/include -I'/usr/local/lib/R/site-library/Rcpp/include' -I'/tmp/library/assorthead/include' -I'/tmp/library/beachmat/include' -I/usr/local/include    -fpic  -g -O2 -fstack-protector-strong -Wformat -Werror=format-security -Wdate-time -D_FORTIFY_SOURCE=2 -g   -c find_mutual_nns.cpp -o find_mutual_nns.o
g++ -std=gnu++17 -I"/usr/local/lib/R/include" -DNDEBUG -I../inst/include -I'/usr/local/lib/R/site-library/Rcpp/include' -I'/tmp/library/assorthead/include' -I'/tmp/library/beachmat/include' -I/usr/local/include    -fpic  -g -O2 -fstack-protector-strong -Wformat -Werror=format-security -Wdate-time -D_FORTIFY_SOURCE=2 -g   -c generics.cpp -o generics.o
g++ -std=gnu++17 -I"/usr/local/lib/R/include" -DNDEBUG -I../inst/include -I'/usr/local/lib/R/site-library/Rcpp/include' -I'/tmp/library/assorthead/include' -I'/tmp/library/beachmat/include' -I/usr/local/include    -fpic  -g -O2 -fstack-protector-strong -Wformat -Werror=format-security -Wdate-time -D_FORTIFY_SOURCE=2 -g   -c hnsw.cpp -o hnsw.o
g++ -std=gnu++17 -I"/usr/local/lib/R/include" -DNDEBUG -I../inst/include -I'/usr/local/lib/R/site-library/Rcpp/include' -I'/tmp/library/assorthead/include' -I'/tmp/library/beachmat/include' -I/usr/local/include    -fpic  -g -O2 -fstack-protector-strong -Wformat -Werror=format-security -Wdate-time -D_FORTIFY_SOURCE=2 -g   -c kmknn.cpp -o kmknn.o
g++ -std=gnu++17 -I"/usr/local/lib/R/include" -DNDEBUG -I../inst/include -I'/usr/local/lib/R/site-library/Rcpp/include' -I'/tmp/library/assorthead/include' -I'/tmp/library/beachmat/include' -I/usr/local/include    -fpic  -g -O2 -fstack-protector-strong -Wformat -Werror=format-security -Wdate-time -D_FORTIFY_SOURCE=2 -g   -c load_index.cpp -o load_index.o
g++ -std=gnu++17 -I"/usr/local/lib/R/include" -DNDEBUG -I../inst/include -I'/usr/local/lib/R/site-library/Rcpp/include' -I'/tmp/library/assorthead/include' -I'/tmp/library/beachmat/include' -I/usr/local/include    -fpic  -g -O2 -fstack-protector-strong -Wformat -Werror=format-security -Wdate-time -D_FORTIFY_SOURCE=2 -g   -c vptree.cpp -o vptree.o
g++ -std=gnu++17 -shared -L/usr/local/lib/R/lib -L/usr/local/lib -o BiocNeighbors.so RcppExports.o annoy.o exhaustive.o find_mutual_nns.o generics.o hnsw.o kmknn.o load_index.o vptree.o -L/usr/local/lib/R/lib -lR
installing to /tmp/library/00LOCK-BiocNeighbors/00new/BiocNeighbors/libs
** R
** inst
** byte-compile and prepare package for lazy loading
** help
*** installing help indices
** building package indices
** installing vignettes
** testing if installed package can be loaded from temporary location
** checking absolute paths in shared objects and dynamic libraries
** testing if installed package can be loaded from final location
** testing if installed package keeps a record of temporary installation path
* SHA256 sums
* creating tarball
packaged installation of ‘BiocNeighbors’ as ‘BiocNeighbors_2.7.2_R_x86_64-pc-linux-gnu.tar.gz’
* DONE (BiocNeighbors)
* installing *source* package ‘BiocSingular’ ...
** this is package ‘BiocSingular’ version ‘1.29.0’
** package ‘BiocSingular’ successfully unpacked and MD5 sums checked
** using staged installation
** libs
specified C++17
using C++ compiler: ‘g++ (Ubuntu 13.3.0-6ubuntu2~24.04.1) 13.3.0’
using C++17
g++ -std=gnu++17 -I"/usr/local/lib/R/include" -DNDEBUG  -I'/usr/local/lib/R/site-library/Rcpp/include' -I'/tmp/library/beachmat/include' -I'/tmp/library/assorthead/include' -I/usr/local/include    -fpic  -g -O2 -fstack-protector-strong -Wformat -Werror=format-security -Wdate-time -D_FORTIFY_SOURCE=2 -g   -c RcppExports.cpp -o RcppExports.o
g++ -std=gnu++17 -I"/usr/local/lib/R/include" -DNDEBUG  -I'/usr/local/lib/R/site-library/Rcpp/include' -I'/tmp/library/beachmat/include' -I'/tmp/library/assorthead/include' -I/usr/local/include    -fpic  -g -O2 -fstack-protector-strong -Wformat -Werror=format-security -Wdate-time -D_FORTIFY_SOURCE=2 -g   -c compute_scale.cpp -o compute_scale.o
g++ -std=gnu++17 -shared -L/usr/local/lib/R/lib -L/usr/local/lib -o BiocSingular.so RcppExports.o compute_scale.o -L/usr/local/lib/R/lib -lR
installing to /tmp/library/00LOCK-BiocSingular/00new/BiocSingular/libs
** R
** inst
** byte-compile and prepare package for lazy loading
** help
*** installing help indices
** building package indices
** installing vignettes
** testing if installed package can be loaded from temporary location
** checking absolute paths in shared objects and dynamic libraries
** testing if installed package can be loaded from final location
** testing if installed package keeps a record of temporary installation path
* SHA256 sums
* creating tarball
packaged installation of ‘BiocSingular’ as ‘BiocSingular_1.29.0_R_x86_64-pc-linux-gnu.tar.gz’
* DONE (BiocSingular)
* installing *source* package ‘MultiAssayExperiment’ ...
** this is package ‘MultiAssayExperiment’ version ‘1.39.0’
** package ‘MultiAssayExperiment’ successfully unpacked and MD5 sums checked
** using staged installation
** R
** data
** inst
** byte-compile and prepare package for lazy loading
** help
*** installing help indices
** building package indices
** installing vignettes
** testing if installed package can be loaded from temporary location
** testing if installed package can be loaded from final location
** testing if installed package keeps a record of temporary installation path
* SHA256 sums
* creating tarball
packaged installation of ‘MultiAssayExperiment’ as ‘MultiAssayExperiment_1.39.0_R_x86_64-pc-linux-gnu.tar.gz’
* DONE (MultiAssayExperiment)
* installing *source* package ‘SingleCellExperiment’ ...
** this is package ‘SingleCellExperiment’ version ‘1.35.2’
** package ‘SingleCellExperiment’ successfully unpacked and MD5 sums checked
** using staged installation
** R
** inst
** byte-compile and prepare package for lazy loading
** help
*** installing help indices
** building package indices
** installing vignettes
** testing if installed package can be loaded from temporary location
** testing if installed package can be loaded from final location
** testing if installed package keeps a record of temporary installation path
* SHA256 sums
* creating tarball
packaged installation of ‘SingleCellExperiment’ as ‘SingleCellExperiment_1.35.2_R_x86_64-pc-linux-gnu.tar.gz’
* DONE (SingleCellExperiment)
* installing *source* package ‘scuttle’ ...
** this is package ‘scuttle’ version ‘1.23.1’
** package ‘scuttle’ successfully unpacked and MD5 sums checked
** using staged installation
** libs
specified C++17
using C++ compiler: ‘g++ (Ubuntu 13.3.0-6ubuntu2~24.04.1) 13.3.0’
using C++17
g++ -std=gnu++17 -I"/usr/local/lib/R/include" -DNDEBUG -I../inst/include/ -I'/usr/local/lib/R/site-library/Rcpp/include' -I'/tmp/library/beachmat/include' -I'/tmp/library/assorthead/include' -I/usr/local/include    -fpic  -g -O2 -fstack-protector-strong -Wformat -Werror=format-security -Wdate-time -D_FORTIFY_SOURCE=2 -g   -c RcppExports.cpp -o RcppExports.o
g++ -std=gnu++17 -I"/usr/local/lib/R/include" -DNDEBUG -I../inst/include/ -I'/usr/local/lib/R/site-library/Rcpp/include' -I'/tmp/library/beachmat/include' -I'/tmp/library/assorthead/include' -I/usr/local/include    -fpic  -g -O2 -fstack-protector-strong -Wformat -Werror=format-security -Wdate-time -D_FORTIFY_SOURCE=2 -g   -c aggregate_across_cells.cpp -o aggregate_across_cells.o
g++ -std=gnu++17 -I"/usr/local/lib/R/include" -DNDEBUG -I../inst/include/ -I'/usr/local/lib/R/site-library/Rcpp/include' -I'/tmp/library/beachmat/include' -I'/tmp/library/assorthead/include' -I/usr/local/include    -fpic  -g -O2 -fstack-protector-strong -Wformat -Werror=format-security -Wdate-time -D_FORTIFY_SOURCE=2 -g   -c cumulative_prop.cpp -o cumulative_prop.o
g++ -std=gnu++17 -I"/usr/local/lib/R/include" -DNDEBUG -I../inst/include/ -I'/usr/local/lib/R/site-library/Rcpp/include' -I'/tmp/library/beachmat/include' -I'/tmp/library/assorthead/include' -I/usr/local/include    -fpic  -g -O2 -fstack-protector-strong -Wformat -Werror=format-security -Wdate-time -D_FORTIFY_SOURCE=2 -g   -c downsample_counts.cpp -o downsample_counts.o
g++ -std=gnu++17 -I"/usr/local/lib/R/include" -DNDEBUG -I../inst/include/ -I'/usr/local/lib/R/site-library/Rcpp/include' -I'/tmp/library/beachmat/include' -I'/tmp/library/assorthead/include' -I/usr/local/include    -fpic  -g -O2 -fstack-protector-strong -Wformat -Werror=format-security -Wdate-time -D_FORTIFY_SOURCE=2 -g   -c fit_linear_model.cpp -o fit_linear_model.o
g++ -std=gnu++17 -I"/usr/local/lib/R/include" -DNDEBUG -I../inst/include/ -I'/usr/local/lib/R/site-library/Rcpp/include' -I'/tmp/library/beachmat/include' -I'/tmp/library/assorthead/include' -I/usr/local/include    -fpic  -g -O2 -fstack-protector-strong -Wformat -Werror=format-security -Wdate-time -D_FORTIFY_SOURCE=2 -g   -c pool_size_factors.cpp -o pool_size_factors.o
g++ -std=gnu++17 -I"/usr/local/lib/R/include" -DNDEBUG -I../inst/include/ -I'/usr/local/lib/R/site-library/Rcpp/include' -I'/tmp/library/beachmat/include' -I'/tmp/library/assorthead/include' -I/usr/local/include    -fpic  -g -O2 -fstack-protector-strong -Wformat -Werror=format-security -Wdate-time -D_FORTIFY_SOURCE=2 -g   -c set_executor.cpp -o set_executor.o
g++ -std=gnu++17 -I"/usr/local/lib/R/include" -DNDEBUG -I../inst/include/ -I'/usr/local/lib/R/site-library/Rcpp/include' -I'/tmp/library/beachmat/include' -I'/tmp/library/assorthead/include' -I/usr/local/include    -fpic  -g -O2 -fstack-protector-strong -Wformat -Werror=format-security -Wdate-time -D_FORTIFY_SOURCE=2 -g   -c sum_counts.cpp -o sum_counts.o
g++ -std=gnu++17 -I"/usr/local/lib/R/include" -DNDEBUG -I../inst/include/ -I'/usr/local/lib/R/site-library/Rcpp/include' -I'/tmp/library/beachmat/include' -I'/tmp/library/assorthead/include' -I/usr/local/include    -fpic  -g -O2 -fstack-protector-strong -Wformat -Werror=format-security -Wdate-time -D_FORTIFY_SOURCE=2 -g   -c utils.cpp -o utils.o
g++ -std=gnu++17 -shared -L/usr/local/lib/R/lib -L/usr/local/lib -o scuttle.so RcppExports.o aggregate_across_cells.o cumulative_prop.o downsample_counts.o fit_linear_model.o pool_size_factors.o set_executor.o sum_counts.o utils.o -llapack -lblas -lgfortran -lm -lquadmath -L/usr/local/lib/R/lib -lR
installing to /tmp/library/00LOCK-scuttle/00new/scuttle/libs
** R
** inst
** byte-compile and prepare package for lazy loading
** help
*** installing help indices
** building package indices
** installing vignettes
** testing if installed package can be loaded from temporary location
** checking absolute paths in shared objects and dynamic libraries
** testing if installed package can be loaded from final location
** testing if installed package keeps a record of temporary installation path
* SHA256 sums
* creating tarball
packaged installation of ‘scuttle’ as ‘scuttle_1.23.1_R_x86_64-pc-linux-gnu.tar.gz’
* DONE (scuttle)
* installing *source* package ‘bluster’ ...
** this is package ‘bluster’ version ‘1.23.0’
** package ‘bluster’ successfully unpacked and MD5 sums checked
** using staged installation
** libs
specified C++17
using C++ compiler: ‘g++ (Ubuntu 13.3.0-6ubuntu2~24.04.1) 13.3.0’
using C++17
g++ -std=gnu++17 -I"/usr/local/lib/R/include" -DNDEBUG  -I'/usr/local/lib/R/site-library/Rcpp/include' -I'/tmp/library/assorthead/include' -I/usr/local/include    -fpic  -g -O2 -fstack-protector-strong -Wformat -Werror=format-security -Wdate-time -D_FORTIFY_SOURCE=2 -g   -c RcppExports.cpp -o RcppExports.o
g++ -std=gnu++17 -I"/usr/local/lib/R/include" -DNDEBUG  -I'/usr/local/lib/R/site-library/Rcpp/include' -I'/tmp/library/assorthead/include' -I/usr/local/include    -fpic  -g -O2 -fstack-protector-strong -Wformat -Werror=format-security -Wdate-time -D_FORTIFY_SOURCE=2 -g   -c build_snn.cpp -o build_snn.o
g++ -std=gnu++17 -I"/usr/local/lib/R/include" -DNDEBUG  -I'/usr/local/lib/R/site-library/Rcpp/include' -I'/tmp/library/assorthead/include' -I/usr/local/include    -fpic  -g -O2 -fstack-protector-strong -Wformat -Werror=format-security -Wdate-time -D_FORTIFY_SOURCE=2 -g   -c sum_neighbor_weights.cpp -o sum_neighbor_weights.o
g++ -std=gnu++17 -shared -L/usr/local/lib/R/lib -L/usr/local/lib -o bluster.so RcppExports.o build_snn.o sum_neighbor_weights.o -L/usr/local/lib/R/lib -lR
installing to /tmp/library/00LOCK-bluster/00new/bluster/libs
** R
** inst
** byte-compile and prepare package for lazy loading
** help
*** installing help indices
** building package indices
** installing vignettes
** testing if installed package can be loaded from temporary location
** checking absolute paths in shared objects and dynamic libraries
** testing if installed package can be loaded from final location
** testing if installed package keeps a record of temporary installation path
* SHA256 sums
* creating tarball
packaged installation of ‘bluster’ as ‘bluster_1.23.0_R_x86_64-pc-linux-gnu.tar.gz’
* DONE (bluster)
* installing *source* package ‘TreeSummarizedExperiment’ ...
** this is package ‘TreeSummarizedExperiment’ version ‘2.21.0’
** package ‘TreeSummarizedExperiment’ successfully unpacked and MD5 sums checked
** using staged installation
** R
** data
*** moving datasets to lazyload DB
** inst
** byte-compile and prepare package for lazy loading
** help
*** installing help indices
** building package indices
** installing vignettes
** testing if installed package can be loaded from temporary location
** testing if installed package can be loaded from final location
** testing if installed package keeps a record of temporary installation path
* SHA256 sums
* creating tarball
packaged installation of ‘TreeSummarizedExperiment’ as ‘TreeSummarizedExperiment_2.21.0_R_x86_64-pc-linux-gnu.tar.gz’
* DONE (TreeSummarizedExperiment)
* installing *source* package ‘scater’ ...
** this is package ‘scater’ version ‘1.41.2’
** package ‘scater’ successfully unpacked and MD5 sums checked
** using staged installation
** R
** inst
** byte-compile and prepare package for lazy loading
** help
*** installing help indices
** building package indices
** installing vignettes
** testing if installed package can be loaded from temporary location
** testing if installed package can be loaded from final location
** testing if installed package keeps a record of temporary installation path
* SHA256 sums
* creating tarball
packaged installation of ‘scater’ as ‘scater_1.41.2_R_x86_64-pc-linux-gnu.tar.gz’
* DONE (scater)
* installing *source* package ‘mia’ ...
** this is package ‘mia’ version ‘1.21.3’
** package ‘mia’ successfully unpacked and MD5 sums checked
** using staged installation
** libs
using C++ compiler: ‘g++ (Ubuntu 13.3.0-6ubuntu2~24.04.1) 13.3.0’
g++ -std=gnu++20 -I"/usr/local/lib/R/include" -DNDEBUG  -I'/usr/local/lib/R/site-library/Rcpp/include' -I/usr/local/include    -fpic  -g -O2 -fstack-protector-strong -Wformat -Werror=format-security -Wdate-time -D_FORTIFY_SOURCE=2 -g   -c RcppExports.cpp -o RcppExports.o
g++ -std=gnu++20 -I"/usr/local/lib/R/include" -DNDEBUG  -I'/usr/local/lib/R/site-library/Rcpp/include' -I/usr/local/include    -fpic  -g -O2 -fstack-protector-strong -Wformat -Werror=format-security -Wdate-time -D_FORTIFY_SOURCE=2 -g   -c assay.cpp -o assay.o
g++ -std=gnu++20 -I"/usr/local/lib/R/include" -DNDEBUG  -I'/usr/local/lib/R/site-library/Rcpp/include' -I/usr/local/include    -fpic  -g -O2 -fstack-protector-strong -Wformat -Werror=format-security -Wdate-time -D_FORTIFY_SOURCE=2 -g   -c faith_R.cpp -o faith_R.o
g++ -std=gnu++20 -I"/usr/local/lib/R/include" -DNDEBUG  -I'/usr/local/lib/R/site-library/Rcpp/include' -I/usr/local/include    -fpic  -g -O2 -fstack-protector-strong -Wformat -Werror=format-security -Wdate-time -D_FORTIFY_SOURCE=2 -g   -c propmap.cpp -o propmap.o
g++ -std=gnu++20 -I"/usr/local/lib/R/include" -DNDEBUG  -I'/usr/local/lib/R/site-library/Rcpp/include' -I/usr/local/include    -fpic  -g -O2 -fstack-protector-strong -Wformat -Werror=format-security -Wdate-time -D_FORTIFY_SOURCE=2 -g   -c transformCounts.cpp -o transformCounts.o
g++ -std=gnu++20 -I"/usr/local/lib/R/include" -DNDEBUG  -I'/usr/local/lib/R/site-library/Rcpp/include' -I/usr/local/include    -fpic  -g -O2 -fstack-protector-strong -Wformat -Werror=format-security -Wdate-time -D_FORTIFY_SOURCE=2 -g   -c tree.cpp -o tree.o
g++ -std=gnu++20 -shared -L/usr/local/lib/R/lib -L/usr/local/lib -o mia.so RcppExports.o assay.o faith_R.o propmap.o transformCounts.o tree.o -L/usr/local/lib/R/lib -lR
installing to /tmp/library/00LOCK-mia/00new/mia/libs
** R
** data
** inst
** byte-compile and prepare package for lazy loading
** help
*** installing help indices
*** copying figures
** building package indices
** installing vignettes
** testing if installed package can be loaded from temporary location
** checking absolute paths in shared objects and dynamic libraries
** testing if installed package can be loaded from final location
** testing if installed package keeps a record of temporary installation path
* SHA256 sums
* creating tarball
packaged installation of ‘mia’ as ‘mia_1.21.3_R_x86_64-pc-linux-gnu.tar.gz’
* DONE (mia)

The downloaded source packages are in
	‘/tmp/RtmpzbsTZ6/downloaded_packages’

real	17m35.805s
user	14m32.646s
sys	2m12.829s
